  sonda-relaxed: 20000 amostras de 2000000 rodadas, cpu 0, governor performance

  periodo de clock MEDIDO, apos 400 ms de aquecimento: 0.3155 ns  (3.17 GHz)
  frequencia lida do sysfs no mesmo instante:         5.43 GHz

  amostra  ns/operacao   GHz
  -------  -----------  -----
        0       0.3242   5.43
        1       0.3254   5.43
        2       0.3257   5.43
        3       0.3255   5.40
        4       0.3273   5.40
        5       0.3275   5.38
        6       0.3233   5.38
        7       0.3251   5.38
        8       0.3252   5.37
        9       0.3249   5.37
       10       0.3260   5.37
       11       0.3246   5.37
       12       0.3249   5.37
       13       0.3247   5.37
       14       0.3247   5.36
       15       0.3265   5.36
       16       0.3271   5.36
       17       0.3271   5.36
       18       0.3264   5.36
       19       0.3269   5.36
       20       0.3267   5.36
       21       0.3268   5.36
       22       0.3266   5.36
       23       0.3256   5.36
       24       0.3271   5.36
       25       0.3269   5.36
       26       0.3261   5.36
       27       0.3266   5.36
       28       0.3267   5.36
       29       0.3271   5.36
       30       0.3280   5.36
       31       0.3275   5.36
       32       0.3256   5.36
       33       0.3265   5.36
       34       0.3266   5.36
       35       0.3253   5.36
       36       0.3258   5.36
       37       0.3256   5.36
       38       0.3262   5.36
       39       0.3262   5.36
       40       0.3261   5.36
       41       0.3262   5.36
       42       0.3265   5.36
       43       0.3274   5.36
       44       0.3255   5.36
       45       0.3253   5.36
       46       0.3245   5.36
       47       0.3240   5.36
       48       0.3240   5.35
       49       0.3239   5.35
       50       0.3267   5.35
       51       0.3260   5.36
       52       0.3253   5.35
       53       0.3259   5.35
       54       0.3255   5.35
       55       0.3250   5.35
       56       0.3252   5.35
       57       0.3250   5.35
       58       0.3245   5.36
       59       0.3261   5.36
       60       0.3252   5.35
       61       0.3249   5.35
       62       0.3252   5.35
       63       0.3251   5.35
       64       0.3249   5.35
       65       0.3293   5.35
       66       0.3255   5.35
       67       0.3229   5.35
       68       0.3253   5.35
       69       0.3259   5.35
       70       0.3255   5.35
       71       0.3261   5.35
       72       0.3265   5.35
       73       0.3256   5.35
       74       0.3259   5.35
       75       0.3252   5.35
       76       0.3270   5.35
       77       0.3265   5.35
       78       0.3242   5.36
       79       0.3256   5.36
       80       0.3262   5.35
       81       0.3276   5.35
       82       0.3263   5.35
       83       0.3257   5.36
       84       0.3265   5.35
       85       0.3275   5.35
       86       0.3267   5.36
       87       0.3279   5.36
       88       0.3279   5.36
       89       0.3270   5.36
       90       0.3253   5.35
       91       0.3270   5.35
       92       0.3287   5.35
       93       0.3259   5.36
       94       0.3273   5.36
       95       0.3277   5.36
       96       0.3251   5.36
       97       0.3258   5.36
       98       0.3269   5.36
       99       0.3275   5.36
      100       0.3274   5.36
      101       0.3266   5.36
      102       0.3270   5.36
      103       0.3272   5.36
      104       0.3273   5.36
      105       0.3257   5.36
      106       0.3268   5.36
      107       0.3256   5.36
      108       0.3264   5.36
      109       0.3265   5.36
      110       0.3253   5.36
      111       0.3270   5.36
      112       0.3268   5.35
      113       0.3257   5.35
      114       0.3258   5.35
      115       0.3252   5.35
      116       0.3265   5.35
      117       0.3281   5.35
      118       0.3282   5.36
      119       0.3277   5.36
      120       0.3281   5.36
      121       0.3279   5.36
      122       0.3272   5.36
      123       0.3279   5.36
      124       0.3273   5.36
      125       0.3266   5.36
      126       0.3272   5.36
      127       0.3266   5.36
      128       0.3254   5.35
      129       0.3266   5.35
      130       0.3262   5.35
      131       0.3278   5.36
      132       0.3283   5.36
      133       0.3288   5.36
      134       0.3263   5.36
      135       0.3267   5.36
      136       0.3259   5.36
      137       0.3270   5.36
      138       0.3272   5.36
      139       0.3262   5.36
      140       0.3277   5.36
      141       0.3275   5.36
      142       0.3262   5.36
      143       0.3244   5.36
      144       0.3262   5.35
      145       0.3275   5.35
      146       0.3275   5.35
      147       0.3269   5.36
      148       0.3258   5.36
      149       0.3255   5.36
      150       0.3269   5.35
      151       0.3260   5.35
      152       0.3263   5.35
      153       0.3263   5.36
      154       0.3264   5.36
      155       0.3274   5.36
      156       0.3268   5.36
      157       0.3252   5.35
      158       0.3275   5.35
      159       0.3293   5.35
      160       0.3275   5.36
      161       0.3278   5.36
      162       0.3280   5.36
      163       0.3259   5.36
      164       0.3266   5.36
      165       0.3265   5.36
      166       0.3265   5.36
      167       0.3268   5.36
      168       0.3274   5.36
      169       0.3275   5.36
      170       0.3263   5.36
      171       0.3263   5.36
      172       0.3263   5.36
      173       0.3247   5.36
      174       0.3252   5.35
      175       0.3279   5.35
      176       0.3272   5.35
      177       0.3267   5.36
      178       0.3268   5.36
      179       0.3266   5.36
      180       0.3273   5.35
      181       0.3264   5.35
      182       0.3261   5.35
      183       0.3251   5.35
      184       0.3258   5.35
      185       0.3260   5.35
      186       0.3250   5.35
      187       0.3259   5.35
      188       0.3268   5.35
      189       0.3266   5.35
      190       0.3255   5.35
      191       0.3237   5.35
      192       0.3244   5.35
      193       0.3252   5.35
      194       0.3252   5.35
      195       0.3267   5.35
      196       0.3267   5.35
      197       0.3269   5.35
      198       0.3280   5.35
      199       0.3265   5.35
      200       0.3239   5.35
      201       0.3261   5.35
      202       0.3265   5.35
      203       0.3268   5.35
      204       0.3257   5.35
      205       0.3254   5.35
      206       0.3233   5.35
      207       0.3245   5.35
      208       0.3241   5.35
      209       0.3249   5.35
      210       0.3263   5.35
      211       0.3253   5.35
      212       0.3237   5.35
      213       0.3258   5.35
      214       0.3276   5.35
      215       0.3254   5.35
      216       0.3259   5.35
      217       0.3253   5.35
      218       0.3264   5.35
      219       0.3274   5.35
      220       0.3261   5.35
      221       0.3260   5.35
      222       0.3267   5.35
      223       0.3252   5.35
      224       0.3256   5.35
      225       0.3260   5.35
      226       0.3253   5.35
      227       0.3254   5.35
      228       0.3254   5.35
      229       0.3245   5.34
      230       0.3249   5.34
      231       0.3255   5.35
      232       0.3251   5.35
      233       0.3254   5.35
      234       0.3249   5.35
      235       0.3254   5.35
      236       0.3269   5.35
      237       0.3265   5.35
      238       0.3246   5.35
      239       0.3254   5.35
      240       0.3251   5.35
      241       0.3248   5.35
      242       0.3264   5.35
      243       0.3265   5.35
      244       0.3261   5.35
      245       0.3257   5.35
      246       0.3238   5.35
      247       0.3257   5.34
      248       0.3253   5.34
      249       0.3250   5.35
      250       0.3240   5.35
      251       0.3256   5.35
      252       0.3256   5.35
      253       0.3251   5.35
      254       0.3256   5.35
      255       0.3246   5.35
      256       0.3260   5.35
      257       0.3260   5.35
      258       0.3263   5.35
      259       0.3266   5.35
      260       0.3242   5.35
      261       0.3258   5.35
      262       0.3237   5.35
      263       0.3256   5.35
      264       0.3227   5.35
      265       0.3250   5.35
      266       0.3255   5.35
      267       0.3245   5.35
      268       0.3249   5.35
      269       0.3253   5.35
      270       0.3257   5.35
      271       0.3258   5.35
      272       0.3243   5.35
      273       0.3253   5.35
      274       0.3255   5.35
      275       0.3247   5.35
      276       0.3239   5.35
      277       0.3258   5.35
      278       0.3248   5.35
      279       0.3257   5.35
      280       0.3255   5.35
      281       0.3251   5.35
      282       0.3251   5.35
      283       0.3246   5.35
      284       0.3268   5.35
      285       0.3266   5.35
      286       0.3244   5.35
      287       0.3257   5.35
      288       0.3261   5.35
      289       0.3261   5.35
      290       0.3257   5.35
      291       0.3253   5.35
      292       0.3248   5.35
      293       0.3237   5.35
      294       0.3254   5.35
      295       0.3249   5.35
      296       0.3236   5.35
      297       0.3249   5.35
      298       0.3245   5.35
      299       0.3354   5.35
      300       0.3262   5.35
      301       0.3259   5.35
      302       0.3273   5.35
      303       0.3275   5.35
      304       0.3265   5.35
      305       0.3243   5.35
      306       0.3251   5.35
      307       0.3241   5.34
      308       0.3244   5.34
      309       0.3247   5.34
      310       0.3248   5.35
      311       0.3254   5.35
      312       0.3255   5.35
      313       0.3249   5.35
      314       0.3267   5.35
      315       0.3270   5.35
      316       0.3237   5.35
      317       0.3242   5.35
      318       0.3251   5.35
      319       0.3240   5.35
      320       0.3248   5.35
      321       0.3255   5.35
      322       0.3247   5.35
      323       0.3261   5.35
      324       0.3275   5.35
      325       0.3263   5.35
      326       0.3261   5.35
      327       0.3255   5.35
      328       0.3286   5.35
      329       0.3266   5.35
      330       0.3252   5.35
      331       0.3264   5.35
      332       0.3260   5.35
      333       0.3244   5.35
      334       0.3256   5.35
      335       0.3258   5.34
      336       0.3257   5.34
      337       0.3255   5.34
      338       0.3252   5.34
      339       0.3238   5.34
      340       0.3261   5.34
      341       0.3261   5.34
      342       0.3265   5.35
      343       0.3275   5.35
      344       0.3260   5.35
      345       0.3263   5.35
      346       0.3250   5.35
      347       0.3252   5.35
      348       0.3243   5.34
      349       0.3261   5.34
      350       0.3253   5.35
      351       0.3252   5.35
      352       0.3255   5.35
      353       0.3255   5.34
      354       0.3253   5.34
      355       0.3259   5.34
      356       0.3260   5.35
      357       0.3260   5.35
      358       0.3256   5.34
      359       0.3269   5.34
      360       0.3254   5.34
      361       0.3258   5.34
      362       0.3261   5.34
      363       0.3268   5.34
      364       0.3264   5.34
      365       0.3254   5.34
      366       0.3255   5.34
      367       0.3249   5.34
      368       0.3250   5.34
      369       0.3253   5.34
      370       0.3246   5.34
      371       0.3251   5.35
      372       0.3249   5.35
      373       0.3254   5.35
      374       0.3256   5.35
      375       0.3252   5.35
      376       0.3250   5.35
      377       0.3272   5.35
      378       0.3268   5.35
      379       0.3253   5.35
      380       0.3263   5.35
      381       0.3262   5.35
      382       0.3260   5.35
      383       0.3254   5.35
      384       0.3252   5.35
      385       0.3253   5.34
      386       0.3260   5.34
      387       0.3256   5.35
      388       0.3252   5.35
      389       0.3252   5.35
      390       0.3256   5.35
      391       0.3248   5.35
      392       0.3240   5.35
      393       0.3258   5.35
      394       0.3265   5.35
      395       0.3258   5.35
      396       0.3252   5.35
      397       0.3241   5.35
      398       0.3255   5.35
      399       0.3264   5.35
      400       0.3239   5.35
      401       0.3253   5.35
      402       0.3246   5.35
      403       0.3256   5.35
      404       0.3261   5.35
      405       0.3238   5.35
      406       0.3272   5.35
      407       0.3269   5.35
      408       0.3255   5.35
      409       0.3264   5.35
      410       0.3267   5.35
      411       0.3259   5.34
      412       0.3258   5.34
      413       0.3252   5.35
      414       0.3250   5.34
      415       0.3259   5.34
      416       0.3256   5.35
      417       0.3256   5.35
      418       0.3265   5.35
      419       0.3263   5.35
      420       0.3251   5.35
      421       0.3253   5.35
      422       0.3259   5.34
      423       0.3251   5.35
      424       0.3249   5.35
      425       0.3244   5.35
      426       0.3243   5.34
      427       0.3262   5.34
      428       0.3267   5.35
      429       0.3251   5.35
      430       0.3247   5.35
      431       0.3252   5.35
      432       0.3260   5.35
      433       0.3250   5.35
      434       0.3236   5.35
      435       0.3249   5.35
      436       0.3253   5.35
      437       0.3243   5.35
      438       0.3253   5.35
      439       0.3251   5.35
      440       0.3254   5.35
      441       0.3261   5.35
      442       0.3259   5.35
      443       0.3250   5.35
      444       0.3258   5.35
      445       0.3256   5.35
      446       0.3248   5.35
      447       0.3253   5.35
      448       0.3248   5.35
      449       0.3251   5.35
      450       0.3262   5.35
      451       0.3270   5.35
      452       0.3252   5.35
      453       0.3255   5.35
      454       0.3260   5.35
      455       0.3245   5.35
      456       0.3247   5.35
      457       0.3247   5.35
      458       0.3257   5.35
      459       0.3261   5.35
      460       0.3259   5.35
      461       0.3268   5.35
      462       0.3262   5.35
      463       0.3249   5.35
      464       0.3261   5.35
      465       0.3259   5.35
      466       0.3253   5.35
      467       0.3257   5.35
      468       0.3262   5.35
      469       0.3255   5.35
      470       0.3249   5.35
      471       0.3248   5.35
      472       0.3251   5.35
      473       0.3258   5.35
      474       0.3261   5.35
      475       0.3267   5.35
      476       0.3274   5.35
      477       0.3270   5.35
      478       0.3241   5.35
      479       0.3255   5.35
      480       0.3260   5.35
      481       0.3246   5.34
      482       0.3255   5.34
      483       0.3243   5.34
      484       0.3259   5.34
      485       0.3260   5.35
      486       0.3249   5.35
      487       0.3252   5.35
      488       0.3252   5.35
      489       0.3271   5.35
      490       0.3264   5.35
      491       0.3252   5.35
      492       0.3249   5.35
      493       0.3255   5.35
      494       0.3251   5.35
      495       0.3252   5.35
      496       0.3251   5.35
      497       0.3258   5.35
      498       0.3251   5.35
      499       0.3254   5.35
      500       0.3256   5.35
      501       0.3254   5.35
      502       0.3260   5.35
      503       0.3260   5.35
      504       0.3247   5.35
      505       0.3253   5.35
      506       0.3251   5.35
      507       0.3253   5.35
      508       0.3248   5.35
      509       0.3251   5.35
      510       0.3264   5.35
      511       0.3259   5.35
      512       0.3246   5.35
      513       0.3264   5.35
      514       0.3251   5.35
      515       0.3247   5.35
      516       0.3256   5.35
      517       0.3242   5.35
      518       0.3245   5.35
      519       0.3248   5.35
      520       0.3251   5.35
      521       0.3242   5.35
      522       0.3259   5.35
      523       0.3254   5.35
      524       0.3262   5.35
      525       0.3262   5.35
      526       0.3262   5.35
      527       0.3249   5.35
      528       0.3267   5.35
      529       0.3265   5.35
      530       0.3252   5.35
      531       0.3269   5.35
      532       0.3268   5.35
      533       0.3261   5.35
      534       0.3254   5.35
      535       0.3255   5.35
      536       0.3261   5.35
      537       0.3246   5.35
      538       0.3249   5.35
      539       0.3251   5.35
      540       0.3239   5.35
      541       0.3244   5.35
      542       0.3250   5.35
      543       0.3249   5.35
      544       0.3241   5.35
      545       0.3257   5.35
      546       0.3258   5.35
      547       0.3244   5.35
      548       0.3257   5.35
      549       0.3250   5.35
      550       0.3249   5.35
      551       0.3266   5.35
      552       0.3268   5.35
      553       0.3264   5.35
      554       0.3269   5.35
      555       0.3274   5.35
      556       0.3254   5.35
      557       0.3257   5.35
      558       0.3259   5.35
      559       0.3253   5.35
      560       0.3248   5.35
      561       0.3239   5.35
      562       0.3257   5.35
      563       0.3256   5.35
      564       0.3243   5.35
      565       0.3250   5.35
      566       0.3255   5.35
      567       0.3237   5.35
      568       0.3259   5.35
      569       0.3265   5.35
      570       0.3253   5.35
      571       0.3259   5.35
      572       0.3266   5.35
      573       0.3252   5.35
      574       0.3253   5.35
      575       0.3243   5.35
      576       0.3244   5.35
      577       0.3263   5.35
      578       0.3270   5.35
      579       0.3253   5.35
      580       0.3254   5.35
      581       0.3253   5.35
      582       0.3253   5.35
      583       0.3246   5.35
      584       0.3239   5.35
      585       0.3253   5.35
      586       0.3259   5.35
      587       0.3247   5.35
      588       0.3260   5.35
      589       0.3264   5.35
      590       0.3252   5.35
      591       0.3257   5.35
      592       0.3244   5.35
      593       0.3251   5.35
      594       0.3245   5.35
      595       0.3247   5.35
      596       0.3262   5.35
      597       0.3261   5.35
      598       0.3267   5.35
      599       0.3254   5.35
      600       0.3264   5.35
      601       0.3261   5.35
      602       0.3255   5.35
      603       0.3249   5.35
      604       0.3257   5.35
      605       0.3267   5.35
      606       0.3265   5.35
      607       0.3257   5.35
      608       0.3250   5.35
      609       0.3254   5.35
      610       0.3247   5.35
      611       0.3254   5.35
      612       0.3260   5.35
      613       0.3265   5.35
      614       0.3262   5.35
      615       0.3264   5.35
      616       0.3255   5.35
      617       0.3252   5.35
      618       0.3249   5.35
      619       0.3246   5.35
      620       0.3263   5.35
      621       0.3261   5.35
      622       0.3249   5.35
      623       0.3253   5.35
      624       0.3256   5.35
      625       0.3245   5.35
      626       0.3248   5.35
      627       0.3244   5.35
      628       0.3232   5.35
      629       0.3263   5.35
      630       0.3270   5.35
      631       0.3268   5.35
      632       0.3258   5.35
      633       0.3250   5.35
      634       0.3249   5.35
      635       0.3272   5.35
      636       0.3273   5.35
      637       0.3243   5.35
      638       0.3240   5.35
      639       0.3236   5.35
      640       0.3252   5.35
      641       0.3239   5.35
      642       0.3244   5.35
      643       0.3248   5.35
      644       0.3257   5.35
      645       0.3274   5.35
      646       0.3267   5.35
      647       0.3263   5.35
      648       0.3252   5.35
      649       0.3257   5.35
      650       0.3263   5.35
      651       0.3254   5.35
      652       0.3248   5.35
      653       0.3259   5.35
      654       0.3246   5.34
      655       0.3266   5.34
      656       0.3275   5.35
      657       0.3253   5.35
      658       0.3257   5.35
      659       0.3259   5.34
      660       0.3251   5.35
      661       0.3255   5.35
      662       0.3250   5.35
      663       0.3259   5.35
      664       0.3263   5.34
      665       0.3255   5.35
      666       0.3262   5.35
      667       0.3248   5.35
      668       0.3250   5.35
      669       0.3246   5.35
      670       0.3261   5.35
      671       0.3245   5.35
      672       0.3256   5.35
      673       0.3251   5.35
      674       0.3251   5.35
      675       0.3247   5.35
      676       0.3257   5.35
      677       0.3252   5.35
      678       0.3264   5.35
      679       0.3264   5.35
      680       0.3234   5.35
      681       0.3252   5.35
      682       0.3255   5.35
      683       0.3247   5.35
      684       0.3266   5.35
      685       0.3263   5.35
      686       0.3247   5.35
      687       0.3253   5.35
      688       0.3235   5.35
      689       0.3252   5.35
      690       0.3248   5.35
      691       0.3255   5.35
      692       0.3252   5.35
      693       0.3264   5.35
      694       0.3256   5.35
      695       0.3245   5.35
      696       0.3257   5.35
      697       0.3246   5.35
      698       0.3265   5.35
      699       0.3264   5.35
      700       0.3247   5.35
      701       0.3257   5.35
      702       0.3261   5.35
      703       0.3256   5.35
      704       0.3261   5.35
      705       0.3261   5.35
      706       0.3274   5.35
      707       0.3279   5.35
      708       0.3283   5.35
      709       0.3277   5.35
      710       0.3277   5.35
      711       0.3266   5.35
      712       0.3257   5.35
      713       0.3263   5.35
      714       0.3263   5.34
      715       0.3260   5.35
      716       0.3252   5.35
      717       0.3252   5.35
      718       0.3254   5.35
      719       0.3251   5.34
      720       0.3266   5.35
      721       0.3262   5.35
      722       0.3258   5.35
      723       0.3256   5.35
      724       0.3262   5.35
      725       0.3269   5.35
      726       0.3258   5.35
      727       0.3265   5.35
      728       0.3253   5.35
      729       0.3251   5.35
      730       0.3251   5.35
      731       0.3263   5.34
      732       0.3239   5.35
      733       0.3265   5.35
      734       0.3263   5.35
      735       0.3229   5.35
      736       0.3247   5.35
      737       0.3257   5.35
      738       0.3247   5.35
      739       0.3255   5.35
      740       0.3256   5.35
      741       0.3256   5.35
      742       0.3252   5.35
      743       0.3245   5.35
      744       0.3259   5.35
      745       0.3253   5.35
      746       0.3241   5.35
      747       0.3254   5.35
      748       0.3260   5.35
      749       0.3254   5.35
      750       0.3256   5.35
      751       0.3269   5.35
      752       0.3251   5.35
      753       0.3258   5.35
      754       0.3255   5.35
      755       0.3253   5.35
      756       0.3254   5.35
      757       0.3257   5.35
      758       0.3252   5.35
      759       0.3257   5.35
      760       0.3260   5.35
      761       0.3266   5.35
      762       0.3262   5.35
      763       0.3254   5.35
      764       0.3237   5.35
      765       0.3263   5.35
      766       0.3276   5.35
      767       0.3256   5.35
      768       0.3253   5.35
      769       0.3250   5.35
      770       0.3272   5.35
      771       0.3263   5.35
      772       0.3253   5.35
      773       0.3263   5.35
      774       0.3259   5.35
      775       0.3250   5.35
      776       0.3260   5.35
      777       0.3265   5.35
      778       0.3263   5.35
      779       0.3269   5.35
      780       0.3264   5.35
      781       0.3249   5.35
      782       0.3265   5.35
      783       0.3269   5.35
      784       0.3261   5.35
      785       0.3264   5.35
      786       0.3257   5.35
      787       0.3238   5.35
      788       0.3254   5.35
      789       0.3255   5.35
      790       0.3250   5.35
      791       0.3248   5.35
      792       0.3250   5.35
      793       0.3246   5.35
      794       0.3254   5.35
      795       0.3248   5.34
      796       0.3259   5.34
      797       0.3263   5.35
      798       0.3251   5.34
      799       0.3249   5.34
      800       0.3253   5.34
      801       0.3249   5.34
      802       0.3249   5.34
      803       0.3258   5.35
      804       0.3248   5.35
      805       0.3261   5.35
      806       0.3262   5.35
      807       0.3258   5.35
      808       0.3266   5.35
      809       0.3277   5.35
      810       0.3263   5.35
      811       0.3258   5.35
      812       0.3259   5.35
      813       0.3249   5.35
      814       0.3253   5.35
      815       0.3260   5.35
      816       0.3251   5.35
      817       0.3246   5.35
      818       0.3260   5.35
      819       0.3245   5.35
      820       0.3250   5.35
      821       0.3248   5.35
      822       0.3265   5.35
      823       0.3253   5.35
      824       0.3245   5.35
      825       0.3272   5.35
      826       0.3271   5.35
      827       0.3260   5.35
      828       0.3251   5.35
      829       0.3265   5.35
      830       0.3270   5.35
      831       0.3255   5.35
      832       0.3244   5.35
      833       0.3227   5.35
      834       0.3252   5.35
      835       0.3255   5.35
      836       0.3246   5.35
      837       0.3258   5.35
      838       0.3264   5.35
      839       0.3247   5.35
      840       0.3258   5.35
      841       0.3252   5.35
      842       0.3243   5.35
      843       0.3256   5.35
      844       0.3270   5.35
      845       0.3252   5.35
      846       0.3260   5.35
      847       0.3238   5.35
      848       0.3268   5.35
      849       0.3252   5.35
      850       0.3243   5.35
      851       0.3261   5.35
      852       0.3259   5.35
      853       0.3254   5.35
      854       0.3259   5.35
      855       0.3259   5.35
      856       0.3265   5.35
      857       0.3263   5.35
      858       0.3276   5.35
      859       0.3280   5.35
      860       0.3264   5.35
      861       0.3260   5.35
      862       0.3249   5.35
      863       0.3253   5.35
      864       0.3262   5.35
      865       0.3263   5.35
      866       0.3256   5.35
      867       0.3262   5.35
      868       0.3266   5.35
      869       0.3274   5.35
      870       0.3271   5.35
      871       0.3250   5.35
      872       0.3255   5.35
      873       0.3262   5.34
      874       0.3257   5.35
      875       0.3256   5.35
      876       0.3250   5.35
      877       0.3250   5.35
      878       0.3237   5.35
      879       0.3244   5.35
      880       0.3261   5.35
      881       0.3271   5.35
      882       0.3270   5.35
      883       0.3256   5.35
      884       0.3255   5.35
      885       0.3254   5.35
      886       0.3247   5.35
      887       0.3262   5.35
      888       0.3239   5.35
      889       0.3255   5.35
      890       0.3242   5.34
      891       0.3245   5.34
      892       0.3255   5.34
      893       0.3255   5.34
      894       0.3252   5.35
      895       0.3263   5.35
      896       0.3241   5.35
      897       0.3251   5.35
      898       0.3253   5.35
      899       0.3256   5.34
      900       0.3269   5.34
      901       0.3268   5.35
      902       0.3254   5.35
      903       0.3253   5.35
      904       0.3259   5.35
      905       0.3254   5.35
      906       0.3269   5.35
      907       0.3262   5.35
      908       0.3254   5.35
      909       0.3256   5.35
      910       0.3258   5.35
      911       0.3260   5.34
      912       0.3254   5.34
      913       0.3254   5.35
      914       0.3240   5.35
      915       0.3269   5.35
      916       0.3271   5.35
      917       0.3267   5.35
      918       0.3263   5.35
      919       0.3251   5.35
      920       0.3264   5.35
      921       0.3277   5.35
      922       0.3274   5.35
      923       0.3272   5.35
      924       0.3274   5.35
      925       0.3262   5.35
      926       0.3258   5.34
      927       0.3261   5.34
      928       0.3254   5.34
      929       0.3263   5.34
      930       0.3263   5.34
      931       0.3262   5.35
      932       0.3257   5.35
      933       0.3260   5.34
      934       0.3262   5.34
      935       0.3260   5.34
      936       0.3358   5.34
      937       0.3262   5.34
      938       0.3261   5.34
      939       0.3262   5.34
      940       0.3255   5.34
      941       0.3259   5.34
      942       0.3265   5.34
      943       0.3238   5.34
      944       0.3261   5.34
      945       0.3245   5.34
      946       0.3246   5.34
      947       0.3259   5.34
      948       0.3243   5.34
      949       0.3263   5.35
      950       0.3270   5.35
      951       0.3269   5.35
      952       0.3262   5.35
      953       0.3258   5.35
      954       0.3241   5.35
      955       0.3248   5.34
      956       0.3245   5.34
      957       0.3253   5.34
      958       0.3265   5.34
      959       0.3264   5.34
      960       0.3262   5.35
      961       0.3254   5.35
      962       0.3255   5.35
      963       0.3242   5.35
      964       0.3258   5.35
      965       0.3258   5.34
      966       0.3240   5.34
      967       0.3254   5.34
      968       0.3245   5.35
      969       0.3259   5.34
      970       0.3254   5.34
      971       0.3263   5.34
      972       0.3243   5.34
      973       0.3265   5.34
      974       0.3263   5.35
      975       0.3252   5.35
      976       0.3257   5.35
      977       0.3253   5.34
      978       0.3243   5.34
      979       0.3254   5.34
      980       0.3255   5.35
      981       0.3255   5.35
      982       0.3258   5.35
      983       0.3244   5.35
      984       0.3247   5.35
      985       0.3244   5.35
      986       0.3245   5.35
      987       0.3261   5.35
      988       0.3252   5.35
      989       0.3249   5.35
      990       0.3261   5.35
      991       0.3253   5.35
      992       0.3248   5.35
      993       0.3260   5.35
      994       0.3257   5.35
      995       0.3260   5.35
      996       0.3252   5.35
      997       0.3262   5.35
      998       0.3266   5.35
      999       0.3262   5.35
     1000       0.3255   5.35
     1001       0.3250   5.35
     1002       0.3272   5.35
     1003       0.3270   5.35
     1004       0.3250   5.35
     1005       0.3259   5.35
     1006       0.3264   5.35
     1007       0.3261   5.35
     1008       0.3261   5.35
     1009       0.3245   5.35
     1010       0.3261   5.35
     1011       0.3261   5.35
     1012       0.3254   5.35
     1013       0.3256   5.35
     1014       0.3258   5.35
     1015       0.3238   5.35
     1016       0.3262   5.35
     1017       0.3261   5.35
     1018       0.3258   5.35
     1019       0.3276   5.35
     1020       0.3279   5.35
     1021       0.3255   5.35
     1022       0.3250   5.35
     1023       0.3238   5.34
     1024       0.3247   5.34
     1025       0.3257   5.34
     1026       0.3256   5.34
     1027       0.3249   5.34
     1028       0.3262   5.34
     1029       0.3243   5.35
     1030       0.3251   5.35
     1031       0.3263   5.35
     1032       0.3257   5.34
     1033       0.3247   5.35
     1034       0.3249   5.35
     1035       0.3247   5.35
     1036       0.3249   5.35
     1037       0.3249   5.35
     1038       0.3250   5.35
     1039       0.3235   5.35
     1040       0.3247   5.35
     1041       0.3252   5.35
     1042       0.3269   5.35
     1043       0.3264   5.35
     1044       0.3260   5.35
     1045       0.3263   5.35
     1046       0.3268   5.35
     1047       0.3257   5.35
     1048       0.3262   5.35
     1049       0.3259   5.35
     1050       0.3258   5.35
     1051       0.3252   5.35
     1052       0.3240   5.35
     1053       0.3248   5.35
     1054       0.3254   5.35
     1055       0.3239   5.35
     1056       0.3251   5.34
     1057       0.3261   5.34
     1058       0.3271   5.34
     1059       0.3262   5.35
     1060       0.3259   5.35
     1061       0.3246   5.35
     1062       0.3267   5.35
     1063       0.3252   5.35
     1064       0.3223   5.35
     1065       0.3235   5.35
     1066       0.3257   5.35
     1067       0.3258   5.35
     1068       0.3258   5.35
     1069       0.3269   5.34
     1070       0.3262   5.34
     1071       0.3253   5.34
     1072       0.3248   5.34
     1073       0.3244   5.34
     1074       0.3241   5.34
     1075       0.3257   5.34
     1076       0.3244   5.34
     1077       0.3262   5.34
     1078       0.3267   5.35
     1079       0.3250   5.35
     1080       0.3258   5.35
     1081       0.3264   5.35
     1082       0.3268   5.35
     1083       0.3260   5.35
     1084       0.3257   5.35
     1085       0.3261   5.35
     1086       0.3268   5.35
     1087       0.3251   5.35
     1088       0.3270   5.35
     1089       0.3258   5.35
     1090       0.3257   5.35
     1091       0.3256   5.35
     1092       0.3251   5.34
     1093       0.3247   5.34
     1094       0.3252   5.34
     1095       0.3260   5.35
     1096       0.3264   5.35
     1097       0.3275   5.35
     1098       0.3267   5.35
     1099       0.3265   5.35
     1100       0.3266   5.35
     1101       0.3269   5.35
     1102       0.3241   5.35
     1103       0.3251   5.35
     1104       0.3257   5.35
     1105       0.3246   5.34
     1106       0.3254   5.34
     1107       0.3256   5.35
     1108       0.3246   5.35
     1109       0.3258   5.35
     1110       0.3253   5.35
     1111       0.3246   5.34
     1112       0.3259   5.34
     1113       0.3244   5.34
     1114       0.3268   5.34
     1115       0.3261   5.35
     1116       0.3249   5.35
     1117       0.3255   5.35
     1118       0.3253   5.34
     1119       0.3248   5.35
     1120       0.3252   5.35
     1121       0.3262   5.35
     1122       0.3237   5.35
     1123       0.3246   5.35
     1124       0.3259   5.35
     1125       0.3251   5.35
     1126       0.3273   5.35
     1127       0.3267   5.35
     1128       0.3245   5.35
     1129       0.3245   5.35
     1130       0.3257   5.35
     1131       0.3252   5.34
     1132       0.3262   5.34
     1133       0.3261   5.35
     1134       0.3245   5.35
     1135       0.3256   5.35
     1136       0.3261   5.35
     1137       0.3250   5.35
     1138       0.3254   5.35
     1139       0.3249   5.35
     1140       0.3259   5.35
     1141       0.3261   5.35
     1142       0.3249   5.35
     1143       0.3260   5.35
     1144       0.3258   5.35
     1145       0.3249   5.35
     1146       0.3260   5.35
     1147       0.3255   5.35
     1148       0.3256   5.35
     1149       0.3261   5.35
     1150       0.3260   5.35
     1151       0.3266   5.35
     1152       0.3265   5.35
     1153       0.3258   5.35
     1154       0.3257   5.35
     1155       0.3255   5.35
     1156       0.3255   5.35
     1157       0.3256   5.35
     1158       0.3268   5.35
     1159       0.3255   5.35
     1160       0.3235   5.35
     1161       0.3243   5.35
     1162       0.3254   5.35
     1163       0.3253   5.35
     1164       0.3266   5.35
     1165       0.3262   5.35
     1166       0.3255   5.35
     1167       0.3262   5.35
     1168       0.3248   5.35
     1169       0.3248   5.35
     1170       0.3256   5.35
     1171       0.3259   5.35
     1172       0.3264   5.35
     1173       0.3262   5.35
     1174       0.3245   5.35
     1175       0.3257   5.35
     1176       0.3261   5.35
     1177       0.3255   5.35
     1178       0.3254   5.35
     1179       0.3257   5.35
     1180       0.3264   5.35
     1181       0.3261   5.35
     1182       0.3266   5.35
     1183       0.3261   5.34
     1184       0.3263   5.34
     1185       0.3257   5.34
     1186       0.3248   5.34
     1187       0.3255   5.34
     1188       0.3257   5.35
     1189       0.3252   5.35
     1190       0.3262   5.35
     1191       0.3273   5.35
     1192       0.3260   5.34
     1193       0.3265   5.34
     1194       0.3243   5.35
     1195       0.3249   5.35
     1196       0.3246   5.35
     1197       0.3244   5.34
     1198       0.3258   5.34
     1199       0.3244   5.35
     1200       0.3242   5.35
     1201       0.3255   5.35
     1202       0.3257   5.35
     1203       0.3257   5.35
     1204       0.3254   5.35
     1205       0.3261   5.35
     1206       0.3252   5.35
     1207       0.3260   5.35
     1208       0.3259   5.35
     1209       0.3239   5.35
     1210       0.3259   5.35
     1211       0.3258   5.35
     1212       0.3249   5.35
     1213       0.3262   5.35
     1214       0.3262   5.35
     1215       0.3255   5.35
     1216       0.3261   5.35
     1217       0.3252   5.35
     1218       0.3248   5.35
     1219       0.3259   5.35
     1220       0.3263   5.35
     1221       0.3255   5.35
     1222       0.3255   5.35
     1223       0.3250   5.35
     1224       0.3255   5.35
     1225       0.3262   5.35
     1226       0.3244   5.35
     1227       0.3253   5.35
     1228       0.3262   5.35
     1229       0.3252   5.35
     1230       0.3259   5.35
     1231       0.3254   5.35
     1232       0.3250   5.35
     1233       0.3258   5.35
     1234       0.3250   5.35
     1235       0.3243   5.35
     1236       0.3259   5.35
     1237       0.3243   5.35
     1238       0.3257   5.35
     1239       0.3264   5.35
     1240       0.3265   5.35
     1241       0.3250   5.35
     1242       0.3269   5.35
     1243       0.3278   5.35
     1244       0.3244   5.35
     1245       0.3258   5.35
     1246       0.3257   5.35
     1247       0.3254   5.35
     1248       0.3242   5.35
     1249       0.3242   5.35
     1250       0.3256   5.35
     1251       0.3266   5.35
     1252       0.3261   5.35
     1253       0.3260   5.35
     1254       0.3255   5.35
     1255       0.3253   5.35
     1256       0.3259   5.35
     1257       0.3261   5.35
     1258       0.3250   5.35
     1259       0.3257   5.35
     1260       0.3264   5.35
     1261       0.3255   5.35
     1262       0.3255   5.35
     1263       0.3255   5.34
     1264       0.3230   5.34
     1265       0.3347   5.34
     1266       0.3262   5.35
     1267       0.3255   5.35
     1268       0.3257   5.35
     1269       0.3247   5.35
     1270       0.3251   5.35
     1271       0.3268   5.35
     1272       0.3266   5.35
     1273       0.3273   5.35
     1274       0.3269   5.35
     1275       0.3245   5.35
     1276       0.3261   5.35
     1277       0.3255   5.35
     1278       0.3245   5.34
     1279       0.3245   5.34
     1280       0.3245   5.35
     1281       0.3264   5.35
     1282       0.3275   5.35
     1283       0.3277   5.35
     1284       0.3271   5.35
     1285       0.3271   5.35
     1286       0.3267   5.35
     1287       0.3238   5.34
     1288       0.3255   5.34
     1289       0.3251   5.34
     1290       0.3259   5.34
     1291       0.3269   5.34
     1292       0.3260   5.34
     1293       0.3247   5.34
     1294       0.3262   5.34
     1295       0.3265   5.34
     1296       0.3252   5.34
     1297       0.3254   5.34
     1298       0.3244   5.35
     1299       0.3253   5.35
     1300       0.3248   5.35
     1301       0.3243   5.35
     1302       0.3250   5.35
     1303       0.3250   5.34
     1304       0.3242   5.35
     1305       0.3267   5.35
     1306       0.3255   5.35
     1307       0.3239   5.34
     1308       0.3252   5.34
     1309       0.3260   5.34
     1310       0.3236   5.35
     1311       0.3261   5.35
     1312       0.3261   5.35
     1313       0.3244   5.34
     1314       0.3257   5.34
     1315       0.3250   5.35
     1316       0.3246   5.35
     1317       0.3251   5.35
     1318       0.3260   5.35
     1319       0.3254   5.35
     1320       0.3268   5.35
     1321       0.3268   5.35
     1322       0.3250   5.35
     1323       0.3264   5.35
     1324       0.3252   5.35
     1325       0.3260   5.35
     1326       0.3261   5.35
     1327       0.3263   5.35
     1328       0.3257   5.35
     1329       0.3262   5.35
     1330       0.3246   5.35
     1331       0.3257   5.35
     1332       0.3262   5.35
     1333       0.3257   5.35
     1334       0.3254   5.35
     1335       0.3258   5.35
     1336       0.3270   5.35
     1337       0.3267   5.35
     1338       0.3260   5.35
     1339       0.3239   5.35
     1340       0.3262   5.35
     1341       0.3262   5.35
     1342       0.3251   5.35
     1343       0.3266   5.35
     1344       0.3265   5.35
     1345       0.3252   5.35
     1346       0.3253   5.35
     1347       0.3251   5.35
     1348       0.3252   5.35
     1349       0.3257   5.35
     1350       0.3259   5.34
     1351       0.3253   5.35
     1352       0.3254   5.35
     1353       0.3231   5.35
     1354       0.3251   5.35
     1355       0.3246   5.35
     1356       0.3247   5.35
     1357       0.3254   5.35
     1358       0.3252   5.35
     1359       0.3245   5.35
     1360       0.3248   5.35
     1361       0.3255   5.35
     1362       0.3254   5.35
     1363       0.3260   5.35
     1364       0.3256   5.35
     1365       0.3250   5.35
     1366       0.3262   5.35
     1367       0.3265   5.35
     1368       0.3251   5.35
     1369       0.3255   5.35
     1370       0.3263   5.35
     1371       0.3271   5.35
     1372       0.3269   5.35
     1373       0.3267   5.35
     1374       0.3257   5.35
     1375       0.3270   5.35
     1376       0.3267   5.35
     1377       0.3250   5.35
     1378       0.3252   5.35
     1379       0.3236   5.35
     1380       0.3246   5.35
     1381       0.3252   5.35
     1382       0.3251   5.35
     1383       0.3258   5.35
     1384       0.3252   5.35
     1385       0.3247   5.35
     1386       0.3260   5.35
     1387       0.3260   5.35
     1388       0.3255   5.35
     1389       0.3261   5.35
     1390       0.3258   5.35
     1391       0.3243   5.35
     1392       0.3258   5.35
     1393       0.3268   5.35
     1394       0.3255   5.35
     1395       0.3248   5.35
     1396       0.3236   5.35
     1397       0.3246   5.34
     1398       0.3273   5.34
     1399       0.3281   5.35
     1400       0.3271   5.35
     1401       0.3259   5.35
     1402       0.3255   5.35
     1403       0.3259   5.35
     1404       0.3265   5.35
     1405       0.3258   5.35
     1406       0.3259   5.35
     1407       0.3260   5.35
     1408       0.3253   5.34
     1409       0.3252   5.34
     1410       0.3257   5.34
     1411       0.3247   5.34
     1412       0.3255   5.34
     1413       0.3253   5.34
     1414       0.3251   5.35
     1415       0.3260   5.35
     1416       0.3260   5.35
     1417       0.3262   5.35
     1418       0.3250   5.35
     1419       0.3256   5.35
     1420       0.3267   5.35
     1421       0.3259   5.35
     1422       0.3263   5.35
     1423       0.3266   5.35
     1424       0.3265   5.35
     1425       0.3263   5.35
     1426       0.3255   5.35
     1427       0.3260   5.35
     1428       0.3258   5.35
     1429       0.3260   5.35
     1430       0.3265   5.35
     1431       0.3256   5.35
     1432       0.3270   5.35
     1433       0.3274   5.35
     1434       0.3256   5.35
     1435       0.3258   5.35
     1436       0.3253   5.35
     1437       0.3247   5.35
     1438       0.3259   5.35
     1439       0.3258   5.35
     1440       0.3249   5.35
     1441       0.3256   5.35
     1442       0.3261   5.34
     1443       0.3258   5.35
     1444       0.3256   5.35
     1445       0.3259   5.35
     1446       0.3242   5.35
     1447       0.3247   5.35
     1448       0.3257   5.35
     1449       0.3254   5.35
     1450       0.3260   5.35
     1451       0.3261   5.35
     1452       0.3269   5.35
     1453       0.3267   5.35
     1454       0.3256   5.35
     1455       0.3252   5.35
     1456       0.3254   5.35
     1457       0.3252   5.35
     1458       0.3258   5.35
     1459       0.3269   5.35
     1460       0.3278   5.35
     1461       0.3260   5.35
     1462       0.3255   5.35
     1463       0.3257   5.35
     1464       0.3250   5.35
     1465       0.3259   5.35
     1466       0.3255   5.35
     1467       0.3262   5.35
     1468       0.3272   5.35
     1469       0.3256   5.35
     1470       0.3263   5.35
     1471       0.3248   5.35
     1472       0.3253   5.35
     1473       0.3254   5.35
     1474       0.3249   5.35
     1475       0.3241   5.35
     1476       0.3259   5.35
     1477       0.3261   5.34
     1478       0.3263   5.35
     1479       0.3262   5.35
     1480       0.3249   5.35
     1481       0.3246   5.35
     1482       0.3255   5.35
     1483       0.3269   5.35
     1484       0.3263   5.35
     1485       0.3254   5.35
     1486       0.3247   5.35
     1487       0.3273   5.35
     1488       0.3264   5.35
     1489       0.3257   5.35
     1490       0.3254   5.35
     1491       0.3251   5.34
     1492       0.3228   5.34
     1493       0.3251   5.34
     1494       0.3253   5.34
     1495       0.3237   5.35
     1496       0.3262   5.35
     1497       0.3265   5.35
     1498       0.3238   5.35
     1499       0.3262   5.35
     1500       0.3253   5.35
     1501       0.3247   5.35
     1502       0.3251   5.35
     1503       0.3254   5.35
     1504       0.3253   5.35
     1505       0.3260   5.35
     1506       0.3254   5.35
     1507       0.3250   5.35
     1508       0.3258   5.35
     1509       0.3250   5.35
     1510       0.3243   5.35
     1511       0.3258   5.35
     1512       0.3251   5.35
     1513       0.3256   5.35
     1514       0.3259   5.35
     1515       0.3275   5.35
     1516       0.3252   5.35
     1517       0.3251   5.35
     1518       0.3264   5.35
     1519       0.3261   5.35
     1520       0.3259   5.35
     1521       0.3269   5.35
     1522       0.3262   5.35
     1523       0.3267   5.35
     1524       0.3252   5.35
     1525       0.3258   5.35
     1526       0.3264   5.35
     1527       0.3264   5.35
     1528       0.3263   5.35
     1529       0.3262   5.35
     1530       0.3243   5.35
     1531       0.3262   5.35
     1532       0.3261   5.35
     1533       0.3247   5.35
     1534       0.3313   5.35
     1535       0.3261   5.35
     1536       0.3233   5.35
     1537       0.3262   5.35
     1538       0.3266   5.35
     1539       0.3258   5.35
     1540       0.3262   5.35
     1541       0.3254   5.35
     1542       0.3276   5.35
     1543       0.3273   5.35
     1544       0.3265   5.35
     1545       0.3266   5.35
     1546       0.3264   5.35
     1547       0.3243   5.35
     1548       0.3257   5.35
     1549       0.3274   5.35
     1550       0.3261   5.35
     1551       0.3266   5.35
     1552       0.3262   5.35
     1553       0.3268   5.35
     1554       0.3268   5.35
     1555       0.3271   5.35
     1556       0.3260   5.35
     1557       0.3260   5.35
     1558       0.3260   5.34
     1559       0.3246   5.35
     1560       0.3262   5.35
     1561       0.3264   5.34
     1562       0.3257   5.35
     1563       0.3255   5.35
     1564       0.3260   5.35
     1565       0.3257   5.35
     1566       0.3266   5.35
     1567       0.3262   5.35
     1568       0.3255   5.35
     1569       0.3249   5.35
     1570       0.3253   5.34
     1571       0.3349   5.34
     1572       0.3250   5.34
     1573       0.3250   5.35
     1574       0.3251   5.35
     1575       0.3254   5.35
     1576       0.3275   5.35
     1577       0.3265   5.35
     1578       0.3263   5.34
     1579       0.3243   5.35
     1580       0.3254   5.35
     1581       0.3249   5.35
     1582       0.3248   5.34
     1583       0.3250   5.34
     1584       0.3255   5.34
     1585       0.3244   5.34
     1586       0.3255   5.34
     1587       0.3242   5.35
     1588       0.3241   5.34
     1589       0.3263   5.34
     1590       0.3266   5.35
     1591       0.3269   5.35
     1592       0.3268   5.35
     1593       0.3262   5.35
     1594       0.3257   5.35
     1595       0.3262   5.35
     1596       0.3248   5.35
     1597       0.3252   5.35
     1598       0.3258   5.35
     1599       0.3264   5.35
     1600       0.3258   5.35
     1601       0.3251   5.35
     1602       0.3260   5.35
     1603       0.3258   5.35
     1604       0.3255   5.35
     1605       0.3247   5.35
     1606       0.3261   5.35
     1607       0.3260   5.35
     1608       0.3256   5.35
     1609       0.3254   5.35
     1610       0.3259   5.35
     1611       0.3234   5.35
     1612       0.3261   5.35
     1613       0.3278   5.35
     1614       0.3245   5.35
     1615       0.3249   5.35
     1616       0.3256   5.35
     1617       0.3260   5.35
     1618       0.3260   5.35
     1619       0.3262   5.35
     1620       0.3230   5.35
     1621       0.3257   5.35
     1622       0.3253   5.35
     1623       0.3253   5.35
     1624       0.3256   5.35
     1625       0.3254   5.35
     1626       0.3265   5.35
     1627       0.3262   5.35
     1628       0.3257   5.35
     1629       0.3262   5.35
     1630       0.3249   5.35
     1631       0.3246   5.35
     1632       0.3267   5.35
     1633       0.3252   5.34
     1634       0.3251   5.35
     1635       0.3262   5.35
     1636       0.3261   5.35
     1637       0.3259   5.35
     1638       0.3260   5.35
     1639       0.3260   5.35
     1640       0.3250   5.35
     1641       0.3261   5.35
     1642       0.3256   5.35
     1643       0.3242   5.35
     1644       0.3250   5.35
     1645       0.3252   5.35
     1646       0.3272   5.35
     1647       0.3272   5.35
     1648       0.3255   5.35
     1649       0.3252   5.35
     1650       0.3267   5.35
     1651       0.3277   5.35
     1652       0.3252   5.35
     1653       0.3248   5.35
     1654       0.3244   5.35
     1655       0.3246   5.35
     1656       0.3258   5.35
     1657       0.3236   5.35
     1658       0.3256   5.35
     1659       0.3260   5.35
     1660       0.3242   5.35
     1661       0.3257   5.35
     1662       0.3260   5.35
     1663       0.3261   5.35
     1664       0.3256   5.35
     1665       0.3245   5.35
     1666       0.3251   5.35
     1667       0.3258   5.35
     1668       0.3269   5.34
     1669       0.3277   5.35
     1670       0.3274   5.35
     1671       0.3252   5.35
     1672       0.3252   5.35
     1673       0.3260   5.35
     1674       0.3259   5.35
     1675       0.3236   5.35
     1676       0.3255   5.34
     1677       0.3234   5.35
     1678       0.3254   5.35
     1679       0.3247   5.34
     1680       0.3249   5.35
     1681       0.3250   5.35
     1682       0.3261   5.35
     1683       0.3259   5.35
     1684       0.3266   5.35
     1685       0.3261   5.35
     1686       0.3254   5.35
     1687       0.3259   5.35
     1688       0.3250   5.35
     1689       0.3243   5.35
     1690       0.3259   5.35
     1691       0.3258   5.34
     1692       0.3249   5.34
     1693       0.3266   5.34
     1694       0.3269   5.34
     1695       0.3247   5.35
     1696       0.3256   5.35
     1697       0.3253   5.34
     1698       0.3221   5.35
     1699       0.3249   5.35
     1700       0.3262   5.35
     1701       0.3233   5.35
     1702       0.3240   5.35
     1703       0.3241   5.35
     1704       0.3256   5.35
     1705       0.3254   5.35
     1706       0.3257   5.35
     1707       0.3260   5.35
     1708       0.3256   5.35
     1709       0.3250   5.35
     1710       0.3253   5.35
     1711       0.3253   5.35
     1712       0.3254   5.35
     1713       0.3255   5.35
     1714       0.3250   5.35
     1715       0.3245   5.35
     1716       0.3249   5.35
     1717       0.3236   5.35
     1718       0.3253   5.35
     1719       0.3261   5.35
     1720       0.3262   5.35
     1721       0.3257   5.35
     1722       0.3260   5.35
     1723       0.3246   5.35
     1724       0.3249   5.35
     1725       0.3257   5.35
     1726       0.3255   5.35
     1727       0.3274   5.35
     1728       0.3271   5.35
     1729       0.3250   5.35
     1730       0.3261   5.35
     1731       0.3259   5.35
     1732       0.3240   5.35
     1733       0.3259   5.35
     1734       0.3260   5.35
     1735       0.3252   5.35
     1736       0.3260   5.35
     1737       0.3258   5.35
     1738       0.3253   5.35
     1739       0.3270   5.35
     1740       0.3274   5.35
     1741       0.3264   5.35
     1742       0.3262   5.35
     1743       0.3254   5.35
     1744       0.3251   5.35
     1745       0.3253   5.35
     1746       0.3250   5.35
     1747       0.3255   5.35
     1748       0.3260   5.35
     1749       0.3257   5.35
     1750       0.3242   5.35
     1751       0.3245   5.35
     1752       0.3243   5.35
     1753       0.3254   5.35
     1754       0.3258   5.35
     1755       0.3267   5.35
     1756       0.3256   5.35
     1757       0.3260   5.35
     1758       0.3249   5.35
     1759       0.3260   5.35
     1760       0.3260   5.35
     1761       0.3238   5.35
     1762       0.3267   5.35
     1763       0.3265   5.35
     1764       0.3253   5.35
     1765       0.3258   5.35
     1766       0.3262   5.35
     1767       0.3254   5.35
     1768       0.3258   5.35
     1769       0.3250   5.35
     1770       0.3242   5.35
     1771       0.3257   5.35
     1772       0.3256   5.35
     1773       0.3250   5.35
     1774       0.3267   5.35
     1775       0.3277   5.35
     1776       0.3248   5.35
     1777       0.3264   5.35
     1778       0.3265   5.35
     1779       0.3265   5.35
     1780       0.3268   5.35
     1781       0.3278   5.35
     1782       0.3274   5.35
     1783       0.3271   5.35
     1784       0.3260   5.35
     1785       0.3266   5.35
     1786       0.3269   5.35
     1787       0.3262   5.35
     1788       0.3259   5.35
     1789       0.3267   5.35
     1790       0.3256   5.35
     1791       0.3256   5.35
     1792       0.3252   5.35
     1793       0.3256   5.35
     1794       0.3258   5.35
     1795       0.3260   5.35
     1796       0.3245   5.35
     1797       0.3254   5.35
     1798       0.3251   5.35
     1799       0.3250   5.35
     1800       0.3263   5.35
     1801       0.3266   5.35
     1802       0.3251   5.35
     1803       0.3260   5.35
     1804       0.3256   5.35
     1805       0.3255   5.35
     1806       0.3255   5.35
     1807       0.3256   5.35
     1808       0.3251   5.35
     1809       0.3257   5.35
     1810       0.3255   5.35
     1811       0.3256   5.35
     1812       0.3255   5.35
     1813       0.3259   5.35
     1814       0.3256   5.35
     1815       0.3256   5.35
     1816       0.3246   5.35
     1817       0.3262   5.35
     1818       0.3270   5.35
     1819       0.3264   5.35
     1820       0.3262   5.35
     1821       0.3253   5.35
     1822       0.3254   5.35
     1823       0.3259   5.35
     1824       0.3255   5.35
     1825       0.3248   5.35
     1826       0.3254   5.35
     1827       0.3265   5.35
     1828       0.3241   5.35
     1829       0.3253   5.35
     1830       0.3248   5.35
     1831       0.3243   5.35
     1832       0.3270   5.35
     1833       0.3253   5.35
     1834       0.3248   5.35
     1835       0.3249   5.35
     1836       0.3256   5.35
     1837       0.3259   5.35
     1838       0.3266   5.35
     1839       0.3250   5.34
     1840       0.3263   5.34
     1841       0.3260   5.34
     1842       0.3249   5.35
     1843       0.3254   5.35
     1844       0.3253   5.34
     1845       0.3262   5.34
     1846       0.3257   5.34
     1847       0.3249   5.34
     1848       0.3257   5.35
     1849       0.3256   5.35
     1850       0.3255   5.35
     1851       0.3249   5.35
     1852       0.3264   5.35
     1853       0.3268   5.35
     1854       0.3254   5.35
     1855       0.3267   5.35
     1856       0.3263   5.35
     1857       0.3257   5.35
     1858       0.3265   5.35
     1859       0.3250   5.35
     1860       0.3256   5.35
     1861       0.3257   5.35
     1862       0.3250   5.35
     1863       0.3255   5.35
     1864       0.3250   5.35
     1865       0.3246   5.35
     1866       0.3253   5.35
     1867       0.3253   5.35
     1868       0.3254   5.35
     1869       0.3257   5.35
     1870       0.3256   5.35
     1871       0.3253   5.35
     1872       0.3259   5.35
     1873       0.3263   5.35
     1874       0.3244   5.35
     1875       0.3255   5.35
     1876       0.3256   5.35
     1877       0.3247   5.34
     1878       0.3260   5.34
     1879       0.3266   5.35
     1880       0.3238   5.35
     1881       0.3261   5.35
     1882       0.3240   5.35
     1883       0.3247   5.35
     1884       0.3269   5.35
     1885       0.3268   5.35
     1886       0.3242   5.35
     1887       0.3245   5.35
     1888       0.3249   5.35
     1889       0.3254   5.35
     1890       0.3258   5.35
     1891       0.3261   5.35
     1892       0.3251   5.35
     1893       0.3249   5.35
     1894       0.3259   5.35
     1895       0.3261   5.35
     1896       0.3270   5.35
     1897       0.3249   5.35
     1898       0.3254   5.35
     1899       0.3256   5.35
     1900       0.3252   5.34
     1901       0.3252   5.34
     1902       0.3253   5.34
     1903       0.3254   5.35
     1904       0.3356   5.35
     1905       0.3270   5.35
     1906       0.3235   5.35
     1907       0.3255   5.35
     1908       0.3235   5.35
     1909       0.3251   5.35
     1910       0.3260   5.35
     1911       0.3256   5.34
     1912       0.3255   5.34
     1913       0.3259   5.35
     1914       0.3236   5.35
     1915       0.3280   5.35
     1916       0.3275   5.35
     1917       0.3268   5.35
     1918       0.3256   5.35
     1919       0.3255   5.35
     1920       0.3251   5.35
     1921       0.3263   5.35
     1922       0.3253   5.35
     1923       0.3248   5.35
     1924       0.3251   5.35
     1925       0.3248   5.34
     1926       0.3249   5.35
     1927       0.3246   5.35
     1928       0.3261   5.35
     1929       0.3254   5.35
     1930       0.3254   5.35
     1931       0.3255   5.35
     1932       0.3249   5.35
     1933       0.3263   5.35
     1934       0.3276   5.35
     1935       0.3265   5.35
     1936       0.3262   5.35
     1937       0.3247   5.35
     1938       0.3261   5.35
     1939       0.3254   5.35
     1940       0.3252   5.35
     1941       0.3247   5.35
     1942       0.3258   5.35
     1943       0.3259   5.35
     1944       0.3253   5.35
     1945       0.3256   5.35
     1946       0.3262   5.35
     1947       0.3275   5.35
     1948       0.3276   5.35
     1949       0.3257   5.35
     1950       0.3263   5.35
     1951       0.3252   5.35
     1952       0.3245   5.35
     1953       0.3252   5.35
     1954       0.3241   5.35
     1955       0.3245   5.35
     1956       0.3247   5.35
     1957       0.3247   5.35
     1958       0.3253   5.35
     1959       0.3258   5.35
     1960       0.3261   5.35
     1961       0.3252   5.35
     1962       0.3257   5.35
     1963       0.3252   5.35
     1964       0.3259   5.35
     1965       0.3259   5.35
     1966       0.3256   5.35
     1967       0.3247   5.35
     1968       0.3257   5.35
     1969       0.3263   5.35
     1970       0.3261   5.35
     1971       0.3256   5.35
     1972       0.3248   5.35
     1973       0.3256   5.35
     1974       0.3255   5.35
     1975       0.3241   5.35
     1976       0.3257   5.35
     1977       0.3266   5.35
     1978       0.3257   5.35
     1979       0.3254   5.35
     1980       0.3262   5.35
     1981       0.3259   5.35
     1982       0.3265   5.35
     1983       0.3267   5.35
     1984       0.3251   5.35
     1985       0.3258   5.35
     1986       0.3260   5.35
     1987       0.3260   5.35
     1988       0.3255   5.35
     1989       0.3261   5.35
     1990       0.3257   5.35
     1991       0.3267   5.35
     1992       0.3262   5.35
     1993       0.3236   5.35
     1994       0.3249   5.35
     1995       0.3248   5.35
     1996       0.3268   5.35
     1997       0.3252   5.35
     1998       0.3255   5.35
     1999       0.3270   5.35
     2000       0.3258   5.35
     2001       0.3249   5.35
     2002       0.3257   5.35
     2003       0.3246   5.35
     2004       0.3251   5.35
     2005       0.3262   5.35
     2006       0.3247   5.35
     2007       0.3245   5.35
     2008       0.3255   5.35
     2009       0.3257   5.35
     2010       0.3277   5.35
     2011       0.3261   5.35
     2012       0.3240   5.35
     2013       0.3251   5.35
     2014       0.3253   5.35
     2015       0.3258   5.35
     2016       0.3251   5.35
     2017       0.3261   5.35
     2018       0.3250   5.35
     2019       0.3255   5.35
     2020       0.3256   5.35
     2021       0.3248   5.35
     2022       0.3269   5.35
     2023       0.3264   5.35
     2024       0.3257   5.35
     2025       0.3266   5.35
     2026       0.3267   5.35
     2027       0.3263   5.35
     2028       0.3260   5.35
     2029       0.3256   5.35
     2030       0.3247   5.35
     2031       0.3257   5.35
     2032       0.3259   5.35
     2033       0.3245   5.35
     2034       0.3262   5.35
     2035       0.3270   5.35
     2036       0.3241   5.35
     2037       0.3253   5.35
     2038       0.3256   5.35
     2039       0.3269   5.35
     2040       0.3277   5.35
     2041       0.3277   5.35
     2042       0.3251   5.35
     2043       0.3257   5.35
     2044       0.3250   5.35
     2045       0.3254   5.35
     2046       0.3260   5.35
     2047       0.3248   5.34
     2048       0.3244   5.34
     2049       0.3254   5.34
     2050       0.3253   5.35
     2051       0.3260   5.35
     2052       0.3266   5.35
     2053       0.3248   5.35
     2054       0.3254   5.35
     2055       0.3261   5.35
     2056       0.3254   5.35
     2057       0.3258   5.35
     2058       0.3255   5.35
     2059       0.3248   5.35
     2060       0.3250   5.35
     2061       0.3250   5.34
     2062       0.3248   5.35
     2063       0.3254   5.35
     2064       0.3253   5.35
     2065       0.3244   5.35
     2066       0.3254   5.35
     2067       0.3257   5.35
     2068       0.3271   5.35
     2069       0.3257   5.35
     2070       0.3234   5.35
     2071       0.3261   5.35
     2072       0.3269   5.35
     2073       0.3262   5.35
     2074       0.3247   5.35
     2075       0.3266   5.35
     2076       0.3273   5.35
     2077       0.3264   5.35
     2078       0.3257   5.35
     2079       0.3271   5.35
     2080       0.3264   5.35
     2081       0.3257   5.35
     2082       0.3244   5.35
     2083       0.3265   5.35
     2084       0.3258   5.35
     2085       0.3250   5.35
     2086       0.3258   5.35
     2087       0.3249   5.35
     2088       0.3249   5.35
     2089       0.3265   5.35
     2090       0.3267   5.35
     2091       0.3235   5.35
     2092       0.3269   5.35
     2093       0.3268   5.35
     2094       0.3250   5.35
     2095       0.3260   5.35
     2096       0.3266   5.35
     2097       0.3260   5.35
     2098       0.3264   5.35
     2099       0.3269   5.35
     2100       0.3255   5.35
     2101       0.3259   5.35
     2102       0.3249   5.35
     2103       0.3266   5.35
     2104       0.3266   5.34
     2105       0.3251   5.35
     2106       0.3264   5.35
     2107       0.3255   5.35
     2108       0.3235   5.35
     2109       0.3257   5.35
     2110       0.3268   5.34
     2111       0.3273   5.35
     2112       0.3266   5.35
     2113       0.3255   5.35
     2114       0.3258   5.35
     2115       0.3265   5.35
     2116       0.3265   5.34
     2117       0.3263   5.35
     2118       0.3252   5.35
     2119       0.3247   5.34
     2120       0.3248   5.34
     2121       0.3254   5.34
     2122       0.3258   5.35
     2123       0.3243   5.35
     2124       0.3249   5.35
     2125       0.3251   5.35
     2126       0.3263   5.35
     2127       0.3264   5.35
     2128       0.3267   5.35
     2129       0.3256   5.35
     2130       0.3256   5.35
     2131       0.3260   5.35
     2132       0.3256   5.35
     2133       0.3243   5.35
     2134       0.3259   5.35
     2135       0.3254   5.35
     2136       0.3258   5.35
     2137       0.3247   5.35
     2138       0.3255   5.35
     2139       0.3259   5.35
     2140       0.3246   5.35
     2141       0.3254   5.35
     2142       0.3251   5.35
     2143       0.3236   5.35
     2144       0.3253   5.35
     2145       0.3252   5.35
     2146       0.3240   5.35
     2147       0.3258   5.35
     2148       0.3272   5.35
     2149       0.3252   5.35
     2150       0.3256   5.35
     2151       0.3264   5.35
     2152       0.3262   5.35
     2153       0.3253   5.34
     2154       0.3248   5.34
     2155       0.3273   5.34
     2156       0.3260   5.35
     2157       0.3245   5.35
     2158       0.3266   5.35
     2159       0.3253   5.35
     2160       0.3250   5.35
     2161       0.3257   5.35
     2162       0.3251   5.35
     2163       0.3255   5.35
     2164       0.3255   5.35
     2165       0.3251   5.35
     2166       0.3251   5.35
     2167       0.3271   5.35
     2168       0.3261   5.34
     2169       0.3265   5.35
     2170       0.3255   5.35
     2171       0.3240   5.35
     2172       0.3252   5.35
     2173       0.3255   5.35
     2174       0.3250   5.35
     2175       0.3251   5.35
     2176       0.3265   5.35
     2177       0.3253   5.35
     2178       0.3263   5.35
     2179       0.3261   5.35
     2180       0.3253   5.35
     2181       0.3257   5.35
     2182       0.3256   5.35
     2183       0.3257   5.35
     2184       0.3266   5.35
     2185       0.3269   5.35
     2186       0.3261   5.35
     2187       0.3269   5.35
     2188       0.3263   5.35
     2189       0.3261   5.35
     2190       0.3260   5.35
     2191       0.3237   5.35
     2192       0.3254   5.35
     2193       0.3256   5.35
     2194       0.3258   5.35
     2195       0.3248   5.35
     2196       0.3267   5.35
     2197       0.3271   5.34
     2198       0.3249   5.35
     2199       0.3254   5.35
     2200       0.3260   5.34
     2201       0.3264   5.35
     2202       0.3257   5.35
     2203       0.3238   5.35
     2204       0.3262   5.35
     2205       0.3263   5.35
     2206       0.3256   5.34
     2207       0.3258   5.34
     2208       0.3258   5.34
     2209       0.3252   5.34
     2210       0.3342   5.34
     2211       0.3249   5.34
     2212       0.3257   5.35
     2213       0.3266   5.35
     2214       0.3272   5.35
     2215       0.3241   5.35
     2216       0.3254   5.35
     2217       0.3256   5.35
     2218       0.3247   5.34
     2219       0.3262   5.34
     2220       0.3268   5.35
     2221       0.3251   5.35
     2222       0.3253   5.35
     2223       0.3257   5.35
     2224       0.3234   5.35
     2225       0.3243   5.35
     2226       0.3243   5.35
     2227       0.3273   5.35
     2228       0.3261   5.35
     2229       0.3252   5.35
     2230       0.3238   5.35
     2231       0.3248   5.35
     2232       0.3251   5.35
     2233       0.3255   5.35
     2234       0.3263   5.35
     2235       0.3254   5.35
     2236       0.3258   5.35
     2237       0.3261   5.35
     2238       0.3246   5.35
     2239       0.3264   5.35
     2240       0.3251   5.35
     2241       0.3266   5.35
     2242       0.3263   5.35
     2243       0.3259   5.35
     2244       0.3250   5.35
     2245       0.3260   5.35
     2246       0.3257   5.35
     2247       0.3250   5.35
     2248       0.3266   5.35
     2249       0.3279   5.35
     2250       0.3266   5.35
     2251       0.3268   5.35
     2252       0.3266   5.35
     2253       0.3258   5.35
     2254       0.3259   5.35
     2255       0.3260   5.35
     2256       0.3259   5.35
     2257       0.3264   5.35
     2258       0.3263   5.35
     2259       0.3258   5.35
     2260       0.3256   5.34
     2261       0.3256   5.34
     2262       0.3252   5.34
     2263       0.3251   5.34
     2264       0.3238   5.35
     2265       0.3241   5.35
     2266       0.3258   5.34
     2267       0.3252   5.35
     2268       0.3247   5.35
     2269       0.3256   5.35
     2270       0.3240   5.35
     2271       0.3259   5.35
     2272       0.3261   5.35
     2273       0.3257   5.35
     2274       0.3256   5.35
     2275       0.3257   5.35
     2276       0.3253   5.35
     2277       0.3266   5.35
     2278       0.3262   5.35
     2279       0.3261   5.35
     2280       0.3255   5.35
     2281       0.3259   5.35
     2282       0.3254   5.35
     2283       0.3268   5.35
     2284       0.3259   5.35
     2285       0.3263   5.35
     2286       0.3258   5.35
     2287       0.3254   5.35
     2288       0.3261   5.35
     2289       0.3265   5.35
     2290       0.3264   5.35
     2291       0.3267   5.35
     2292       0.3253   5.35
     2293       0.3239   5.35
     2294       0.3250   5.35
     2295       0.3255   5.35
     2296       0.3252   5.35
     2297       0.3252   5.35
     2298       0.3256   5.35
     2299       0.3246   5.35
     2300       0.3255   5.35
     2301       0.3261   5.35
     2302       0.3258   5.35
     2303       0.3264   5.35
     2304       0.3258   5.35
     2305       0.3263   5.35
     2306       0.3258   5.35
     2307       0.3273   5.35
     2308       0.3251   5.35
     2309       0.3259   5.35
     2310       0.3262   5.35
     2311       0.3246   5.35
     2312       0.3266   5.35
     2313       0.3254   5.35
     2314       0.3263   5.35
     2315       0.3256   5.35
     2316       0.3243   5.35
     2317       0.3259   5.35
     2318       0.3257   5.35
     2319       0.3243   5.35
     2320       0.3254   5.35
     2321       0.3242   5.35
     2322       0.3242   5.34
     2323       0.3258   5.34
     2324       0.3256   5.35
     2325       0.3254   5.35
     2326       0.3256   5.35
     2327       0.3258   5.35
     2328       0.3251   5.35
     2329       0.3263   5.35
     2330       0.3266   5.35
     2331       0.3267   5.35
     2332       0.3266   5.35
     2333       0.3248   5.35
     2334       0.3266   5.35
     2335       0.3262   5.35
     2336       0.3259   5.35
     2337       0.3244   5.35
     2338       0.3255   5.35
     2339       0.3252   5.35
     2340       0.3267   5.35
     2341       0.3259   5.35
     2342       0.3252   5.35
     2343       0.3260   5.35
     2344       0.3256   5.35
     2345       0.3238   5.35
     2346       0.3269   5.35
     2347       0.3270   5.35
     2348       0.3268   5.35
     2349       0.3252   5.35
     2350       0.3265   5.35
     2351       0.3254   5.35
     2352       0.3262   5.35
     2353       0.3261   5.35
     2354       0.3258   5.35
     2355       0.3260   5.35
     2356       0.3260   5.35
     2357       0.3255   5.35
     2358       0.3271   5.35
     2359       0.3276   5.35
     2360       0.3254   5.35
     2361       0.3258   5.35
     2362       0.3268   5.35
     2363       0.3262   5.35
     2364       0.3266   5.35
     2365       0.3265   5.35
     2366       0.3249   5.35
     2367       0.3256   5.35
     2368       0.3256   5.35
     2369       0.3286   5.35
     2370       0.3265   5.35
     2371       0.3236   5.35
     2372       0.3256   5.35
     2373       0.3257   5.34
     2374       0.3250   5.34
     2375       0.3258   5.34
     2376       0.3262   5.34
     2377       0.3233   5.34
     2378       0.3253   5.34
     2379       0.3252   5.34
     2380       0.3249   5.34
     2381       0.3247   5.34
     2382       0.3266   5.35
     2383       0.3253   5.35
     2384       0.3255   5.35
     2385       0.3255   5.35
     2386       0.3253   5.35
     2387       0.3257   5.35
     2388       0.3261   5.35
     2389       0.3263   5.35
     2390       0.3262   5.35
     2391       0.3262   5.35
     2392       0.3230   5.35
     2393       0.3260   5.35
     2394       0.3271   5.35
     2395       0.3260   5.35
     2396       0.3268   5.35
     2397       0.3266   5.35
     2398       0.3262   5.35
     2399       0.3261   5.35
     2400       0.3242   5.35
     2401       0.3249   5.35
     2402       0.3249   5.35
     2403       0.3250   5.34
     2404       0.3260   5.34
     2405       0.3263   5.35
     2406       0.3241   5.35
     2407       0.3257   5.35
     2408       0.3248   5.35
     2409       0.3248   5.34
     2410       0.3251   5.34
     2411       0.3259   5.35
     2412       0.3247   5.35
     2413       0.3266   5.35
     2414       0.3280   5.35
     2415       0.3253   5.35
     2416       0.3251   5.35
     2417       0.3264   5.35
     2418       0.3265   5.35
     2419       0.3267   5.35
     2420       0.3256   5.35
     2421       0.3253   5.35
     2422       0.3255   5.35
     2423       0.3252   5.35
     2424       0.3254   5.35
     2425       0.3259   5.35
     2426       0.3254   5.35
     2427       0.3260   5.35
     2428       0.3263   5.35
     2429       0.3248   5.35
     2430       0.3254   5.35
     2431       0.3262   5.35
     2432       0.3238   5.35
     2433       0.3261   5.35
     2434       0.3264   5.35
     2435       0.3255   5.35
     2436       0.3257   5.35
     2437       0.3256   5.35
     2438       0.3248   5.35
     2439       0.3257   5.35
     2440       0.3257   5.35
     2441       0.3260   5.35
     2442       0.3260   5.35
     2443       0.3232   5.35
     2444       0.3244   5.35
     2445       0.3255   5.35
     2446       0.3250   5.35
     2447       0.3253   5.35
     2448       0.3249   5.35
     2449       0.3261   5.35
     2450       0.3271   5.35
     2451       0.3268   5.35
     2452       0.3261   5.35
     2453       0.3285   5.35
     2454       0.3278   5.35
     2455       0.3262   5.35
     2456       0.3269   5.35
     2457       0.3265   5.35
     2458       0.3247   5.34
     2459       0.3258   5.34
     2460       0.3260   5.34
     2461       0.3268   5.34
     2462       0.3256   5.34
     2463       0.3252   5.35
     2464       0.3247   5.35
     2465       0.3262   5.35
     2466       0.3265   5.35
     2467       0.3255   5.34
     2468       0.3257   5.34
     2469       0.3248   5.34
     2470       0.3247   5.35
     2471       0.3261   5.35
     2472       0.3263   5.35
     2473       0.3240   5.35
     2474       0.3259   5.35
     2475       0.3266   5.34
     2476       0.3254   5.34
     2477       0.3256   5.34
     2478       0.3245   5.34
     2479       0.3248   5.34
     2480       0.3257   5.35
     2481       0.3253   5.34
     2482       0.3265   5.34
     2483       0.3261   5.34
     2484       0.3251   5.35
     2485       0.3256   5.35
     2486       0.3258   5.34
     2487       0.3245   5.34
     2488       0.3259   5.34
     2489       0.3260   5.35
     2490       0.3248   5.35
     2491       0.3254   5.35
     2492       0.3254   5.35
     2493       0.3244   5.35
     2494       0.3255   5.35
     2495       0.3254   5.35
     2496       0.3255   5.35
     2497       0.3269   5.35
     2498       0.3252   5.35
     2499       0.3249   5.35
     2500       0.3255   5.35
     2501       0.3246   5.34
     2502       0.3266   5.34
     2503       0.3263   5.35
     2504       0.3245   5.35
     2505       0.3252   5.35
     2506       0.3256   5.35
     2507       0.3256   5.35
     2508       0.3261   5.35
     2509       0.3257   5.35
     2510       0.3243   5.35
     2511       0.3263   5.35
     2512       0.3256   5.35
     2513       0.3248   5.35
     2514       0.3263   5.35
     2515       0.3272   5.35
     2516       0.3236   5.35
     2517       0.3256   5.35
     2518       0.3260   5.35
     2519       0.3262   5.35
     2520       0.3260   5.35
     2521       0.3257   5.35
     2522       0.3254   5.35
     2523       0.3256   5.35
     2524       0.3259   5.35
     2525       0.3245   5.35
     2526       0.3255   5.35
     2527       0.3251   5.35
     2528       0.3255   5.35
     2529       0.3248   5.35
     2530       0.3251   5.35
     2531       0.3259   5.35
     2532       0.3261   5.35
     2533       0.3253   5.35
     2534       0.3251   5.35
     2535       0.3268   5.35
     2536       0.3247   5.35
     2537       0.3260   5.35
     2538       0.3255   5.35
     2539       0.3246   5.35
     2540       0.3335   5.35
     2541       0.3249   5.35
     2542       0.3245   5.35
     2543       0.3259   5.35
     2544       0.3256   5.35
     2545       0.3250   5.35
     2546       0.3246   5.35
     2547       0.3251   5.35
     2548       0.3262   5.35
     2549       0.3258   5.35
     2550       0.3246   5.35
     2551       0.3256   5.35
     2552       0.3260   5.35
     2553       0.3253   5.35
     2554       0.3247   5.35
     2555       0.3256   5.35
     2556       0.3247   5.35
     2557       0.3268   5.35
     2558       0.3266   5.35
     2559       0.3261   5.35
     2560       0.3255   5.35
     2561       0.3254   5.35
     2562       0.3254   5.35
     2563       0.3250   5.35
     2564       0.3249   5.35
     2565       0.3243   5.35
     2566       0.3245   5.35
     2567       0.3248   5.35
     2568       0.3264   5.35
     2569       0.3266   5.35
     2570       0.3266   5.35
     2571       0.3233   5.35
     2572       0.3255   5.35
     2573       0.3246   5.35
     2574       0.3257   5.35
     2575       0.3261   5.35
     2576       0.3235   5.35
     2577       0.3258   5.35
     2578       0.3262   5.35
     2579       0.3249   5.35
     2580       0.3263   5.35
     2581       0.3262   5.35
     2582       0.3255   5.35
     2583       0.3255   5.35
     2584       0.3260   5.35
     2585       0.3262   5.35
     2586       0.3260   5.35
     2587       0.3256   5.35
     2588       0.3251   5.35
     2589       0.3257   5.35
     2590       0.3245   5.35
     2591       0.3256   5.35
     2592       0.3261   5.35
     2593       0.3242   5.35
     2594       0.3254   5.35
     2595       0.3261   5.35
     2596       0.3264   5.35
     2597       0.3262   5.35
     2598       0.3261   5.35
     2599       0.3270   5.35
     2600       0.3244   5.35
     2601       0.3276   5.35
     2602       0.3280   5.35
     2603       0.3259   5.35
     2604       0.3264   5.35
     2605       0.3259   5.35
     2606       0.3271   5.35
     2607       0.3257   5.35
     2608       0.3250   5.35
     2609       0.3242   5.35
     2610       0.3252   5.35
     2611       0.3249   5.35
     2612       0.3258   5.35
     2613       0.3264   5.35
     2614       0.3257   5.35
     2615       0.3268   5.35
     2616       0.3265   5.35
     2617       0.3245   5.35
     2618       0.3255   5.35
     2619       0.3251   5.35
     2620       0.3248   5.35
     2621       0.3252   5.35
     2622       0.3257   5.35
     2623       0.3256   5.35
     2624       0.3256   5.35
     2625       0.3254   5.35
     2626       0.3256   5.35
     2627       0.3266   5.35
     2628       0.3263   5.35
     2629       0.3257   5.35
     2630       0.3259   5.35
     2631       0.3255   5.35
     2632       0.3252   5.35
     2633       0.3246   5.35
     2634       0.3241   5.34
     2635       0.3250   5.34
     2636       0.3252   5.34
     2637       0.3245   5.35
     2638       0.3248   5.35
     2639       0.3251   5.34
     2640       0.3235   5.35
     2641       0.3251   5.35
     2642       0.3257   5.35
     2643       0.3266   5.35
     2644       0.3272   5.35
     2645       0.3272   5.35
     2646       0.3240   5.35
     2647       0.3263   5.35
     2648       0.3260   5.35
     2649       0.3252   5.35
     2650       0.3264   5.35
     2651       0.3275   5.35
     2652       0.3237   5.35
     2653       0.3251   5.35
     2654       0.3247   5.35
     2655       0.3247   5.34
     2656       0.3259   5.34
     2657       0.3267   5.34
     2658       0.3265   5.34
     2659       0.3250   5.34
     2660       0.3250   5.34
     2661       0.3255   5.34
     2662       0.3248   5.35
     2663       0.3243   5.34
     2664       0.3262   5.34
     2665       0.3266   5.35
     2666       0.3257   5.35
     2667       0.3261   5.35
     2668       0.3257   5.35
     2669       0.3257   5.35
     2670       0.3252   5.35
     2671       0.3251   5.34
     2672       0.3245   5.34
     2673       0.3248   5.34
     2674       0.3256   5.35
     2675       0.3267   5.35
     2676       0.3273   5.35
     2677       0.3269   5.35
     2678       0.3240   5.35
     2679       0.3252   5.35
     2680       0.3259   5.35
     2681       0.3265   5.35
     2682       0.3265   5.35
     2683       0.3252   5.35
     2684       0.3261   5.35
     2685       0.3261   5.35
     2686       0.3263   5.35
     2687       0.3267   5.35
     2688       0.3269   5.35
     2689       0.3273   5.35
     2690       0.3257   5.35
     2691       0.3258   5.35
     2692       0.3264   5.34
     2693       0.3265   5.34
     2694       0.3261   5.34
     2695       0.3253   5.34
     2696       0.3274   5.34
     2697       0.3268   5.35
     2698       0.3252   5.35
     2699       0.3258   5.35
     2700       0.3262   5.35
     2701       0.3247   5.35
     2702       0.3249   5.35
     2703       0.3241   5.35
     2704       0.3255   5.35
     2705       0.3259   5.35
     2706       0.3263   5.35
     2707       0.3252   5.35
     2708       0.3263   5.35
     2709       0.3273   5.35
     2710       0.3265   5.35
     2711       0.3262   5.35
     2712       0.3232   5.35
     2713       0.3256   5.35
     2714       0.3253   5.35
     2715       0.3258   5.34
     2716       0.3260   5.34
     2717       0.3261   5.35
     2718       0.3254   5.35
     2719       0.3272   5.35
     2720       0.3270   5.35
     2721       0.3260   5.35
     2722       0.3256   5.35
     2723       0.3256   5.35
     2724       0.3252   5.34
     2725       0.3261   5.34
     2726       0.3255   5.34
     2727       0.3250   5.34
     2728       0.3268   5.34
     2729       0.3268   5.35
     2730       0.3255   5.35
     2731       0.3251   5.35
     2732       0.3248   5.34
     2733       0.3245   5.34
     2734       0.3262   5.34
     2735       0.3259   5.34
     2736       0.3254   5.34
     2737       0.3255   5.34
     2738       0.3256   5.34
     2739       0.3257   5.34
     2740       0.3260   5.35
     2741       0.3250   5.35
     2742       0.3272   5.35
     2743       0.3266   5.35
     2744       0.3250   5.35
     2745       0.3255   5.35
     2746       0.3262   5.35
     2747       0.3271   5.35
     2748       0.3251   5.35
     2749       0.3250   5.35
     2750       0.3249   5.35
     2751       0.3258   5.35
     2752       0.3249   5.35
     2753       0.3258   5.35
     2754       0.3267   5.35
     2755       0.3256   5.35
     2756       0.3255   5.35
     2757       0.3264   5.35
     2758       0.3265   5.35
     2759       0.3241   5.34
     2760       0.3253   5.34
     2761       0.3254   5.34
     2762       0.3252   5.35
     2763       0.3264   5.35
     2764       0.3250   5.35
     2765       0.3266   5.35
     2766       0.3262   5.35
     2767       0.3254   5.35
     2768       0.3259   5.35
     2769       0.3252   5.35
     2770       0.3249   5.35
     2771       0.3264   5.35
     2772       0.3267   5.35
     2773       0.3268   5.35
     2774       0.3268   5.35
     2775       0.3265   5.35
     2776       0.3249   5.35
     2777       0.3255   5.35
     2778       0.3256   5.35
     2779       0.3251   5.34
     2780       0.3255   5.34
     2781       0.3250   5.35
     2782       0.3263   5.35
     2783       0.3262   5.35
     2784       0.3264   5.35
     2785       0.3235   5.35
     2786       0.3252   5.35
     2787       0.3276   5.35
     2788       0.3257   5.35
     2789       0.3246   5.35
     2790       0.3251   5.35
     2791       0.3257   5.35
     2792       0.3246   5.35
     2793       0.3251   5.35
     2794       0.3258   5.35
     2795       0.3256   5.35
     2796       0.3258   5.35
     2797       0.3252   5.35
     2798       0.3255   5.35
     2799       0.3251   5.35
     2800       0.3253   5.35
     2801       0.3254   5.35
     2802       0.3256   5.35
     2803       0.3251   5.35
     2804       0.3265   5.35
     2805       0.3257   5.35
     2806       0.3265   5.35
     2807       0.3256   5.35
     2808       0.3256   5.35
     2809       0.3260   5.35
     2810       0.3253   5.35
     2811       0.3239   5.35
     2812       0.3250   5.35
     2813       0.3261   5.35
     2814       0.3252   5.35
     2815       0.3260   5.35
     2816       0.3261   5.35
     2817       0.3261   5.35
     2818       0.3260   5.35
     2819       0.3233   5.35
     2820       0.3255   5.35
     2821       0.3256   5.35
     2822       0.3249   5.35
     2823       0.3265   5.35
     2824       0.3263   5.35
     2825       0.3255   5.35
     2826       0.3260   5.35
     2827       0.3258   5.35
     2828       0.3251   5.35
     2829       0.3258   5.35
     2830       0.3266   5.35
     2831       0.3254   5.35
     2832       0.3249   5.35
     2833       0.3254   5.35
     2834       0.3241   5.35
     2835       0.3260   5.35
     2836       0.3263   5.35
     2837       0.3233   5.35
     2838       0.3247   5.35
     2839       0.3253   5.35
     2840       0.3250   5.35
     2841       0.3261   5.35
     2842       0.3256   5.35
     2843       0.3260   5.35
     2844       0.3260   5.35
     2845       0.3258   5.35
     2846       0.3354   5.35
     2847       0.3254   5.35
     2848       0.3245   5.35
     2849       0.3261   5.35
     2850       0.3265   5.35
     2851       0.3264   5.35
     2852       0.3251   5.35
     2853       0.3263   5.35
     2854       0.3255   5.35
     2855       0.3245   5.35
     2856       0.3260   5.35
     2857       0.3259   5.35
     2858       0.3254   5.35
     2859       0.3259   5.35
     2860       0.3258   5.35
     2861       0.3256   5.35
     2862       0.3264   5.35
     2863       0.3252   5.35
     2864       0.3264   5.35
     2865       0.3266   5.35
     2866       0.3247   5.35
     2867       0.3252   5.35
     2868       0.3255   5.35
     2869       0.3237   5.34
     2870       0.3253   5.34
     2871       0.3244   5.35
     2872       0.3249   5.35
     2873       0.3263   5.35
     2874       0.3279   5.35
     2875       0.3252   5.35
     2876       0.3262   5.35
     2877       0.3258   5.35
     2878       0.3259   5.35
     2879       0.3259   5.35
     2880       0.3247   5.35
     2881       0.3252   5.35
     2882       0.3236   5.35
     2883       0.3248   5.34
     2884       0.3267   5.34
     2885       0.3277   5.35
     2886       0.3263   5.35
     2887       0.3243   5.35
     2888       0.3263   5.35
     2889       0.3270   5.35
     2890       0.3270   5.35
     2891       0.3268   5.35
     2892       0.3252   5.35
     2893       0.3260   5.35
     2894       0.3276   5.35
     2895       0.3253   5.35
     2896       0.3259   5.35
     2897       0.3258   5.35
     2898       0.3258   5.35
     2899       0.3262   5.35
     2900       0.3258   5.35
     2901       0.3254   5.35
     2902       0.3251   5.35
     2903       0.3245   5.35
     2904       0.3257   5.35
     2905       0.3247   5.35
     2906       0.3252   5.35
     2907       0.3260   5.35
     2908       0.3268   5.35
     2909       0.3272   5.35
     2910       0.3271   5.35
     2911       0.3269   5.35
     2912       0.3260   5.35
     2913       0.3260   5.35
     2914       0.3258   5.34
     2915       0.3249   5.34
     2916       0.3264   5.34
     2917       0.3269   5.35
     2918       0.3256   5.35
     2919       0.3252   5.35
     2920       0.3257   5.35
     2921       0.3243   5.34
     2922       0.3253   5.34
     2923       0.3235   5.34
     2924       0.3228   5.34
     2925       0.3250   5.34
     2926       0.3243   5.34
     2927       0.3258   5.34
     2928       0.3263   5.35
     2929       0.3255   5.35
     2930       0.3254   5.35
     2931       0.3256   5.35
     2932       0.3246   5.35
     2933       0.3250   5.35
     2934       0.3250   5.35
     2935       0.3255   5.35
     2936       0.3257   5.35
     2937       0.3260   5.35
     2938       0.3261   5.35
     2939       0.3258   5.35
     2940       0.3262   5.35
     2941       0.3273   5.35
     2942       0.3269   5.35
     2943       0.3259   5.35
     2944       0.3259   5.35
     2945       0.3262   5.35
     2946       0.3258   5.35
     2947       0.3244   5.35
     2948       0.3264   5.35
     2949       0.3270   5.35
     2950       0.3269   5.35
     2951       0.3260   5.35
     2952       0.3239   5.35
     2953       0.3263   5.35
     2954       0.3264   5.35
     2955       0.3260   5.35
     2956       0.3275   5.35
     2957       0.3270   5.35
     2958       0.3265   5.35
     2959       0.3254   5.35
     2960       0.3253   5.35
     2961       0.3241   5.34
     2962       0.3256   5.34
     2963       0.3258   5.34
     2964       0.3268   5.34
     2965       0.3259   5.34
     2966       0.3256   5.35
     2967       0.3255   5.35
     2968       0.3254   5.35
     2969       0.3248   5.35
     2970       0.3246   5.34
     2971       0.3254   5.34
     2972       0.3249   5.34
     2973       0.3247   5.35
     2974       0.3262   5.35
     2975       0.3273   5.35
     2976       0.3254   5.34
     2977       0.3252   5.34
     2978       0.3248   5.34
     2979       0.3247   5.34
     2980       0.3256   5.35
     2981       0.3241   5.34
     2982       0.3265   5.34
     2983       0.3261   5.34
     2984       0.3244   5.34
     2985       0.3242   5.34
     2986       0.3253   5.35
     2987       0.3252   5.35
     2988       0.3253   5.35
     2989       0.3256   5.35
     2990       0.3246   5.34
     2991       0.3254   5.34
     2992       0.3257   5.35
     2993       0.3270   5.35
     2994       0.3264   5.35
     2995       0.3260   5.35
     2996       0.3259   5.35
     2997       0.3252   5.35
     2998       0.3250   5.35
     2999       0.3265   5.35
     3000       0.3261   5.35
     3001       0.3257   5.35
     3002       0.3269   5.35
     3003       0.3259   5.35
     3004       0.3243   5.35
     3005       0.3250   5.35
     3006       0.3252   5.35
     3007       0.3253   5.35
     3008       0.3261   5.35
     3009       0.3264   5.35
     3010       0.3252   5.35
     3011       0.3256   5.35
     3012       0.3255   5.35
     3013       0.3239   5.35
     3014       0.3258   5.35
     3015       0.3262   5.35
     3016       0.3267   5.35
     3017       0.3266   5.35
     3018       0.3252   5.35
     3019       0.3242   5.35
     3020       0.3260   5.35
     3021       0.3267   5.35
     3022       0.3257   5.35
     3023       0.3254   5.35
     3024       0.3256   5.35
     3025       0.3254   5.35
     3026       0.3265   5.35
     3027       0.3271   5.35
     3028       0.3252   5.35
     3029       0.3265   5.35
     3030       0.3263   5.35
     3031       0.3263   5.35
     3032       0.3264   5.35
     3033       0.3246   5.35
     3034       0.3265   5.35
     3035       0.3256   5.35
     3036       0.3246   5.35
     3037       0.3267   5.35
     3038       0.3265   5.35
     3039       0.3252   5.35
     3040       0.3261   5.35
     3041       0.3265   5.35
     3042       0.3266   5.35
     3043       0.3259   5.35
     3044       0.3260   5.35
     3045       0.3260   5.35
     3046       0.3258   5.35
     3047       0.3253   5.35
     3048       0.3256   5.35
     3049       0.3261   5.35
     3050       0.3270   5.35
     3051       0.3256   5.35
     3052       0.3257   5.35
     3053       0.3244   5.35
     3054       0.3233   5.34
     3055       0.3249   5.34
     3056       0.3266   5.35
     3057       0.3249   5.35
     3058       0.3266   5.35
     3059       0.3264   5.35
     3060       0.3265   5.35
     3061       0.3259   5.35
     3062       0.3257   5.35
     3063       0.3260   5.35
     3064       0.3256   5.35
     3065       0.3239   5.34
     3066       0.3273   5.34
     3067       0.3268   5.34
     3068       0.3265   5.35
     3069       0.3238   5.35
     3070       0.3260   5.35
     3071       0.3257   5.35
     3072       0.3262   5.35
     3073       0.3261   5.35
     3074       0.3258   5.34
     3075       0.3258   5.34
     3076       0.3264   5.34
     3077       0.3250   5.35
     3078       0.3254   5.35
     3079       0.3240   5.35
     3080       0.3242   5.34
     3081       0.3247   5.34
     3082       0.3251   5.35
     3083       0.3256   5.35
     3084       0.3258   5.35
     3085       0.3247   5.34
     3086       0.3265   5.34
     3087       0.3260   5.34
     3088       0.3254   5.34
     3089       0.3262   5.34
     3090       0.3267   5.35
     3091       0.3255   5.35
     3092       0.3252   5.35
     3093       0.3256   5.34
     3094       0.3258   5.35
     3095       0.3266   5.35
     3096       0.3249   5.35
     3097       0.3237   5.35
     3098       0.3296   5.35
     3099       0.3250   5.34
     3100       0.3233   5.35
     3101       0.3250   5.35
     3102       0.3259   5.35
     3103       0.3249   5.35
     3104       0.3259   5.35
     3105       0.3258   5.35
     3106       0.3253   5.35
     3107       0.3261   5.35
     3108       0.3254   5.35
     3109       0.3254   5.35
     3110       0.3255   5.35
     3111       0.3253   5.35
     3112       0.3266   5.35
     3113       0.3260   5.35
     3114       0.3246   5.35
     3115       0.3264   5.35
     3116       0.3260   5.35
     3117       0.3239   5.35
     3118       0.3263   5.35
     3119       0.3264   5.35
     3120       0.3246   5.35
     3121       0.3270   5.35
     3122       0.3262   5.35
     3123       0.3246   5.35
     3124       0.3257   5.35
     3125       0.3259   5.35
     3126       0.3246   5.35
     3127       0.3267   5.35
     3128       0.3265   5.35
     3129       0.3267   5.35
     3130       0.3256   5.35
     3131       0.3244   5.35
     3132       0.3247   5.35
     3133       0.3260   5.35
     3134       0.3260   5.35
     3135       0.3262   5.35
     3136       0.3247   5.35
     3137       0.3243   5.35
     3138       0.3238   5.35
     3139       0.3256   5.35
     3140       0.3250   5.34
     3141       0.3256   5.34
     3142       0.3257   5.35
     3143       0.3244   5.35
     3144       0.3263   5.35
     3145       0.3264   5.35
     3146       0.3246   5.35
     3147       0.3261   5.35
     3148       0.3263   5.35
     3149       0.3258   5.35
     3150       0.3262   5.35
     3151       0.3252   5.35
     3152       0.3228   5.35
     3153       0.3253   5.35
     3154       0.3264   5.35
     3155       0.3265   5.35
     3156       0.3273   5.35
     3157       0.3257   5.35
     3158       0.3254   5.35
     3159       0.3255   5.35
     3160       0.3255   5.35
     3161       0.3248   5.35
     3162       0.3254   5.35
     3163       0.3229   5.35
     3164       0.3268   5.35
     3165       0.3260   5.35
     3166       0.3252   5.35
     3167       0.3259   5.35
     3168       0.3260   5.35
     3169       0.3255   5.35
     3170       0.3257   5.35
     3171       0.3264   5.35
     3172       0.3256   5.35
     3173       0.3256   5.35
     3174       0.3256   5.35
     3175       0.3256   5.35
     3176       0.3370   5.35
     3177       0.3268   5.35
     3178       0.3249   5.35
     3179       0.3255   5.35
     3180       0.3233   5.35
     3181       0.3241   5.35
     3182       0.3253   5.35
     3183       0.3259   5.35
     3184       0.3241   5.34
     3185       0.3254   5.34
     3186       0.3242   5.35
     3187       0.3251   5.35
     3188       0.3251   5.35
     3189       0.3248   5.35
     3190       0.3252   5.35
     3191       0.3258   5.34
     3192       0.3260   5.35
     3193       0.3266   5.35
     3194       0.3267   5.35
     3195       0.3240   5.35
     3196       0.3258   5.35
     3197       0.3250   5.35
     3198       0.3249   5.35
     3199       0.3255   5.35
     3200       0.3259   5.35
     3201       0.3253   5.35
     3202       0.3264   5.35
     3203       0.3262   5.35
     3204       0.3257   5.35
     3205       0.3276   5.35
     3206       0.3277   5.35
     3207       0.3269   5.35
     3208       0.3266   5.35
     3209       0.3265   5.35
     3210       0.3253   5.35
     3211       0.3254   5.35
     3212       0.3257   5.35
     3213       0.3256   5.35
     3214       0.3263   5.35
     3215       0.3268   5.34
     3216       0.3233   5.34
     3217       0.3254   5.34
     3218       0.3265   5.35
     3219       0.3255   5.35
     3220       0.3249   5.34
     3221       0.3250   5.34
     3222       0.3261   5.34
     3223       0.3255   5.34
     3224       0.3247   5.35
     3225       0.3264   5.35
     3226       0.3261   5.35
     3227       0.3249   5.35
     3228       0.3254   5.35
     3229       0.3256   5.35
     3230       0.3249   5.35
     3231       0.3252   5.35
     3232       0.3264   5.35
     3233       0.3254   5.35
     3234       0.3261   5.35
     3235       0.3259   5.35
     3236       0.3258   5.35
     3237       0.3263   5.35
     3238       0.3264   5.35
     3239       0.3258   5.35
     3240       0.3257   5.35
     3241       0.3260   5.34
     3242       0.3263   5.35
     3243       0.3262   5.35
     3244       0.3262   5.35
     3245       0.3265   5.35
     3246       0.3265   5.35
     3247       0.3266   5.35
     3248       0.3261   5.35
     3249       0.3255   5.35
     3250       0.3250   5.34
     3251       0.3268   5.34
     3252       0.3265   5.34
     3253       0.3249   5.34
     3254       0.3259   5.34
     3255       0.3258   5.34
     3256       0.3245   5.35
     3257       0.3233   5.35
     3258       0.3254   5.34
     3259       0.3261   5.34
     3260       0.3253   5.34
     3261       0.3238   5.35
     3262       0.3247   5.35
     3263       0.3252   5.35
     3264       0.3253   5.35
     3265       0.3250   5.35
     3266       0.3262   5.35
     3267       0.3263   5.35
     3268       0.3265   5.35
     3269       0.3274   5.35
     3270       0.3274   5.35
     3271       0.3248   5.35
     3272       0.3253   5.35
     3273       0.3253   5.35
     3274       0.3242   5.35
     3275       0.3253   5.35
     3276       0.3250   5.35
     3277       0.3251   5.35
     3278       0.3254   5.35
     3279       0.3266   5.34
     3280       0.3271   5.34
     3281       0.3263   5.35
     3282       0.3242   5.35
     3283       0.3259   5.35
     3284       0.3261   5.35
     3285       0.3250   5.35
     3286       0.3266   5.35
     3287       0.3269   5.35
     3288       0.3253   5.35
     3289       0.3259   5.35
     3290       0.3269   5.35
     3291       0.3263   5.35
     3292       0.3273   5.35
     3293       0.3273   5.35
     3294       0.3251   5.35
     3295       0.3245   5.35
     3296       0.3253   5.35
     3297       0.3270   5.35
     3298       0.3265   5.35
     3299       0.3251   5.35
     3300       0.3257   5.35
     3301       0.3260   5.35
     3302       0.3252   5.35
     3303       0.3267   5.35
     3304       0.3277   5.35
     3305       0.3260   5.35
     3306       0.3267   5.35
     3307       0.3263   5.35
     3308       0.3236   5.34
     3309       0.3256   5.34
     3310       0.3246   5.34
     3311       0.3246   5.34
     3312       0.3244   5.34
     3313       0.3249   5.34
     3314       0.3244   5.34
     3315       0.3256   5.34
     3316       0.3257   5.34
     3317       0.3244   5.34
     3318       0.3254   5.34
     3319       0.3251   5.34
     3320       0.3251   5.34
     3321       0.3250   5.34
     3322       0.3249   5.35
     3323       0.3239   5.35
     3324       0.3251   5.35
     3325       0.3244   5.35
     3326       0.3273   5.35
     3327       0.3273   5.35
     3328       0.3268   5.35
     3329       0.3259   5.35
     3330       0.3255   5.35
     3331       0.3259   5.34
     3332       0.3244   5.34
     3333       0.3260   5.35
     3334       0.3255   5.35
     3335       0.3262   5.35
     3336       0.3264   5.35
     3337       0.3250   5.35
     3338       0.3257   5.35
     3339       0.3254   5.35
     3340       0.3248   5.35
     3341       0.3262   5.35
     3342       0.3258   5.35
     3343       0.3247   5.35
     3344       0.3252   5.35
     3345       0.3258   5.35
     3346       0.3252   5.35
     3347       0.3265   5.35
     3348       0.3268   5.35
     3349       0.3247   5.35
     3350       0.3249   5.35
     3351       0.3254   5.35
     3352       0.3258   5.35
     3353       0.3259   5.35
     3354       0.3253   5.35
     3355       0.3261   5.35
     3356       0.3253   5.35
     3357       0.3261   5.35
     3358       0.3261   5.35
     3359       0.3260   5.35
     3360       0.3254   5.35
     3361       0.3264   5.35
     3362       0.3264   5.35
     3363       0.3254   5.35
     3364       0.3264   5.35
     3365       0.3267   5.35
     3366       0.3256   5.35
     3367       0.3257   5.35
     3368       0.3262   5.35
     3369       0.3249   5.35
     3370       0.3267   5.35
     3371       0.3264   5.35
     3372       0.3253   5.35
     3373       0.3248   5.35
     3374       0.3261   5.35
     3375       0.3240   5.35
     3376       0.3264   5.35
     3377       0.3255   5.35
     3378       0.3260   5.35
     3379       0.3252   5.35
     3380       0.3247   5.35
     3381       0.3253   5.35
     3382       0.3258   5.34
     3383       0.3256   5.34
     3384       0.3267   5.34
     3385       0.3263   5.35
     3386       0.3235   5.35
     3387       0.3248   5.35
     3388       0.3261   5.34
     3389       0.3267   5.35
     3390       0.3262   5.35
     3391       0.3237   5.35
     3392       0.3244   5.35
     3393       0.3252   5.35
     3394       0.3247   5.35
     3395       0.3249   5.35
     3396       0.3259   5.35
     3397       0.3254   5.35
     3398       0.3250   5.35
     3399       0.3256   5.35
     3400       0.3264   5.35
     3401       0.3250   5.35
     3402       0.3268   5.35
     3403       0.3238   5.35
     3404       0.3265   5.35
     3405       0.3249   5.35
     3406       0.3233   5.35
     3407       0.3268   5.35
     3408       0.3271   5.35
     3409       0.3264   5.35
     3410       0.3260   5.35
     3411       0.3267   5.35
     3412       0.3255   5.35
     3413       0.3242   5.35
     3414       0.3256   5.34
     3415       0.3239   5.35
     3416       0.3244   5.35
     3417       0.3257   5.35
     3418       0.3253   5.35
     3419       0.3263   5.35
     3420       0.3261   5.35
     3421       0.3247   5.35
     3422       0.3249   5.35
     3423       0.3249   5.34
     3424       0.3251   5.35
     3425       0.3261   5.35
     3426       0.3260   5.35
     3427       0.3250   5.35
     3428       0.3253   5.35
     3429       0.3248   5.34
     3430       0.3254   5.34
     3431       0.3255   5.35
     3432       0.3244   5.35
     3433       0.3254   5.35
     3434       0.3258   5.35
     3435       0.3238   5.35
     3436       0.3261   5.35
     3437       0.3268   5.35
     3438       0.3258   5.35
     3439       0.3269   5.35
     3440       0.3269   5.35
     3441       0.3256   5.35
     3442       0.3267   5.35
     3443       0.3263   5.35
     3444       0.3255   5.35
     3445       0.3259   5.35
     3446       0.3261   5.35
     3447       0.3269   5.35
     3448       0.3274   5.35
     3449       0.3274   5.35
     3450       0.3265   5.35
     3451       0.3256   5.35
     3452       0.3255   5.34
     3453       0.3257   5.34
     3454       0.3261   5.34
     3455       0.3263   5.34
     3456       0.3261   5.35
     3457       0.3261   5.35
     3458       0.3244   5.34
     3459       0.3250   5.34
     3460       0.3252   5.34
     3461       0.3244   5.34
     3462       0.3257   5.34
     3463       0.3265   5.34
     3464       0.3261   5.34
     3465       0.3266   5.34
     3466       0.3252   5.34
     3467       0.3266   5.34
     3468       0.3254   5.34
     3469       0.3252   5.34
     3470       0.3251   5.34
     3471       0.3250   5.34
     3472       0.3248   5.34
     3473       0.3250   5.35
     3474       0.3257   5.35
     3475       0.3248   5.35
     3476       0.3246   5.34
     3477       0.3255   5.34
     3478       0.3252   5.34
     3479       0.3249   5.34
     3480       0.3244   5.34
     3481       0.3245   5.35
     3482       0.3337   5.35
     3483       0.3250   5.34
     3484       0.3249   5.35
     3485       0.3259   5.35
     3486       0.3258   5.35
     3487       0.3255   5.35
     3488       0.3258   5.35
     3489       0.3255   5.35
     3490       0.3244   5.35
     3491       0.3258   5.35
     3492       0.3259   5.35
     3493       0.3242   5.35
     3494       0.3261   5.35
     3495       0.3259   5.35
     3496       0.3256   5.35
     3497       0.3249   5.35
     3498       0.3256   5.35
     3499       0.3264   5.35
     3500       0.3261   5.35
     3501       0.3257   5.35
     3502       0.3267   5.35
     3503       0.3265   5.35
     3504       0.3262   5.35
     3505       0.3274   5.35
     3506       0.3266   5.35
     3507       0.3281   5.35
     3508       0.3262   5.35
     3509       0.3263   5.35
     3510       0.3244   5.35
     3511       0.3271   5.35
     3512       0.3257   5.35
     3513       0.3252   5.35
     3514       0.3266   5.35
     3515       0.3264   5.34
     3516       0.3257   5.34
     3517       0.3244   5.34
     3518       0.3250   5.34
     3519       0.3250   5.35
     3520       0.3261   5.35
     3521       0.3255   5.34
     3522       0.3250   5.34
     3523       0.3253   5.34
     3524       0.3251   5.35
     3525       0.3249   5.35
     3526       0.3237   5.35
     3527       0.3234   5.34
     3528       0.3242   5.34
     3529       0.3249   5.34
     3530       0.3267   5.35
     3531       0.3268   5.35
     3532       0.3266   5.35
     3533       0.3252   5.35
     3534       0.3264   5.35
     3535       0.3273   5.35
     3536       0.3257   5.35
     3537       0.3266   5.35
     3538       0.3257   5.35
     3539       0.3250   5.35
     3540       0.3257   5.35
     3541       0.3260   5.35
     3542       0.3266   5.35
     3543       0.3256   5.35
     3544       0.3258   5.35
     3545       0.3247   5.34
     3546       0.3252   5.34
     3547       0.3253   5.34
     3548       0.3246   5.34
     3549       0.3254   5.34
     3550       0.3244   5.34
     3551       0.3264   5.34
     3552       0.3264   5.34
     3553       0.3247   5.34
     3554       0.3250   5.34
     3555       0.3253   5.34
     3556       0.3256   5.34
     3557       0.3253   5.35
     3558       0.3250   5.35
     3559       0.3256   5.34
     3560       0.3253   5.35
     3561       0.3256   5.35
     3562       0.3248   5.34
     3563       0.3275   5.34
     3564       0.3273   5.34
     3565       0.3260   5.35
     3566       0.3256   5.35
     3567       0.3258   5.35
     3568       0.3256   5.35
     3569       0.3255   5.35
     3570       0.3256   5.34
     3571       0.3251   5.34
     3572       0.3256   5.34
     3573       0.3266   5.35
     3574       0.3263   5.35
     3575       0.3260   5.35
     3576       0.3258   5.35
     3577       0.3259   5.35
     3578       0.3258   5.35
     3579       0.3256   5.34
     3580       0.3248   5.34
     3581       0.3252   5.34
     3582       0.3253   5.34
     3583       0.3258   5.35
     3584       0.3258   5.35
     3585       0.3251   5.35
     3586       0.3244   5.35
     3587       0.3265   5.35
     3588       0.3247   5.35
     3589       0.3255   5.35
     3590       0.3255   5.35
     3591       0.3254   5.35
     3592       0.3258   5.35
     3593       0.3255   5.35
     3594       0.3240   5.35
     3595       0.3273   5.35
     3596       0.3272   5.35
     3597       0.3251   5.35
     3598       0.3265   5.35
     3599       0.3266   5.35
     3600       0.3256   5.35
     3601       0.3257   5.35
     3602       0.3251   5.34
     3603       0.3250   5.35
     3604       0.3254   5.35
     3605       0.3246   5.34
     3606       0.3248   5.35
     3607       0.3264   5.35
     3608       0.3264   5.34
     3609       0.3261   5.35
     3610       0.3257   5.35
     3611       0.3252   5.35
     3612       0.3250   5.34
     3613       0.3245   5.34
     3614       0.3255   5.35
     3615       0.3248   5.35
     3616       0.3264   5.35
     3617       0.3260   5.35
     3618       0.3252   5.35
     3619       0.3250   5.35
     3620       0.3250   5.34
     3621       0.3266   5.34
     3622       0.3260   5.35
     3623       0.3264   5.35
     3624       0.3259   5.35
     3625       0.3261   5.35
     3626       0.3258   5.35
     3627       0.3257   5.35
     3628       0.3251   5.35
     3629       0.3250   5.35
     3630       0.3260   5.35
     3631       0.3256   5.35
     3632       0.3251   5.35
     3633       0.3242   5.35
     3634       0.3251   5.35
     3635       0.3245   5.35
     3636       0.3247   5.35
     3637       0.3257   5.34
     3638       0.3254   5.35
     3639       0.3259   5.35
     3640       0.3252   5.35
     3641       0.3258   5.35
     3642       0.3264   5.35
     3643       0.3256   5.35
     3644       0.3242   5.35
     3645       0.3258   5.35
     3646       0.3245   5.35
     3647       0.3264   5.35
     3648       0.3264   5.35
     3649       0.3258   5.35
     3650       0.3263   5.35
     3651       0.3261   5.35
     3652       0.3259   5.35
     3653       0.3261   5.35
     3654       0.3265   5.34
     3655       0.3259   5.35
     3656       0.3266   5.35
     3657       0.3262   5.35
     3658       0.3257   5.35
     3659       0.3263   5.35
     3660       0.3263   5.35
     3661       0.3256   5.35
     3662       0.3254   5.35
     3663       0.3256   5.35
     3664       0.3266   5.35
     3665       0.3261   5.35
     3666       0.3259   5.35
     3667       0.3247   5.35
     3668       0.3255   5.35
     3669       0.3251   5.34
     3670       0.3274   5.34
     3671       0.3270   5.35
     3672       0.3268   5.35
     3673       0.3262   5.35
     3674       0.3257   5.35
     3675       0.3252   5.35
     3676       0.3255   5.35
     3677       0.3251   5.35
     3678       0.3231   5.35
     3679       0.3250   5.35
     3680       0.3254   5.34
     3681       0.3240   5.35
     3682       0.3259   5.35
     3683       0.3267   5.35
     3684       0.3269   5.35
     3685       0.3262   5.35
     3686       0.3258   5.35
     3687       0.3249   5.35
     3688       0.3267   5.35
     3689       0.3266   5.35
     3690       0.3253   5.35
     3691       0.3258   5.35
     3692       0.3261   5.35
     3693       0.3248   5.35
     3694       0.3257   5.35
     3695       0.3258   5.35
     3696       0.3253   5.35
     3697       0.3256   5.35
     3698       0.3251   5.35
     3699       0.3257   5.35
     3700       0.3257   5.35
     3701       0.3250   5.35
     3702       0.3237   5.35
     3703       0.3258   5.35
     3704       0.3252   5.35
     3705       0.3245   5.35
     3706       0.3257   5.35
     3707       0.3266   5.35
     3708       0.3265   5.35
     3709       0.3259   5.35
     3710       0.3246   5.35
     3711       0.3261   5.35
     3712       0.3260   5.35
     3713       0.3233   5.35
     3714       0.3259   5.35
     3715       0.3267   5.35
     3716       0.3250   5.35
     3717       0.3264   5.35
     3718       0.3255   5.35
     3719       0.3257   5.35
     3720       0.3260   5.35
     3721       0.3249   5.35
     3722       0.3266   5.35
     3723       0.3257   5.35
     3724       0.3249   5.35
     3725       0.3271   5.35
     3726       0.3267   5.35
     3727       0.3240   5.35
     3728       0.3249   5.35
     3729       0.3253   5.35
     3730       0.3250   5.35
     3731       0.3266   5.35
     3732       0.3267   5.35
     3733       0.3250   5.35
     3734       0.3268   5.35
     3735       0.3255   5.35
     3736       0.3253   5.35
     3737       0.3267   5.35
     3738       0.3263   5.35
     3739       0.3243   5.35
     3740       0.3256   5.35
     3741       0.3258   5.35
     3742       0.3259   5.35
     3743       0.3251   5.35
     3744       0.3253   5.35
     3745       0.3269   5.35
     3746       0.3268   5.35
     3747       0.3241   5.35
     3748       0.3261   5.35
     3749       0.3257   5.35
     3750       0.3247   5.35
     3751       0.3254   5.35
     3752       0.3261   5.35
     3753       0.3255   5.35
     3754       0.3259   5.35
     3755       0.3260   5.35
     3756       0.3265   5.35
     3757       0.3260   5.35
     3758       0.3267   5.35
     3759       0.3270   5.35
     3760       0.3266   5.35
     3761       0.3257   5.35
     3762       0.3247   5.35
     3763       0.3256   5.35
     3764       0.3262   5.35
     3765       0.3262   5.35
     3766       0.3249   5.35
     3767       0.3255   5.35
     3768       0.3252   5.35
     3769       0.3256   5.35
     3770       0.3264   5.35
     3771       0.3254   5.35
     3772       0.3245   5.35
     3773       0.3254   5.35
     3774       0.3245   5.35
     3775       0.3254   5.35
     3776       0.3251   5.35
     3777       0.3282   5.35
     3778       0.3269   5.35
     3779       0.3251   5.35
     3780       0.3258   5.35
     3781       0.3254   5.35
     3782       0.3249   5.35
     3783       0.3279   5.35
     3784       0.3267   5.34
     3785       0.3257   5.34
     3786       0.3264   5.34
     3787       0.3271   5.35
     3788       0.3240   5.35
     3789       0.3239   5.35
     3790       0.3252   5.35
     3791       0.3228   5.35
     3792       0.3253   5.35
     3793       0.3267   5.35
     3794       0.3259   5.35
     3795       0.3259   5.35
     3796       0.3263   5.35
     3797       0.3245   5.34
     3798       0.3245   5.34
     3799       0.3259   5.35
     3800       0.3262   5.35
     3801       0.3255   5.35
     3802       0.3255   5.35
     3803       0.3259   5.35
     3804       0.3240   5.35
     3805       0.3245   5.35
     3806       0.3260   5.35
     3807       0.3258   5.35
     3808       0.3243   5.35
     3809       0.3261   5.35
     3810       0.3258   5.35
     3811       0.3250   5.35
     3812       0.3259   5.35
     3813       0.3256   5.35
     3814       0.3231   5.35
     3815       0.3263   5.35
     3816       0.3260   5.34
     3817       0.3257   5.35
     3818       0.3255   5.35
     3819       0.3251   5.34
     3820       0.3247   5.35
     3821       0.3255   5.35
     3822       0.3257   5.34
     3823       0.3242   5.35
     3824       0.3258   5.35
     3825       0.3264   5.35
     3826       0.3257   5.35
     3827       0.3268   5.35
     3828       0.3269   5.35
     3829       0.3257   5.35
     3830       0.3249   5.35
     3831       0.3252   5.35
     3832       0.3268   5.35
     3833       0.3265   5.35
     3834       0.3250   5.35
     3835       0.3257   5.35
     3836       0.3244   5.35
     3837       0.3257   5.35
     3838       0.3264   5.35
     3839       0.3268   5.35
     3840       0.3259   5.35
     3841       0.3262   5.35
     3842       0.3263   5.35
     3843       0.3254   5.35
     3844       0.3259   5.35
     3845       0.3265   5.35
     3846       0.3248   5.35
     3847       0.3262   5.35
     3848       0.3258   5.35
     3849       0.3255   5.35
     3850       0.3257   5.35
     3851       0.3257   5.35
     3852       0.3250   5.35
     3853       0.3259   5.35
     3854       0.3252   5.35
     3855       0.3253   5.35
     3856       0.3255   5.34
     3857       0.3236   5.34
     3858       0.3259   5.34
     3859       0.3267   5.35
     3860       0.3264   5.35
     3861       0.3264   5.35
     3862       0.3262   5.35
     3863       0.3243   5.35
     3864       0.3247   5.35
     3865       0.3257   5.35
     3866       0.3261   5.35
     3867       0.3264   5.35
     3868       0.3252   5.35
     3869       0.3249   5.35
     3870       0.3242   5.35
     3871       0.3256   5.35
     3872       0.3252   5.35
     3873       0.3262   5.35
     3874       0.3251   5.35
     3875       0.3260   5.35
     3876       0.3264   5.35
     3877       0.3264   5.35
     3878       0.3246   5.35
     3879       0.3260   5.35
     3880       0.3253   5.35
     3881       0.3259   5.35
     3882       0.3256   5.35
     3883       0.3255   5.35
     3884       0.3250   5.35
     3885       0.3255   5.35
     3886       0.3253   5.35
     3887       0.3265   5.35
     3888       0.3263   5.35
     3889       0.3257   5.35
     3890       0.3252   5.35
     3891       0.3261   5.35
     3892       0.3256   5.35
     3893       0.3270   5.35
     3894       0.3268   5.35
     3895       0.3262   5.35
     3896       0.3268   5.35
     3897       0.3268   5.35
     3898       0.3263   5.35
     3899       0.3260   5.35
     3900       0.3259   5.35
     3901       0.3272   5.35
     3902       0.3267   5.35
     3903       0.3264   5.35
     3904       0.3252   5.35
     3905       0.3266   5.35
     3906       0.3257   5.35
     3907       0.3259   5.35
     3908       0.3263   5.35
     3909       0.3239   5.35
     3910       0.3260   5.35
     3911       0.3259   5.35
     3912       0.3255   5.35
     3913       0.3263   5.35
     3914       0.3261   5.35
     3915       0.3248   5.35
     3916       0.3256   5.35
     3917       0.3257   5.35
     3918       0.3235   5.35
     3919       0.3257   5.35
     3920       0.3259   5.35
     3921       0.3243   5.35
     3922       0.3255   5.35
     3923       0.3256   5.35
     3924       0.3259   5.35
     3925       0.3260   5.35
     3926       0.3257   5.35
     3927       0.3256   5.34
     3928       0.3258   5.34
     3929       0.3258   5.35
     3930       0.3258   5.35
     3931       0.3271   5.35
     3932       0.3265   5.35
     3933       0.3243   5.35
     3934       0.3255   5.35
     3935       0.3248   5.35
     3936       0.3265   5.35
     3937       0.3252   5.34
     3938       0.3243   5.34
     3939       0.3257   5.34
     3940       0.3259   5.35
     3941       0.3255   5.35
     3942       0.3256   5.35
     3943       0.3261   5.35
     3944       0.3259   5.35
     3945       0.3262   5.35
     3946       0.3258   5.35
     3947       0.3245   5.35
     3948       0.3254   5.35
     3949       0.3253   5.34
     3950       0.3244   5.34
     3951       0.3254   5.34
     3952       0.3269   5.35
     3953       0.3267   5.35
     3954       0.3268   5.35
     3955       0.3261   5.35
     3956       0.3238   5.35
     3957       0.3253   5.35
     3958       0.3269   5.35
     3959       0.3265   5.35
     3960       0.3262   5.35
     3961       0.3248   5.35
     3962       0.3264   5.35
     3963       0.3254   5.35
     3964       0.3249   5.35
     3965       0.3260   5.35
     3966       0.3257   5.35
     3967       0.3236   5.35
     3968       0.3254   5.35
     3969       0.3253   5.35
     3970       0.3260   5.35
     3971       0.3242   5.35
     3972       0.3253   5.35
     3973       0.3246   5.35
     3974       0.3247   5.35
     3975       0.3260   5.34
     3976       0.3253   5.35
     3977       0.3254   5.35
     3978       0.3264   5.35
     3979       0.3248   5.35
     3980       0.3257   5.35
     3981       0.3261   5.35
     3982       0.3252   5.35
     3983       0.3263   5.35
     3984       0.3262   5.35
     3985       0.3262   5.35
     3986       0.3267   5.35
     3987       0.3261   5.35
     3988       0.3262   5.35
     3989       0.3261   5.35
     3990       0.3258   5.35
     3991       0.3256   5.35
     3992       0.3258   5.35
     3993       0.3252   5.35
     3994       0.3260   5.35
     3995       0.3260   5.35
     3996       0.3238   5.35
     3997       0.3265   5.35
     3998       0.3269   5.35
     3999       0.3262   5.35
     4000       0.3260   5.35
     4001       0.3261   5.35
     4002       0.3246   5.35
     4003       0.3254   5.35
     4004       0.3252   5.35
     4005       0.3240   5.35
     4006       0.3251   5.35
     4007       0.3250   5.35
     4008       0.3249   5.34
     4009       0.3251   5.34
     4010       0.3252   5.35
     4011       0.3254   5.35
     4012       0.3261   5.35
     4013       0.3262   5.35
     4014       0.3264   5.35
     4015       0.3259   5.35
     4016       0.3267   5.35
     4017       0.3266   5.35
     4018       0.3261   5.35
     4019       0.3239   5.35
     4020       0.3253   5.35
     4021       0.3256   5.35
     4022       0.3252   5.35
     4023       0.3252   5.35
     4024       0.3246   5.35
     4025       0.3264   5.35
     4026       0.3255   5.35
     4027       0.3260   5.35
     4028       0.3257   5.35
     4029       0.3258   5.35
     4030       0.3261   5.35
     4031       0.3258   5.35
     4032       0.3262   5.35
     4033       0.3258   5.35
     4034       0.3236   5.35
     4035       0.3250   5.35
     4036       0.3242   5.35
     4037       0.3234   5.35
     4038       0.3261   5.35
     4039       0.3250   5.35
     4040       0.3259   5.35
     4041       0.3260   5.35
     4042       0.3253   5.35
     4043       0.3257   5.35
     4044       0.3254   5.35
     4045       0.3247   5.35
     4046       0.3237   5.35
     4047       0.3255   5.35
     4048       0.3250   5.35
     4049       0.3252   5.35
     4050       0.3259   5.35
     4051       0.3264   5.35
     4052       0.3262   5.35
     4053       0.3261   5.35
     4054       0.3243   5.35
     4055       0.3261   5.35
     4056       0.3253   5.35
     4057       0.3261   5.35
     4058       0.3259   5.35
     4059       0.3243   5.35
     4060       0.3256   5.35
     4061       0.3254   5.35
     4062       0.3272   5.35
     4063       0.3255   5.35
     4064       0.3260   5.35
     4065       0.3247   5.35
     4066       0.3275   5.35
     4067       0.3272   5.35
     4068       0.3255   5.35
     4069       0.3256   5.35
     4070       0.3261   5.35
     4071       0.3246   5.35
     4072       0.3261   5.35
     4073       0.3256   5.35
     4074       0.3243   5.35
     4075       0.3262   5.35
     4076       0.3260   5.35
     4077       0.3250   5.35
     4078       0.3266   5.35
     4079       0.3263   5.35
     4080       0.3265   5.35
     4081       0.3263   5.35
     4082       0.3253   5.35
     4083       0.3243   5.35
     4084       0.3258   5.35
     4085       0.3267   5.35
     4086       0.3260   5.35
     4087       0.3258   5.35
     4088       0.3260   5.35
     4089       0.3240   5.35
     4090       0.3250   5.35
     4091       0.3253   5.35
     4092       0.3261   5.35
     4093       0.3262   5.35
     4094       0.3249   5.35
     4095       0.3252   5.35
     4096       0.3253   5.35
     4097       0.3255   5.35
     4098       0.3261   5.35
     4099       0.3257   5.35
     4100       0.3244   5.35
     4101       0.3247   5.35
     4102       0.3250   5.35
     4103       0.3236   5.35
     4104       0.3264   5.35
     4105       0.3267   5.35
     4106       0.3241   5.34
     4107       0.3268   5.34
     4108       0.3263   5.35
     4109       0.3243   5.35
     4110       0.3262   5.35
     4111       0.3262   5.35
     4112       0.3263   5.35
     4113       0.3261   5.35
     4114       0.3251   5.35
     4115       0.3250   5.34
     4116       0.3254   5.34
     4117       0.3243   5.35
     4118       0.3256   5.35
     4119       0.3336   5.35
     4120       0.3255   5.35
     4121       0.3251   5.35
     4122       0.3239   5.35
     4123       0.3254   5.35
     4124       0.3246   5.35
     4125       0.3258   5.35
     4126       0.3249   5.35
     4127       0.3262   5.35
     4128       0.3248   5.35
     4129       0.3255   5.35
     4130       0.3254   5.35
     4131       0.3252   5.35
     4132       0.3260   5.35
     4133       0.3252   5.35
     4134       0.3258   5.35
     4135       0.3253   5.35
     4136       0.3262   5.35
     4137       0.3246   5.35
     4138       0.3241   5.35
     4139       0.3253   5.35
     4140       0.3261   5.35
     4141       0.3261   5.35
     4142       0.3262   5.35
     4143       0.3249   5.35
     4144       0.3260   5.35
     4145       0.3261   5.35
     4146       0.3249   5.35
     4147       0.3263   5.35
     4148       0.3262   5.35
     4149       0.3250   5.35
     4150       0.3276   5.35
     4151       0.3273   5.35
     4152       0.3252   5.35
     4153       0.3252   5.35
     4154       0.3248   5.35
     4155       0.3250   5.35
     4156       0.3247   5.35
     4157       0.3258   5.35
     4158       0.3252   5.35
     4159       0.3255   5.35
     4160       0.3257   5.35
     4161       0.3240   5.35
     4162       0.3256   5.35
     4163       0.3258   5.35
     4164       0.3269   5.35
     4165       0.3260   5.35
     4166       0.3262   5.35
     4167       0.3258   5.35
     4168       0.3268   5.35
     4169       0.3259   5.35
     4170       0.3246   5.35
     4171       0.3264   5.35
     4172       0.3255   5.35
     4173       0.3260   5.35
     4174       0.3259   5.35
     4175       0.3250   5.35
     4176       0.3274   5.35
     4177       0.3275   5.35
     4178       0.3258   5.35
     4179       0.3257   5.35
     4180       0.3254   5.35
     4181       0.3254   5.35
     4182       0.3273   5.35
     4183       0.3277   5.35
     4184       0.3256   5.35
     4185       0.3260   5.35
     4186       0.3249   5.35
     4187       0.3255   5.35
     4188       0.3260   5.35
     4189       0.3262   5.35
     4190       0.3255   5.35
     4191       0.3271   5.35
     4192       0.3271   5.35
     4193       0.3247   5.35
     4194       0.3255   5.35
     4195       0.3258   5.35
     4196       0.3255   5.35
     4197       0.3259   5.35
     4198       0.3255   5.35
     4199       0.3253   5.35
     4200       0.3252   5.35
     4201       0.3245   5.34
     4202       0.3255   5.34
     4203       0.3264   5.35
     4204       0.3262   5.35
     4205       0.3260   5.35
     4206       0.3257   5.35
     4207       0.3258   5.35
     4208       0.3241   5.35
     4209       0.3255   5.35
     4210       0.3233   5.35
     4211       0.3254   5.35
     4212       0.3262   5.35
     4213       0.3261   5.35
     4214       0.3272   5.35
     4215       0.3254   5.35
     4216       0.3243   5.35
     4217       0.3258   5.35
     4218       0.3257   5.35
     4219       0.3257   5.35
     4220       0.3277   5.35
     4221       0.3266   5.34
     4222       0.3260   5.34
     4223       0.3260   5.34
     4224       0.3247   5.35
     4225       0.3243   5.35
     4226       0.3245   5.35
     4227       0.3242   5.35
     4228       0.3256   5.35
     4229       0.3251   5.34
     4230       0.3249   5.35
     4231       0.3254   5.35
     4232       0.3252   5.35
     4233       0.3245   5.35
     4234       0.3253   5.35
     4235       0.3251   5.35
     4236       0.3260   5.35
     4237       0.3271   5.35
     4238       0.3263   5.35
     4239       0.3245   5.35
     4240       0.3258   5.35
     4241       0.3265   5.35
     4242       0.3269   5.34
     4243       0.3269   5.34
     4244       0.3267   5.34
     4245       0.3245   5.34
     4246       0.3255   5.34
     4247       0.3257   5.34
     4248       0.3247   5.35
     4249       0.3252   5.35
     4250       0.3241   5.35
     4251       0.3252   5.35
     4252       0.3256   5.35
     4253       0.3256   5.35
     4254       0.3232   5.35
     4255       0.3251   5.35
     4256       0.3256   5.35
     4257       0.3257   5.35
     4258       0.3256   5.35
     4259       0.3244   5.35
     4260       0.3256   5.35
     4261       0.3255   5.35
     4262       0.3257   5.35
     4263       0.3256   5.35
     4264       0.3260   5.35
     4265       0.3244   5.35
     4266       0.3246   5.35
     4267       0.3262   5.35
     4268       0.3250   5.35
     4269       0.3256   5.35
     4270       0.3265   5.35
     4271       0.3268   5.35
     4272       0.3271   5.35
     4273       0.3270   5.35
     4274       0.3250   5.35
     4275       0.3255   5.35
     4276       0.3260   5.35
     4277       0.3266   5.35
     4278       0.3255   5.35
     4279       0.3234   5.35
     4280       0.3261   5.35
     4281       0.3247   5.35
     4282       0.3259   5.35
     4283       0.3259   5.35
     4284       0.3264   5.35
     4285       0.3256   5.35
     4286       0.3258   5.35
     4287       0.3255   5.35
     4288       0.3241   5.35
     4289       0.3264   5.35
     4290       0.3259   5.35
     4291       0.3242   5.35
     4292       0.3253   5.35
     4293       0.3269   5.34
     4294       0.3255   5.35
     4295       0.3267   5.35
     4296       0.3254   5.35
     4297       0.3246   5.35
     4298       0.3258   5.35
     4299       0.3257   5.35
     4300       0.3241   5.35
     4301       0.3259   5.35
     4302       0.3249   5.35
     4303       0.3261   5.35
     4304       0.3252   5.35
     4305       0.3251   5.35
     4306       0.3264   5.35
     4307       0.3262   5.35
     4308       0.3257   5.35
     4309       0.3258   5.35
     4310       0.3254   5.35
     4311       0.3248   5.35
     4312       0.3263   5.35
     4313       0.3264   5.35
     4314       0.3265   5.35
     4315       0.3268   5.35
     4316       0.3266   5.35
     4317       0.3264   5.35
     4318       0.3275   5.35
     4319       0.3268   5.35
     4320       0.3261   5.35
     4321       0.3260   5.35
     4322       0.3256   5.35
     4323       0.3244   5.35
     4324       0.3266   5.35
     4325       0.3261   5.35
     4326       0.3250   5.35
     4327       0.3259   5.35
     4328       0.3260   5.35
     4329       0.3270   5.35
     4330       0.3277   5.35
     4331       0.3272   5.35
     4332       0.3273   5.35
     4333       0.3268   5.35
     4334       0.3253   5.34
     4335       0.3249   5.34
     4336       0.3251   5.34
     4337       0.3253   5.34
     4338       0.3247   5.34
     4339       0.3248   5.34
     4340       0.3254   5.34
     4341       0.3256   5.34
     4342       0.3238   5.34
     4343       0.3250   5.35
     4344       0.3258   5.35
     4345       0.3262   5.34
     4346       0.3243   5.34
     4347       0.3242   5.34
     4348       0.3259   5.35
     4349       0.3246   5.34
     4350       0.3269   5.34
     4351       0.3266   5.35
     4352       0.3255   5.35
     4353       0.3257   5.35
     4354       0.3247   5.35
     4355       0.3256   5.35
     4356       0.3254   5.35
     4357       0.3229   5.35
     4358       0.3260   5.35
     4359       0.3255   5.35
     4360       0.3231   5.34
     4361       0.3249   5.34
     4362       0.3258   5.35
     4363       0.3263   5.35
     4364       0.3255   5.35
     4365       0.3256   5.35
     4366       0.3255   5.35
     4367       0.3267   5.35
     4368       0.3262   5.35
     4369       0.3247   5.35
     4370       0.3243   5.35
     4371       0.3244   5.35
     4372       0.3253   5.35
     4373       0.3254   5.35
     4374       0.3257   5.35
     4375       0.3246   5.35
     4376       0.3253   5.35
     4377       0.3258   5.35
     4378       0.3264   5.35
     4379       0.3269   5.35
     4380       0.3269   5.35
     4381       0.3248   5.35
     4382       0.3255   5.35
     4383       0.3261   5.35
     4384       0.3258   5.35
     4385       0.3253   5.35
     4386       0.3250   5.35
     4387       0.3264   5.35
     4388       0.3255   5.35
     4389       0.3246   5.34
     4390       0.3256   5.34
     4391       0.3250   5.34
     4392       0.3253   5.35
     4393       0.3257   5.35
     4394       0.3259   5.35
     4395       0.3237   5.35
     4396       0.3252   5.35
     4397       0.3261   5.35
     4398       0.3258   5.35
     4399       0.3259   5.35
     4400       0.3263   5.35
     4401       0.3255   5.35
     4402       0.3254   5.35
     4403       0.3257   5.35
     4404       0.3252   5.35
     4405       0.3259   5.35
     4406       0.3260   5.35
     4407       0.3254   5.35
     4408       0.3257   5.35
     4409       0.3257   5.35
     4410       0.3262   5.35
     4411       0.3260   5.35
     4412       0.3254   5.35
     4413       0.3261   5.35
     4414       0.3257   5.35
     4415       0.3257   5.35
     4416       0.3263   5.35
     4417       0.3255   5.35
     4418       0.3239   5.35
     4419       0.3250   5.35
     4420       0.3253   5.35
     4421       0.3253   5.35
     4422       0.3270   5.35
     4423       0.3255   5.35
     4424       0.3254   5.35
     4425       0.3267   5.35
     4426       0.3363   5.35
     4427       0.3266   5.35
     4428       0.3265   5.35
     4429       0.3258   5.35
     4430       0.3258   5.35
     4431       0.3259   5.35
     4432       0.3257   5.35
     4433       0.3246   5.35
     4434       0.3257   5.35
     4435       0.3244   5.35
     4436       0.3247   5.35
     4437       0.3259   5.35
     4438       0.3246   5.35
     4439       0.3256   5.35
     4440       0.3257   5.35
     4441       0.3256   5.35
     4442       0.3262   5.35
     4443       0.3261   5.35
     4444       0.3247   5.35
     4445       0.3266   5.35
     4446       0.3264   5.34
     4447       0.3238   5.35
     4448       0.3257   5.35
     4449       0.3256   5.35
     4450       0.3246   5.35
     4451       0.3248   5.35
     4452       0.3256   5.35
     4453       0.3253   5.35
     4454       0.3263   5.35
     4455       0.3257   5.35
     4456       0.3257   5.35
     4457       0.3246   5.35
     4458       0.3240   5.35
     4459       0.3248   5.34
     4460       0.3259   5.34
     4461       0.3266   5.35
     4462       0.3251   5.35
     4463       0.3258   5.35
     4464       0.3256   5.35
     4465       0.3268   5.35
     4466       0.3262   5.35
     4467       0.3248   5.35
     4468       0.3251   5.35
     4469       0.3259   5.35
     4470       0.3251   5.35
     4471       0.3251   5.35
     4472       0.3257   5.35
     4473       0.3257   5.35
     4474       0.3261   5.35
     4475       0.3245   5.35
     4476       0.3253   5.35
     4477       0.3255   5.35
     4478       0.3252   5.35
     4479       0.3249   5.35
     4480       0.3269   5.35
     4481       0.3267   5.35
     4482       0.3257   5.35
     4483       0.3262   5.35
     4484       0.3257   5.35
     4485       0.3248   5.35
     4486       0.3257   5.35
     4487       0.3256   5.35
     4488       0.3253   5.35
     4489       0.3249   5.35
     4490       0.3252   5.35
     4491       0.3274   5.35
     4492       0.3261   5.35
     4493       0.3250   5.35
     4494       0.3259   5.35
     4495       0.3254   5.35
     4496       0.3246   5.35
     4497       0.3260   5.35
     4498       0.3269   5.35
     4499       0.3275   5.35
     4500       0.3264   5.35
     4501       0.3263   5.35
     4502       0.3244   5.35
     4503       0.3257   5.35
     4504       0.3251   5.34
     4505       0.3247   5.35
     4506       0.3259   5.35
     4507       0.3258   5.35
     4508       0.3265   5.35
     4509       0.3259   5.35
     4510       0.3247   5.35
     4511       0.3272   5.35
     4512       0.3268   5.35
     4513       0.3247   5.35
     4514       0.3265   5.35
     4515       0.3261   5.35
     4516       0.3245   5.35
     4517       0.3268   5.35
     4518       0.3258   5.34
     4519       0.3248   5.34
     4520       0.3252   5.34
     4521       0.3251   5.35
     4522       0.3256   5.35
     4523       0.3264   5.35
     4524       0.3268   5.35
     4525       0.3264   5.35
     4526       0.3262   5.35
     4527       0.3249   5.35
     4528       0.3228   5.35
     4529       0.3260   5.35
     4530       0.3241   5.34
     4531       0.3250   5.35
     4532       0.3269   5.35
     4533       0.3263   5.35
     4534       0.3253   5.35
     4535       0.3260   5.35
     4536       0.3262   5.35
     4537       0.3273   5.35
     4538       0.3268   5.35
     4539       0.3263   5.35
     4540       0.3251   5.34
     4541       0.3261   5.34
     4542       0.3252   5.34
     4543       0.3243   5.34
     4544       0.3255   5.34
     4545       0.3250   5.35
     4546       0.3263   5.35
     4547       0.3268   5.35
     4548       0.3255   5.35
     4549       0.3262   5.35
     4550       0.3254   5.34
     4551       0.3245   5.35
     4552       0.3260   5.35
     4553       0.3253   5.34
     4554       0.3256   5.34
     4555       0.3272   5.34
     4556       0.3270   5.34
     4557       0.3251   5.34
     4558       0.3266   5.34
     4559       0.3267   5.35
     4560       0.3244   5.35
     4561       0.3265   5.35
     4562       0.3267   5.34
     4563       0.3260   5.35
     4564       0.3253   5.35
     4565       0.3245   5.34
     4566       0.3228   5.34
     4567       0.3248   5.34
     4568       0.3247   5.35
     4569       0.3245   5.35
     4570       0.3243   5.35
     4571       0.3243   5.35
     4572       0.3268   5.35
     4573       0.3271   5.35
     4574       0.3268   5.35
     4575       0.3262   5.35
     4576       0.3259   5.35
     4577       0.3249   5.35
     4578       0.3270   5.35
     4579       0.3258   5.35
     4580       0.3241   5.35
     4581       0.3254   5.35
     4582       0.3258   5.35
     4583       0.3243   5.35
     4584       0.3262   5.35
     4585       0.3254   5.35
     4586       0.3262   5.35
     4587       0.3261   5.35
     4588       0.3259   5.35
     4589       0.3249   5.35
     4590       0.3268   5.35
     4591       0.3255   5.35
     4592       0.3235   5.35
     4593       0.3253   5.35
     4594       0.3246   5.35
     4595       0.3250   5.35
     4596       0.3260   5.35
     4597       0.3254   5.35
     4598       0.3265   5.35
     4599       0.3266   5.35
     4600       0.3260   5.35
     4601       0.3261   5.35
     4602       0.3251   5.35
     4603       0.3239   5.35
     4604       0.3244   5.35
     4605       0.3245   5.34
     4606       0.3251   5.35
     4607       0.3248   5.35
     4608       0.3252   5.35
     4609       0.3248   5.35
     4610       0.3257   5.35
     4611       0.3267   5.35
     4612       0.3274   5.35
     4613       0.3262   5.35
     4614       0.3247   5.35
     4615       0.3254   5.35
     4616       0.3263   5.35
     4617       0.3276   5.35
     4618       0.3252   5.35
     4619       0.3265   5.35
     4620       0.3250   5.35
     4621       0.3255   5.35
     4622       0.3262   5.35
     4623       0.3254   5.35
     4624       0.3254   5.35
     4625       0.3251   5.35
     4626       0.3251   5.35
     4627       0.3252   5.35
     4628       0.3255   5.35
     4629       0.3244   5.35
     4630       0.3265   5.35
     4631       0.3258   5.35
     4632       0.3248   5.35
     4633       0.3269   5.35
     4634       0.3269   5.35
     4635       0.3253   5.35
     4636       0.3264   5.35
     4637       0.3271   5.35
     4638       0.3252   5.35
     4639       0.3256   5.35
     4640       0.3254   5.35
     4641       0.3249   5.35
     4642       0.3249   5.35
     4643       0.3262   5.35
     4644       0.3258   5.35
     4645       0.3260   5.35
     4646       0.3255   5.35
     4647       0.3253   5.35
     4648       0.3267   5.35
     4649       0.3266   5.35
     4650       0.3252   5.35
     4651       0.3251   5.35
     4652       0.3262   5.35
     4653       0.3257   5.35
     4654       0.3254   5.35
     4655       0.3261   5.35
     4656       0.3268   5.35
     4657       0.3258   5.35
     4658       0.3233   5.35
     4659       0.3254   5.35
     4660       0.3253   5.35
     4661       0.3255   5.35
     4662       0.3253   5.35
     4663       0.3314   5.35
     4664       0.3251   5.35
     4665       0.3247   5.35
     4666       0.3248   5.35
     4667       0.3262   5.35
     4668       0.3260   5.35
     4669       0.3256   5.35
     4670       0.3253   5.35
     4671       0.3265   5.35
     4672       0.3259   5.35
     4673       0.3243   5.35
     4674       0.3256   5.35
     4675       0.3263   5.35
     4676       0.3256   5.35
     4677       0.3261   5.35
     4678       0.3237   5.35
     4679       0.3244   5.35
     4680       0.3239   5.35
     4681       0.3230   5.35
     4682       0.3254   5.35
     4683       0.3254   5.35
     4684       0.3243   5.35
     4685       0.3257   5.35
     4686       0.3258   5.35
     4687       0.3259   5.35
     4688       0.3259   5.35
     4689       0.3256   5.35
     4690       0.3261   5.35
     4691       0.3268   5.35
     4692       0.3264   5.35
     4693       0.3250   5.35
     4694       0.3258   5.35
     4695       0.3261   5.35
     4696       0.3243   5.35
     4697       0.3259   5.35
     4698       0.3263   5.35
     4699       0.3270   5.35
     4700       0.3261   5.35
     4701       0.3252   5.35
     4702       0.3259   5.35
     4703       0.3266   5.35
     4704       0.3261   5.35
     4705       0.3253   5.35
     4706       0.3249   5.35
     4707       0.3245   5.35
     4708       0.3242   5.35
     4709       0.3247   5.35
     4710       0.3244   5.35
     4711       0.3256   5.35
     4712       0.3262   5.35
     4713       0.3254   5.35
     4714       0.3262   5.35
     4715       0.3264   5.35
     4716       0.3252   5.35
     4717       0.3262   5.35
     4718       0.3260   5.35
     4719       0.3251   5.35
     4720       0.3248   5.35
     4721       0.3255   5.35
     4722       0.3241   5.35
     4723       0.3264   5.35
     4724       0.3268   5.35
     4725       0.3253   5.35
     4726       0.3265   5.35
     4727       0.3262   5.35
     4728       0.3271   5.35
     4729       0.3265   5.35
     4730       0.3256   5.35
     4731       0.3258   5.35
     4732       0.3253   5.35
     4733       0.3249   5.35
     4734       0.3269   5.35
     4735       0.3270   5.35
     4736       0.3261   5.35
     4737       0.3258   5.35
     4738       0.3261   5.35
     4739       0.3255   5.35
     4740       0.3259   5.35
     4741       0.3262   5.35
     4742       0.3259   5.35
     4743       0.3269   5.35
     4744       0.3265   5.35
     4745       0.3246   5.35
     4746       0.3257   5.35
     4747       0.3268   5.35
     4748       0.3260   5.35
     4749       0.3260   5.35
     4750       0.3246   5.35
     4751       0.3248   5.35
     4752       0.3257   5.35
     4753       0.3250   5.35
     4754       0.3274   5.34
     4755       0.3273   5.34
     4756       0.3265   5.35
     4757       0.3259   5.35
     4758       0.3348   5.35
     4759       0.3240   5.35
     4760       0.3255   5.35
     4761       0.3255   5.35
     4762       0.3240   5.35
     4763       0.3259   5.35
     4764       0.3250   5.34
     4765       0.3247   5.35
     4766       0.3250   5.35
     4767       0.3251   5.35
     4768       0.3248   5.35
     4769       0.3260   5.35
     4770       0.3257   5.35
     4771       0.3253   5.35
     4772       0.3250   5.35
     4773       0.3257   5.35
     4774       0.3249   5.35
     4775       0.3257   5.35
     4776       0.3258   5.35
     4777       0.3235   5.35
     4778       0.3262   5.35
     4779       0.3266   5.35
     4780       0.3255   5.35
     4781       0.3271   5.35
     4782       0.3267   5.35
     4783       0.3251   5.35
     4784       0.3250   5.35
     4785       0.3254   5.35
     4786       0.3256   5.35
     4787       0.3270   5.35
     4788       0.3268   5.35
     4789       0.3277   5.35
     4790       0.3259   5.35
     4791       0.3240   5.35
     4792       0.3236   5.35
     4793       0.3252   5.35
     4794       0.3259   5.34
     4795       0.3255   5.34
     4796       0.3248   5.35
     4797       0.3260   5.35
     4798       0.3264   5.35
     4799       0.3266   5.35
     4800       0.3259   5.35
     4801       0.3264   5.35
     4802       0.3274   5.35
     4803       0.3242   5.35
     4804       0.3255   5.35
     4805       0.3252   5.35
     4806       0.3250   5.35
     4807       0.3256   5.35
     4808       0.3260   5.35
     4809       0.3271   5.35
     4810       0.3269   5.35
     4811       0.3254   5.34
     4812       0.3255   5.34
     4813       0.3255   5.34
     4814       0.3244   5.35
     4815       0.3256   5.35
     4816       0.3261   5.34
     4817       0.3272   5.34
     4818       0.3263   5.34
     4819       0.3256   5.34
     4820       0.3245   5.35
     4821       0.3256   5.35
     4822       0.3257   5.34
     4823       0.3248   5.34
     4824       0.3266   5.34
     4825       0.3263   5.34
     4826       0.3246   5.35
     4827       0.3245   5.35
     4828       0.3256   5.35
     4829       0.3249   5.34
     4830       0.3254   5.34
     4831       0.3251   5.35
     4832       0.3251   5.35
     4833       0.3266   5.35
     4834       0.3276   5.35
     4835       0.3244   5.35
     4836       0.3257   5.35
     4837       0.3259   5.35
     4838       0.3261   5.35
     4839       0.3249   5.35
     4840       0.3240   5.35
     4841       0.3281   5.35
     4842       0.3275   5.35
     4843       0.3252   5.35
     4844       0.3258   5.35
     4845       0.3250   5.35
     4846       0.3243   5.35
     4847       0.3258   5.35
     4848       0.3259   5.34
     4849       0.3246   5.34
     4850       0.3246   5.34
     4851       0.3260   5.35
     4852       0.3245   5.35
     4853       0.3268   5.35
     4854       0.3265   5.35
     4855       0.3240   5.35
     4856       0.3256   5.35
     4857       0.3254   5.35
     4858       0.3257   5.35
     4859       0.3262   5.35
     4860       0.3265   5.35
     4861       0.3249   5.35
     4862       0.3259   5.35
     4863       0.3252   5.35
     4864       0.3253   5.35
     4865       0.3262   5.35
     4866       0.3250   5.35
     4867       0.3267   5.35
     4868       0.3262   5.35
     4869       0.3255   5.35
     4870       0.3252   5.35
     4871       0.3259   5.35
     4872       0.3262   5.35
     4873       0.3265   5.35
     4874       0.3263   5.35
     4875       0.3251   5.35
     4876       0.3264   5.35
     4877       0.3272   5.35
     4878       0.3275   5.35
     4879       0.3261   5.35
     4880       0.3254   5.35
     4881       0.3246   5.35
     4882       0.3267   5.35
     4883       0.3259   5.35
     4884       0.3246   5.35
     4885       0.3246   5.35
     4886       0.3257   5.35
     4887       0.3251   5.35
     4888       0.3264   5.35
     4889       0.3265   5.35
     4890       0.3264   5.35
     4891       0.3254   5.35
     4892       0.3250   5.35
     4893       0.3255   5.35
     4894       0.3262   5.34
     4895       0.3267   5.35
     4896       0.3256   5.35
     4897       0.3253   5.35
     4898       0.3247   5.35
     4899       0.3255   5.35
     4900       0.3253   5.35
     4901       0.3252   5.35
     4902       0.3256   5.35
     4903       0.3252   5.35
     4904       0.3241   5.35
     4905       0.3264   5.35
     4906       0.3263   5.35
     4907       0.3250   5.35
     4908       0.3256   5.35
     4909       0.3235   5.35
     4910       0.3237   5.35
     4911       0.3243   5.35
     4912       0.3257   5.35
     4913       0.3252   5.35
     4914       0.3253   5.35
     4915       0.3253   5.35
     4916       0.3261   5.35
     4917       0.3265   5.35
     4918       0.3251   5.35
     4919       0.3255   5.35
     4920       0.3257   5.35
     4921       0.3250   5.35
     4922       0.3268   5.35
     4923       0.3271   5.35
     4924       0.3271   5.35
     4925       0.3261   5.35
     4926       0.3259   5.35
     4927       0.3256   5.35
     4928       0.3254   5.35
     4929       0.3258   5.35
     4930       0.3258   5.35
     4931       0.3259   5.35
     4932       0.3250   5.35
     4933       0.3265   5.35
     4934       0.3243   5.35
     4935       0.3260   5.35
     4936       0.3256   5.35
     4937       0.3269   5.35
     4938       0.3262   5.35
     4939       0.3251   5.35
     4940       0.3255   5.35
     4941       0.3235   5.35
     4942       0.3256   5.35
     4943       0.3265   5.35
     4944       0.3251   5.35
     4945       0.3258   5.35
     4946       0.3251   5.35
     4947       0.3247   5.35
     4948       0.3268   5.35
     4949       0.3269   5.35
     4950       0.3266   5.35
     4951       0.3256   5.35
     4952       0.3255   5.35
     4953       0.3238   5.35
     4954       0.3252   5.35
     4955       0.3242   5.35
     4956       0.3267   5.34
     4957       0.3253   5.34
     4958       0.3253   5.35
     4959       0.3257   5.35
     4960       0.3253   5.35
     4961       0.3256   5.35
     4962       0.3244   5.34
     4963       0.3265   5.34
     4964       0.3271   5.35
     4965       0.3249   5.35
     4966       0.3246   5.35
     4967       0.3246   5.35
     4968       0.3258   5.35
     4969       0.3265   5.35
     4970       0.3268   5.35
     4971       0.3261   5.35
     4972       0.3248   5.35
     4973       0.3242   5.35
     4974       0.3255   5.35
     4975       0.3257   5.35
     4976       0.3264   5.35
     4977       0.3269   5.35
     4978       0.3260   5.35
     4979       0.3251   5.35
     4980       0.3256   5.35
     4981       0.3258   5.35
     4982       0.3262   5.35
     4983       0.3267   5.35
     4984       0.3252   5.35
     4985       0.3247   5.35
     4986       0.3253   5.35
     4987       0.3258   5.35
     4988       0.3252   5.35
     4989       0.3244   5.35
     4990       0.3248   5.35
     4991       0.3245   5.34
     4992       0.3251   5.34
     4993       0.3242   5.35
     4994       0.3252   5.35
     4995       0.3252   5.35
     4996       0.3248   5.35
     4997       0.3248   5.35
     4998       0.3257   5.35
     4999       0.3248   5.35
     5000       0.3267   5.35
     5001       0.3250   5.35
     5002       0.3252   5.35
     5003       0.3273   5.35
     5004       0.3262   5.35
     5005       0.3245   5.35
     5006       0.3263   5.35
     5007       0.3259   5.35
     5008       0.3254   5.35
     5009       0.3255   5.35
     5010       0.3256   5.35
     5011       0.3262   5.35
     5012       0.3267   5.35
     5013       0.3261   5.35
     5014       0.3261   5.35
     5015       0.3269   5.35
     5016       0.3262   5.35
     5017       0.3260   5.35
     5018       0.3247   5.35
     5019       0.3250   5.35
     5020       0.3259   5.35
     5021       0.3255   5.35
     5022       0.3243   5.35
     5023       0.3251   5.35
     5024       0.3239   5.35
     5025       0.3248   5.35
     5026       0.3272   5.35
     5027       0.3273   5.34
     5028       0.3242   5.35
     5029       0.3238   5.35
     5030       0.3251   5.35
     5031       0.3262   5.34
     5032       0.3258   5.34
     5033       0.3259   5.34
     5034       0.3254   5.35
     5035       0.3256   5.35
     5036       0.3257   5.34
     5037       0.3249   5.34
     5038       0.3250   5.34
     5039       0.3248   5.35
     5040       0.3235   5.35
     5041       0.3244   5.35
     5042       0.3244   5.35
     5043       0.3263   5.35
     5044       0.3269   5.35
     5045       0.3270   5.35
     5046       0.3264   5.35
     5047       0.3264   5.35
     5048       0.3259   5.35
     5049       0.3261   5.35
     5050       0.3252   5.35
     5051       0.3225   5.35
     5052       0.3248   5.35
     5053       0.3242   5.34
     5054       0.3249   5.35
     5055       0.3255   5.35
     5056       0.3262   5.35
     5057       0.3234   5.34
     5058       0.3258   5.34
     5059       0.3259   5.35
     5060       0.3250   5.35
     5061       0.3262   5.35
     5062       0.3366   5.35
     5063       0.3261   5.35
     5064       0.3263   5.35
     5065       0.3265   5.35
     5066       0.3259   5.35
     5067       0.3262   5.35
     5068       0.3270   5.34
     5069       0.3247   5.35
     5070       0.3248   5.35
     5071       0.3255   5.35
     5072       0.3241   5.34
     5073       0.3257   5.34
     5074       0.3248   5.34
     5075       0.3253   5.34
     5076       0.3252   5.34
     5077       0.3258   5.35
     5078       0.3255   5.35
     5079       0.3259   5.34
     5080       0.3259   5.35
     5081       0.3252   5.35
     5082       0.3251   5.35
     5083       0.3247   5.35
     5084       0.3263   5.35
     5085       0.3264   5.35
     5086       0.3258   5.35
     5087       0.3254   5.35
     5088       0.3245   5.35
     5089       0.3247   5.34
     5090       0.3254   5.34
     5091       0.3247   5.34
     5092       0.3246   5.34
     5093       0.3262   5.34
     5094       0.3272   5.35
     5095       0.3250   5.35
     5096       0.3261   5.35
     5097       0.3267   5.35
     5098       0.3246   5.34
     5099       0.3256   5.34
     5100       0.3249   5.34
     5101       0.3249   5.34
     5102       0.3255   5.34
     5103       0.3247   5.35
     5104       0.3255   5.35
     5105       0.3250   5.35
     5106       0.3247   5.35
     5107       0.3256   5.35
     5108       0.3259   5.35
     5109       0.3252   5.35
     5110       0.3257   5.35
     5111       0.3256   5.35
     5112       0.3251   5.35
     5113       0.3245   5.35
     5114       0.3258   5.35
     5115       0.3249   5.35
     5116       0.3256   5.35
     5117       0.3258   5.35
     5118       0.3244   5.35
     5119       0.3266   5.35
     5120       0.3261   5.35
     5121       0.3252   5.35
     5122       0.3255   5.35
     5123       0.3255   5.35
     5124       0.3251   5.35
     5125       0.3261   5.35
     5126       0.3257   5.35
     5127       0.3245   5.35
     5128       0.3256   5.35
     5129       0.3249   5.35
     5130       0.3247   5.35
     5131       0.3250   5.35
     5132       0.3238   5.35
     5133       0.3261   5.35
     5134       0.3258   5.35
     5135       0.3248   5.35
     5136       0.3253   5.35
     5137       0.3260   5.35
     5138       0.3269   5.35
     5139       0.3254   5.35
     5140       0.3255   5.35
     5141       0.3273   5.35
     5142       0.3269   5.35
     5143       0.3240   5.35
     5144       0.3250   5.35
     5145       0.3264   5.35
     5146       0.3264   5.35
     5147       0.3234   5.35
     5148       0.3237   5.35
     5149       0.3247   5.34
     5150       0.3258   5.34
     5151       0.3247   5.35
     5152       0.3249   5.35
     5153       0.3263   5.35
     5154       0.3259   5.35
     5155       0.3255   5.35
     5156       0.3259   5.35
     5157       0.3261   5.35
     5158       0.3234   5.35
     5159       0.3250   5.35
     5160       0.3255   5.35
     5161       0.3252   5.35
     5162       0.3252   5.35
     5163       0.3250   5.35
     5164       0.3254   5.35
     5165       0.3259   5.35
     5166       0.3261   5.35
     5167       0.3250   5.35
     5168       0.3257   5.35
     5169       0.3258   5.35
     5170       0.3251   5.35
     5171       0.3256   5.35
     5172       0.3265   5.35
     5173       0.3241   5.35
     5174       0.3249   5.35
     5175       0.3248   5.35
     5176       0.3251   5.35
     5177       0.3256   5.35
     5178       0.3252   5.35
     5179       0.3245   5.35
     5180       0.3255   5.35
     5181       0.3241   5.35
     5182       0.3251   5.35
     5183       0.3253   5.35
     5184       0.3250   5.35
     5185       0.3254   5.35
     5186       0.3249   5.35
     5187       0.3269   5.35
     5188       0.3264   5.35
     5189       0.3256   5.35
     5190       0.3253   5.35
     5191       0.3269   5.35
     5192       0.3271   5.35
     5193       0.3256   5.35
     5194       0.3268   5.35
     5195       0.3268   5.35
     5196       0.3262   5.35
     5197       0.3265   5.35
     5198       0.3261   5.35
     5199       0.3240   5.35
     5200       0.3259   5.35
     5201       0.3253   5.35
     5202       0.3258   5.35
     5203       0.3256   5.35
     5204       0.3254   5.35
     5205       0.3269   5.35
     5206       0.3266   5.35
     5207       0.3241   5.35
     5208       0.3252   5.35
     5209       0.3265   5.35
     5210       0.3264   5.35
     5211       0.3249   5.35
     5212       0.3251   5.35
     5213       0.3241   5.35
     5214       0.3262   5.35
     5215       0.3253   5.35
     5216       0.3251   5.35
     5217       0.3261   5.35
     5218       0.3258   5.35
     5219       0.3248   5.35
     5220       0.3243   5.35
     5221       0.3245   5.35
     5222       0.3257   5.35
     5223       0.3259   5.35
     5224       0.3263   5.35
     5225       0.3259   5.35
     5226       0.3265   5.35
     5227       0.3246   5.35
     5228       0.3263   5.35
     5229       0.3256   5.35
     5230       0.3236   5.35
     5231       0.3246   5.35
     5232       0.3251   5.35
     5233       0.3244   5.35
     5234       0.3258   5.35
     5235       0.3259   5.35
     5236       0.3247   5.35
     5237       0.3257   5.35
     5238       0.3258   5.35
     5239       0.3239   5.35
     5240       0.3263   5.35
     5241       0.3257   5.35
     5242       0.3242   5.35
     5243       0.3249   5.35
     5244       0.3250   5.35
     5245       0.3267   5.35
     5246       0.3255   5.35
     5247       0.3254   5.35
     5248       0.3252   5.35
     5249       0.3251   5.35
     5250       0.3249   5.35
     5251       0.3251   5.35
     5252       0.3256   5.35
     5253       0.3249   5.35
     5254       0.3267   5.35
     5255       0.3269   5.35
     5256       0.3267   5.35
     5257       0.3261   5.35
     5258       0.3250   5.35
     5259       0.3246   5.35
     5260       0.3270   5.35
     5261       0.3271   5.35
     5262       0.3267   5.35
     5263       0.3269   5.35
     5264       0.3259   5.35
     5265       0.3247   5.35
     5266       0.3269   5.35
     5267       0.3267   5.35
     5268       0.3261   5.34
     5269       0.3256   5.34
     5270       0.3242   5.34
     5271       0.3246   5.34
     5272       0.3248   5.34
     5273       0.3248   5.34
     5274       0.3239   5.34
     5275       0.3261   5.34
     5276       0.3265   5.35
     5277       0.3259   5.35
     5278       0.3247   5.35
     5279       0.3245   5.35
     5280       0.3252   5.35
     5281       0.3249   5.35
     5282       0.3248   5.35
     5283       0.3252   5.35
     5284       0.3253   5.35
     5285       0.3255   5.35
     5286       0.3248   5.35
     5287       0.3266   5.35
     5288       0.3257   5.35
     5289       0.3253   5.35
     5290       0.3251   5.35
     5291       0.3246   5.35
     5292       0.3255   5.35
     5293       0.3241   5.35
     5294       0.3247   5.35
     5295       0.3253   5.35
     5296       0.3257   5.35
     5297       0.3258   5.35
     5298       0.3270   5.35
     5299       0.3264   5.35
     5300       0.3253   5.35
     5301       0.3256   5.35
     5302       0.3255   5.35
     5303       0.3232   5.35
     5304       0.3250   5.35
     5305       0.3247   5.35
     5306       0.3236   5.35
     5307       0.3255   5.35
     5308       0.3253   5.35
     5309       0.3264   5.35
     5310       0.3260   5.35
     5311       0.3258   5.35
     5312       0.3273   5.35
     5313       0.3271   5.35
     5314       0.3261   5.35
     5315       0.3259   5.35
     5316       0.3253   5.35
     5317       0.3251   5.35
     5318       0.3251   5.35
     5319       0.3245   5.35
     5320       0.3243   5.34
     5321       0.3251   5.34
     5322       0.3258   5.35
     5323       0.3235   5.35
     5324       0.3253   5.35
     5325       0.3256   5.35
     5326       0.3265   5.35
     5327       0.3259   5.35
     5328       0.3263   5.35
     5329       0.3255   5.35
     5330       0.3255   5.35
     5331       0.3247   5.35
     5332       0.3244   5.35
     5333       0.3250   5.35
     5334       0.3248   5.35
     5335       0.3259   5.35
     5336       0.3257   5.35
     5337       0.3252   5.35
     5338       0.3273   5.35
     5339       0.3275   5.35
     5340       0.3276   5.35
     5341       0.3263   5.35
     5342       0.3262   5.35
     5343       0.3261   5.35
     5344       0.3252   5.35
     5345       0.3264   5.35
     5346       0.3231   5.35
     5347       0.3257   5.35
     5348       0.3258   5.35
     5349       0.3237   5.34
     5350       0.3256   5.34
     5351       0.3261   5.34
     5352       0.3257   5.35
     5353       0.3256   5.35
     5354       0.3254   5.35
     5355       0.3248   5.35
     5356       0.3256   5.35
     5357       0.3235   5.34
     5358       0.3250   5.34
     5359       0.3257   5.35
     5360       0.3253   5.35
     5361       0.3259   5.35
     5362       0.3258   5.35
     5363       0.3250   5.35
     5364       0.3255   5.35
     5365       0.3261   5.35
     5366       0.3248   5.35
     5367       0.3263   5.35
     5368       0.3260   5.35
     5369       0.3259   5.35
     5370       0.3258   5.35
     5371       0.3260   5.35
     5372       0.3260   5.35
     5373       0.3261   5.35
     5374       0.3259   5.35
     5375       0.3272   5.35
     5376       0.3262   5.35
     5377       0.3254   5.35
     5378       0.3261   5.35
     5379       0.3262   5.35
     5380       0.3261   5.35
     5381       0.3249   5.35
     5382       0.3256   5.35
     5383       0.3245   5.35
     5384       0.3238   5.35
     5385       0.3255   5.35
     5386       0.3252   5.35
     5387       0.3242   5.35
     5388       0.3255   5.35
     5389       0.3244   5.35
     5390       0.3271   5.35
     5391       0.3267   5.35
     5392       0.3241   5.35
     5393       0.3366   5.35
     5394       0.3266   5.35
     5395       0.3243   5.35
     5396       0.3253   5.35
     5397       0.3254   5.35
     5398       0.3240   5.35
     5399       0.3252   5.35
     5400       0.3253   5.35
     5401       0.3248   5.35
     5402       0.3248   5.35
     5403       0.3258   5.35
     5404       0.3245   5.35
     5405       0.3254   5.35
     5406       0.3257   5.35
     5407       0.3266   5.35
     5408       0.3267   5.35
     5409       0.3266   5.35
     5410       0.3249   5.35
     5411       0.3255   5.35
     5412       0.3229   5.35
     5413       0.3262   5.35
     5414       0.3251   5.35
     5415       0.3247   5.34
     5416       0.3260   5.34
     5417       0.3257   5.35
     5418       0.3249   5.35
     5419       0.3262   5.35
     5420       0.3264   5.35
     5421       0.3242   5.35
     5422       0.3258   5.35
     5423       0.3261   5.34
     5424       0.3234   5.34
     5425       0.3258   5.34
     5426       0.3264   5.35
     5427       0.3260   5.35
     5428       0.3258   5.35
     5429       0.3251   5.34
     5430       0.3241   5.35
     5431       0.3248   5.35
     5432       0.3258   5.35
     5433       0.3254   5.35
     5434       0.3256   5.35
     5435       0.3250   5.35
     5436       0.3255   5.35
     5437       0.3252   5.35
     5438       0.3243   5.35
     5439       0.3231   5.35
     5440       0.3256   5.35
     5441       0.3246   5.35
     5442       0.3263   5.35
     5443       0.3260   5.35
     5444       0.3243   5.35
     5445       0.3268   5.35
     5446       0.3254   5.35
     5447       0.3234   5.35
     5448       0.3269   5.35
     5449       0.3273   5.35
     5450       0.3265   5.35
     5451       0.3260   5.35
     5452       0.3250   5.35
     5453       0.3256   5.35
     5454       0.3262   5.35
     5455       0.3262   5.35
     5456       0.3237   5.35
     5457       0.3265   5.35
     5458       0.3251   5.34
     5459       0.3228   5.35
     5460       0.3262   5.35
     5461       0.3258   5.34
     5462       0.3243   5.34
     5463       0.3251   5.35
     5464       0.3239   5.34
     5465       0.3257   5.34
     5466       0.3257   5.35
     5467       0.3243   5.34
     5468       0.3246   5.34
     5469       0.3252   5.34
     5470       0.3253   5.35
     5471       0.3252   5.35
     5472       0.3259   5.35
     5473       0.3258   5.35
     5474       0.3266   5.35
     5475       0.3269   5.35
     5476       0.3251   5.35
     5477       0.3260   5.35
     5478       0.3256   5.35
     5479       0.3262   5.35
     5480       0.3258   5.35
     5481       0.3252   5.35
     5482       0.3260   5.35
     5483       0.3263   5.35
     5484       0.3262   5.35
     5485       0.3238   5.35
     5486       0.3261   5.35
     5487       0.3248   5.35
     5488       0.3267   5.35
     5489       0.3268   5.35
     5490       0.3262   5.35
     5491       0.3238   5.35
     5492       0.3255   5.35
     5493       0.3256   5.35
     5494       0.3247   5.35
     5495       0.3251   5.35
     5496       0.3250   5.35
     5497       0.3251   5.35
     5498       0.3257   5.35
     5499       0.3269   5.35
     5500       0.3261   5.35
     5501       0.3244   5.35
     5502       0.3243   5.35
     5503       0.3251   5.35
     5504       0.3247   5.35
     5505       0.3246   5.35
     5506       0.3247   5.35
     5507       0.3254   5.35
     5508       0.3256   5.35
     5509       0.3252   5.35
     5510       0.3257   5.35
     5511       0.3266   5.35
     5512       0.3262   5.35
     5513       0.3250   5.35
     5514       0.3251   5.35
     5515       0.3251   5.34
     5516       0.3233   5.35
     5517       0.3251   5.35
     5518       0.3255   5.35
     5519       0.3234   5.35
     5520       0.3249   5.35
     5521       0.3247   5.35
     5522       0.3235   5.35
     5523       0.3254   5.35
     5524       0.3254   5.35
     5525       0.3228   5.35
     5526       0.3253   5.35
     5527       0.3249   5.35
     5528       0.3264   5.35
     5529       0.3264   5.35
     5530       0.3265   5.35
     5531       0.3254   5.35
     5532       0.3258   5.35
     5533       0.3255   5.35
     5534       0.3261   5.35
     5535       0.3258   5.35
     5536       0.3247   5.35
     5537       0.3270   5.35
     5538       0.3269   5.35
     5539       0.3249   5.35
     5540       0.3240   5.35
     5541       0.3251   5.35
     5542       0.3252   5.35
     5543       0.3244   5.35
     5544       0.3248   5.35
     5545       0.3237   5.35
     5546       0.3245   5.35
     5547       0.3260   5.35
     5548       0.3262   5.35
     5549       0.3265   5.35
     5550       0.3261   5.35
     5551       0.3255   5.35
     5552       0.3244   5.35
     5553       0.3253   5.35
     5554       0.3260   5.35
     5555       0.3263   5.35
     5556       0.3254   5.35
     5557       0.3250   5.35
     5558       0.3256   5.35
     5559       0.3268   5.35
     5560       0.3255   5.35
     5561       0.3255   5.35
     5562       0.3251   5.35
     5563       0.3269   5.35
     5564       0.3257   5.35
     5565       0.3248   5.35
     5566       0.3263   5.35
     5567       0.3261   5.35
     5568       0.3252   5.35
     5569       0.3251   5.35
     5570       0.3243   5.35
     5571       0.3242   5.35
     5572       0.3255   5.35
     5573       0.3248   5.35
     5574       0.3247   5.35
     5575       0.3254   5.35
     5576       0.3254   5.35
     5577       0.3252   5.35
     5578       0.3257   5.35
     5579       0.3253   5.35
     5580       0.3265   5.35
     5581       0.3268   5.35
     5582       0.3266   5.35
     5583       0.3255   5.35
     5584       0.3254   5.35
     5585       0.3257   5.35
     5586       0.3216   5.35
     5587       0.3246   5.35
     5588       0.3240   5.34
     5589       0.3256   5.34
     5590       0.3260   5.35
     5591       0.3258   5.35
     5592       0.3281   5.35
     5593       0.3282   5.35
     5594       0.3269   5.35
     5595       0.3266   5.35
     5596       0.3257   5.35
     5597       0.3237   5.35
     5598       0.3258   5.35
     5599       0.3252   5.35
     5600       0.3246   5.35
     5601       0.3255   5.35
     5602       0.3257   5.35
     5603       0.3247   5.35
     5604       0.3256   5.35
     5605       0.3265   5.35
     5606       0.3253   5.35
     5607       0.3256   5.35
     5608       0.3238   5.35
     5609       0.3251   5.35
     5610       0.3264   5.35
     5611       0.3259   5.35
     5612       0.3243   5.35
     5613       0.3255   5.35
     5614       0.3254   5.34
     5615       0.3255   5.34
     5616       0.3258   5.35
     5617       0.3260   5.34
     5618       0.3251   5.34
     5619       0.3247   5.35
     5620       0.3239   5.35
     5621       0.3250   5.35
     5622       0.3244   5.35
     5623       0.3245   5.35
     5624       0.3258   5.35
     5625       0.3267   5.35
     5626       0.3263   5.35
     5627       0.3269   5.35
     5628       0.3269   5.35
     5629       0.3270   5.35
     5630       0.3266   5.35
     5631       0.3263   5.35
     5632       0.3268   5.35
     5633       0.3267   5.35
     5634       0.3265   5.35
     5635       0.3257   5.35
     5636       0.3262   5.35
     5637       0.3262   5.35
     5638       0.3243   5.35
     5639       0.3249   5.35
     5640       0.3239   5.34
     5641       0.3246   5.34
     5642       0.3244   5.34
     5643       0.3240   5.34
     5644       0.3249   5.34
     5645       0.3257   5.34
     5646       0.3236   5.35
     5647       0.3256   5.35
     5648       0.3256   5.35
     5649       0.3253   5.34
     5650       0.3259   5.34
     5651       0.3265   5.35
     5652       0.3238   5.35
     5653       0.3254   5.35
     5654       0.3261   5.35
     5655       0.3258   5.35
     5656       0.3253   5.35
     5657       0.3237   5.35
     5658       0.3252   5.35
     5659       0.3250   5.35
     5660       0.3249   5.35
     5661       0.3257   5.35
     5662       0.3261   5.35
     5663       0.3255   5.35
     5664       0.3264   5.35
     5665       0.3255   5.35
     5666       0.3245   5.35
     5667       0.3254   5.35
     5668       0.3258   5.35
     5669       0.3255   5.35
     5670       0.3257   5.35
     5671       0.3253   5.35
     5672       0.3247   5.35
     5673       0.3255   5.35
     5674       0.3246   5.35
     5675       0.3245   5.35
     5676       0.3246   5.35
     5677       0.3247   5.35
     5678       0.3242   5.35
     5679       0.3247   5.35
     5680       0.3246   5.35
     5681       0.3255   5.35
     5682       0.3267   5.35
     5683       0.3258   5.35
     5684       0.3259   5.35
     5685       0.3262   5.35
     5686       0.3264   5.35
     5687       0.3260   5.35
     5688       0.3252   5.35
     5689       0.3257   5.35
     5690       0.3250   5.35
     5691       0.3256   5.35
     5692       0.3256   5.35
     5693       0.3256   5.35
     5694       0.3251   5.35
     5695       0.3253   5.35
     5696       0.3258   5.35
     5697       0.3248   5.35
     5698       0.3243   5.35
     5699       0.3357   5.35
     5700       0.3259   5.35
     5701       0.3255   5.35
     5702       0.3268   5.35
     5703       0.3263   5.35
     5704       0.3248   5.35
     5705       0.3252   5.35
     5706       0.3249   5.35
     5707       0.3255   5.35
     5708       0.3253   5.35
     5709       0.3252   5.35
     5710       0.3252   5.35
     5711       0.3248   5.35
     5712       0.3247   5.35
     5713       0.3243   5.35
     5714       0.3252   5.35
     5715       0.3260   5.35
     5716       0.3246   5.35
     5717       0.3254   5.35
     5718       0.3246   5.35
     5719       0.3269   5.35
     5720       0.3269   5.35
     5721       0.3262   5.35
     5722       0.3255   5.35
     5723       0.3252   5.35
     5724       0.3249   5.35
     5725       0.3256   5.35
     5726       0.3260   5.35
     5727       0.3263   5.35
     5728       0.3257   5.35
     5729       0.3261   5.35
     5730       0.3243   5.35
     5731       0.3252   5.35
     5732       0.3250   5.35
     5733       0.3251   5.34
     5734       0.3267   5.34
     5735       0.3277   5.35
     5736       0.3251   5.35
     5737       0.3252   5.35
     5738       0.3265   5.35
     5739       0.3249   5.35
     5740       0.3260   5.35
     5741       0.3264   5.35
     5742       0.3251   5.35
     5743       0.3255   5.35
     5744       0.3249   5.35
     5745       0.3267   5.35
     5746       0.3266   5.35
     5747       0.3252   5.35
     5748       0.3248   5.35
     5749       0.3258   5.35
     5750       0.3250   5.35
     5751       0.3258   5.35
     5752       0.3256   5.35
     5753       0.3246   5.35
     5754       0.3261   5.35
     5755       0.3257   5.35
     5756       0.3253   5.35
     5757       0.3256   5.35
     5758       0.3257   5.35
     5759       0.3265   5.35
     5760       0.3277   5.35
     5761       0.3274   5.35
     5762       0.3268   5.35
     5763       0.3266   5.35
     5764       0.3256   5.35
     5765       0.3262   5.35
     5766       0.3257   5.35
     5767       0.3257   5.34
     5768       0.3238   5.34
     5769       0.3252   5.34
     5770       0.3257   5.34
     5771       0.3252   5.34
     5772       0.3260   5.34
     5773       0.3237   5.34
     5774       0.3269   5.34
     5775       0.3251   5.34
     5776       0.3243   5.34
     5777       0.3249   5.34
     5778       0.3257   5.34
     5779       0.3268   5.34
     5780       0.3256   5.34
     5781       0.3262   5.35
     5782       0.3250   5.35
     5783       0.3248   5.35
     5784       0.3247   5.35
     5785       0.3244   5.34
     5786       0.3258   5.34
     5787       0.3261   5.35
     5788       0.3254   5.35
     5789       0.3256   5.35
     5790       0.3255   5.35
     5791       0.3254   5.35
     5792       0.3257   5.35
     5793       0.3256   5.35
     5794       0.3244   5.35
     5795       0.3263   5.35
     5796       0.3269   5.35
     5797       0.3248   5.35
     5798       0.3259   5.35
     5799       0.3258   5.35
     5800       0.3260   5.35
     5801       0.3263   5.35
     5802       0.3246   5.35
     5803       0.3264   5.35
     5804       0.3268   5.35
     5805       0.3238   5.35
     5806       0.3261   5.35
     5807       0.3261   5.35
     5808       0.3247   5.34
     5809       0.3256   5.34
     5810       0.3246   5.35
     5811       0.3242   5.35
     5812       0.3253   5.35
     5813       0.3254   5.35
     5814       0.3251   5.35
     5815       0.3260   5.35
     5816       0.3255   5.35
     5817       0.3245   5.35
     5818       0.3263   5.35
     5819       0.3262   5.35
     5820       0.3258   5.35
     5821       0.3261   5.35
     5822       0.3251   5.35
     5823       0.3249   5.35
     5824       0.3259   5.35
     5825       0.3262   5.35
     5826       0.3277   5.35
     5827       0.3279   5.35
     5828       0.3247   5.35
     5829       0.3269   5.35
     5830       0.3263   5.35
     5831       0.3248   5.34
     5832       0.3252   5.34
     5833       0.3263   5.35
     5834       0.3233   5.35
     5835       0.3256   5.35
     5836       0.3259   5.35
     5837       0.3258   5.35
     5838       0.3276   5.35
     5839       0.3273   5.35
     5840       0.3252   5.35
     5841       0.3256   5.35
     5842       0.3256   5.35
     5843       0.3251   5.35
     5844       0.3255   5.35
     5845       0.3254   5.35
     5846       0.3257   5.35
     5847       0.3260   5.35
     5848       0.3261   5.34
     5849       0.3246   5.34
     5850       0.3252   5.34
     5851       0.3247   5.34
     5852       0.3250   5.34
     5853       0.3260   5.34
     5854       0.3259   5.34
     5855       0.3259   5.34
     5856       0.3247   5.34
     5857       0.3245   5.34
     5858       0.3259   5.34
     5859       0.3261   5.35
     5860       0.3261   5.35
     5861       0.3260   5.35
     5862       0.3250   5.35
     5863       0.3245   5.35
     5864       0.3253   5.35
     5865       0.3261   5.35
     5866       0.3256   5.35
     5867       0.3269   5.35
     5868       0.3280   5.35
     5869       0.3267   5.35
     5870       0.3275   5.35
     5871       0.3277   5.35
     5872       0.3257   5.35
     5873       0.3256   5.35
     5874       0.3239   5.35
     5875       0.3248   5.35
     5876       0.3263   5.35
     5877       0.3256   5.35
     5878       0.3259   5.35
     5879       0.3257   5.35
     5880       0.3245   5.35
     5881       0.3258   5.35
     5882       0.3257   5.35
     5883       0.3260   5.35
     5884       0.3264   5.35
     5885       0.3263   5.34
     5886       0.3244   5.35
     5887       0.3261   5.35
     5888       0.3256   5.35
     5889       0.3241   5.34
     5890       0.3253   5.34
     5891       0.3251   5.35
     5892       0.3245   5.34
     5893       0.3255   5.34
     5894       0.3252   5.34
     5895       0.3248   5.34
     5896       0.3255   5.34
     5897       0.3253   5.35
     5898       0.3247   5.35
     5899       0.3255   5.35
     5900       0.3253   5.35
     5901       0.3228   5.35
     5902       0.3254   5.35
     5903       0.3242   5.35
     5904       0.3249   5.35
     5905       0.3245   5.35
     5906       0.3241   5.35
     5907       0.3266   5.35
     5908       0.3265   5.35
     5909       0.3252   5.35
     5910       0.3258   5.35
     5911       0.3257   5.35
     5912       0.3232   5.35
     5913       0.3257   5.35
     5914       0.3244   5.35
     5915       0.3246   5.35
     5916       0.3261   5.35
     5917       0.3269   5.35
     5918       0.3245   5.35
     5919       0.3263   5.35
     5920       0.3253   5.35
     5921       0.3258   5.35
     5922       0.3264   5.35
     5923       0.3264   5.35
     5924       0.3232   5.35
     5925       0.3249   5.35
     5926       0.3252   5.35
     5927       0.3249   5.35
     5928       0.3256   5.35
     5929       0.3253   5.35
     5930       0.3255   5.35
     5931       0.3255   5.35
     5932       0.3236   5.35
     5933       0.3272   5.35
     5934       0.3266   5.35
     5935       0.3257   5.35
     5936       0.3261   5.35
     5937       0.3255   5.35
     5938       0.3253   5.35
     5939       0.3261   5.35
     5940       0.3257   5.35
     5941       0.3250   5.35
     5942       0.3265   5.35
     5943       0.3270   5.35
     5944       0.3241   5.35
     5945       0.3252   5.35
     5946       0.3260   5.35
     5947       0.3253   5.35
     5948       0.3253   5.35
     5949       0.3266   5.35
     5950       0.3252   5.35
     5951       0.3257   5.35
     5952       0.3265   5.35
     5953       0.3265   5.35
     5954       0.3258   5.35
     5955       0.3255   5.35
     5956       0.3285   5.35
     5957       0.3277   5.35
     5958       0.3265   5.35
     5959       0.3254   5.35
     5960       0.3251   5.35
     5961       0.3249   5.34
     5962       0.3260   5.34
     5963       0.3264   5.35
     5964       0.3262   5.35
     5965       0.3249   5.35
     5966       0.3254   5.35
     5967       0.3247   5.35
     5968       0.3251   5.35
     5969       0.3247   5.35
     5970       0.3245   5.35
     5971       0.3254   5.35
     5972       0.3255   5.34
     5973       0.3231   5.34
     5974       0.3249   5.34
     5975       0.3255   5.35
     5976       0.3251   5.35
     5977       0.3260   5.35
     5978       0.3268   5.35
     5979       0.3261   5.35
     5980       0.3266   5.35
     5981       0.3254   5.35
     5982       0.3255   5.35
     5983       0.3250   5.35
     5984       0.3249   5.34
     5985       0.3240   5.34
     5986       0.3260   5.34
     5987       0.3260   5.35
     5988       0.3256   5.35
     5989       0.3252   5.35
     5990       0.3228   5.35
     5991       0.3253   5.35
     5992       0.3258   5.35
     5993       0.3249   5.35
     5994       0.3261   5.35
     5995       0.3264   5.35
     5996       0.3241   5.35
     5997       0.3249   5.35
     5998       0.3255   5.35
     5999       0.3259   5.35
     6000       0.3251   5.35
     6001       0.3255   5.35
     6002       0.3255   5.35
     6003       0.3244   5.35
     6004       0.3259   5.35
     6005       0.3249   5.35
     6006       0.3263   5.35
     6007       0.3267   5.35
     6008       0.3263   5.35
     6009       0.3273   5.35
     6010       0.3269   5.35
     6011       0.3264   5.35
     6012       0.3249   5.35
     6013       0.3246   5.35
     6014       0.3255   5.35
     6015       0.3253   5.35
     6016       0.3240   5.35
     6017       0.3269   5.35
     6018       0.3262   5.35
     6019       0.3238   5.35
     6020       0.3258   5.35
     6021       0.3262   5.35
     6022       0.3242   5.35
     6023       0.3256   5.35
     6024       0.3253   5.34
     6025       0.3256   5.35
     6026       0.3260   5.35
     6027       0.3257   5.35
     6028       0.3280   5.35
     6029       0.3273   5.35
     6030       0.3257   5.35
     6031       0.3242   5.35
     6032       0.3356   5.35
     6033       0.3265   5.35
     6034       0.3248   5.35
     6035       0.3245   5.35
     6036       0.3238   5.34
     6037       0.3266   5.34
     6038       0.3262   5.35
     6039       0.3245   5.35
     6040       0.3251   5.35
     6041       0.3253   5.34
     6042       0.3248   5.34
     6043       0.3254   5.34
     6044       0.3261   5.35
     6045       0.3253   5.35
     6046       0.3256   5.35
     6047       0.3265   5.35
     6048       0.3259   5.35
     6049       0.3262   5.35
     6050       0.3260   5.35
     6051       0.3245   5.35
     6052       0.3251   5.35
     6053       0.3260   5.35
     6054       0.3230   5.34
     6055       0.3253   5.34
     6056       0.3245   5.35
     6057       0.3241   5.35
     6058       0.3254   5.35
     6059       0.3258   5.35
     6060       0.3264   5.35
     6061       0.3263   5.35
     6062       0.3247   5.35
     6063       0.3260   5.35
     6064       0.3265   5.35
     6065       0.3249   5.35
     6066       0.3260   5.35
     6067       0.3263   5.35
     6068       0.3252   5.35
     6069       0.3258   5.35
     6070       0.3253   5.35
     6071       0.3254   5.35
     6072       0.3259   5.35
     6073       0.3259   5.35
     6074       0.3258   5.35
     6075       0.3257   5.35
     6076       0.3259   5.35
     6077       0.3262   5.35
     6078       0.3268   5.35
     6079       0.3272   5.35
     6080       0.3236   5.35
     6081       0.3259   5.35
     6082       0.3268   5.35
     6083       0.3273   5.35
     6084       0.3260   5.35
     6085       0.3248   5.34
     6086       0.3242   5.35
     6087       0.3250   5.35
     6088       0.3248   5.35
     6089       0.3250   5.35
     6090       0.3254   5.35
     6091       0.3247   5.35
     6092       0.3268   5.35
     6093       0.3263   5.35
     6094       0.3247   5.35
     6095       0.3260   5.35
     6096       0.3260   5.35
     6097       0.3258   5.35
     6098       0.3259   5.35
     6099       0.3245   5.35
     6100       0.3260   5.35
     6101       0.3259   5.35
     6102       0.3248   5.35
     6103       0.3249   5.35
     6104       0.3267   5.35
     6105       0.3264   5.35
     6106       0.3249   5.35
     6107       0.3260   5.35
     6108       0.3259   5.35
     6109       0.3238   5.35
     6110       0.3257   5.35
     6111       0.3261   5.35
     6112       0.3251   5.35
     6113       0.3259   5.35
     6114       0.3254   5.35
     6115       0.3266   5.35
     6116       0.3251   5.35
     6117       0.3244   5.35
     6118       0.3278   5.35
     6119       0.3270   5.35
     6120       0.3243   5.35
     6121       0.3251   5.35
     6122       0.3258   5.35
     6123       0.3260   5.35
     6124       0.3261   5.35
     6125       0.3259   5.35
     6126       0.3253   5.35
     6127       0.3278   5.35
     6128       0.3276   5.35
     6129       0.3258   5.35
     6130       0.3246   5.35
     6131       0.3274   5.35
     6132       0.3254   5.35
     6133       0.3262   5.35
     6134       0.3248   5.35
     6135       0.3227   5.35
     6136       0.3255   5.35
     6137       0.3250   5.34
     6138       0.3261   5.34
     6139       0.3257   5.34
     6140       0.3244   5.34
     6141       0.3254   5.34
     6142       0.3252   5.35
     6143       0.3247   5.35
     6144       0.3260   5.35
     6145       0.3250   5.34
     6146       0.3246   5.34
     6147       0.3253   5.34
     6148       0.3252   5.35
     6149       0.3244   5.35
     6150       0.3246   5.35
     6151       0.3240   5.35
     6152       0.3233   5.35
     6153       0.3252   5.35
     6154       0.3250   5.35
     6155       0.3262   5.35
     6156       0.3258   5.35
     6157       0.3257   5.35
     6158       0.3257   5.35
     6159       0.3255   5.35
     6160       0.3253   5.35
     6161       0.3254   5.35
     6162       0.3271   5.35
     6163       0.3283   5.35
     6164       0.3267   5.35
     6165       0.3260   5.35
     6166       0.3255   5.35
     6167       0.3270   5.35
     6168       0.3270   5.35
     6169       0.3262   5.35
     6170       0.3268   5.35
     6171       0.3266   5.35
     6172       0.3249   5.35
     6173       0.3265   5.35
     6174       0.3263   5.34
     6175       0.3250   5.34
     6176       0.3244   5.34
     6177       0.3254   5.34
     6178       0.3247   5.34
     6179       0.3249   5.34
     6180       0.3249   5.34
     6181       0.3242   5.34
     6182       0.3235   5.34
     6183       0.3244   5.34
     6184       0.3239   5.35
     6185       0.3258   5.35
     6186       0.3266   5.35
     6187       0.3261   5.35
     6188       0.3253   5.35
     6189       0.3257   5.34
     6190       0.3243   5.35
     6191       0.3245   5.35
     6192       0.3249   5.34
     6193       0.3245   5.34
     6194       0.3255   5.34
     6195       0.3252   5.35
     6196       0.3259   5.35
     6197       0.3259   5.35
     6198       0.3256   5.35
     6199       0.3259   5.35
     6200       0.3260   5.35
     6201       0.3243   5.35
     6202       0.3254   5.35
     6203       0.3263   5.35
     6204       0.3255   5.35
     6205       0.3257   5.35
     6206       0.3263   5.35
     6207       0.3267   5.35
     6208       0.3266   5.35
     6209       0.3260   5.35
     6210       0.3251   5.35
     6211       0.3247   5.35
     6212       0.3243   5.34
     6213       0.3247   5.35
     6214       0.3251   5.35
     6215       0.3248   5.35
     6216       0.3243   5.35
     6217       0.3258   5.35
     6218       0.3254   5.35
     6219       0.3265   5.35
     6220       0.3246   5.35
     6221       0.3262   5.35
     6222       0.3258   5.35
     6223       0.3257   5.35
     6224       0.3232   5.34
     6225       0.3256   5.34
     6226       0.3267   5.35
     6227       0.3270   5.35
     6228       0.3265   5.35
     6229       0.3270   5.35
     6230       0.3248   5.35
     6231       0.3263   5.35
     6232       0.3253   5.34
     6233       0.3247   5.35
     6234       0.3252   5.35
     6235       0.3255   5.35
     6236       0.3244   5.35
     6237       0.3255   5.35
     6238       0.3251   5.35
     6239       0.3262   5.35
     6240       0.3264   5.35
     6241       0.3245   5.35
     6242       0.3255   5.35
     6243       0.3259   5.35
     6244       0.3249   5.35
     6245       0.3257   5.35
     6246       0.3253   5.35
     6247       0.3259   5.35
     6248       0.3263   5.35
     6249       0.3259   5.35
     6250       0.3258   5.35
     6251       0.3256   5.35
     6252       0.3260   5.35
     6253       0.3262   5.35
     6254       0.3257   5.35
     6255       0.3263   5.35
     6256       0.3260   5.35
     6257       0.3268   5.35
     6258       0.3271   5.35
     6259       0.3258   5.35
     6260       0.3260   5.35
     6261       0.3261   5.35
     6262       0.3256   5.35
     6263       0.3260   5.35
     6264       0.3253   5.35
     6265       0.3238   5.35
     6266       0.3261   5.35
     6267       0.3258   5.35
     6268       0.3260   5.35
     6269       0.3259   5.35
     6270       0.3254   5.35
     6271       0.3254   5.35
     6272       0.3250   5.35
     6273       0.3246   5.35
     6274       0.3259   5.35
     6275       0.3260   5.35
     6276       0.3262   5.35
     6277       0.3260   5.35
     6278       0.3257   5.35
     6279       0.3247   5.35
     6280       0.3250   5.35
     6281       0.3261   5.35
     6282       0.3258   5.35
     6283       0.3262   5.35
     6284       0.3268   5.35
     6285       0.3231   5.35
     6286       0.3252   5.35
     6287       0.3251   5.35
     6288       0.3237   5.35
     6289       0.3256   5.35
     6290       0.3249   5.35
     6291       0.3245   5.35
     6292       0.3243   5.35
     6293       0.3255   5.35
     6294       0.3243   5.35
     6295       0.3250   5.35
     6296       0.3253   5.35
     6297       0.3252   5.35
     6298       0.3251   5.35
     6299       0.3259   5.35
     6300       0.3247   5.35
     6301       0.3258   5.35
     6302       0.3262   5.35
     6303       0.3266   5.35
     6304       0.3257   5.34
     6305       0.3256   5.35
     6306       0.3255   5.35
     6307       0.3253   5.35
     6308       0.3247   5.35
     6309       0.3260   5.35
     6310       0.3271   5.35
     6311       0.3260   5.35
     6312       0.3258   5.35
     6313       0.3242   5.35
     6314       0.3250   5.34
     6315       0.3253   5.34
     6316       0.3252   5.34
     6317       0.3247   5.34
     6318       0.3252   5.34
     6319       0.3235   5.35
     6320       0.3250   5.35
     6321       0.3255   5.35
     6322       0.3242   5.35
     6323       0.3259   5.35
     6324       0.3259   5.34
     6325       0.3233   5.35
     6326       0.3248   5.35
     6327       0.3258   5.35
     6328       0.3255   5.35
     6329       0.3252   5.35
     6330       0.3258   5.35
     6331       0.3248   5.35
     6332       0.3259   5.35
     6333       0.3254   5.35
     6334       0.3254   5.35
     6335       0.3262   5.35
     6336       0.3356   5.35
     6337       0.3239   5.35
     6338       0.3251   5.35
     6339       0.3250   5.35
     6340       0.3250   5.34
     6341       0.3266   5.34
     6342       0.3268   5.35
     6343       0.3249   5.35
     6344       0.3251   5.35
     6345       0.3256   5.35
     6346       0.3267   5.35
     6347       0.3271   5.35
     6348       0.3256   5.35
     6349       0.3253   5.35
     6350       0.3251   5.35
     6351       0.3241   5.35
     6352       0.3252   5.35
     6353       0.3253   5.34
     6354       0.3259   5.35
     6355       0.3259   5.35
     6356       0.3253   5.35
     6357       0.3245   5.35
     6358       0.3254   5.35
     6359       0.3254   5.35
     6360       0.3240   5.35
     6361       0.3263   5.35
     6362       0.3258   5.35
     6363       0.3242   5.35
     6364       0.3261   5.35
     6365       0.3275   5.35
     6366       0.3254   5.35
     6367       0.3252   5.35
     6368       0.3252   5.35
     6369       0.3246   5.34
     6370       0.3254   5.34
     6371       0.3257   5.35
     6372       0.3251   5.35
     6373       0.3254   5.35
     6374       0.3250   5.35
     6375       0.3262   5.35
     6376       0.3251   5.35
     6377       0.3252   5.35
     6378       0.3263   5.35
     6379       0.3258   5.35
     6380       0.3252   5.35
     6381       0.3266   5.35
     6382       0.3263   5.35
     6383       0.3254   5.35
     6384       0.3249   5.35
     6385       0.3256   5.35
     6386       0.3268   5.35
     6387       0.3258   5.35
     6388       0.3260   5.35
     6389       0.3248   5.35
     6390       0.3250   5.35
     6391       0.3256   5.35
     6392       0.3256   5.35
     6393       0.3251   5.35
     6394       0.3240   5.35
     6395       0.3258   5.35
     6396       0.3256   5.35
     6397       0.3247   5.35
     6398       0.3251   5.35
     6399       0.3268   5.35
     6400       0.3247   5.35
     6401       0.3261   5.35
     6402       0.3250   5.35
     6403       0.3253   5.35
     6404       0.3262   5.35
     6405       0.3256   5.35
     6406       0.3243   5.35
     6407       0.3249   5.35
     6408       0.3260   5.35
     6409       0.3268   5.35
     6410       0.3255   5.35
     6411       0.3257   5.35
     6412       0.3234   5.35
     6413       0.3255   5.35
     6414       0.3254   5.35
     6415       0.3239   5.35
     6416       0.3266   5.35
     6417       0.3265   5.35
     6418       0.3261   5.35
     6419       0.3261   5.35
     6420       0.3250   5.35
     6421       0.3247   5.34
     6422       0.3256   5.34
     6423       0.3261   5.35
     6424       0.3249   5.35
     6425       0.3256   5.35
     6426       0.3243   5.35
     6427       0.3258   5.35
     6428       0.3265   5.35
     6429       0.3251   5.35
     6430       0.3265   5.35
     6431       0.3268   5.35
     6432       0.3258   5.35
     6433       0.3267   5.35
     6434       0.3266   5.35
     6435       0.3255   5.35
     6436       0.3268   5.35
     6437       0.3264   5.35
     6438       0.3242   5.35
     6439       0.3243   5.35
     6440       0.3253   5.34
     6441       0.3249   5.35
     6442       0.3260   5.35
     6443       0.3260   5.34
     6444       0.3244   5.34
     6445       0.3252   5.34
     6446       0.3250   5.34
     6447       0.3259   5.35
     6448       0.3256   5.35
     6449       0.3240   5.35
     6450       0.3245   5.35
     6451       0.3254   5.35
     6452       0.3251   5.35
     6453       0.3245   5.35
     6454       0.3253   5.35
     6455       0.3244   5.35
     6456       0.3263   5.35
     6457       0.3255   5.35
     6458       0.3236   5.35
     6459       0.3258   5.35
     6460       0.3255   5.35
     6461       0.3264   5.35
     6462       0.3270   5.35
     6463       0.3262   5.35
     6464       0.3240   5.35
     6465       0.3257   5.35
     6466       0.3257   5.35
     6467       0.3258   5.35
     6468       0.3267   5.35
     6469       0.3264   5.35
     6470       0.3255   5.35
     6471       0.3245   5.35
     6472       0.3255   5.35
     6473       0.3257   5.35
     6474       0.3262   5.35
     6475       0.3237   5.35
     6476       0.3248   5.35
     6477       0.3249   5.35
     6478       0.3251   5.35
     6479       0.3272   5.35
     6480       0.3267   5.35
     6481       0.3265   5.35
     6482       0.3260   5.35
     6483       0.3253   5.35
     6484       0.3246   5.35
     6485       0.3262   5.35
     6486       0.3273   5.35
     6487       0.3274   5.35
     6488       0.3267   5.35
     6489       0.3271   5.35
     6490       0.3259   5.35
     6491       0.3261   5.35
     6492       0.3253   5.35
     6493       0.3252   5.34
     6494       0.3257   5.34
     6495       0.3261   5.35
     6496       0.3259   5.35
     6497       0.3266   5.35
     6498       0.3258   5.35
     6499       0.3254   5.35
     6500       0.3254   5.35
     6501       0.3254   5.35
     6502       0.3259   5.34
     6503       0.3272   5.34
     6504       0.3262   5.35
     6505       0.3252   5.35
     6506       0.3251   5.35
     6507       0.3240   5.35
     6508       0.3261   5.35
     6509       0.3257   5.35
     6510       0.3245   5.35
     6511       0.3254   5.35
     6512       0.3253   5.35
     6513       0.3230   5.35
     6514       0.3255   5.35
     6515       0.3266   5.35
     6516       0.3254   5.35
     6517       0.3255   5.35
     6518       0.3252   5.35
     6519       0.3249   5.35
     6520       0.3258   5.35
     6521       0.3258   5.35
     6522       0.3261   5.35
     6523       0.3235   5.35
     6524       0.3263   5.35
     6525       0.3251   5.35
     6526       0.3258   5.35
     6527       0.3251   5.35
     6528       0.3255   5.35
     6529       0.3261   5.35
     6530       0.3250   5.35
     6531       0.3261   5.35
     6532       0.3269   5.35
     6533       0.3259   5.35
     6534       0.3256   5.35
     6535       0.3255   5.35
     6536       0.3249   5.35
     6537       0.3244   5.35
     6538       0.3256   5.35
     6539       0.3251   5.35
     6540       0.3257   5.35
     6541       0.3259   5.35
     6542       0.3250   5.35
     6543       0.3260   5.35
     6544       0.3256   5.35
     6545       0.3244   5.35
     6546       0.3250   5.35
     6547       0.3260   5.35
     6548       0.3248   5.35
     6549       0.3264   5.35
     6550       0.3257   5.35
     6551       0.3249   5.35
     6552       0.3252   5.35
     6553       0.3251   5.35
     6554       0.3250   5.35
     6555       0.3242   5.35
     6556       0.3239   5.35
     6557       0.3252   5.35
     6558       0.3250   5.35
     6559       0.3250   5.35
     6560       0.3251   5.35
     6561       0.3256   5.35
     6562       0.3247   5.35
     6563       0.3255   5.35
     6564       0.3258   5.35
     6565       0.3250   5.35
     6566       0.3255   5.35
     6567       0.3253   5.35
     6568       0.3264   5.35
     6569       0.3266   5.35
     6570       0.3261   5.35
     6571       0.3248   5.35
     6572       0.3264   5.35
     6573       0.3267   5.35
     6574       0.3251   5.35
     6575       0.3263   5.35
     6576       0.3263   5.35
     6577       0.3254   5.35
     6578       0.3256   5.35
     6579       0.3254   5.34
     6580       0.3235   5.34
     6581       0.3250   5.34
     6582       0.3256   5.35
     6583       0.3251   5.35
     6584       0.3251   5.35
     6585       0.3264   5.35
     6586       0.3252   5.35
     6587       0.3244   5.35
     6588       0.3244   5.34
     6589       0.3241   5.34
     6590       0.3248   5.34
     6591       0.3256   5.35
     6592       0.3267   5.35
     6593       0.3266   5.35
     6594       0.3259   5.35
     6595       0.3254   5.35
     6596       0.3249   5.34
     6597       0.3245   5.34
     6598       0.3252   5.34
     6599       0.3256   5.34
     6600       0.3250   5.35
     6601       0.3250   5.35
     6602       0.3247   5.35
     6603       0.3258   5.35
     6604       0.3261   5.35
     6605       0.3243   5.34
     6606       0.3259   5.34
     6607       0.3250   5.35
     6608       0.3247   5.34
     6609       0.3258   5.34
     6610       0.3251   5.34
     6611       0.3248   5.34
     6612       0.3249   5.34
     6613       0.3254   5.35
     6614       0.3251   5.35
     6615       0.3262   5.35
     6616       0.3261   5.35
     6617       0.3251   5.35
     6618       0.3266   5.35
     6619       0.3266   5.35
     6620       0.3245   5.35
     6621       0.3256   5.35
     6622       0.3257   5.35
     6623       0.3260   5.35
     6624       0.3254   5.35
     6625       0.3257   5.35
     6626       0.3255   5.35
     6627       0.3251   5.35
     6628       0.3261   5.35
     6629       0.3253   5.35
     6630       0.3256   5.35
     6631       0.3250   5.35
     6632       0.3271   5.35
     6633       0.3271   5.35
     6634       0.3254   5.35
     6635       0.3255   5.35
     6636       0.3258   5.35
     6637       0.3245   5.35
     6638       0.3249   5.35
     6639       0.3250   5.35
     6640       0.3242   5.35
     6641       0.3255   5.35
     6642       0.3255   5.34
     6643       0.3254   5.35
     6644       0.3254   5.35
     6645       0.3249   5.34
     6646       0.3238   5.35
     6647       0.3265   5.35
     6648       0.3266   5.35
     6649       0.3261   5.35
     6650       0.3263   5.35
     6651       0.3255   5.35
     6652       0.3233   5.35
     6653       0.3249   5.35
     6654       0.3247   5.35
     6655       0.3252   5.35
     6656       0.3260   5.35
     6657       0.3238   5.35
     6658       0.3255   5.35
     6659       0.3254   5.35
     6660       0.3235   5.35
     6661       0.3240   5.35
     6662       0.3249   5.35
     6663       0.3262   5.34
     6664       0.3275   5.34
     6665       0.3256   5.35
     6666       0.3266   5.35
     6667       0.3269   5.35
     6668       0.3267   5.35
     6669       0.3248   5.35
     6670       0.3352   5.35
     6671       0.3264   5.35
     6672       0.3248   5.35
     6673       0.3260   5.35
     6674       0.3263   5.35
     6675       0.3259   5.34
     6676       0.3246   5.34
     6677       0.3239   5.35
     6678       0.3243   5.34
     6679       0.3251   5.34
     6680       0.3240   5.35
     6681       0.3244   5.35
     6682       0.3251   5.35
     6683       0.3228   5.35
     6684       0.3251   5.35
     6685       0.3245   5.35
     6686       0.3247   5.35
     6687       0.3269   5.35
     6688       0.3251   5.35
     6689       0.3250   5.35
     6690       0.3253   5.35
     6691       0.3249   5.35
     6692       0.3247   5.35
     6693       0.3249   5.35
     6694       0.3245   5.34
     6695       0.3266   5.34
     6696       0.3256   5.34
     6697       0.3237   5.35
     6698       0.3237   5.35
     6699       0.3250   5.35
     6700       0.3261   5.35
     6701       0.3252   5.35
     6702       0.3263   5.35
     6703       0.3270   5.35
     6704       0.3246   5.35
     6705       0.3248   5.35
     6706       0.3244   5.35
     6707       0.3240   5.35
     6708       0.3250   5.35
     6709       0.3240   5.35
     6710       0.3247   5.35
     6711       0.3254   5.35
     6712       0.3254   5.35
     6713       0.3253   5.35
     6714       0.3249   5.35
     6715       0.3250   5.35
     6716       0.3238   5.35
     6717       0.3257   5.35
     6718       0.3238   5.35
     6719       0.3261   5.35
     6720       0.3263   5.35
     6721       0.3262   5.35
     6722       0.3262   5.35
     6723       0.3262   5.35
     6724       0.3253   5.35
     6725       0.3243   5.35
     6726       0.3238   5.35
     6727       0.3237   5.35
     6728       0.3247   5.35
     6729       0.3254   5.35
     6730       0.3243   5.35
     6731       0.3254   5.35
     6732       0.3252   5.35
     6733       0.3254   5.35
     6734       0.3250   5.35
     6735       0.3252   5.35
     6736       0.3262   5.35
     6737       0.3263   5.35
     6738       0.3264   5.35
     6739       0.3256   5.35
     6740       0.3259   5.35
     6741       0.3255   5.35
     6742       0.3242   5.35
     6743       0.3235   5.35
     6744       0.3243   5.35
     6745       0.3262   5.35
     6746       0.3259   5.35
     6747       0.3250   5.35
     6748       0.3252   5.35
     6749       0.3253   5.35
     6750       0.3257   5.35
     6751       0.3262   5.35
     6752       0.3253   5.35
     6753       0.3260   5.35
     6754       0.3258   5.35
     6755       0.3249   5.34
     6756       0.3249   5.34
     6757       0.3252   5.34
     6758       0.3234   5.35
     6759       0.3253   5.35
     6760       0.3253   5.35
     6761       0.3251   5.35
     6762       0.3249   5.35
     6763       0.3254   5.35
     6764       0.3265   5.35
     6765       0.3248   5.35
     6766       0.3253   5.35
     6767       0.3230   5.35
     6768       0.3255   5.35
     6769       0.3256   5.35
     6770       0.3250   5.35
     6771       0.3249   5.35
     6772       0.3248   5.35
     6773       0.3259   5.35
     6774       0.3250   5.35
     6775       0.3249   5.35
     6776       0.3248   5.35
     6777       0.3259   5.35
     6778       0.3255   5.35
     6779       0.3259   5.35
     6780       0.3265   5.35
     6781       0.3254   5.35
     6782       0.3248   5.35
     6783       0.3262   5.35
     6784       0.3261   5.35
     6785       0.3263   5.35
     6786       0.3257   5.35
     6787       0.3233   5.35
     6788       0.3260   5.35
     6789       0.3253   5.35
     6790       0.3245   5.35
     6791       0.3260   5.35
     6792       0.3259   5.35
     6793       0.3240   5.35
     6794       0.3244   5.35
     6795       0.3253   5.34
     6796       0.3238   5.35
     6797       0.3252   5.35
     6798       0.3259   5.35
     6799       0.3253   5.34
     6800       0.3261   5.34
     6801       0.3252   5.35
     6802       0.3247   5.35
     6803       0.3253   5.35
     6804       0.3250   5.35
     6805       0.3226   5.34
     6806       0.3253   5.34
     6807       0.3251   5.35
     6808       0.3258   5.35
     6809       0.3246   5.35
     6810       0.3249   5.35
     6811       0.3251   5.35
     6812       0.3252   5.35
     6813       0.3249   5.35
     6814       0.3251   5.35
     6815       0.3249   5.35
     6816       0.3251   5.35
     6817       0.3269   5.35
     6818       0.3250   5.35
     6819       0.3250   5.35
     6820       0.3263   5.35
     6821       0.3261   5.35
     6822       0.3245   5.35
     6823       0.3251   5.35
     6824       0.3254   5.35
     6825       0.3241   5.35
     6826       0.3249   5.35
     6827       0.3246   5.35
     6828       0.3249   5.35
     6829       0.3259   5.35
     6830       0.3236   5.35
     6831       0.3273   5.35
     6832       0.3256   5.35
     6833       0.3248   5.35
     6834       0.3257   5.35
     6835       0.3262   5.35
     6836       0.3248   5.35
     6837       0.3252   5.35
     6838       0.3253   5.35
     6839       0.3257   5.35
     6840       0.3246   5.35
     6841       0.3239   5.35
     6842       0.3246   5.35
     6843       0.3261   5.35
     6844       0.3258   5.35
     6845       0.3262   5.35
     6846       0.3261   5.35
     6847       0.3257   5.35
     6848       0.3237   5.35
     6849       0.3256   5.35
     6850       0.3263   5.35
     6851       0.3230   5.35
     6852       0.3257   5.35
     6853       0.3265   5.35
     6854       0.3247   5.35
     6855       0.3258   5.35
     6856       0.3234   5.35
     6857       0.3253   5.35
     6858       0.3249   5.35
     6859       0.3244   5.35
     6860       0.3236   5.35
     6861       0.3242   5.35
     6862       0.3239   5.35
     6863       0.3261   5.35
     6864       0.3260   5.35
     6865       0.3254   5.35
     6866       0.3251   5.35
     6867       0.3246   5.34
     6868       0.3240   5.35
     6869       0.3257   5.35
     6870       0.3250   5.35
     6871       0.3235   5.35
     6872       0.3244   5.35
     6873       0.3251   5.35
     6874       0.3257   5.35
     6875       0.3264   5.35
     6876       0.3265   5.35
     6877       0.3248   5.35
     6878       0.3258   5.35
     6879       0.3263   5.35
     6880       0.3248   5.35
     6881       0.3265   5.35
     6882       0.3265   5.35
     6883       0.3257   5.35
     6884       0.3256   5.35
     6885       0.3240   5.35
     6886       0.3257   5.35
     6887       0.3254   5.35
     6888       0.3257   5.35
     6889       0.3262   5.35
     6890       0.3262   5.34
     6891       0.3257   5.35
     6892       0.3252   5.35
     6893       0.3254   5.35
     6894       0.3253   5.35
     6895       0.3250   5.35
     6896       0.3246   5.35
     6897       0.3241   5.35
     6898       0.3261   5.35
     6899       0.3264   5.35
     6900       0.3268   5.35
     6901       0.3277   5.35
     6902       0.3274   5.35
     6903       0.3242   5.34
     6904       0.3258   5.34
     6905       0.3266   5.35
     6906       0.3248   5.35
     6907       0.3259   5.35
     6908       0.3258   5.35
     6909       0.3246   5.35
     6910       0.3250   5.34
     6911       0.3244   5.34
     6912       0.3240   5.34
     6913       0.3249   5.34
     6914       0.3255   5.35
     6915       0.3278   5.35
     6916       0.3283   5.34
     6917       0.3258   5.34
     6918       0.3242   5.34
     6919       0.3243   5.34
     6920       0.3243   5.34
     6921       0.3254   5.34
     6922       0.3250   5.35
     6923       0.3254   5.35
     6924       0.3258   5.35
     6925       0.3245   5.34
     6926       0.3244   5.35
     6927       0.3231   5.35
     6928       0.3247   5.35
     6929       0.3228   5.35
     6930       0.3256   5.35
     6931       0.3252   5.35
     6932       0.3246   5.35
     6933       0.3253   5.35
     6934       0.3252   5.35
     6935       0.3266   5.35
     6936       0.3257   5.35
     6937       0.3240   5.35
     6938       0.3259   5.35
     6939       0.3259   5.35
     6940       0.3261   5.35
     6941       0.3253   5.35
     6942       0.3240   5.35
     6943       0.3255   5.35
     6944       0.3252   5.35
     6945       0.3253   5.34
     6946       0.3271   5.35
     6947       0.3260   5.35
     6948       0.3262   5.35
     6949       0.3254   5.35
     6950       0.3249   5.35
     6951       0.3249   5.34
     6952       0.3240   5.34
     6953       0.3252   5.34
     6954       0.3250   5.34
     6955       0.3246   5.35
     6956       0.3256   5.35
     6957       0.3250   5.35
     6958       0.3282   5.35
     6959       0.3276   5.35
     6960       0.3268   5.35
     6961       0.3248   5.35
     6962       0.3248   5.35
     6963       0.3251   5.35
     6964       0.3247   5.35
     6965       0.3250   5.35
     6966       0.3244   5.35
     6967       0.3242   5.35
     6968       0.3236   5.35
     6969       0.3241   5.35
     6970       0.3247   5.35
     6971       0.3251   5.34
     6972       0.3239   5.34
     6973       0.3258   5.34
     6974       0.3357   5.35
     6975       0.3231   5.35
     6976       0.3253   5.35
     6977       0.3240   5.35
     6978       0.3234   5.35
     6979       0.3256   5.35
     6980       0.3257   5.35
     6981       0.3235   5.35
     6982       0.3251   5.35
     6983       0.3235   5.35
     6984       0.3243   5.35
     6985       0.3268   5.35
     6986       0.3265   5.35
     6987       0.3254   5.35
     6988       0.3261   5.35
     6989       0.3243   5.35
     6990       0.3259   5.35
     6991       0.3263   5.35
     6992       0.3252   5.35
     6993       0.3250   5.35
     6994       0.3244   5.35
     6995       0.3242   5.35
     6996       0.3256   5.35
     6997       0.3262   5.35
     6998       0.3268   5.35
     6999       0.3248   5.35
     7000       0.3238   5.35
     7001       0.3244   5.35
     7002       0.3253   5.35
     7003       0.3248   5.35
     7004       0.3269   5.35
     7005       0.3263   5.35
     7006       0.3238   5.35
     7007       0.3241   5.35
     7008       0.3255   5.35
     7009       0.3249   5.35
     7010       0.3246   5.35
     7011       0.3253   5.35
     7012       0.3247   5.35
     7013       0.3255   5.35
     7014       0.3264   5.35
     7015       0.3245   5.35
     7016       0.3242   5.35
     7017       0.3256   5.35
     7018       0.3239   5.35
     7019       0.3255   5.35
     7020       0.3251   5.35
     7021       0.3243   5.35
     7022       0.3256   5.35
     7023       0.3268   5.35
     7024       0.3256   5.35
     7025       0.3262   5.35
     7026       0.3261   5.35
     7027       0.3248   5.35
     7028       0.3265   5.35
     7029       0.3261   5.35
     7030       0.3235   5.35
     7031       0.3252   5.35
     7032       0.3248   5.35
     7033       0.3249   5.35
     7034       0.3250   5.35
     7035       0.3243   5.35
     7036       0.3261   5.35
     7037       0.3262   5.35
     7038       0.3260   5.35
     7039       0.3255   5.35
     7040       0.3257   5.35
     7041       0.3238   5.35
     7042       0.3259   5.35
     7043       0.3259   5.35
     7044       0.3245   5.35
     7045       0.3257   5.35
     7046       0.3261   5.35
     7047       0.3250   5.35
     7048       0.3257   5.35
     7049       0.3258   5.35
     7050       0.3260   5.35
     7051       0.3258   5.35
     7052       0.3242   5.35
     7053       0.3258   5.35
     7054       0.3266   5.35
     7055       0.3260   5.35
     7056       0.3241   5.35
     7057       0.3247   5.35
     7058       0.3247   5.35
     7059       0.3244   5.35
     7060       0.3249   5.35
     7061       0.3252   5.35
     7062       0.3255   5.35
     7063       0.3259   5.35
     7064       0.3262   5.35
     7065       0.3264   5.35
     7066       0.3252   5.35
     7067       0.3235   5.35
     7068       0.3257   5.35
     7069       0.3255   5.35
     7070       0.3241   5.34
     7071       0.3248   5.34
     7072       0.3238   5.35
     7073       0.3252   5.35
     7074       0.3260   5.35
     7075       0.3265   5.35
     7076       0.3240   5.35
     7077       0.3248   5.35
     7078       0.3256   5.35
     7079       0.3232   5.35
     7080       0.3251   5.35
     7081       0.3243   5.35
     7082       0.3263   5.35
     7083       0.3262   5.35
     7084       0.3259   5.35
     7085       0.3251   5.35
     7086       0.3256   5.35
     7087       0.3252   5.35
     7088       0.3253   5.35
     7089       0.3251   5.35
     7090       0.3242   5.35
     7091       0.3255   5.35
     7092       0.3259   5.34
     7093       0.3254   5.35
     7094       0.3257   5.35
     7095       0.3252   5.35
     7096       0.3234   5.35
     7097       0.3259   5.35
     7098       0.3252   5.35
     7099       0.3238   5.35
     7100       0.3253   5.35
     7101       0.3257   5.35
     7102       0.3268   5.35
     7103       0.3255   5.35
     7104       0.3241   5.35
     7105       0.3243   5.35
     7106       0.3253   5.35
     7107       0.3250   5.34
     7108       0.3267   5.34
     7109       0.3265   5.35
     7110       0.3265   5.35
     7111       0.3251   5.35
     7112       0.3251   5.35
     7113       0.3242   5.35
     7114       0.3250   5.35
     7115       0.3251   5.35
     7116       0.3230   5.35
     7117       0.3247   5.35
     7118       0.3253   5.34
     7119       0.3246   5.35
     7120       0.3256   5.35
     7121       0.3259   5.35
     7122       0.3257   5.35
     7123       0.3261   5.35
     7124       0.3242   5.35
     7125       0.3254   5.35
     7126       0.3261   5.35
     7127       0.3263   5.35
     7128       0.3259   5.35
     7129       0.3250   5.35
     7130       0.3252   5.35
     7131       0.3239   5.35
     7132       0.3251   5.35
     7133       0.3245   5.35
     7134       0.3247   5.35
     7135       0.3247   5.34
     7136       0.3238   5.34
     7137       0.3277   5.34
     7138       0.3273   5.34
     7139       0.3256   5.35
     7140       0.3251   5.35
     7141       0.3239   5.35
     7142       0.3258   5.34
     7143       0.3267   5.34
     7144       0.3273   5.35
     7145       0.3263   5.35
     7146       0.3261   5.35
     7147       0.3260   5.35
     7148       0.3243   5.34
     7149       0.3249   5.34
     7150       0.3236   5.34
     7151       0.3242   5.35
     7152       0.3247   5.35
     7153       0.3231   5.35
     7154       0.3247   5.34
     7155       0.3253   5.34
     7156       0.3253   5.34
     7157       0.3256   5.34
     7158       0.3249   5.35
     7159       0.3240   5.35
     7160       0.3266   5.35
     7161       0.3255   5.35
     7162       0.3245   5.35
     7163       0.3252   5.35
     7164       0.3243   5.35
     7165       0.3249   5.35
     7166       0.3255   5.35
     7167       0.3253   5.35
     7168       0.3248   5.35
     7169       0.3245   5.35
     7170       0.3236   5.35
     7171       0.3262   5.35
     7172       0.3269   5.35
     7173       0.3271   5.35
     7174       0.3246   5.35
     7175       0.3256   5.35
     7176       0.3254   5.35
     7177       0.3251   5.35
     7178       0.3253   5.35
     7179       0.3263   5.35
     7180       0.3230   5.35
     7181       0.3260   5.35
     7182       0.3267   5.35
     7183       0.3255   5.35
     7184       0.3262   5.35
     7185       0.3253   5.35
     7186       0.3250   5.35
     7187       0.3255   5.35
     7188       0.3252   5.35
     7189       0.3252   5.35
     7190       0.3255   5.35
     7191       0.3253   5.35
     7192       0.3268   5.35
     7193       0.3274   5.35
     7194       0.3260   5.35
     7195       0.3247   5.35
     7196       0.3251   5.35
     7197       0.3256   5.34
     7198       0.3256   5.34
     7199       0.3253   5.34
     7200       0.3241   5.35
     7201       0.3253   5.35
     7202       0.3239   5.35
     7203       0.3246   5.34
     7204       0.3250   5.34
     7205       0.3251   5.34
     7206       0.3240   5.35
     7207       0.3247   5.35
     7208       0.3239   5.35
     7209       0.3269   5.35
     7210       0.3267   5.35
     7211       0.3254   5.35
     7212       0.3258   5.35
     7213       0.3260   5.35
     7214       0.3244   5.35
     7215       0.3249   5.35
     7216       0.3260   5.35
     7217       0.3254   5.35
     7218       0.3254   5.35
     7219       0.3251   5.35
     7220       0.3225   5.34
     7221       0.3255   5.34
     7222       0.3260   5.34
     7223       0.3236   5.35
     7224       0.3253   5.35
     7225       0.3261   5.35
     7226       0.3255   5.35
     7227       0.3269   5.35
     7228       0.3274   5.35
     7229       0.3244   5.35
     7230       0.3251   5.35
     7231       0.3245   5.35
     7232       0.3251   5.35
     7233       0.3257   5.35
     7234       0.3248   5.34
     7235       0.3244   5.34
     7236       0.3253   5.34
     7237       0.3257   5.35
     7238       0.3256   5.35
     7239       0.3242   5.35
     7240       0.3240   5.34
     7241       0.3251   5.34
     7242       0.3256   5.35
     7243       0.3263   5.35
     7244       0.3269   5.35
     7245       0.3265   5.35
     7246       0.3249   5.34
     7247       0.3259   5.34
     7248       0.3259   5.34
     7249       0.3243   5.35
     7250       0.3245   5.35
     7251       0.3256   5.34
     7252       0.3251   5.34
     7253       0.3256   5.34
     7254       0.3268   5.34
     7255       0.3250   5.35
     7256       0.3257   5.35
     7257       0.3258   5.35
     7258       0.3250   5.35
     7259       0.3259   5.34
     7260       0.3240   5.34
     7261       0.3253   5.34
     7262       0.3251   5.34
     7263       0.3235   5.35
     7264       0.3253   5.35
     7265       0.3259   5.35
     7266       0.3257   5.35
     7267       0.3246   5.35
     7268       0.3250   5.35
     7269       0.3251   5.35
     7270       0.3250   5.35
     7271       0.3249   5.35
     7272       0.3239   5.35
     7273       0.3262   5.35
     7274       0.3269   5.35
     7275       0.3250   5.35
     7276       0.3249   5.35
     7277       0.3237   5.35
     7278       0.3243   5.35
     7279       0.3261   5.35
     7280       0.3266   5.35
     7281       0.3245   5.35
     7282       0.3256   5.35
     7283       0.3242   5.35
     7284       0.3249   5.35
     7285       0.3253   5.35
     7286       0.3248   5.35
     7287       0.3263   5.35
     7288       0.3268   5.35
     7289       0.3258   5.35
     7290       0.3249   5.35
     7291       0.3254   5.35
     7292       0.3251   5.35
     7293       0.3262   5.35
     7294       0.3263   5.35
     7295       0.3255   5.35
     7296       0.3249   5.35
     7297       0.3253   5.35
     7298       0.3253   5.35
     7299       0.3250   5.35
     7300       0.3239   5.35
     7301       0.3242   5.35
     7302       0.3241   5.35
     7303       0.3255   5.35
     7304       0.3261   5.35
     7305       0.3258   5.35
     7306       0.3241   5.35
     7307       0.3340   5.35
     7308       0.3247   5.34
     7309       0.3236   5.35
     7310       0.3255   5.35
     7311       0.3253   5.35
     7312       0.3245   5.35
     7313       0.3253   5.35
     7314       0.3248   5.35
     7315       0.3247   5.35
     7316       0.3243   5.35
     7317       0.3252   5.35
     7318       0.3248   5.35
     7319       0.3248   5.35
     7320       0.3253   5.35
     7321       0.3255   5.35
     7322       0.3251   5.35
     7323       0.3250   5.35
     7324       0.3237   5.35
     7325       0.3263   5.35
     7326       0.3261   5.35
     7327       0.3259   5.35
     7328       0.3252   5.35
     7329       0.3249   5.35
     7330       0.3242   5.35
     7331       0.3253   5.35
     7332       0.3246   5.34
     7333       0.3258   5.34
     7334       0.3258   5.35
     7335       0.3257   5.35
     7336       0.3258   5.35
     7337       0.3255   5.35
     7338       0.3234   5.35
     7339       0.3254   5.35
     7340       0.3254   5.35
     7341       0.3241   5.35
     7342       0.3259   5.35
     7343       0.3251   5.35
     7344       0.3248   5.35
     7345       0.3248   5.35
     7346       0.3256   5.34
     7347       0.3244   5.35
     7348       0.3256   5.35
     7349       0.3251   5.35
     7350       0.3238   5.35
     7351       0.3240   5.35
     7352       0.3255   5.34
     7353       0.3250   5.35
     7354       0.3236   5.35
     7355       0.3255   5.35
     7356       0.3235   5.35
     7357       0.3254   5.35
     7358       0.3246   5.35
     7359       0.3258   5.35
     7360       0.3250   5.35
     7361       0.3246   5.35
     7362       0.3257   5.35
     7363       0.3250   5.35
     7364       0.3239   5.35
     7365       0.3244   5.35
     7366       0.3252   5.35
     7367       0.3258   5.35
     7368       0.3256   5.35
     7369       0.3252   5.35
     7370       0.3241   5.35
     7371       0.3245   5.35
     7372       0.3248   5.35
     7373       0.3253   5.35
     7374       0.3259   5.35
     7375       0.3255   5.35
     7376       0.3253   5.35
     7377       0.3259   5.35
     7378       0.3248   5.35
     7379       0.3252   5.35
     7380       0.3261   5.35
     7381       0.3248   5.35
     7382       0.3259   5.35
     7383       0.3257   5.35
     7384       0.3250   5.35
     7385       0.3251   5.35
     7386       0.3248   5.35
     7387       0.3235   5.35
     7388       0.3241   5.35
     7389       0.3261   5.35
     7390       0.3258   5.35
     7391       0.3257   5.35
     7392       0.3254   5.35
     7393       0.3255   5.35
     7394       0.3266   5.35
     7395       0.3268   5.35
     7396       0.3242   5.35
     7397       0.3248   5.35
     7398       0.3265   5.35
     7399       0.3263   5.35
     7400       0.3279   5.35
     7401       0.3278   5.35
     7402       0.3251   5.35
     7403       0.3249   5.35
     7404       0.3234   5.35
     7405       0.3234   5.35
     7406       0.3242   5.35
     7407       0.3250   5.35
     7408       0.3243   5.35
     7409       0.3245   5.34
     7410       0.3238   5.35
     7411       0.3247   5.35
     7412       0.3252   5.35
     7413       0.3248   5.35
     7414       0.3255   5.35
     7415       0.3255   5.35
     7416       0.3246   5.34
     7417       0.3254   5.34
     7418       0.3258   5.34
     7419       0.3247   5.35
     7420       0.3261   5.35
     7421       0.3271   5.35
     7422       0.3251   5.35
     7423       0.3251   5.35
     7424       0.3251   5.35
     7425       0.3246   5.34
     7426       0.3262   5.34
     7427       0.3260   5.35
     7428       0.3259   5.35
     7429       0.3278   5.35
     7430       0.3275   5.35
     7431       0.3248   5.35
     7432       0.3250   5.35
     7433       0.3237   5.35
     7434       0.3251   5.35
     7435       0.3245   5.34
     7436       0.3245   5.34
     7437       0.3271   5.34
     7438       0.3261   5.34
     7439       0.3238   5.35
     7440       0.3252   5.35
     7441       0.3252   5.34
     7442       0.3246   5.34
     7443       0.3263   5.34
     7444       0.3254   5.34
     7445       0.3244   5.35
     7446       0.3251   5.35
     7447       0.3251   5.35
     7448       0.3249   5.35
     7449       0.3253   5.35
     7450       0.3258   5.35
     7451       0.3254   5.35
     7452       0.3259   5.35
     7453       0.3252   5.35
     7454       0.3246   5.35
     7455       0.3256   5.35
     7456       0.3249   5.35
     7457       0.3255   5.35
     7458       0.3255   5.35
     7459       0.3249   5.35
     7460       0.3254   5.35
     7461       0.3257   5.35
     7462       0.3234   5.35
     7463       0.3247   5.35
     7464       0.3263   5.35
     7465       0.3251   5.35
     7466       0.3259   5.35
     7467       0.3250   5.35
     7468       0.3254   5.35
     7469       0.3262   5.35
     7470       0.3266   5.35
     7471       0.3251   5.35
     7472       0.3261   5.35
     7473       0.3274   5.35
     7474       0.3248   5.35
     7475       0.3257   5.35
     7476       0.3261   5.35
     7477       0.3248   5.35
     7478       0.3251   5.35
     7479       0.3252   5.35
     7480       0.3259   5.35
     7481       0.3264   5.35
     7482       0.3253   5.35
     7483       0.3261   5.35
     7484       0.3252   5.35
     7485       0.3260   5.34
     7486       0.3258   5.34
     7487       0.3252   5.35
     7488       0.3243   5.35
     7489       0.3250   5.35
     7490       0.3249   5.34
     7491       0.3233   5.34
     7492       0.3253   5.34
     7493       0.3252   5.35
     7494       0.3238   5.35
     7495       0.3252   5.35
     7496       0.3261   5.35
     7497       0.3270   5.35
     7498       0.3250   5.35
     7499       0.3243   5.35
     7500       0.3247   5.35
     7501       0.3253   5.35
     7502       0.3252   5.35
     7503       0.3244   5.35
     7504       0.3253   5.35
     7505       0.3253   5.35
     7506       0.3255   5.35
     7507       0.3260   5.35
     7508       0.3249   5.35
     7509       0.3262   5.35
     7510       0.3266   5.35
     7511       0.3245   5.35
     7512       0.3253   5.35
     7513       0.3254   5.35
     7514       0.3245   5.35
     7515       0.3263   5.35
     7516       0.3261   5.35
     7517       0.3249   5.35
     7518       0.3245   5.35
     7519       0.3249   5.35
     7520       0.3243   5.35
     7521       0.3246   5.35
     7522       0.3246   5.35
     7523       0.3257   5.35
     7524       0.3258   5.35
     7525       0.3266   5.35
     7526       0.3258   5.35
     7527       0.3265   5.35
     7528       0.3260   5.35
     7529       0.3238   5.35
     7530       0.3252   5.35
     7531       0.3242   5.35
     7532       0.3247   5.35
     7533       0.3244   5.35
     7534       0.3242   5.35
     7535       0.3241   5.35
     7536       0.3238   5.35
     7537       0.3235   5.35
     7538       0.3269   5.35
     7539       0.3260   5.35
     7540       0.3256   5.35
     7541       0.3254   5.35
     7542       0.3254   5.35
     7543       0.3257   5.35
     7544       0.3263   5.35
     7545       0.3256   5.35
     7546       0.3245   5.35
     7547       0.3240   5.35
     7548       0.3251   5.34
     7549       0.3261   5.35
     7550       0.3260   5.35
     7551       0.3263   5.35
     7552       0.3246   5.35
     7553       0.3238   5.35
     7554       0.3226   5.34
     7555       0.3242   5.35
     7556       0.3246   5.35
     7557       0.3232   5.35
     7558       0.3256   5.35
     7559       0.3255   5.35
     7560       0.3248   5.35
     7561       0.3256   5.35
     7562       0.3253   5.35
     7563       0.3249   5.35
     7564       0.3270   5.35
     7565       0.3266   5.35
     7566       0.3239   5.35
     7567       0.3270   5.35
     7568       0.3266   5.35
     7569       0.3253   5.35
     7570       0.3260   5.35
     7571       0.3255   5.35
     7572       0.3243   5.35
     7573       0.3249   5.35
     7574       0.3252   5.35
     7575       0.3242   5.35
     7576       0.3257   5.35
     7577       0.3256   5.34
     7578       0.3228   5.34
     7579       0.3249   5.34
     7580       0.3240   5.35
     7581       0.3253   5.35
     7582       0.3255   5.35
     7583       0.3239   5.35
     7584       0.3258   5.35
     7585       0.3256   5.35
     7586       0.3242   5.35
     7587       0.3242   5.35
     7588       0.3253   5.35
     7589       0.3242   5.35
     7590       0.3239   5.35
     7591       0.3236   5.35
     7592       0.3246   5.35
     7593       0.3237   5.35
     7594       0.3245   5.35
     7595       0.3252   5.35
     7596       0.3263   5.35
     7597       0.3256   5.35
     7598       0.3249   5.35
     7599       0.3261   5.35
     7600       0.3254   5.35
     7601       0.3254   5.35
     7602       0.3262   5.35
     7603       0.3248   5.35
     7604       0.3262   5.35
     7605       0.3245   5.35
     7606       0.3243   5.35
     7607       0.3254   5.35
     7608       0.3248   5.34
     7609       0.3236   5.35
     7610       0.3253   5.35
     7611       0.3253   5.35
     7612       0.3233   5.35
     7613       0.3245   5.35
     7614       0.3329   5.35
     7615       0.3239   5.35
     7616       0.3252   5.35
     7617       0.3257   5.35
     7618       0.3255   5.35
     7619       0.3247   5.35
     7620       0.3241   5.35
     7621       0.3248   5.35
     7622       0.3250   5.35
     7623       0.3251   5.35
     7624       0.3248   5.35
     7625       0.3258   5.35
     7626       0.3259   5.35
     7627       0.3261   5.35
     7628       0.3259   5.35
     7629       0.3252   5.35
     7630       0.3255   5.35
     7631       0.3253   5.35
     7632       0.3259   5.35
     7633       0.3259   5.35
     7634       0.3264   5.35
     7635       0.3235   5.35
     7636       0.3256   5.35
     7637       0.3262   5.35
     7638       0.3251   5.35
     7639       0.3263   5.35
     7640       0.3262   5.35
     7641       0.3246   5.35
     7642       0.3258   5.35
     7643       0.3251   5.35
     7644       0.3227   5.35
     7645       0.3249   5.35
     7646       0.3249   5.35
     7647       0.3241   5.35
     7648       0.3253   5.35
     7649       0.3237   5.35
     7650       0.3247   5.34
     7651       0.3259   5.34
     7652       0.3256   5.34
     7653       0.3253   5.35
     7654       0.3253   5.35
     7655       0.3250   5.35
     7656       0.3260   5.35
     7657       0.3253   5.35
     7658       0.3235   5.35
     7659       0.3249   5.35
     7660       0.3245   5.35
     7661       0.3249   5.35
     7662       0.3251   5.35
     7663       0.3251   5.35
     7664       0.3250   5.35
     7665       0.3252   5.35
     7666       0.3250   5.35
     7667       0.3247   5.35
     7668       0.3252   5.35
     7669       0.3255   5.35
     7670       0.3252   5.35
     7671       0.3245   5.35
     7672       0.3247   5.35
     7673       0.3250   5.35
     7674       0.3252   5.35
     7675       0.3256   5.35
     7676       0.3236   5.35
     7677       0.3258   5.35
     7678       0.3253   5.35
     7679       0.3254   5.35
     7680       0.3251   5.35
     7681       0.3251   5.35
     7682       0.3255   5.35
     7683       0.3250   5.35
     7684       0.3250   5.35
     7685       0.3258   5.35
     7686       0.3255   5.35
     7687       0.3252   5.35
     7688       0.3238   5.35
     7689       0.3259   5.35
     7690       0.3263   5.35
     7691       0.3250   5.35
     7692       0.3252   5.35
     7693       0.3251   5.35
     7694       0.3249   5.35
     7695       0.3258   5.35
     7696       0.3264   5.35
     7697       0.3260   5.35
     7698       0.3295   5.35
     7699       0.3244   5.35
     7700       0.3257   5.35
     7701       0.3265   5.34
     7702       0.3242   5.35
     7703       0.3247   5.35
     7704       0.3230   5.35
     7705       0.3255   5.35
     7706       0.3250   5.35
     7707       0.3244   5.35
     7708       0.3252   5.35
     7709       0.3247   5.35
     7710       0.3249   5.35
     7711       0.3260   5.35
     7712       0.3258   5.35
     7713       0.3253   5.35
     7714       0.3273   5.35
     7715       0.3271   5.35
     7716       0.3250   5.35
     7717       0.3256   5.35
     7718       0.3250   5.35
     7719       0.3240   5.34
     7720       0.3248   5.34
     7721       0.3243   5.35
     7722       0.3248   5.35
     7723       0.3253   5.35
     7724       0.3265   5.35
     7725       0.3241   5.35
     7726       0.3257   5.35
     7727       0.3244   5.35
     7728       0.3247   5.35
     7729       0.3261   5.35
     7730       0.3252   5.35
     7731       0.3257   5.35
     7732       0.3252   5.35
     7733       0.3243   5.35
     7734       0.3271   5.35
     7735       0.3268   5.35
     7736       0.3262   5.35
     7737       0.3260   5.35
     7738       0.3248   5.35
     7739       0.3257   5.35
     7740       0.3257   5.35
     7741       0.3259   5.35
     7742       0.3259   5.35
     7743       0.3258   5.35
     7744       0.3247   5.34
     7745       0.3245   5.35
     7746       0.3254   5.35
     7747       0.3251   5.35
     7748       0.3252   5.34
     7749       0.3248   5.34
     7750       0.3261   5.35
     7751       0.3251   5.35
     7752       0.3248   5.35
     7753       0.3249   5.35
     7754       0.3258   5.35
     7755       0.3259   5.35
     7756       0.3229   5.35
     7757       0.3260   5.35
     7758       0.3260   5.35
     7759       0.3249   5.35
     7760       0.3251   5.35
     7761       0.3250   5.35
     7762       0.3242   5.34
     7763       0.3252   5.34
     7764       0.3238   5.35
     7765       0.3244   5.35
     7766       0.3261   5.35
     7767       0.3253   5.35
     7768       0.3243   5.35
     7769       0.3259   5.35
     7770       0.3264   5.35
     7771       0.3254   5.35
     7772       0.3257   5.35
     7773       0.3249   5.35
     7774       0.3244   5.35
     7775       0.3256   5.35
     7776       0.3262   5.35
     7777       0.3253   5.35
     7778       0.3257   5.35
     7779       0.3252   5.35
     7780       0.3253   5.35
     7781       0.3257   5.35
     7782       0.3254   5.35
     7783       0.3250   5.35
     7784       0.3258   5.35
     7785       0.3261   5.35
     7786       0.3253   5.35
     7787       0.3259   5.35
     7788       0.3255   5.35
     7789       0.3257   5.35
     7790       0.3260   5.35
     7791       0.3263   5.35
     7792       0.3261   5.35
     7793       0.3261   5.34
     7794       0.3242   5.35
     7795       0.3250   5.35
     7796       0.3251   5.35
     7797       0.3242   5.34
     7798       0.3259   5.34
     7799       0.3243   5.35
     7800       0.3250   5.35
     7801       0.3245   5.35
     7802       0.3243   5.35
     7803       0.3256   5.35
     7804       0.3264   5.35
     7805       0.3256   5.35
     7806       0.3256   5.35
     7807       0.3254   5.35
     7808       0.3245   5.35
     7809       0.3254   5.35
     7810       0.3255   5.35
     7811       0.3253   5.35
     7812       0.3252   5.35
     7813       0.3257   5.35
     7814       0.3252   5.35
     7815       0.3255   5.35
     7816       0.3256   5.35
     7817       0.3255   5.35
     7818       0.3257   5.35
     7819       0.3259   5.35
     7820       0.3248   5.35
     7821       0.3249   5.35
     7822       0.3261   5.35
     7823       0.3250   5.35
     7824       0.3262   5.35
     7825       0.3262   5.35
     7826       0.3250   5.35
     7827       0.3256   5.35
     7828       0.3240   5.35
     7829       0.3251   5.35
     7830       0.3253   5.35
     7831       0.3250   5.35
     7832       0.3260   5.35
     7833       0.3254   5.35
     7834       0.3250   5.35
     7835       0.3257   5.35
     7836       0.3262   5.35
     7837       0.3255   5.35
     7838       0.3265   5.35
     7839       0.3264   5.35
     7840       0.3247   5.35
     7841       0.3255   5.35
     7842       0.3242   5.35
     7843       0.3254   5.35
     7844       0.3254   5.35
     7845       0.3254   5.35
     7846       0.3226   5.35
     7847       0.3247   5.35
     7848       0.3258   5.35
     7849       0.3247   5.35
     7850       0.3254   5.35
     7851       0.3257   5.35
     7852       0.3232   5.35
     7853       0.3251   5.35
     7854       0.3251   5.35
     7855       0.3237   5.35
     7856       0.3251   5.35
     7857       0.3248   5.35
     7858       0.3257   5.35
     7859       0.3258   5.35
     7860       0.3259   5.35
     7861       0.3252   5.35
     7862       0.3254   5.35
     7863       0.3247   5.35
     7864       0.3259   5.35
     7865       0.3261   5.35
     7866       0.3251   5.35
     7867       0.3264   5.35
     7868       0.3265   5.35
     7869       0.3254   5.35
     7870       0.3257   5.35
     7871       0.3254   5.35
     7872       0.3250   5.35
     7873       0.3261   5.35
     7874       0.3258   5.35
     7875       0.3252   5.35
     7876       0.3254   5.35
     7877       0.3250   5.35
     7878       0.3254   5.35
     7879       0.3257   5.35
     7880       0.3254   5.35
     7881       0.3246   5.35
     7882       0.3259   5.35
     7883       0.3252   5.35
     7884       0.3262   5.35
     7885       0.3263   5.35
     7886       0.3250   5.35
     7887       0.3256   5.35
     7888       0.3257   5.35
     7889       0.3262   5.35
     7890       0.3267   5.35
     7891       0.3259   5.35
     7892       0.3242   5.35
     7893       0.3262   5.35
     7894       0.3265   5.35
     7895       0.3268   5.35
     7896       0.3254   5.35
     7897       0.3244   5.35
     7898       0.3258   5.35
     7899       0.3252   5.35
     7900       0.3260   5.35
     7901       0.3248   5.34
     7902       0.3253   5.34
     7903       0.3247   5.35
     7904       0.3245   5.35
     7905       0.3248   5.35
     7906       0.3252   5.34
     7907       0.3252   5.34
     7908       0.3252   5.35
     7909       0.3248   5.35
     7910       0.3251   5.35
     7911       0.3246   5.35
     7912       0.3256   5.35
     7913       0.3249   5.35
     7914       0.3252   5.35
     7915       0.3255   5.35
     7916       0.3240   5.35
     7917       0.3258   5.35
     7918       0.3242   5.35
     7919       0.3254   5.35
     7920       0.3259   5.35
     7921       0.3245   5.35
     7922       0.3260   5.35
     7923       0.3268   5.35
     7924       0.3249   5.35
     7925       0.3255   5.35
     7926       0.3257   5.35
     7927       0.3254   5.35
     7928       0.3257   5.35
     7929       0.3257   5.35
     7930       0.3254   5.35
     7931       0.3263   5.35
     7932       0.3249   5.35
     7933       0.3258   5.35
     7934       0.3262   5.35
     7935       0.3261   5.35
     7936       0.3243   5.35
     7937       0.3248   5.34
     7938       0.3249   5.34
     7939       0.3246   5.34
     7940       0.3253   5.34
     7941       0.3246   5.35
     7942       0.3241   5.35
     7943       0.3352   5.34
     7944       0.3253   5.34
     7945       0.3243   5.34
     7946       0.3255   5.35
     7947       0.3241   5.35
     7948       0.3254   5.35
     7949       0.3252   5.35
     7950       0.3234   5.35
     7951       0.3250   5.35
     7952       0.3251   5.35
     7953       0.3241   5.35
     7954       0.3248   5.35
     7955       0.3242   5.35
     7956       0.3231   5.35
     7957       0.3247   5.35
     7958       0.3242   5.35
     7959       0.3246   5.35
     7960       0.3251   5.35
     7961       0.3250   5.35
     7962       0.3251   5.35
     7963       0.3255   5.35
     7964       0.3258   5.35
     7965       0.3259   5.35
     7966       0.3258   5.35
     7967       0.3250   5.35
     7968       0.3266   5.35
     7969       0.3266   5.35
     7970       0.3241   5.35
     7971       0.3265   5.35
     7972       0.3256   5.35
     7973       0.3246   5.35
     7974       0.3259   5.35
     7975       0.3256   5.35
     7976       0.3251   5.34
     7977       0.3255   5.34
     7978       0.3233   5.34
     7979       0.3245   5.35
     7980       0.3247   5.35
     7981       0.3247   5.35
     7982       0.3240   5.35
     7983       0.3261   5.35
     7984       0.3263   5.35
     7985       0.3269   5.35
     7986       0.3259   5.35
     7987       0.3246   5.35
     7988       0.3253   5.35
     7989       0.3250   5.35
     7990       0.3238   5.35
     7991       0.3256   5.35
     7992       0.3261   5.35
     7993       0.3258   5.35
     7994       0.3267   5.35
     7995       0.3262   5.35
     7996       0.3227   5.35
     7997       0.3240   5.35
     7998       0.3261   5.35
     7999       0.3265   5.35
     8000       0.3264   5.35
     8001       0.3259   5.35
     8002       0.3250   5.35
     8003       0.3251   5.35
     8004       0.3243   5.35
     8005       0.3246   5.35
     8006       0.3253   5.35
     8007       0.3249   5.34
     8008       0.3247   5.34
     8009       0.3264   5.35
     8010       0.3257   5.35
     8011       0.3263   5.35
     8012       0.3257   5.35
     8013       0.3247   5.34
     8014       0.3253   5.34
     8015       0.3256   5.34
     8016       0.3244   5.35
     8017       0.3248   5.35
     8018       0.3230   5.35
     8019       0.3243   5.35
     8020       0.3262   5.35
     8021       0.3255   5.35
     8022       0.3252   5.35
     8023       0.3255   5.35
     8024       0.3252   5.35
     8025       0.3256   5.35
     8026       0.3255   5.35
     8027       0.3258   5.35
     8028       0.3232   5.35
     8029       0.3251   5.35
     8030       0.3251   5.35
     8031       0.3234   5.35
     8032       0.3259   5.35
     8033       0.3252   5.35
     8034       0.3269   5.35
     8035       0.3254   5.35
     8036       0.3231   5.35
     8037       0.3250   5.35
     8038       0.3255   5.35
     8039       0.3249   5.35
     8040       0.3256   5.35
     8041       0.3253   5.35
     8042       0.3254   5.35
     8043       0.3252   5.35
     8044       0.3258   5.35
     8045       0.3248   5.35
     8046       0.3261   5.35
     8047       0.3265   5.35
     8048       0.3247   5.35
     8049       0.3243   5.35
     8050       0.3249   5.35
     8051       0.3262   5.35
     8052       0.3274   5.35
     8053       0.3256   5.35
     8054       0.3252   5.35
     8055       0.3268   5.35
     8056       0.3248   5.35
     8057       0.3249   5.35
     8058       0.3251   5.35
     8059       0.3246   5.34
     8060       0.3259   5.34
     8061       0.3266   5.34
     8062       0.3249   5.35
     8063       0.3258   5.35
     8064       0.3244   5.35
     8065       0.3234   5.35
     8066       0.3252   5.35
     8067       0.3252   5.35
     8068       0.3257   5.35
     8069       0.3260   5.35
     8070       0.3258   5.35
     8071       0.3249   5.35
     8072       0.3263   5.35
     8073       0.3253   5.35
     8074       0.3271   5.35
     8075       0.3265   5.35
     8076       0.3264   5.35
     8077       0.3236   5.35
     8078       0.3252   5.35
     8079       0.3258   5.35
     8080       0.3251   5.35
     8081       0.3259   5.35
     8082       0.3265   5.35
     8083       0.3266   5.35
     8084       0.3260   5.34
     8085       0.3245   5.35
     8086       0.3252   5.35
     8087       0.3251   5.34
     8088       0.3259   5.35
     8089       0.3266   5.35
     8090       0.3240   5.34
     8091       0.3243   5.34
     8092       0.3242   5.34
     8093       0.3258   5.34
     8094       0.3261   5.34
     8095       0.3271   5.34
     8096       0.3258   5.34
     8097       0.3257   5.34
     8098       0.3259   5.34
     8099       0.3264   5.34
     8100       0.3244   5.34
     8101       0.3251   5.34
     8102       0.3252   5.34
     8103       0.3237   5.34
     8104       0.3253   5.34
     8105       0.3258   5.34
     8106       0.3243   5.35
     8107       0.3249   5.35
     8108       0.3238   5.35
     8109       0.3251   5.35
     8110       0.3240   5.35
     8111       0.3237   5.35
     8112       0.3260   5.35
     8113       0.3254   5.35
     8114       0.3255   5.35
     8115       0.3260   5.35
     8116       0.3257   5.35
     8117       0.3260   5.35
     8118       0.3266   5.35
     8119       0.3271   5.35
     8120       0.3263   5.35
     8121       0.3265   5.35
     8122       0.3249   5.34
     8123       0.3258   5.34
     8124       0.3258   5.34
     8125       0.3252   5.35
     8126       0.3257   5.34
     8127       0.3254   5.34
     8128       0.3249   5.34
     8129       0.3248   5.34
     8130       0.3260   5.34
     8131       0.3253   5.35
     8132       0.3247   5.34
     8133       0.3246   5.34
     8134       0.3246   5.34
     8135       0.3258   5.34
     8136       0.3258   5.34
     8137       0.3248   5.35
     8138       0.3260   5.35
     8139       0.3250   5.35
     8140       0.3244   5.35
     8141       0.3263   5.35
     8142       0.3264   5.35
     8143       0.3248   5.35
     8144       0.3254   5.35
     8145       0.3256   5.35
     8146       0.3250   5.35
     8147       0.3251   5.35
     8148       0.3257   5.35
     8149       0.3247   5.35
     8150       0.3259   5.35
     8151       0.3261   5.35
     8152       0.3259   5.35
     8153       0.3262   5.35
     8154       0.3248   5.35
     8155       0.3254   5.35
     8156       0.3264   5.35
     8157       0.3258   5.34
     8158       0.3241   5.35
     8159       0.3252   5.35
     8160       0.3244   5.35
     8161       0.3251   5.35
     8162       0.3254   5.35
     8163       0.3258   5.35
     8164       0.3262   5.35
     8165       0.3259   5.35
     8166       0.3256   5.35
     8167       0.3248   5.35
     8168       0.3248   5.35
     8169       0.3248   5.35
     8170       0.3269   5.35
     8171       0.3259   5.35
     8172       0.3255   5.35
     8173       0.3270   5.35
     8174       0.3260   5.35
     8175       0.3246   5.35
     8176       0.3254   5.35
     8177       0.3253   5.35
     8178       0.3254   5.34
     8179       0.3264   5.34
     8180       0.3230   5.35
     8181       0.3241   5.35
     8182       0.3254   5.35
     8183       0.3250   5.35
     8184       0.3250   5.35
     8185       0.3258   5.35
     8186       0.3251   5.35
     8187       0.3261   5.35
     8188       0.3255   5.35
     8189       0.3240   5.35
     8190       0.3255   5.35
     8191       0.3255   5.35
     8192       0.3249   5.35
     8193       0.3254   5.35
     8194       0.3260   5.35
     8195       0.3259   5.35
     8196       0.3267   5.35
     8197       0.3260   5.35
     8198       0.3251   5.35
     8199       0.3252   5.35
     8200       0.3247   5.35
     8201       0.3253   5.35
     8202       0.3262   5.35
     8203       0.3254   5.35
     8204       0.3251   5.35
     8205       0.3258   5.35
     8206       0.3251   5.35
     8207       0.3252   5.35
     8208       0.3255   5.35
     8209       0.3234   5.35
     8210       0.3256   5.35
     8211       0.3256   5.35
     8212       0.3252   5.35
     8213       0.3255   5.35
     8214       0.3261   5.35
     8215       0.3253   5.35
     8216       0.3272   5.35
     8217       0.3258   5.35
     8218       0.3248   5.35
     8219       0.3262   5.35
     8220       0.3262   5.35
     8221       0.3251   5.35
     8222       0.3258   5.35
     8223       0.3256   5.35
     8224       0.3226   5.35
     8225       0.3255   5.35
     8226       0.3258   5.35
     8227       0.3255   5.35
     8228       0.3269   5.35
     8229       0.3266   5.35
     8230       0.3247   5.35
     8231       0.3254   5.35
     8232       0.3257   5.35
     8233       0.3243   5.34
     8234       0.3248   5.34
     8235       0.3251   5.35
     8236       0.3261   5.35
     8237       0.3266   5.35
     8238       0.3238   5.35
     8239       0.3255   5.35
     8240       0.3263   5.35
     8241       0.3262   5.35
     8242       0.3266   5.35
     8243       0.3253   5.35
     8244       0.3257   5.35
     8245       0.3263   5.35
     8246       0.3256   5.35
     8247       0.3248   5.35
     8248       0.3264   5.35
     8249       0.3248   5.35
     8250       0.3229   5.35
     8251       0.3252   5.35
     8252       0.3252   5.35
     8253       0.3245   5.35
     8254       0.3259   5.35
     8255       0.3256   5.35
     8256       0.3260   5.35
     8257       0.3258   5.35
     8258       0.3255   5.35
     8259       0.3245   5.35
     8260       0.3260   5.35
     8261       0.3247   5.35
     8262       0.3247   5.35
     8263       0.3252   5.35
     8264       0.3235   5.35
     8265       0.3246   5.35
     8266       0.3262   5.35
     8267       0.3264   5.35
     8268       0.3267   5.35
     8269       0.3256   5.35
     8270       0.3252   5.35
     8271       0.3260   5.35
     8272       0.3264   5.35
     8273       0.3253   5.35
     8274       0.3264   5.35
     8275       0.3259   5.35
     8276       0.3263   5.35
     8277       0.3259   5.35
     8278       0.3255   5.35
     8279       0.3247   5.35
     8280       0.3257   5.35
     8281       0.3246   5.35
     8282       0.3234   5.35
     8283       0.3244   5.35
     8284       0.3255   5.35
     8285       0.3242   5.35
     8286       0.3263   5.35
     8287       0.3249   5.35
     8288       0.3261   5.35
     8289       0.3261   5.35
     8290       0.3248   5.35
     8291       0.3269   5.35
     8292       0.3267   5.35
     8293       0.3259   5.35
     8294       0.3258   5.35
     8295       0.3255   5.35
     8296       0.3240   5.35
     8297       0.3248   5.35
     8298       0.3256   5.34
     8299       0.3247   5.34
     8300       0.3239   5.34
     8301       0.3256   5.35
     8302       0.3255   5.35
     8303       0.3264   5.35
     8304       0.3268   5.35
     8305       0.3242   5.35
     8306       0.3249   5.35
     8307       0.3251   5.34
     8308       0.3233   5.35
     8309       0.3265   5.35
     8310       0.3256   5.35
     8311       0.3265   5.35
     8312       0.3262   5.35
     8313       0.3258   5.35
     8314       0.3268   5.35
     8315       0.3250   5.35
     8316       0.3246   5.35
     8317       0.3264   5.35
     8318       0.3259   5.35
     8319       0.3263   5.35
     8320       0.3272   5.35
     8321       0.3260   5.35
     8322       0.3241   5.35
     8323       0.3252   5.35
     8324       0.3249   5.34
     8325       0.3247   5.34
     8326       0.3250   5.34
     8327       0.3247   5.35
     8328       0.3253   5.35
     8329       0.3255   5.35
     8330       0.3256   5.35
     8331       0.3258   5.35
     8332       0.3253   5.35
     8333       0.3248   5.35
     8334       0.3246   5.35
     8335       0.3259   5.35
     8336       0.3268   5.35
     8337       0.3250   5.35
     8338       0.3245   5.35
     8339       0.3249   5.35
     8340       0.3251   5.35
     8341       0.3263   5.35
     8342       0.3257   5.35
     8343       0.3262   5.35
     8344       0.3247   5.35
     8345       0.3245   5.35
     8346       0.3262   5.35
     8347       0.3265   5.35
     8348       0.3269   5.35
     8349       0.3261   5.35
     8350       0.3253   5.35
     8351       0.3246   5.35
     8352       0.3261   5.35
     8353       0.3253   5.35
     8354       0.3245   5.35
     8355       0.3251   5.35
     8356       0.3246   5.35
     8357       0.3260   5.35
     8358       0.3260   5.35
     8359       0.3255   5.35
     8360       0.3245   5.35
     8361       0.3263   5.35
     8362       0.3268   5.35
     8363       0.3236   5.35
     8364       0.3256   5.35
     8365       0.3249   5.35
     8366       0.3279   5.35
     8367       0.3261   5.35
     8368       0.3251   5.35
     8369       0.3262   5.35
     8370       0.3258   5.35
     8371       0.3240   5.34
     8372       0.3249   5.34
     8373       0.3256   5.35
     8374       0.3252   5.35
     8375       0.3257   5.35
     8376       0.3253   5.35
     8377       0.3229   5.35
     8378       0.3254   5.35
     8379       0.3241   5.35
     8380       0.3243   5.35
     8381       0.3258   5.35
     8382       0.3255   5.35
     8383       0.3245   5.35
     8384       0.3246   5.35
     8385       0.3257   5.35
     8386       0.3251   5.35
     8387       0.3269   5.35
     8388       0.3259   5.35
     8389       0.3253   5.35
     8390       0.3243   5.35
     8391       0.3247   5.35
     8392       0.3270   5.35
     8393       0.3260   5.35
     8394       0.3249   5.35
     8395       0.3253   5.35
     8396       0.3260   5.35
     8397       0.3245   5.35
     8398       0.3267   5.35
     8399       0.3263   5.35
     8400       0.3247   5.35
     8401       0.3252   5.35
     8402       0.3256   5.35
     8403       0.3236   5.34
     8404       0.3251   5.34
     8405       0.3248   5.34
     8406       0.3241   5.35
     8407       0.3257   5.35
     8408       0.3260   5.35
     8409       0.3255   5.35
     8410       0.3253   5.35
     8411       0.3245   5.35
     8412       0.3242   5.35
     8413       0.3259   5.35
     8414       0.3235   5.35
     8415       0.3262   5.35
     8416       0.3268   5.35
     8417       0.3259   5.35
     8418       0.3262   5.35
     8419       0.3254   5.35
     8420       0.3243   5.35
     8421       0.3254   5.35
     8422       0.3257   5.34
     8423       0.3261   5.34
     8424       0.3265   5.34
     8425       0.3253   5.35
     8426       0.3238   5.35
     8427       0.3256   5.35
     8428       0.3251   5.35
     8429       0.3248   5.35
     8430       0.3263   5.35
     8431       0.3264   5.35
     8432       0.3251   5.35
     8433       0.3261   5.35
     8434       0.3258   5.35
     8435       0.3239   5.35
     8436       0.3257   5.35
     8437       0.3254   5.35
     8438       0.3231   5.35
     8439       0.3266   5.35
     8440       0.3249   5.35
     8441       0.3267   5.35
     8442       0.3251   5.35
     8443       0.3244   5.35
     8444       0.3258   5.35
     8445       0.3253   5.35
     8446       0.3247   5.35
     8447       0.3264   5.35
     8448       0.3251   5.35
     8449       0.3245   5.35
     8450       0.3256   5.35
     8451       0.3260   5.35
     8452       0.3252   5.34
     8453       0.3250   5.34
     8454       0.3250   5.34
     8455       0.3242   5.35
     8456       0.3254   5.35
     8457       0.3252   5.35
     8458       0.3234   5.35
     8459       0.3254   5.35
     8460       0.3252   5.35
     8461       0.3247   5.35
     8462       0.3260   5.35
     8463       0.3268   5.35
     8464       0.3246   5.35
     8465       0.3260   5.35
     8466       0.3259   5.35
     8467       0.3268   5.35
     8468       0.3254   5.35
     8469       0.3247   5.35
     8470       0.3259   5.35
     8471       0.3254   5.35
     8472       0.3243   5.35
     8473       0.3262   5.35
     8474       0.3266   5.35
     8475       0.3244   5.35
     8476       0.3255   5.35
     8477       0.3258   5.34
     8478       0.3257   5.34
     8479       0.3261   5.34
     8480       0.3255   5.35
     8481       0.3254   5.35
     8482       0.3246   5.35
     8483       0.3248   5.34
     8484       0.3238   5.35
     8485       0.3258   5.35
     8486       0.3261   5.35
     8487       0.3256   5.35
     8488       0.3252   5.35
     8489       0.3256   5.35
     8490       0.3243   5.35
     8491       0.3261   5.35
     8492       0.3254   5.35
     8493       0.3267   5.35
     8494       0.3265   5.35
     8495       0.3262   5.35
     8496       0.3265   5.35
     8497       0.3257   5.35
     8498       0.3231   5.35
     8499       0.3248   5.35
     8500       0.3238   5.35
     8501       0.3247   5.35
     8502       0.3256   5.35
     8503       0.3253   5.35
     8504       0.3247   5.35
     8505       0.3265   5.35
     8506       0.3257   5.35
     8507       0.3242   5.35
     8508       0.3262   5.35
     8509       0.3259   5.35
     8510       0.3257   5.35
     8511       0.3267   5.35
     8512       0.3269   5.35
     8513       0.3238   5.35
     8514       0.3249   5.35
     8515       0.3247   5.35
     8516       0.3250   5.35
     8517       0.3240   5.35
     8518       0.3246   5.35
     8519       0.3258   5.35
     8520       0.3250   5.35
     8521       0.3252   5.35
     8522       0.3275   5.35
     8523       0.3263   5.35
     8524       0.3253   5.35
     8525       0.3262   5.35
     8526       0.3266   5.35
     8527       0.3273   5.35
     8528       0.3277   5.35
     8529       0.3260   5.35
     8530       0.3231   5.35
     8531       0.3253   5.35
     8532       0.3258   5.35
     8533       0.3234   5.34
     8534       0.3251   5.34
     8535       0.3251   5.35
     8536       0.3248   5.34
     8537       0.3250   5.34
     8538       0.3249   5.34
     8539       0.3243   5.35
     8540       0.3249   5.35
     8541       0.3246   5.35
     8542       0.3247   5.35
     8543       0.3258   5.35
     8544       0.3250   5.35
     8545       0.3258   5.35
     8546       0.3241   5.35
     8547       0.3236   5.35
     8548       0.3249   5.35
     8549       0.3240   5.35
     8550       0.3226   5.35
     8551       0.3251   5.35
     8552       0.3247   5.35
     8553       0.3245   5.35
     8554       0.3242   5.35
     8555       0.3257   5.35
     8556       0.3255   5.35
     8557       0.3262   5.35
     8558       0.3264   5.35
     8559       0.3253   5.35
     8560       0.3252   5.35
     8561       0.3255   5.35
     8562       0.3234   5.35
     8563       0.3250   5.35
     8564       0.3259   5.35
     8565       0.3255   5.35
     8566       0.3249   5.35
     8567       0.3257   5.35
     8568       0.3267   5.35
     8569       0.3261   5.35
     8570       0.3261   5.35
     8571       0.3248   5.35
     8572       0.3257   5.35
     8573       0.3239   5.35
     8574       0.3236   5.35
     8575       0.3251   5.35
     8576       0.3241   5.35
     8577       0.3252   5.35
     8578       0.3255   5.35
     8579       0.3245   5.35
     8580       0.3256   5.35
     8581       0.3246   5.35
     8582       0.3256   5.35
     8583       0.3346   5.35
     8584       0.3255   5.35
     8585       0.3249   5.35
     8586       0.3265   5.35
     8587       0.3272   5.35
     8588       0.3245   5.35
     8589       0.3258   5.35
     8590       0.3260   5.35
     8591       0.3248   5.35
     8592       0.3251   5.35
     8593       0.3251   5.35
     8594       0.3252   5.35
     8595       0.3254   5.35
     8596       0.3249   5.35
     8597       0.3261   5.35
     8598       0.3260   5.35
     8599       0.3251   5.35
     8600       0.3256   5.35
     8601       0.3244   5.35
     8602       0.3231   5.35
     8603       0.3243   5.35
     8604       0.3246   5.35
     8605       0.3244   5.35
     8606       0.3248   5.35
     8607       0.3252   5.35
     8608       0.3251   5.35
     8609       0.3268   5.35
     8610       0.3266   5.35
     8611       0.3249   5.35
     8612       0.3253   5.35
     8613       0.3269   5.35
     8614       0.3251   5.35
     8615       0.3261   5.35
     8616       0.3251   5.35
     8617       0.3246   5.35
     8618       0.3239   5.35
     8619       0.3255   5.35
     8620       0.3263   5.35
     8621       0.3263   5.35
     8622       0.3242   5.35
     8623       0.3257   5.35
     8624       0.3260   5.34
     8625       0.3254   5.35
     8626       0.3255   5.35
     8627       0.3254   5.35
     8628       0.3243   5.35
     8629       0.3256   5.35
     8630       0.3258   5.35
     8631       0.3247   5.35
     8632       0.3261   5.35
     8633       0.3263   5.35
     8634       0.3252   5.35
     8635       0.3259   5.35
     8636       0.3259   5.35
     8637       0.3253   5.35
     8638       0.3260   5.35
     8639       0.3248   5.35
     8640       0.3241   5.35
     8641       0.3255   5.35
     8642       0.3250   5.35
     8643       0.3266   5.35
     8644       0.3267   5.35
     8645       0.3259   5.35
     8646       0.3256   5.35
     8647       0.3260   5.35
     8648       0.3242   5.35
     8649       0.3251   5.35
     8650       0.3251   5.35
     8651       0.3239   5.35
     8652       0.3252   5.35
     8653       0.3251   5.35
     8654       0.3246   5.35
     8655       0.3257   5.35
     8656       0.3258   5.35
     8657       0.3250   5.35
     8658       0.3259   5.35
     8659       0.3265   5.35
     8660       0.3253   5.35
     8661       0.3264   5.35
     8662       0.3264   5.35
     8663       0.3246   5.35
     8664       0.3253   5.35
     8665       0.3250   5.35
     8666       0.3251   5.35
     8667       0.3252   5.35
     8668       0.3233   5.35
     8669       0.3256   5.35
     8670       0.3258   5.35
     8671       0.3246   5.35
     8672       0.3244   5.35
     8673       0.3244   5.35
     8674       0.3252   5.35
     8675       0.3262   5.35
     8676       0.3264   5.35
     8677       0.3247   5.35
     8678       0.3258   5.35
     8679       0.3263   5.35
     8680       0.3262   5.35
     8681       0.3256   5.35
     8682       0.3258   5.35
     8683       0.3258   5.35
     8684       0.3257   5.35
     8685       0.3256   5.35
     8686       0.3266   5.35
     8687       0.3280   5.35
     8688       0.3274   5.35
     8689       0.3262   5.35
     8690       0.3269   5.35
     8691       0.3267   5.35
     8692       0.3256   5.35
     8693       0.3258   5.35
     8694       0.3249   5.35
     8695       0.3250   5.35
     8696       0.3256   5.34
     8697       0.3243   5.35
     8698       0.3254   5.35
     8699       0.3248   5.35
     8700       0.3248   5.35
     8701       0.3252   5.35
     8702       0.3247   5.35
     8703       0.3242   5.35
     8704       0.3262   5.35
     8705       0.3262   5.35
     8706       0.3252   5.35
     8707       0.3256   5.35
     8708       0.3254   5.35
     8709       0.3248   5.35
     8710       0.3255   5.35
     8711       0.3259   5.35
     8712       0.3252   5.35
     8713       0.3252   5.35
     8714       0.3254   5.35
     8715       0.3247   5.35
     8716       0.3252   5.35
     8717       0.3253   5.35
     8718       0.3258   5.35
     8719       0.3253   5.35
     8720       0.3251   5.35
     8721       0.3255   5.35
     8722       0.3258   5.35
     8723       0.3265   5.35
     8724       0.3260   5.35
     8725       0.3258   5.35
     8726       0.3243   5.35
     8727       0.3264   5.35
     8728       0.3260   5.35
     8729       0.3247   5.35
     8730       0.3265   5.35
     8731       0.3252   5.35
     8732       0.3266   5.35
     8733       0.3259   5.35
     8734       0.3259   5.35
     8735       0.3255   5.35
     8736       0.3263   5.35
     8737       0.3261   5.35
     8738       0.3255   5.35
     8739       0.3257   5.35
     8740       0.3257   5.35
     8741       0.3242   5.35
     8742       0.3258   5.35
     8743       0.3252   5.35
     8744       0.3243   5.35
     8745       0.3248   5.35
     8746       0.3246   5.35
     8747       0.3254   5.35
     8748       0.3250   5.35
     8749       0.3244   5.35
     8750       0.3261   5.35
     8751       0.3258   5.35
     8752       0.3237   5.35
     8753       0.3262   5.35
     8754       0.3255   5.35
     8755       0.3251   5.35
     8756       0.3257   5.35
     8757       0.3250   5.35
     8758       0.3238   5.35
     8759       0.3251   5.35
     8760       0.3245   5.35
     8761       0.3242   5.35
     8762       0.3245   5.35
     8763       0.3252   5.35
     8764       0.3248   5.35
     8765       0.3253   5.35
     8766       0.3255   5.35
     8767       0.3260   5.35
     8768       0.3260   5.35
     8769       0.3249   5.35
     8770       0.3251   5.35
     8771       0.3258   5.35
     8772       0.3246   5.35
     8773       0.3249   5.35
     8774       0.3247   5.35
     8775       0.3249   5.35
     8776       0.3273   5.35
     8777       0.3265   5.35
     8778       0.3249   5.35
     8779       0.3259   5.35
     8780       0.3253   5.35
     8781       0.3245   5.35
     8782       0.3247   5.35
     8783       0.3265   5.35
     8784       0.3254   5.35
     8785       0.3262   5.35
     8786       0.3260   5.35
     8787       0.3239   5.35
     8788       0.3257   5.35
     8789       0.3257   5.35
     8790       0.3244   5.35
     8791       0.3257   5.35
     8792       0.3257   5.35
     8793       0.3249   5.35
     8794       0.3257   5.35
     8795       0.3252   5.35
     8796       0.3250   5.35
     8797       0.3247   5.35
     8798       0.3257   5.35
     8799       0.3255   5.35
     8800       0.3257   5.35
     8801       0.3238   5.35
     8802       0.3263   5.35
     8803       0.3261   5.35
     8804       0.3261   5.35
     8805       0.3262   5.35
     8806       0.3262   5.35
     8807       0.3247   5.35
     8808       0.3258   5.35
     8809       0.3257   5.35
     8810       0.3263   5.35
     8811       0.3266   5.35
     8812       0.3269   5.35
     8813       0.3264   5.35
     8814       0.3256   5.35
     8815       0.3245   5.35
     8816       0.3253   5.34
     8817       0.3265   5.34
     8818       0.3266   5.35
     8819       0.3248   5.35
     8820       0.3252   5.35
     8821       0.3235   5.35
     8822       0.3252   5.35
     8823       0.3254   5.34
     8824       0.3246   5.35
     8825       0.3245   5.35
     8826       0.3250   5.35
     8827       0.3249   5.35
     8828       0.3261   5.35
     8829       0.3247   5.35
     8830       0.3245   5.35
     8831       0.3263   5.35
     8832       0.3267   5.35
     8833       0.3252   5.35
     8834       0.3249   5.35
     8835       0.3248   5.35
     8836       0.3245   5.35
     8837       0.3255   5.35
     8838       0.3240   5.35
     8839       0.3249   5.35
     8840       0.3249   5.35
     8841       0.3247   5.35
     8842       0.3231   5.35
     8843       0.3247   5.35
     8844       0.3244   5.35
     8845       0.3247   5.35
     8846       0.3252   5.35
     8847       0.3247   5.35
     8848       0.3261   5.35
     8849       0.3253   5.35
     8850       0.3240   5.35
     8851       0.3260   5.35
     8852       0.3253   5.35
     8853       0.3247   5.35
     8854       0.3256   5.35
     8855       0.3262   5.35
     8856       0.3248   5.35
     8857       0.3265   5.35
     8858       0.3261   5.35
     8859       0.3263   5.35
     8860       0.3256   5.35
     8861       0.3252   5.35
     8862       0.3250   5.35
     8863       0.3262   5.35
     8864       0.3259   5.35
     8865       0.3244   5.35
     8866       0.3259   5.35
     8867       0.3257   5.35
     8868       0.3248   5.35
     8869       0.3256   5.35
     8870       0.3262   5.35
     8871       0.3270   5.35
     8872       0.3268   5.35
     8873       0.3247   5.35
     8874       0.3293   5.35
     8875       0.3262   5.35
     8876       0.3244   5.35
     8877       0.3261   5.35
     8878       0.3275   5.35
     8879       0.3260   5.35
     8880       0.3252   5.35
     8881       0.3252   5.35
     8882       0.3251   5.35
     8883       0.3253   5.35
     8884       0.3260   5.35
     8885       0.3228   5.35
     8886       0.3242   5.35
     8887       0.3250   5.35
     8888       0.3242   5.34
     8889       0.3358   5.34
     8890       0.3262   5.35
     8891       0.3240   5.35
     8892       0.3249   5.35
     8893       0.3246   5.35
     8894       0.3249   5.35
     8895       0.3260   5.35
     8896       0.3269   5.35
     8897       0.3248   5.35
     8898       0.3263   5.35
     8899       0.3227   5.35
     8900       0.3260   5.35
     8901       0.3259   5.35
     8902       0.3251   5.35
     8903       0.3252   5.35
     8904       0.3254   5.35
     8905       0.3247   5.35
     8906       0.3265   5.35
     8907       0.3256   5.35
     8908       0.3258   5.35
     8909       0.3264   5.35
     8910       0.3254   5.35
     8911       0.3253   5.35
     8912       0.3263   5.35
     8913       0.3263   5.35
     8914       0.3242   5.35
     8915       0.3256   5.35
     8916       0.3251   5.35
     8917       0.3251   5.35
     8918       0.3257   5.35
     8919       0.3258   5.35
     8920       0.3261   5.35
     8921       0.3258   5.35
     8922       0.3263   5.35
     8923       0.3252   5.35
     8924       0.3261   5.35
     8925       0.3253   5.35
     8926       0.3263   5.35
     8927       0.3255   5.35
     8928       0.3245   5.35
     8929       0.3243   5.35
     8930       0.3245   5.35
     8931       0.3240   5.35
     8932       0.3260   5.35
     8933       0.3261   5.35
     8934       0.3238   5.35
     8935       0.3249   5.35
     8936       0.3258   5.35
     8937       0.3244   5.35
     8938       0.3256   5.35
     8939       0.3244   5.35
     8940       0.3247   5.35
     8941       0.3258   5.35
     8942       0.3255   5.35
     8943       0.3245   5.35
     8944       0.3251   5.35
     8945       0.3257   5.35
     8946       0.3265   5.35
     8947       0.3261   5.35
     8948       0.3231   5.35
     8949       0.3249   5.35
     8950       0.3258   5.35
     8951       0.3258   5.35
     8952       0.3250   5.35
     8953       0.3240   5.35
     8954       0.3244   5.35
     8955       0.3256   5.35
     8956       0.3263   5.35
     8957       0.3246   5.35
     8958       0.3260   5.35
     8959       0.3254   5.35
     8960       0.3251   5.35
     8961       0.3271   5.35
     8962       0.3259   5.35
     8963       0.3260   5.35
     8964       0.3261   5.35
     8965       0.3261   5.35
     8966       0.3247   5.35
     8967       0.3250   5.35
     8968       0.3248   5.35
     8969       0.3255   5.35
     8970       0.3251   5.35
     8971       0.3229   5.35
     8972       0.3256   5.35
     8973       0.3251   5.35
     8974       0.3236   5.35
     8975       0.3254   5.35
     8976       0.3259   5.35
     8977       0.3259   5.35
     8978       0.3258   5.35
     8979       0.3258   5.35
     8980       0.3245   5.35
     8981       0.3257   5.35
     8982       0.3257   5.35
     8983       0.3252   5.35
     8984       0.3260   5.35
     8985       0.3247   5.35
     8986       0.3247   5.35
     8987       0.3257   5.35
     8988       0.3250   5.35
     8989       0.3248   5.35
     8990       0.3253   5.35
     8991       0.3253   5.35
     8992       0.3254   5.35
     8993       0.3255   5.35
     8994       0.3249   5.35
     8995       0.3254   5.35
     8996       0.3272   5.35
     8997       0.3258   5.35
     8998       0.3268   5.35
     8999       0.3254   5.35
     9000       0.3240   5.35
     9001       0.3244   5.35
     9002       0.3248   5.35
     9003       0.3246   5.35
     9004       0.3262   5.35
     9005       0.3252   5.35
     9006       0.3237   5.35
     9007       0.3255   5.35
     9008       0.3258   5.35
     9009       0.3246   5.35
     9010       0.3250   5.35
     9011       0.3253   5.35
     9012       0.3258   5.35
     9013       0.3262   5.35
     9014       0.3235   5.35
     9015       0.3247   5.35
     9016       0.3264   5.35
     9017       0.3254   5.35
     9018       0.3246   5.35
     9019       0.3246   5.35
     9020       0.3253   5.35
     9021       0.3245   5.35
     9022       0.3257   5.35
     9023       0.3263   5.35
     9024       0.3244   5.35
     9025       0.3253   5.35
     9026       0.3237   5.35
     9027       0.3252   5.35
     9028       0.3262   5.35
     9029       0.3260   5.35
     9030       0.3248   5.35
     9031       0.3260   5.35
     9032       0.3248   5.35
     9033       0.3257   5.35
     9034       0.3254   5.34
     9035       0.3239   5.34
     9036       0.3258   5.34
     9037       0.3262   5.35
     9038       0.3249   5.35
     9039       0.3253   5.35
     9040       0.3242   5.35
     9041       0.3248   5.35
     9042       0.3259   5.35
     9043       0.3272   5.35
     9044       0.3272   5.35
     9045       0.3262   5.35
     9046       0.3256   5.35
     9047       0.3247   5.35
     9048       0.3255   5.35
     9049       0.3246   5.35
     9050       0.3272   5.35
     9051       0.3265   5.35
     9052       0.3253   5.35
     9053       0.3259   5.35
     9054       0.3248   5.35
     9055       0.3250   5.34
     9056       0.3252   5.34
     9057       0.3251   5.34
     9058       0.3244   5.35
     9059       0.3249   5.35
     9060       0.3257   5.35
     9061       0.3254   5.35
     9062       0.3251   5.35
     9063       0.3257   5.35
     9064       0.3231   5.35
     9065       0.3261   5.35
     9066       0.3265   5.35
     9067       0.3257   5.35
     9068       0.3251   5.35
     9069       0.3247   5.35
     9070       0.3243   5.34
     9071       0.3252   5.34
     9072       0.3247   5.35
     9073       0.3244   5.35
     9074       0.3259   5.35
     9075       0.3250   5.35
     9076       0.3269   5.35
     9077       0.3254   5.35
     9078       0.3246   5.35
     9079       0.3253   5.35
     9080       0.3252   5.35
     9081       0.3237   5.35
     9082       0.3253   5.35
     9083       0.3258   5.35
     9084       0.3254   5.35
     9085       0.3256   5.35
     9086       0.3252   5.35
     9087       0.3249   5.35
     9088       0.3266   5.35
     9089       0.3257   5.35
     9090       0.3251   5.35
     9091       0.3255   5.35
     9092       0.3257   5.35
     9093       0.3246   5.35
     9094       0.3257   5.35
     9095       0.3263   5.35
     9096       0.3254   5.35
     9097       0.3259   5.35
     9098       0.3249   5.35
     9099       0.3248   5.35
     9100       0.3252   5.35
     9101       0.3251   5.35
     9102       0.3257   5.35
     9103       0.3259   5.35
     9104       0.3264   5.35
     9105       0.3254   5.35
     9106       0.3258   5.35
     9107       0.3248   5.35
     9108       0.3260   5.35
     9109       0.3260   5.35
     9110       0.3244   5.35
     9111       0.3267   5.35
     9112       0.3262   5.35
     9113       0.3243   5.35
     9114       0.3253   5.35
     9115       0.3251   5.35
     9116       0.3246   5.35
     9117       0.3268   5.35
     9118       0.3256   5.35
     9119       0.3243   5.35
     9120       0.3260   5.35
     9121       0.3244   5.35
     9122       0.3268   5.35
     9123       0.3258   5.35
     9124       0.3250   5.35
     9125       0.3242   5.35
     9126       0.3257   5.35
     9127       0.3240   5.35
     9128       0.3257   5.35
     9129       0.3265   5.35
     9130       0.3265   5.35
     9131       0.3245   5.35
     9132       0.3254   5.35
     9133       0.3245   5.35
     9134       0.3250   5.35
     9135       0.3243   5.35
     9136       0.3243   5.35
     9137       0.3243   5.35
     9138       0.3249   5.35
     9139       0.3251   5.35
     9140       0.3254   5.35
     9141       0.3230   5.35
     9142       0.3241   5.35
     9143       0.3234   5.35
     9144       0.3250   5.35
     9145       0.3245   5.35
     9146       0.3255   5.35
     9147       0.3260   5.35
     9148       0.3259   5.35
     9149       0.3263   5.35
     9150       0.3252   5.35
     9151       0.3255   5.35
     9152       0.3266   5.35
     9153       0.3261   5.35
     9154       0.3256   5.35
     9155       0.3259   5.35
     9156       0.3247   5.35
     9157       0.3264   5.35
     9158       0.3257   5.35
     9159       0.3250   5.35
     9160       0.3242   5.35
     9161       0.3241   5.35
     9162       0.3250   5.35
     9163       0.3237   5.35
     9164       0.3241   5.35
     9165       0.3258   5.35
     9166       0.3268   5.35
     9167       0.3241   5.35
     9168       0.3260   5.35
     9169       0.3264   5.35
     9170       0.3255   5.35
     9171       0.3255   5.35
     9172       0.3263   5.35
     9173       0.3260   5.35
     9174       0.3264   5.35
     9175       0.3260   5.35
     9176       0.3243   5.35
     9177       0.3243   5.35
     9178       0.3254   5.35
     9179       0.3252   5.35
     9180       0.3254   5.35
     9181       0.3253   5.35
     9182       0.3246   5.35
     9183       0.3253   5.35
     9184       0.3249   5.35
     9185       0.3248   5.35
     9186       0.3262   5.35
     9187       0.3263   5.35
     9188       0.3246   5.35
     9189       0.3266   5.35
     9190       0.3264   5.35
     9191       0.3248   5.35
     9192       0.3247   5.35
     9193       0.3259   5.35
     9194       0.3234   5.35
     9195       0.3254   5.35
     9196       0.3271   5.35
     9197       0.3260   5.35
     9198       0.3266   5.35
     9199       0.3256   5.35
     9200       0.3253   5.35
     9201       0.3257   5.35
     9202       0.3233   5.35
     9203       0.3266   5.35
     9204       0.3262   5.35
     9205       0.3255   5.35
     9206       0.3249   5.35
     9207       0.3244   5.35
     9208       0.3241   5.35
     9209       0.3263   5.35
     9210       0.3259   5.35
     9211       0.3249   5.35
     9212       0.3265   5.35
     9213       0.3263   5.35
     9214       0.3244   5.35
     9215       0.3254   5.35
     9216       0.3250   5.35
     9217       0.3239   5.34
     9218       0.3254   5.34
     9219       0.3362   5.34
     9220       0.3258   5.35
     9221       0.3257   5.35
     9222       0.3259   5.35
     9223       0.3243   5.35
     9224       0.3248   5.35
     9225       0.3250   5.35
     9226       0.3257   5.35
     9227       0.3250   5.35
     9228       0.3232   5.35
     9229       0.3263   5.35
     9230       0.3271   5.34
     9231       0.3259   5.35
     9232       0.3252   5.35
     9233       0.3250   5.35
     9234       0.3239   5.35
     9235       0.3253   5.35
     9236       0.3253   5.34
     9237       0.3248   5.35
     9238       0.3262   5.35
     9239       0.3267   5.35
     9240       0.3253   5.35
     9241       0.3253   5.35
     9242       0.3254   5.35
     9243       0.3257   5.35
     9244       0.3266   5.35
     9245       0.3264   5.35
     9246       0.3254   5.35
     9247       0.3252   5.35
     9248       0.3248   5.35
     9249       0.3241   5.35
     9250       0.3262   5.35
     9251       0.3274   5.35
     9252       0.3244   5.35
     9253       0.3264   5.35
     9254       0.3264   5.34
     9255       0.3249   5.34
     9256       0.3254   5.35
     9257       0.3237   5.35
     9258       0.3266   5.35
     9259       0.3262   5.35
     9260       0.3252   5.34
     9261       0.3261   5.34
     9262       0.3252   5.35
     9263       0.3231   5.35
     9264       0.3251   5.35
     9265       0.3252   5.35
     9266       0.3244   5.34
     9267       0.3303   5.34
     9268       0.3250   5.35
     9269       0.3244   5.35
     9270       0.3263   5.35
     9271       0.3264   5.35
     9272       0.3260   5.35
     9273       0.3261   5.35
     9274       0.3255   5.35
     9275       0.3266   5.35
     9276       0.3261   5.35
     9277       0.3265   5.35
     9278       0.3238   5.35
     9279       0.3257   5.35
     9280       0.3259   5.35
     9281       0.3256   5.35
     9282       0.3248   5.35
     9283       0.3244   5.35
     9284       0.3245   5.35
     9285       0.3256   5.35
     9286       0.3256   5.35
     9287       0.3272   5.35
     9288       0.3255   5.35
     9289       0.3243   5.35
     9290       0.3248   5.35
     9291       0.3259   5.35
     9292       0.3246   5.35
     9293       0.3259   5.35
     9294       0.3260   5.35
     9295       0.3248   5.35
     9296       0.3261   5.35
     9297       0.3257   5.35
     9298       0.3254   5.34
     9299       0.3256   5.34
     9300       0.3255   5.35
     9301       0.3251   5.35
     9302       0.3257   5.35
     9303       0.3259   5.34
     9304       0.3249   5.35
     9305       0.3252   5.35
     9306       0.3227   5.35
     9307       0.3260   5.35
     9308       0.3262   5.35
     9309       0.3248   5.35
     9310       0.3257   5.35
     9311       0.3253   5.35
     9312       0.3250   5.35
     9313       0.3257   5.35
     9314       0.3252   5.35
     9315       0.3248   5.34
     9316       0.3253   5.34
     9317       0.3254   5.35
     9318       0.3248   5.35
     9319       0.3248   5.35
     9320       0.3254   5.35
     9321       0.3246   5.35
     9322       0.3248   5.35
     9323       0.3255   5.35
     9324       0.3253   5.35
     9325       0.3262   5.35
     9326       0.3269   5.35
     9327       0.3240   5.35
     9328       0.3255   5.35
     9329       0.3259   5.35
     9330       0.3257   5.35
     9331       0.3252   5.35
     9332       0.3239   5.35
     9333       0.3242   5.35
     9334       0.3259   5.35
     9335       0.3264   5.35
     9336       0.3261   5.35
     9337       0.3254   5.35
     9338       0.3242   5.34
     9339       0.3254   5.34
     9340       0.3253   5.34
     9341       0.3241   5.34
     9342       0.3262   5.34
     9343       0.3247   5.35
     9344       0.3243   5.35
     9345       0.3245   5.35
     9346       0.3246   5.35
     9347       0.3238   5.35
     9348       0.3256   5.35
     9349       0.3255   5.35
     9350       0.3247   5.35
     9351       0.3263   5.35
     9352       0.3256   5.35
     9353       0.3258   5.35
     9354       0.3263   5.35
     9355       0.3249   5.35
     9356       0.3271   5.35
     9357       0.3263   5.35
     9358       0.3250   5.35
     9359       0.3264   5.35
     9360       0.3254   5.35
     9361       0.3238   5.35
     9362       0.3259   5.35
     9363       0.3256   5.35
     9364       0.3250   5.35
     9365       0.3256   5.35
     9366       0.3262   5.35
     9367       0.3258   5.35
     9368       0.3253   5.35
     9369       0.3255   5.35
     9370       0.3236   5.35
     9371       0.3253   5.35
     9372       0.3255   5.35
     9373       0.3249   5.35
     9374       0.3259   5.35
     9375       0.3255   5.35
     9376       0.3264   5.35
     9377       0.3271   5.35
     9378       0.3269   5.35
     9379       0.3250   5.35
     9380       0.3252   5.35
     9381       0.3241   5.35
     9382       0.3255   5.35
     9383       0.3251   5.35
     9384       0.3232   5.35
     9385       0.3254   5.35
     9386       0.3242   5.35
     9387       0.3248   5.35
     9388       0.3255   5.35
     9389       0.3253   5.35
     9390       0.3263   5.35
     9391       0.3251   5.35
     9392       0.3252   5.35
     9393       0.3248   5.35
     9394       0.3254   5.35
     9395       0.3248   5.35
     9396       0.3250   5.35
     9397       0.3259   5.35
     9398       0.3243   5.35
     9399       0.3231   5.35
     9400       0.3245   5.35
     9401       0.3255   5.35
     9402       0.3258   5.35
     9403       0.3260   5.35
     9404       0.3249   5.35
     9405       0.3271   5.35
     9406       0.3260   5.35
     9407       0.3259   5.35
     9408       0.3258   5.35
     9409       0.3254   5.35
     9410       0.3239   5.35
     9411       0.3254   5.35
     9412       0.3237   5.35
     9413       0.3248   5.35
     9414       0.3250   5.35
     9415       0.3252   5.35
     9416       0.3263   5.35
     9417       0.3258   5.35
     9418       0.3236   5.35
     9419       0.3260   5.35
     9420       0.3257   5.35
     9421       0.3253   5.35
     9422       0.3247   5.35
     9423       0.3259   5.35
     9424       0.3250   5.35
     9425       0.3265   5.35
     9426       0.3254   5.35
     9427       0.3241   5.35
     9428       0.3246   5.35
     9429       0.3256   5.35
     9430       0.3248   5.35
     9431       0.3248   5.35
     9432       0.3254   5.35
     9433       0.3254   5.35
     9434       0.3268   5.35
     9435       0.3246   5.35
     9436       0.3255   5.35
     9437       0.3253   5.35
     9438       0.3261   5.35
     9439       0.3249   5.35
     9440       0.3255   5.35
     9441       0.3253   5.35
     9442       0.3250   5.35
     9443       0.3261   5.35
     9444       0.3256   5.35
     9445       0.3256   5.35
     9446       0.3254   5.35
     9447       0.3251   5.35
     9448       0.3256   5.35
     9449       0.3269   5.35
     9450       0.3268   5.35
     9451       0.3249   5.35
     9452       0.3258   5.35
     9453       0.3259   5.35
     9454       0.3247   5.35
     9455       0.3258   5.35
     9456       0.3247   5.35
     9457       0.3269   5.35
     9458       0.3254   5.35
     9459       0.3244   5.35
     9460       0.3252   5.35
     9461       0.3255   5.35
     9462       0.3265   5.35
     9463       0.3261   5.35
     9464       0.3256   5.35
     9465       0.3247   5.35
     9466       0.3251   5.35
     9467       0.3258   5.35
     9468       0.3251   5.34
     9469       0.3250   5.34
     9470       0.3253   5.35
     9471       0.3243   5.35
     9472       0.3249   5.35
     9473       0.3256   5.35
     9474       0.3259   5.35
     9475       0.3262   5.35
     9476       0.3259   5.35
     9477       0.3240   5.35
     9478       0.3254   5.35
     9479       0.3251   5.35
     9480       0.3263   5.35
     9481       0.3257   5.35
     9482       0.3236   5.35
     9483       0.3244   5.35
     9484       0.3262   5.35
     9485       0.3261   5.35
     9486       0.3267   5.35
     9487       0.3263   5.35
     9488       0.3259   5.35
     9489       0.3272   5.35
     9490       0.3268   5.35
     9491       0.3257   5.35
     9492       0.3264   5.35
     9493       0.3259   5.35
     9494       0.3252   5.35
     9495       0.3253   5.35
     9496       0.3248   5.35
     9497       0.3246   5.35
     9498       0.3247   5.35
     9499       0.3244   5.35
     9500       0.3254   5.35
     9501       0.3261   5.35
     9502       0.3259   5.35
     9503       0.3231   5.35
     9504       0.3259   5.35
     9505       0.3269   5.35
     9506       0.3265   5.35
     9507       0.3254   5.35
     9508       0.3250   5.35
     9509       0.3264   5.35
     9510       0.3259   5.35
     9511       0.3254   5.35
     9512       0.3250   5.35
     9513       0.3243   5.35
     9514       0.3238   5.35
     9515       0.3245   5.35
     9516       0.3249   5.35
     9517       0.3242   5.35
     9518       0.3240   5.35
     9519       0.3242   5.35
     9520       0.3255   5.35
     9521       0.3270   5.35
     9522       0.3251   5.35
     9523       0.3241   5.35
     9524       0.3253   5.35
     9525       0.3359   5.35
     9526       0.3247   5.35
     9527       0.3250   5.35
     9528       0.3236   5.35
     9529       0.3249   5.35
     9530       0.3259   5.35
     9531       0.3259   5.35
     9532       0.3252   5.35
     9533       0.3245   5.35
     9534       0.3245   5.35
     9535       0.3256   5.35
     9536       0.3252   5.35
     9537       0.3256   5.35
     9538       0.3259   5.35
     9539       0.3252   5.35
     9540       0.3254   5.35
     9541       0.3253   5.35
     9542       0.3247   5.35
     9543       0.3247   5.35
     9544       0.3263   5.35
     9545       0.3261   5.35
     9546       0.3247   5.35
     9547       0.3249   5.35
     9548       0.3258   5.35
     9549       0.3250   5.35
     9550       0.3256   5.35
     9551       0.3264   5.35
     9552       0.3266   5.35
     9553       0.3282   5.35
     9554       0.3275   5.35
     9555       0.3247   5.35
     9556       0.3256   5.35
     9557       0.3245   5.35
     9558       0.3235   5.35
     9559       0.3276   5.35
     9560       0.3253   5.34
     9561       0.3260   5.34
     9562       0.3259   5.35
     9563       0.3229   5.35
     9564       0.3245   5.35
     9565       0.3246   5.35
     9566       0.3232   5.34
     9567       0.3245   5.34
     9568       0.3245   5.35
     9569       0.3235   5.35
     9570       0.3253   5.35
     9571       0.3244   5.35
     9572       0.3251   5.35
     9573       0.3252   5.35
     9574       0.3256   5.35
     9575       0.3237   5.35
     9576       0.3266   5.35
     9577       0.3269   5.35
     9578       0.3245   5.35
     9579       0.3251   5.35
     9580       0.3256   5.35
     9581       0.3255   5.35
     9582       0.3265   5.35
     9583       0.3258   5.35
     9584       0.3261   5.35
     9585       0.3259   5.35
     9586       0.3261   5.35
     9587       0.3268   5.35
     9588       0.3258   5.35
     9589       0.3247   5.35
     9590       0.3251   5.35
     9591       0.3250   5.35
     9592       0.3252   5.35
     9593       0.3256   5.35
     9594       0.3259   5.35
     9595       0.3252   5.35
     9596       0.3266   5.35
     9597       0.3262   5.35
     9598       0.3242   5.35
     9599       0.3246   5.35
     9600       0.3252   5.35
     9601       0.3244   5.35
     9602       0.3249   5.35
     9603       0.3234   5.35
     9604       0.3238   5.35
     9605       0.3245   5.35
     9606       0.3227   5.35
     9607       0.3257   5.35
     9608       0.3242   5.35
     9609       0.3246   5.35
     9610       0.3262   5.35
     9611       0.3261   5.35
     9612       0.3240   5.35
     9613       0.3264   5.35
     9614       0.3271   5.35
     9615       0.3255   5.35
     9616       0.3263   5.35
     9617       0.3259   5.35
     9618       0.3252   5.35
     9619       0.3258   5.35
     9620       0.3267   5.35
     9621       0.3273   5.35
     9622       0.3263   5.35
     9623       0.3262   5.35
     9624       0.3263   5.35
     9625       0.3260   5.35
     9626       0.3259   5.35
     9627       0.3243   5.35
     9628       0.3247   5.35
     9629       0.3242   5.35
     9630       0.3248   5.35
     9631       0.3262   5.35
     9632       0.3255   5.35
     9633       0.3259   5.35
     9634       0.3259   5.35
     9635       0.3243   5.35
     9636       0.3258   5.35
     9637       0.3259   5.35
     9638       0.3251   5.35
     9639       0.3262   5.35
     9640       0.3256   5.35
     9641       0.3250   5.35
     9642       0.3266   5.35
     9643       0.3255   5.35
     9644       0.3231   5.35
     9645       0.3247   5.35
     9646       0.3258   5.35
     9647       0.3258   5.35
     9648       0.3258   5.35
     9649       0.3244   5.35
     9650       0.3249   5.35
     9651       0.3256   5.35
     9652       0.3251   5.35
     9653       0.3244   5.35
     9654       0.3256   5.35
     9655       0.3258   5.35
     9656       0.3246   5.35
     9657       0.3236   5.35
     9658       0.3248   5.35
     9659       0.3240   5.35
     9660       0.3245   5.35
     9661       0.3248   5.35
     9662       0.3248   5.35
     9663       0.3256   5.35
     9664       0.3252   5.35
     9665       0.3266   5.35
     9666       0.3252   5.35
     9667       0.3251   5.35
     9668       0.3256   5.35
     9669       0.3249   5.35
     9670       0.3248   5.35
     9671       0.3258   5.35
     9672       0.3264   5.35
     9673       0.3249   5.35
     9674       0.3257   5.35
     9675       0.3258   5.35
     9676       0.3267   5.35
     9677       0.3256   5.35
     9678       0.3259   5.35
     9679       0.3265   5.35
     9680       0.3264   5.35
     9681       0.3257   5.35
     9682       0.3242   5.35
     9683       0.3245   5.35
     9684       0.3246   5.35
     9685       0.3257   5.35
     9686       0.3246   5.35
     9687       0.3243   5.35
     9688       0.3254   5.35
     9689       0.3250   5.35
     9690       0.3230   5.35
     9691       0.3244   5.35
     9692       0.3258   5.35
     9693       0.3252   5.35
     9694       0.3267   5.35
     9695       0.3251   5.35
     9696       0.3243   5.35
     9697       0.3255   5.35
     9698       0.3255   5.35
     9699       0.3245   5.35
     9700       0.3256   5.35
     9701       0.3252   5.35
     9702       0.3227   5.35
     9703       0.3251   5.35
     9704       0.3254   5.35
     9705       0.3261   5.35
     9706       0.3257   5.35
     9707       0.3247   5.35
     9708       0.3261   5.35
     9709       0.3263   5.35
     9710       0.3255   5.35
     9711       0.3255   5.35
     9712       0.3259   5.35
     9713       0.3264   5.35
     9714       0.3257   5.35
     9715       0.3254   5.35
     9716       0.3242   5.35
     9717       0.3262   5.35
     9718       0.3263   5.35
     9719       0.3229   5.35
     9720       0.3266   5.35
     9721       0.3266   5.34
     9722       0.3262   5.35
     9723       0.3260   5.35
     9724       0.3248   5.35
     9725       0.3253   5.35
     9726       0.3256   5.35
     9727       0.3249   5.35
     9728       0.3247   5.35
     9729       0.3254   5.35
     9730       0.3253   5.35
     9731       0.3255   5.35
     9732       0.3253   5.35
     9733       0.3253   5.35
     9734       0.3272   5.35
     9735       0.3263   5.35
     9736       0.3246   5.35
     9737       0.3259   5.35
     9738       0.3254   5.35
     9739       0.3244   5.34
     9740       0.3253   5.34
     9741       0.3259   5.35
     9742       0.3260   5.35
     9743       0.3266   5.35
     9744       0.3255   5.35
     9745       0.3244   5.34
     9746       0.3254   5.34
     9747       0.3257   5.35
     9748       0.3248   5.35
     9749       0.3259   5.35
     9750       0.3250   5.34
     9751       0.3241   5.35
     9752       0.3246   5.35
     9753       0.3248   5.35
     9754       0.3246   5.35
     9755       0.3255   5.35
     9756       0.3252   5.35
     9757       0.3248   5.35
     9758       0.3256   5.35
     9759       0.3251   5.35
     9760       0.3254   5.35
     9761       0.3257   5.35
     9762       0.3253   5.35
     9763       0.3255   5.35
     9764       0.3246   5.35
     9765       0.3248   5.35
     9766       0.3252   5.35
     9767       0.3266   5.35
     9768       0.3269   5.35
     9769       0.3255   5.35
     9770       0.3258   5.35
     9771       0.3256   5.35
     9772       0.3266   5.35
     9773       0.3258   5.35
     9774       0.3258   5.35
     9775       0.3261   5.35
     9776       0.3268   5.34
     9777       0.3246   5.35
     9778       0.3243   5.35
     9779       0.3244   5.35
     9780       0.3244   5.35
     9781       0.3262   5.35
     9782       0.3258   5.35
     9783       0.3272   5.35
     9784       0.3260   5.35
     9785       0.3245   5.35
     9786       0.3255   5.35
     9787       0.3262   5.35
     9788       0.3254   5.35
     9789       0.3272   5.35
     9790       0.3261   5.35
     9791       0.3249   5.35
     9792       0.3259   5.35
     9793       0.3261   5.35
     9794       0.3259   5.35
     9795       0.3261   5.35
     9796       0.3264   5.35
     9797       0.3255   5.35
     9798       0.3261   5.35
     9799       0.3262   5.35
     9800       0.3245   5.35
     9801       0.3256   5.35
     9802       0.3256   5.35
     9803       0.3258   5.35
     9804       0.3268   5.35
     9805       0.3253   5.35
     9806       0.3242   5.35
     9807       0.3252   5.35
     9808       0.3249   5.35
     9809       0.3239   5.35
     9810       0.3261   5.35
     9811       0.3262   5.35
     9812       0.3269   5.35
     9813       0.3261   5.34
     9814       0.3242   5.35
     9815       0.3250   5.35
     9816       0.3253   5.35
     9817       0.3235   5.34
     9818       0.3247   5.34
     9819       0.3249   5.35
     9820       0.3240   5.35
     9821       0.3253   5.35
     9822       0.3253   5.35
     9823       0.3252   5.35
     9824       0.3251   5.35
     9825       0.3239   5.35
     9826       0.3247   5.35
     9827       0.3255   5.35
     9828       0.3265   5.35
     9829       0.3253   5.35
     9830       0.3259   5.35
     9831       0.3252   5.35
     9832       0.3248   5.35
     9833       0.3249   5.35
     9834       0.3243   5.35
     9835       0.3259   5.35
     9836       0.3274   5.35
     9837       0.3244   5.35
     9838       0.3240   5.35
     9839       0.3245   5.35
     9840       0.3244   5.35
     9841       0.3255   5.35
     9842       0.3242   5.35
     9843       0.3241   5.35
     9844       0.3262   5.35
     9845       0.3255   5.35
     9846       0.3250   5.35
     9847       0.3263   5.35
     9848       0.3252   5.35
     9849       0.3252   5.35
     9850       0.3253   5.35
     9851       0.3255   5.35
     9852       0.3256   5.35
     9853       0.3267   5.35
     9854       0.3277   5.35
     9855       0.3251   5.35
     9856       0.3352   5.35
     9857       0.3255   5.35
     9858       0.3235   5.35
     9859       0.3245   5.35
     9860       0.3236   5.35
     9861       0.3250   5.35
     9862       0.3243   5.35
     9863       0.3248   5.35
     9864       0.3276   5.35
     9865       0.3254   5.35
     9866       0.3242   5.35
     9867       0.3264   5.35
     9868       0.3269   5.35
     9869       0.3246   5.35
     9870       0.3251   5.35
     9871       0.3255   5.35
     9872       0.3250   5.35
     9873       0.3250   5.35
     9874       0.3251   5.35
     9875       0.3254   5.35
     9876       0.3251   5.35
     9877       0.3248   5.35
     9878       0.3247   5.35
     9879       0.3255   5.35
     9880       0.3273   5.35
     9881       0.3259   5.35
     9882       0.3257   5.35
     9883       0.3250   5.35
     9884       0.3226   5.35
     9885       0.3261   5.35
     9886       0.3261   5.35
     9887       0.3274   5.35
     9888       0.3257   5.35
     9889       0.3250   5.35
     9890       0.3248   5.35
     9891       0.3253   5.35
     9892       0.3245   5.35
     9893       0.3250   5.35
     9894       0.3244   5.35
     9895       0.3241   5.35
     9896       0.3261   5.35
     9897       0.3246   5.35
     9898       0.3247   5.35
     9899       0.3253   5.35
     9900       0.3253   5.35
     9901       0.3247   5.35
     9902       0.3245   5.35
     9903       0.3256   5.35
     9904       0.3243   5.35
     9905       0.3251   5.35
     9906       0.3255   5.35
     9907       0.3242   5.35
     9908       0.3262   5.35
     9909       0.3270   5.35
     9910       0.3243   5.35
     9911       0.3236   5.35
     9912       0.3234   5.35
     9913       0.3275   5.35
     9914       0.3275   5.35
     9915       0.3254   5.35
     9916       0.3266   5.35
     9917       0.3259   5.35
     9918       0.3261   5.35
     9919       0.3252   5.35
     9920       0.3247   5.35
     9921       0.3241   5.35
     9922       0.3231   5.35
     9923       0.3249   5.35
     9924       0.3255   5.35
     9925       0.3254   5.35
     9926       0.3254   5.35
     9927       0.3246   5.35
     9928       0.3258   5.35
     9929       0.3244   5.35
     9930       0.3250   5.35
     9931       0.3246   5.35
     9932       0.3249   5.35
     9933       0.3249   5.35
     9934       0.3245   5.35
     9935       0.3246   5.35
     9936       0.3264   5.35
     9937       0.3256   5.35
     9938       0.3231   5.35
     9939       0.3250   5.35
     9940       0.3256   5.35
     9941       0.3240   5.35
     9942       0.3261   5.35
     9943       0.3262   5.35
     9944       0.3249   5.35
     9945       0.3236   5.35
     9946       0.3249   5.35
     9947       0.3244   5.35
     9948       0.3246   5.35
     9949       0.3250   5.35
     9950       0.3228   5.35
     9951       0.3246   5.35
     9952       0.3251   5.35
     9953       0.3241   5.35
     9954       0.3258   5.35
     9955       0.3248   5.35
     9956       0.3259   5.35
     9957       0.3251   5.35
     9958       0.3248   5.35
     9959       0.3261   5.35
     9960       0.3260   5.35
     9961       0.3248   5.35
     9962       0.3264   5.35
     9963       0.3259   5.35
     9964       0.3249   5.35
     9965       0.3257   5.35
     9966       0.3259   5.35
     9967       0.3253   5.35
     9968       0.3255   5.35
     9969       0.3261   5.35
     9970       0.3259   5.35
     9971       0.3261   5.35
     9972       0.3261   5.35
     9973       0.3251   5.35
     9974       0.3260   5.35
     9975       0.3255   5.35
     9976       0.3263   5.35
     9977       0.3266   5.35
     9978       0.3258   5.35
     9979       0.3243   5.35
     9980       0.3259   5.35
     9981       0.3260   5.35
     9982       0.3256   5.35
     9983       0.3256   5.35
     9984       0.3247   5.35
     9985       0.3255   5.35
     9986       0.3263   5.35
     9987       0.3260   5.35
     9988       0.3272   5.35
     9989       0.3261   5.35
     9990       0.3258   5.35
     9991       0.3257   5.35
     9992       0.3258   5.35
     9993       0.3243   5.35
     9994       0.3263   5.35
     9995       0.3258   5.35
     9996       0.3248   5.34
     9997       0.3258   5.34
     9998       0.3263   5.35
     9999       0.3252   5.35
    10000       0.3239   5.35
    10001       0.3236   5.35
    10002       0.3248   5.34
    10003       0.3255   5.34
    10004       0.3254   5.35
    10005       0.3251   5.35
    10006       0.3258   5.35
    10007       0.3259   5.35
    10008       0.3249   5.35
    10009       0.3259   5.35
    10010       0.3248   5.35
    10011       0.3263   5.35
    10012       0.3262   5.35
    10013       0.3247   5.35
    10014       0.3253   5.35
    10015       0.3252   5.35
    10016       0.3245   5.35
    10017       0.3277   5.35
    10018       0.3267   5.35
    10019       0.3246   5.35
    10020       0.3253   5.35
    10021       0.3240   5.35
    10022       0.3232   5.35
    10023       0.3258   5.35
    10024       0.3243   5.35
    10025       0.3244   5.35
    10026       0.3268   5.35
    10027       0.3257   5.35
    10028       0.3253   5.35
    10029       0.3253   5.35
    10030       0.3260   5.35
    10031       0.3261   5.35
    10032       0.3270   5.35
    10033       0.3261   5.35
    10034       0.3272   5.35
    10035       0.3272   5.35
    10036       0.3257   5.35
    10037       0.3257   5.35
    10038       0.3250   5.34
    10039       0.3245   5.34
    10040       0.3252   5.34
    10041       0.3255   5.34
    10042       0.3251   5.35
    10043       0.3262   5.35
    10044       0.3261   5.35
    10045       0.3244   5.35
    10046       0.3249   5.35
    10047       0.3248   5.35
    10048       0.3247   5.35
    10049       0.3253   5.35
    10050       0.3254   5.35
    10051       0.3234   5.35
    10052       0.3261   5.35
    10053       0.3257   5.35
    10054       0.3253   5.35
    10055       0.3255   5.35
    10056       0.3236   5.35
    10057       0.3240   5.35
    10058       0.3240   5.35
    10059       0.3244   5.35
    10060       0.3250   5.35
    10061       0.3259   5.35
    10062       0.3248   5.35
    10063       0.3257   5.35
    10064       0.3269   5.35
    10065       0.3269   5.35
    10066       0.3256   5.35
    10067       0.3264   5.35
    10068       0.3256   5.35
    10069       0.3260   5.35
    10070       0.3264   5.35
    10071       0.3258   5.35
    10072       0.3281   5.35
    10073       0.3265   5.35
    10074       0.3240   5.34
    10075       0.3248   5.34
    10076       0.3254   5.35
    10077       0.3251   5.35
    10078       0.3263   5.35
    10079       0.3258   5.35
    10080       0.3249   5.35
    10081       0.3250   5.35
    10082       0.3241   5.35
    10083       0.3224   5.35
    10084       0.3247   5.35
    10085       0.3261   5.35
    10086       0.3246   5.35
    10087       0.3256   5.35
    10088       0.3259   5.35
    10089       0.3254   5.35
    10090       0.3262   5.34
    10091       0.3255   5.35
    10092       0.3244   5.35
    10093       0.3244   5.35
    10094       0.3244   5.34
    10095       0.3256   5.34
    10096       0.3258   5.35
    10097       0.3269   5.35
    10098       0.3251   5.35
    10099       0.3237   5.34
    10100       0.3231   5.35
    10101       0.3250   5.35
    10102       0.3255   5.35
    10103       0.3258   5.35
    10104       0.3261   5.35
    10105       0.3262   5.35
    10106       0.3250   5.35
    10107       0.3268   5.35
    10108       0.3264   5.35
    10109       0.3244   5.35
    10110       0.3252   5.35
    10111       0.3244   5.35
    10112       0.3240   5.35
    10113       0.3255   5.35
    10114       0.3243   5.35
    10115       0.3255   5.35
    10116       0.3256   5.35
    10117       0.3258   5.35
    10118       0.3256   5.35
    10119       0.3259   5.35
    10120       0.3251   5.35
    10121       0.3254   5.35
    10122       0.3247   5.35
    10123       0.3242   5.35
    10124       0.3265   5.35
    10125       0.3267   5.35
    10126       0.3256   5.35
    10127       0.3279   5.35
    10128       0.3274   5.35
    10129       0.3249   5.35
    10130       0.3253   5.35
    10131       0.3251   5.35
    10132       0.3246   5.35
    10133       0.3249   5.35
    10134       0.3248   5.35
    10135       0.3244   5.35
    10136       0.3250   5.35
    10137       0.3248   5.35
    10138       0.3252   5.35
    10139       0.3251   5.35
    10140       0.3236   5.35
    10141       0.3256   5.35
    10142       0.3258   5.35
    10143       0.3252   5.35
    10144       0.3249   5.35
    10145       0.3251   5.35
    10146       0.3239   5.35
    10147       0.3275   5.35
    10148       0.3259   5.35
    10149       0.3250   5.35
    10150       0.3252   5.35
    10151       0.3257   5.35
    10152       0.3250   5.35
    10153       0.3265   5.35
    10154       0.3267   5.35
    10155       0.3247   5.35
    10156       0.3259   5.35
    10157       0.3256   5.35
    10158       0.3260   5.35
    10159       0.3261   5.35
    10160       0.3256   5.35
    10161       0.3244   5.35
    10162       0.3352   5.35
    10163       0.3258   5.35
    10164       0.3248   5.35
    10165       0.3246   5.35
    10166       0.3251   5.35
    10167       0.3247   5.35
    10168       0.3263   5.35
    10169       0.3245   5.35
    10170       0.3255   5.35
    10171       0.3259   5.35
    10172       0.3261   5.35
    10173       0.3265   5.35
    10174       0.3257   5.35
    10175       0.3254   5.35
    10176       0.3254   5.35
    10177       0.3263   5.35
    10178       0.3270   5.35
    10179       0.3267   5.35
    10180       0.3257   5.35
    10181       0.3243   5.35
    10182       0.3264   5.35
    10183       0.3267   5.35
    10184       0.3245   5.35
    10185       0.3253   5.35
    10186       0.3253   5.35
    10187       0.3247   5.35
    10188       0.3257   5.35
    10189       0.3250   5.35
    10190       0.3248   5.35
    10191       0.3264   5.35
    10192       0.3261   5.35
    10193       0.3251   5.35
    10194       0.3258   5.35
    10195       0.3256   5.35
    10196       0.3262   5.35
    10197       0.3264   5.34
    10198       0.3249   5.35
    10199       0.3250   5.35
    10200       0.3238   5.35
    10201       0.3247   5.35
    10202       0.3249   5.35
    10203       0.3248   5.35
    10204       0.3225   5.35
    10205       0.3256   5.35
    10206       0.3249   5.35
    10207       0.3248   5.35
    10208       0.3266   5.35
    10209       0.3255   5.35
    10210       0.3252   5.35
    10211       0.3252   5.35
    10212       0.3251   5.35
    10213       0.3249   5.35
    10214       0.3262   5.35
    10215       0.3255   5.35
    10216       0.3258   5.35
    10217       0.3257   5.35
    10218       0.3239   5.35
    10219       0.3271   5.35
    10220       0.3264   5.35
    10221       0.3253   5.35
    10222       0.3252   5.35
    10223       0.3258   5.35
    10224       0.3268   5.35
    10225       0.3256   5.35
    10226       0.3247   5.35
    10227       0.3237   5.35
    10228       0.3250   5.35
    10229       0.3256   5.35
    10230       0.3254   5.35
    10231       0.3255   5.35
    10232       0.3249   5.35
    10233       0.3245   5.35
    10234       0.3257   5.35
    10235       0.3257   5.35
    10236       0.3248   5.35
    10237       0.3254   5.35
    10238       0.3258   5.35
    10239       0.3247   5.35
    10240       0.3268   5.35
    10241       0.3264   5.35
    10242       0.3251   5.35
    10243       0.3256   5.35
    10244       0.3249   5.35
    10245       0.3255   5.35
    10246       0.3256   5.35
    10247       0.3258   5.35
    10248       0.3263   5.35
    10249       0.3265   5.35
    10250       0.3251   5.35
    10251       0.3266   5.35
    10252       0.3264   5.35
    10253       0.3263   5.35
    10254       0.3268   5.35
    10255       0.3256   5.35
    10256       0.3247   5.35
    10257       0.3260   5.35
    10258       0.3258   5.35
    10259       0.3245   5.35
    10260       0.3257   5.35
    10261       0.3265   5.35
    10262       0.3260   5.35
    10263       0.3272   5.35
    10264       0.3253   5.35
    10265       0.3251   5.35
    10266       0.3258   5.35
    10267       0.3255   5.34
    10268       0.3251   5.34
    10269       0.3242   5.35
    10270       0.3247   5.34
    10271       0.3253   5.34
    10272       0.3248   5.35
    10273       0.3250   5.35
    10274       0.3256   5.35
    10275       0.3255   5.34
    10276       0.3242   5.35
    10277       0.3243   5.35
    10278       0.3259   5.35
    10279       0.3241   5.35
    10280       0.3250   5.35
    10281       0.3255   5.35
    10282       0.3263   5.35
    10283       0.3267   5.35
    10284       0.3259   5.35
    10285       0.3246   5.35
    10286       0.3248   5.35
    10287       0.3247   5.35
    10288       0.3239   5.35
    10289       0.3261   5.35
    10290       0.3268   5.35
    10291       0.3244   5.35
    10292       0.3254   5.35
    10293       0.3243   5.35
    10294       0.3258   5.35
    10295       0.3252   5.35
    10296       0.3224   5.35
    10297       0.3258   5.35
    10298       0.3261   5.35
    10299       0.3247   5.35
    10300       0.3254   5.35
    10301       0.3241   5.35
    10302       0.3243   5.35
    10303       0.3257   5.35
    10304       0.3265   5.35
    10305       0.3239   5.35
    10306       0.3254   5.35
    10307       0.3255   5.35
    10308       0.3268   5.35
    10309       0.3238   5.35
    10310       0.3243   5.35
    10311       0.3240   5.35
    10312       0.3251   5.35
    10313       0.3258   5.35
    10314       0.3250   5.35
    10315       0.3248   5.35
    10316       0.3249   5.35
    10317       0.3255   5.35
    10318       0.3258   5.35
    10319       0.3261   5.35
    10320       0.3250   5.35
    10321       0.3249   5.35
    10322       0.3249   5.35
    10323       0.3248   5.35
    10324       0.3264   5.35
    10325       0.3235   5.35
    10326       0.3247   5.35
    10327       0.3255   5.35
    10328       0.3247   5.35
    10329       0.3238   5.35
    10330       0.3255   5.35
    10331       0.3256   5.35
    10332       0.3260   5.35
    10333       0.3257   5.35
    10334       0.3247   5.35
    10335       0.3259   5.35
    10336       0.3265   5.35
    10337       0.3250   5.35
    10338       0.3265   5.35
    10339       0.3254   5.35
    10340       0.3253   5.35
    10341       0.3255   5.35
    10342       0.3223   5.35
    10343       0.3253   5.35
    10344       0.3246   5.35
    10345       0.3250   5.35
    10346       0.3260   5.35
    10347       0.3252   5.35
    10348       0.3250   5.35
    10349       0.3253   5.35
    10350       0.3258   5.35
    10351       0.3253   5.35
    10352       0.3265   5.35
    10353       0.3259   5.35
    10354       0.3252   5.35
    10355       0.3259   5.35
    10356       0.3263   5.35
    10357       0.3258   5.35
    10358       0.3263   5.35
    10359       0.3264   5.35
    10360       0.3259   5.35
    10361       0.3263   5.35
    10362       0.3259   5.35
    10363       0.3257   5.34
    10364       0.3262   5.34
    10365       0.3265   5.35
    10366       0.3245   5.35
    10367       0.3244   5.35
    10368       0.3241   5.35
    10369       0.3258   5.35
    10370       0.3250   5.35
    10371       0.3244   5.35
    10372       0.3258   5.35
    10373       0.3262   5.35
    10374       0.3249   5.35
    10375       0.3248   5.35
    10376       0.3248   5.35
    10377       0.3246   5.35
    10378       0.3259   5.35
    10379       0.3251   5.35
    10380       0.3229   5.35
    10381       0.3254   5.35
    10382       0.3254   5.35
    10383       0.3264   5.35
    10384       0.3267   5.35
    10385       0.3279   5.35
    10386       0.3247   5.35
    10387       0.3241   5.35
    10388       0.3235   5.35
    10389       0.3259   5.35
    10390       0.3259   5.35
    10391       0.3245   5.35
    10392       0.3251   5.35
    10393       0.3250   5.35
    10394       0.3246   5.35
    10395       0.3261   5.35
    10396       0.3247   5.35
    10397       0.3250   5.35
    10398       0.3272   5.35
    10399       0.3270   5.35
    10400       0.3257   5.35
    10401       0.3264   5.35
    10402       0.3260   5.35
    10403       0.3259   5.35
    10404       0.3257   5.35
    10405       0.3250   5.35
    10406       0.3239   5.35
    10407       0.3245   5.35
    10408       0.3245   5.35
    10409       0.3241   5.35
    10410       0.3252   5.35
    10411       0.3253   5.35
    10412       0.3244   5.35
    10413       0.3260   5.35
    10414       0.3266   5.35
    10415       0.3245   5.35
    10416       0.3249   5.35
    10417       0.3237   5.35
    10418       0.3247   5.35
    10419       0.3255   5.35
    10420       0.3253   5.35
    10421       0.3251   5.35
    10422       0.3255   5.35
    10423       0.3246   5.35
    10424       0.3257   5.35
    10425       0.3252   5.35
    10426       0.3246   5.35
    10427       0.3270   5.35
    10428       0.3269   5.35
    10429       0.3251   5.35
    10430       0.3249   5.35
    10431       0.3242   5.35
    10432       0.3252   5.35
    10433       0.3272   5.35
    10434       0.3277   5.35
    10435       0.3272   5.35
    10436       0.3261   5.35
    10437       0.3267   5.35
    10438       0.3246   5.35
    10439       0.3254   5.35
    10440       0.3258   5.35
    10441       0.3247   5.35
    10442       0.3254   5.35
    10443       0.3251   5.35
    10444       0.3236   5.35
    10445       0.3244   5.35
    10446       0.3251   5.35
    10447       0.3249   5.35
    10448       0.3241   5.35
    10449       0.3240   5.35
    10450       0.3252   5.35
    10451       0.3253   5.35
    10452       0.3246   5.35
    10453       0.3259   5.35
    10454       0.3266   5.35
    10455       0.3240   5.35
    10456       0.3261   5.35
    10457       0.3251   5.35
    10458       0.3248   5.35
    10459       0.3264   5.35
    10460       0.3264   5.35
    10461       0.3270   5.35
    10462       0.3266   5.35
    10463       0.3254   5.35
    10464       0.3251   5.35
    10465       0.3253   5.35
    10466       0.3251   5.35
    10467       0.3249   5.35
    10468       0.3248   5.35
    10469       0.3247   5.35
    10470       0.3244   5.35
    10471       0.3241   5.35
    10472       0.3255   5.35
    10473       0.3264   5.35
    10474       0.3259   5.35
    10475       0.3250   5.35
    10476       0.3254   5.35
    10477       0.3247   5.35
    10478       0.3242   5.35
    10479       0.3252   5.35
    10480       0.3259   5.35
    10481       0.3264   5.35
    10482       0.3263   5.35
    10483       0.3263   5.35
    10484       0.3267   5.35
    10485       0.3262   5.35
    10486       0.3261   5.35
    10487       0.3239   5.35
    10488       0.3258   5.35
    10489       0.3252   5.35
    10490       0.3244   5.34
    10491       0.3256   5.34
    10492       0.3267   5.35
    10493       0.3243   5.35
    10494       0.3350   5.35
    10495       0.3256   5.35
    10496       0.3253   5.35
    10497       0.3264   5.35
    10498       0.3264   5.35
    10499       0.3258   5.35
    10500       0.3255   5.35
    10501       0.3243   5.35
    10502       0.3249   5.35
    10503       0.3255   5.35
    10504       0.3253   5.35
    10505       0.3261   5.35
    10506       0.3258   5.35
    10507       0.3247   5.35
    10508       0.3249   5.35
    10509       0.3250   5.35
    10510       0.3240   5.35
    10511       0.3250   5.35
    10512       0.3257   5.35
    10513       0.3244   5.35
    10514       0.3261   5.35
    10515       0.3256   5.35
    10516       0.3262   5.35
    10517       0.3264   5.35
    10518       0.3260   5.35
    10519       0.3245   5.35
    10520       0.3257   5.35
    10521       0.3263   5.35
    10522       0.3254   5.35
    10523       0.3251   5.35
    10524       0.3241   5.35
    10525       0.3252   5.35
    10526       0.3248   5.35
    10527       0.3240   5.35
    10528       0.3248   5.35
    10529       0.3242   5.35
    10530       0.3249   5.35
    10531       0.3264   5.35
    10532       0.3258   5.35
    10533       0.3253   5.35
    10534       0.3257   5.35
    10535       0.3251   5.35
    10536       0.3242   5.35
    10537       0.3270   5.35
    10538       0.3267   5.35
    10539       0.3245   5.35
    10540       0.3265   5.35
    10541       0.3246   5.35
    10542       0.3256   5.35
    10543       0.3246   5.35
    10544       0.3253   5.35
    10545       0.3263   5.35
    10546       0.3258   5.35
    10547       0.3246   5.35
    10548       0.3260   5.35
    10549       0.3260   5.35
    10550       0.3259   5.35
    10551       0.3256   5.35
    10552       0.3250   5.35
    10553       0.3239   5.34
    10554       0.3252   5.34
    10555       0.3250   5.35
    10556       0.3252   5.35
    10557       0.3253   5.35
    10558       0.3257   5.35
    10559       0.3251   5.35
    10560       0.3257   5.35
    10561       0.3257   5.35
    10562       0.3249   5.35
    10563       0.3246   5.35
    10564       0.3254   5.35
    10565       0.3246   5.35
    10566       0.3259   5.35
    10567       0.3246   5.35
    10568       0.3250   5.35
    10569       0.3253   5.35
    10570       0.3247   5.35
    10571       0.3285   5.35
    10572       0.3267   5.35
    10573       0.3253   5.35
    10574       0.3262   5.35
    10575       0.3260   5.35
    10576       0.3249   5.35
    10577       0.3261   5.35
    10578       0.3253   5.35
    10579       0.3242   5.35
    10580       0.3262   5.35
    10581       0.3263   5.35
    10582       0.3252   5.35
    10583       0.3249   5.35
    10584       0.3250   5.35
    10585       0.3240   5.35
    10586       0.3249   5.35
    10587       0.3240   5.35
    10588       0.3240   5.35
    10589       0.3254   5.35
    10590       0.3254   5.35
    10591       0.3246   5.35
    10592       0.3259   5.35
    10593       0.3261   5.35
    10594       0.3251   5.35
    10595       0.3261   5.35
    10596       0.3255   5.35
    10597       0.3272   5.35
    10598       0.3258   5.35
    10599       0.3239   5.35
    10600       0.3241   5.35
    10601       0.3255   5.34
    10602       0.3237   5.35
    10603       0.3249   5.35
    10604       0.3245   5.35
    10605       0.3234   5.35
    10606       0.3253   5.35
    10607       0.3257   5.35
    10608       0.3239   5.35
    10609       0.3254   5.35
    10610       0.3261   5.35
    10611       0.3242   5.35
    10612       0.3251   5.35
    10613       0.3251   5.35
    10614       0.3251   5.35
    10615       0.3258   5.35
    10616       0.3248   5.35
    10617       0.3237   5.35
    10618       0.3264   5.35
    10619       0.3259   5.35
    10620       0.3251   5.35
    10621       0.3247   5.35
    10622       0.3244   5.35
    10623       0.3251   5.35
    10624       0.3255   5.35
    10625       0.3253   5.35
    10626       0.3253   5.35
    10627       0.3252   5.35
    10628       0.3247   5.35
    10629       0.3256   5.35
    10630       0.3257   5.35
    10631       0.3237   5.35
    10632       0.3263   5.35
    10633       0.3260   5.35
    10634       0.3242   5.35
    10635       0.3250   5.35
    10636       0.3251   5.35
    10637       0.3241   5.35
    10638       0.3243   5.35
    10639       0.3252   5.35
    10640       0.3246   5.35
    10641       0.3249   5.35
    10642       0.3244   5.35
    10643       0.3252   5.35
    10644       0.3263   5.35
    10645       0.3244   5.35
    10646       0.3259   5.35
    10647       0.3251   5.35
    10648       0.3234   5.35
    10649       0.3256   5.35
    10650       0.3253   5.35
    10651       0.3266   5.35
    10652       0.3255   5.35
    10653       0.3255   5.35
    10654       0.3248   5.35
    10655       0.3259   5.35
    10656       0.3251   5.35
    10657       0.3239   5.35
    10658       0.3252   5.35
    10659       0.3260   5.35
    10660       0.3251   5.35
    10661       0.3261   5.35
    10662       0.3250   5.35
    10663       0.3257   5.35
    10664       0.3269   5.35
    10665       0.3267   5.35
    10666       0.3248   5.35
    10667       0.3246   5.35
    10668       0.3242   5.35
    10669       0.3254   5.35
    10670       0.3253   5.35
    10671       0.3257   5.35
    10672       0.3275   5.35
    10673       0.3257   5.35
    10674       0.3241   5.35
    10675       0.3259   5.35
    10676       0.3254   5.35
    10677       0.3242   5.35
    10678       0.3255   5.35
    10679       0.3255   5.35
    10680       0.3240   5.35
    10681       0.3262   5.35
    10682       0.3259   5.35
    10683       0.3258   5.35
    10684       0.3269   5.35
    10685       0.3269   5.35
    10686       0.3245   5.34
    10687       0.3240   5.34
    10688       0.3250   5.35
    10689       0.3246   5.35
    10690       0.3250   5.35
    10691       0.3253   5.35
    10692       0.3250   5.35
    10693       0.3257   5.35
    10694       0.3249   5.35
    10695       0.3256   5.35
    10696       0.3263   5.35
    10697       0.3261   5.35
    10698       0.3260   5.35
    10699       0.3250   5.35
    10700       0.3243   5.35
    10701       0.3254   5.35
    10702       0.3257   5.35
    10703       0.3251   5.35
    10704       0.3250   5.35
    10705       0.3254   5.35
    10706       0.3241   5.35
    10707       0.3255   5.35
    10708       0.3253   5.35
    10709       0.3238   5.35
    10710       0.3254   5.35
    10711       0.3256   5.35
    10712       0.3243   5.35
    10713       0.3247   5.35
    10714       0.3256   5.35
    10715       0.3256   5.35
    10716       0.3267   5.35
    10717       0.3269   5.35
    10718       0.3248   5.35
    10719       0.3254   5.35
    10720       0.3254   5.35
    10721       0.3279   5.35
    10722       0.3271   5.35
    10723       0.3270   5.35
    10724       0.3256   5.35
    10725       0.3248   5.35
    10726       0.3241   5.35
    10727       0.3252   5.35
    10728       0.3252   5.35
    10729       0.3249   5.35
    10730       0.3254   5.35
    10731       0.3241   5.35
    10732       0.3247   5.35
    10733       0.3260   5.35
    10734       0.3315   5.35
    10735       0.3229   5.35
    10736       0.3247   5.35
    10737       0.3253   5.35
    10738       0.3253   5.35
    10739       0.3259   5.35
    10740       0.3253   5.36
    10741       0.3255   5.35
    10742       0.3254   5.35
    10743       0.3249   5.35
    10744       0.3250   5.35
    10745       0.3251   5.35
    10746       0.3244   5.35
    10747       0.3249   5.35
    10748       0.3258   5.35
    10749       0.3258   5.35
    10750       0.3258   5.35
    10751       0.3263   5.35
    10752       0.3252   5.35
    10753       0.3264   5.35
    10754       0.3256   5.35
    10755       0.3264   5.35
    10756       0.3256   5.35
    10757       0.3247   5.35
    10758       0.3237   5.35
    10759       0.3262   5.35
    10760       0.3255   5.35
    10761       0.3250   5.35
    10762       0.3257   5.35
    10763       0.3262   5.35
    10764       0.3240   5.35
    10765       0.3251   5.35
    10766       0.3258   5.35
    10767       0.3263   5.35
    10768       0.3262   5.35
    10769       0.3253   5.35
    10770       0.3225   5.35
    10771       0.3256   5.35
    10772       0.3240   5.35
    10773       0.3250   5.35
    10774       0.3242   5.35
    10775       0.3253   5.35
    10776       0.3273   5.35
    10777       0.3255   5.35
    10778       0.3244   5.35
    10779       0.3255   5.35
    10780       0.3245   5.35
    10781       0.3244   5.35
    10782       0.3257   5.35
    10783       0.3253   5.35
    10784       0.3246   5.35
    10785       0.3249   5.35
    10786       0.3254   5.35
    10787       0.3242   5.35
    10788       0.3254   5.35
    10789       0.3250   5.35
    10790       0.3235   5.35
    10791       0.3258   5.35
    10792       0.3255   5.35
    10793       0.3245   5.35
    10794       0.3253   5.35
    10795       0.3242   5.35
    10796       0.3268   5.35
    10797       0.3263   5.35
    10798       0.3257   5.35
    10799       0.3253   5.35
    10800       0.3333   5.35
    10801       0.3242   5.35
    10802       0.3246   5.35
    10803       0.3242   5.35
    10804       0.3244   5.35
    10805       0.3243   5.35
    10806       0.3253   5.35
    10807       0.3258   5.35
    10808       0.3263   5.35
    10809       0.3270   5.35
    10810       0.3230   5.35
    10811       0.3237   5.35
    10812       0.3240   5.35
    10813       0.3267   5.35
    10814       0.3266   5.35
    10815       0.3270   5.35
    10816       0.3270   5.35
    10817       0.3264   5.35
    10818       0.3268   5.35
    10819       0.3244   5.35
    10820       0.3254   5.35
    10821       0.3232   5.35
    10822       0.3248   5.35
    10823       0.3234   5.35
    10824       0.3241   5.34
    10825       0.3243   5.34
    10826       0.3247   5.34
    10827       0.3246   5.34
    10828       0.3254   5.34
    10829       0.3240   5.35
    10830       0.3237   5.35
    10831       0.3251   5.35
    10832       0.3252   5.35
    10833       0.3243   5.35
    10834       0.3269   5.35
    10835       0.3255   5.35
    10836       0.3258   5.35
    10837       0.3261   5.35
    10838       0.3242   5.35
    10839       0.3245   5.35
    10840       0.3261   5.35
    10841       0.3254   5.35
    10842       0.3257   5.35
    10843       0.3258   5.35
    10844       0.3250   5.35
    10845       0.3250   5.35
    10846       0.3258   5.35
    10847       0.3247   5.35
    10848       0.3254   5.35
    10849       0.3254   5.35
    10850       0.3261   5.35
    10851       0.3254   5.35
    10852       0.3244   5.35
    10853       0.3246   5.35
    10854       0.3270   5.35
    10855       0.3266   5.35
    10856       0.3250   5.35
    10857       0.3263   5.35
    10858       0.3270   5.35
    10859       0.3249   5.35
    10860       0.3252   5.35
    10861       0.3262   5.35
    10862       0.3252   5.35
    10863       0.3259   5.35
    10864       0.3259   5.35
    10865       0.3248   5.35
    10866       0.3255   5.35
    10867       0.3253   5.35
    10868       0.3243   5.35
    10869       0.3252   5.35
    10870       0.3250   5.35
    10871       0.3269   5.35
    10872       0.3256   5.35
    10873       0.3259   5.35
    10874       0.3254   5.35
    10875       0.3248   5.35
    10876       0.3223   5.34
    10877       0.3247   5.34
    10878       0.3253   5.35
    10879       0.3245   5.35
    10880       0.3250   5.35
    10881       0.3252   5.35
    10882       0.3253   5.35
    10883       0.3266   5.35
    10884       0.3263   5.35
    10885       0.3261   5.35
    10886       0.3255   5.35
    10887       0.3258   5.35
    10888       0.3247   5.35
    10889       0.3256   5.35
    10890       0.3253   5.35
    10891       0.3235   5.35
    10892       0.3255   5.35
    10893       0.3253   5.35
    10894       0.3250   5.35
    10895       0.3260   5.35
    10896       0.3250   5.35
    10897       0.3254   5.35
    10898       0.3261   5.35
    10899       0.3259   5.35
    10900       0.3258   5.35
    10901       0.3264   5.35
    10902       0.3254   5.35
    10903       0.3251   5.35
    10904       0.3252   5.34
    10905       0.3248   5.34
    10906       0.3257   5.34
    10907       0.3258   5.35
    10908       0.3248   5.35
    10909       0.3255   5.35
    10910       0.3251   5.35
    10911       0.3247   5.35
    10912       0.3254   5.35
    10913       0.3267   5.35
    10914       0.3231   5.35
    10915       0.3254   5.35
    10916       0.3260   5.35
    10917       0.3263   5.35
    10918       0.3257   5.35
    10919       0.3254   5.35
    10920       0.3239   5.35
    10921       0.3254   5.35
    10922       0.3237   5.35
    10923       0.3257   5.35
    10924       0.3259   5.35
    10925       0.3246   5.35
    10926       0.3251   5.35
    10927       0.3251   5.35
    10928       0.3250   5.35
    10929       0.3258   5.35
    10930       0.3250   5.35
    10931       0.3249   5.35
    10932       0.3264   5.35
    10933       0.3266   5.35
    10934       0.3253   5.35
    10935       0.3241   5.35
    10936       0.3246   5.35
    10937       0.3253   5.35
    10938       0.3256   5.35
    10939       0.3249   5.35
    10940       0.3243   5.35
    10941       0.3254   5.35
    10942       0.3257   5.35
    10943       0.3261   5.35
    10944       0.3264   5.35
    10945       0.3259   5.35
    10946       0.3266   5.35
    10947       0.3257   5.35
    10948       0.3242   5.35
    10949       0.3239   5.35
    10950       0.3244   5.35
    10951       0.3254   5.35
    10952       0.3257   5.35
    10953       0.3243   5.35
    10954       0.3244   5.35
    10955       0.3252   5.35
    10956       0.3238   5.35
    10957       0.3256   5.35
    10958       0.3257   5.35
    10959       0.3254   5.35
    10960       0.3245   5.35
    10961       0.3258   5.35
    10962       0.3259   5.35
    10963       0.3256   5.35
    10964       0.3263   5.35
    10965       0.3268   5.35
    10966       0.3261   5.35
    10967       0.3258   5.35
    10968       0.3239   5.35
    10969       0.3245   5.35
    10970       0.3252   5.35
    10971       0.3251   5.35
    10972       0.3272   5.35
    10973       0.3255   5.34
    10974       0.3248   5.35
    10975       0.3247   5.35
    10976       0.3257   5.35
    10977       0.3250   5.35
    10978       0.3246   5.35
    10979       0.3242   5.35
    10980       0.3243   5.35
    10981       0.3252   5.35
    10982       0.3254   5.35
    10983       0.3250   5.35
    10984       0.3254   5.35
    10985       0.3256   5.35
    10986       0.3247   5.35
    10987       0.3256   5.35
    10988       0.3254   5.35
    10989       0.3251   5.35
    10990       0.3257   5.35
    10991       0.3242   5.35
    10992       0.3236   5.35
    10993       0.3247   5.35
    10994       0.3252   5.35
    10995       0.3265   5.35
    10996       0.3249   5.35
    10997       0.3238   5.35
    10998       0.3253   5.35
    10999       0.3257   5.35
    11000       0.3254   5.35
    11001       0.3252   5.35
    11002       0.3243   5.35
    11003       0.3253   5.35
    11004       0.3258   5.35
    11005       0.3249   5.35
    11006       0.3254   5.35
    11007       0.3258   5.35
    11008       0.3257   5.35
    11009       0.3250   5.35
    11010       0.3262   5.35
    11011       0.3260   5.35
    11012       0.3239   5.35
    11013       0.3252   5.35
    11014       0.3255   5.35
    11015       0.3258   5.35
    11016       0.3259   5.35
    11017       0.3258   5.35
    11018       0.3254   5.35
    11019       0.3268   5.35
    11020       0.3250   5.35
    11021       0.3255   5.35
    11022       0.3255   5.35
    11023       0.3248   5.35
    11024       0.3236   5.35
    11025       0.3255   5.35
    11026       0.3252   5.35
    11027       0.3254   5.35
    11028       0.3255   5.35
    11029       0.3245   5.35
    11030       0.3251   5.35
    11031       0.3249   5.35
    11032       0.3232   5.35
    11033       0.3254   5.35
    11034       0.3257   5.35
    11035       0.3258   5.35
    11036       0.3256   5.35
    11037       0.3254   5.35
    11038       0.3249   5.35
    11039       0.3263   5.35
    11040       0.3267   5.35
    11041       0.3252   5.35
    11042       0.3253   5.35
    11043       0.3256   5.35
    11044       0.3255   5.35
    11045       0.3265   5.35
    11046       0.3251   5.35
    11047       0.3261   5.35
    11048       0.3248   5.35
    11049       0.3244   5.35
    11050       0.3261   5.35
    11051       0.3263   5.35
    11052       0.3262   5.35
    11053       0.3255   5.35
    11054       0.3249   5.35
    11055       0.3229   5.35
    11056       0.3257   5.35
    11057       0.3267   5.35
    11058       0.3248   5.35
    11059       0.3253   5.35
    11060       0.3250   5.35
    11061       0.3257   5.35
    11062       0.3267   5.35
    11063       0.3255   5.35
    11064       0.3226   5.35
    11065       0.3259   5.35
    11066       0.3272   5.35
    11067       0.3259   5.35
    11068       0.3249   5.35
    11069       0.3237   5.35
    11070       0.3248   5.35
    11071       0.3246   5.35
    11072       0.3241   5.35
    11073       0.3244   5.35
    11074       0.3260   5.35
    11075       0.3265   5.35
    11076       0.3259   5.35
    11077       0.3262   5.35
    11078       0.3265   5.35
    11079       0.3242   5.35
    11080       0.3257   5.35
    11081       0.3251   5.35
    11082       0.3263   5.35
    11083       0.3263   5.35
    11084       0.3228   5.35
    11085       0.3249   5.35
    11086       0.3251   5.34
    11087       0.3266   5.35
    11088       0.3263   5.35
    11089       0.3264   5.35
    11090       0.3245   5.35
    11091       0.3255   5.35
    11092       0.3247   5.35
    11093       0.3259   5.35
    11094       0.3254   5.35
    11095       0.3255   5.35
    11096       0.3256   5.35
    11097       0.3257   5.34
    11098       0.3243   5.34
    11099       0.3253   5.34
    11100       0.3253   5.35
    11101       0.3241   5.35
    11102       0.3247   5.35
    11103       0.3258   5.35
    11104       0.3237   5.35
    11105       0.3264   5.35
    11106       0.3265   5.35
    11107       0.3247   5.35
    11108       0.3255   5.35
    11109       0.3247   5.35
    11110       0.3243   5.35
    11111       0.3248   5.35
    11112       0.3256   5.35
    11113       0.3246   5.35
    11114       0.3258   5.35
    11115       0.3263   5.35
    11116       0.3250   5.35
    11117       0.3269   5.35
    11118       0.3273   5.35
    11119       0.3265   5.35
    11120       0.3257   5.35
    11121       0.3257   5.35
    11122       0.3268   5.35
    11123       0.3269   5.34
    11124       0.3266   5.35
    11125       0.3251   5.35
    11126       0.3270   5.35
    11127       0.3240   5.35
    11128       0.3241   5.35
    11129       0.3246   5.35
    11130       0.3247   5.35
    11131       0.3232   5.35
    11132       0.3253   5.35
    11133       0.3249   5.35
    11134       0.3351   5.35
    11135       0.3260   5.35
    11136       0.3261   5.35
    11137       0.3243   5.35
    11138       0.3244   5.35
    11139       0.3252   5.35
    11140       0.3265   5.35
    11141       0.3248   5.35
    11142       0.3255   5.35
    11143       0.3253   5.35
    11144       0.3248   5.35
    11145       0.3236   5.35
    11146       0.3246   5.35
    11147       0.3239   5.35
    11148       0.3250   5.35
    11149       0.3260   5.35
    11150       0.3265   5.35
    11151       0.3264   5.35
    11152       0.3266   5.35
    11153       0.3264   5.35
    11154       0.3247   5.35
    11155       0.3253   5.35
    11156       0.3231   5.35
    11157       0.3271   5.35
    11158       0.3260   5.35
    11159       0.3230   5.35
    11160       0.3249   5.35
    11161       0.3253   5.35
    11162       0.3248   5.35
    11163       0.3254   5.35
    11164       0.3253   5.35
    11165       0.3226   5.35
    11166       0.3246   5.35
    11167       0.3248   5.35
    11168       0.3244   5.35
    11169       0.3259   5.35
    11170       0.3247   5.35
    11171       0.3223   5.35
    11172       0.3251   5.35
    11173       0.3261   5.35
    11174       0.3265   5.35
    11175       0.3259   5.35
    11176       0.3255   5.35
    11177       0.3257   5.35
    11178       0.3262   5.35
    11179       0.3252   5.35
    11180       0.3272   5.35
    11181       0.3263   5.35
    11182       0.3233   5.35
    11183       0.3261   5.35
    11184       0.3237   5.34
    11185       0.3256   5.35
    11186       0.3259   5.35
    11187       0.3261   5.35
    11188       0.3247   5.35
    11189       0.3247   5.35
    11190       0.3247   5.35
    11191       0.3244   5.34
    11192       0.3258   5.34
    11193       0.3258   5.35
    11194       0.3234   5.35
    11195       0.3258   5.35
    11196       0.3232   5.35
    11197       0.3265   5.35
    11198       0.3266   5.35
    11199       0.3260   5.35
    11200       0.3275   5.35
    11201       0.3265   5.35
    11202       0.3249   5.35
    11203       0.3260   5.35
    11204       0.3250   5.35
    11205       0.3238   5.35
    11206       0.3257   5.35
    11207       0.3247   5.35
    11208       0.3256   5.35
    11209       0.3263   5.35
    11210       0.3257   5.35
    11211       0.3247   5.35
    11212       0.3232   5.35
    11213       0.3247   5.35
    11214       0.3228   5.35
    11215       0.3252   5.35
    11216       0.3258   5.35
    11217       0.3252   5.35
    11218       0.3257   5.35
    11219       0.3256   5.35
    11220       0.3260   5.35
    11221       0.3262   5.35
    11222       0.3245   5.35
    11223       0.3248   5.35
    11224       0.3238   5.35
    11225       0.3254   5.35
    11226       0.3267   5.35
    11227       0.3263   5.35
    11228       0.3233   5.35
    11229       0.3261   5.35
    11230       0.3255   5.35
    11231       0.3248   5.35
    11232       0.3253   5.35
    11233       0.3257   5.35
    11234       0.3255   5.35
    11235       0.3258   5.35
    11236       0.3259   5.35
    11237       0.3254   5.35
    11238       0.3255   5.35
    11239       0.3256   5.35
    11240       0.3254   5.35
    11241       0.3256   5.35
    11242       0.3258   5.35
    11243       0.3260   5.35
    11244       0.3257   5.35
    11245       0.3254   5.35
    11246       0.3259   5.35
    11247       0.3264   5.35
    11248       0.3250   5.35
    11249       0.3253   5.35
    11250       0.3251   5.35
    11251       0.3248   5.35
    11252       0.3232   5.35
    11253       0.3257   5.35
    11254       0.3254   5.35
    11255       0.3248   5.35
    11256       0.3251   5.35
    11257       0.3267   5.35
    11258       0.3258   5.35
    11259       0.3252   5.35
    11260       0.3259   5.35
    11261       0.3279   5.35
    11262       0.3262   5.35
    11263       0.3229   5.35
    11264       0.3246   5.35
    11265       0.3237   5.34
    11266       0.3248   5.35
    11267       0.3248   5.35
    11268       0.3252   5.35
    11269       0.3252   5.35
    11270       0.3254   5.35
    11271       0.3234   5.35
    11272       0.3262   5.35
    11273       0.3244   5.35
    11274       0.3223   5.35
    11275       0.3256   5.35
    11276       0.3247   5.35
    11277       0.3246   5.35
    11278       0.3251   5.35
    11279       0.3258   5.35
    11280       0.3250   5.35
    11281       0.3242   5.35
    11282       0.3262   5.35
    11283       0.3255   5.35
    11284       0.3262   5.35
    11285       0.3254   5.35
    11286       0.3248   5.35
    11287       0.3251   5.35
    11288       0.3240   5.34
    11289       0.3234   5.35
    11290       0.3253   5.35
    11291       0.3264   5.35
    11292       0.3256   5.35
    11293       0.3258   5.35
    11294       0.3259   5.35
    11295       0.3260   5.35
    11296       0.3256   5.35
    11297       0.3245   5.35
    11298       0.3252   5.35
    11299       0.3261   5.35
    11300       0.3268   5.35
    11301       0.3266   5.35
    11302       0.3249   5.35
    11303       0.3251   5.35
    11304       0.3257   5.35
    11305       0.3253   5.35
    11306       0.3261   5.34
    11307       0.3251   5.34
    11308       0.3249   5.35
    11309       0.3253   5.35
    11310       0.3251   5.35
    11311       0.3237   5.35
    11312       0.3245   5.35
    11313       0.3239   5.35
    11314       0.3252   5.35
    11315       0.3244   5.35
    11316       0.3261   5.35
    11317       0.3258   5.35
    11318       0.3258   5.35
    11319       0.3252   5.35
    11320       0.3242   5.35
    11321       0.3248   5.35
    11322       0.3259   5.35
    11323       0.3251   5.35
    11324       0.3273   5.35
    11325       0.3268   5.35
    11326       0.3254   5.35
    11327       0.3251   5.35
    11328       0.3264   5.35
    11329       0.3242   5.35
    11330       0.3254   5.35
    11331       0.3255   5.35
    11332       0.3241   5.35
    11333       0.3256   5.35
    11334       0.3255   5.35
    11335       0.3244   5.35
    11336       0.3246   5.35
    11337       0.3237   5.35
    11338       0.3255   5.35
    11339       0.3276   5.35
    11340       0.3268   5.35
    11341       0.3247   5.35
    11342       0.3246   5.35
    11343       0.3242   5.35
    11344       0.3246   5.35
    11345       0.3253   5.35
    11346       0.3237   5.35
    11347       0.3277   5.35
    11348       0.3252   5.35
    11349       0.3247   5.35
    11350       0.3267   5.35
    11351       0.3255   5.35
    11352       0.3249   5.35
    11353       0.3263   5.35
    11354       0.3266   5.34
    11355       0.3261   5.34
    11356       0.3274   5.34
    11357       0.3250   5.35
    11358       0.3246   5.35
    11359       0.3258   5.35
    11360       0.3264   5.34
    11361       0.3263   5.35
    11362       0.3248   5.35
    11363       0.3251   5.35
    11364       0.3246   5.34
    11365       0.3245   5.34
    11366       0.3255   5.34
    11367       0.3238   5.35
    11368       0.3248   5.35
    11369       0.3246   5.35
    11370       0.3252   5.35
    11371       0.3260   5.35
    11372       0.3254   5.35
    11373       0.3261   5.35
    11374       0.3259   5.35
    11375       0.3261   5.35
    11376       0.3271   5.35
    11377       0.3259   5.35
    11378       0.3246   5.35
    11379       0.3252   5.35
    11380       0.3257   5.34
    11381       0.3262   5.35
    11382       0.3275   5.35
    11383       0.3269   5.35
    11384       0.3254   5.34
    11385       0.3251   5.34
    11386       0.3253   5.34
    11387       0.3247   5.35
    11388       0.3252   5.35
    11389       0.3252   5.35
    11390       0.3254   5.34
    11391       0.3255   5.34
    11392       0.3250   5.35
    11393       0.3250   5.35
    11394       0.3254   5.35
    11395       0.3247   5.35
    11396       0.3248   5.34
    11397       0.3254   5.34
    11398       0.3250   5.35
    11399       0.3273   5.35
    11400       0.3252   5.35
    11401       0.3247   5.35
    11402       0.3276   5.35
    11403       0.3265   5.34
    11404       0.3248   5.35
    11405       0.3244   5.35
    11406       0.3239   5.35
    11407       0.3251   5.35
    11408       0.3253   5.35
    11409       0.3260   5.35
    11410       0.3246   5.35
    11411       0.3250   5.35
    11412       0.3256   5.35
    11413       0.3245   5.35
    11414       0.3246   5.35
    11415       0.3253   5.35
    11416       0.3244   5.35
    11417       0.3245   5.35
    11418       0.3255   5.35
    11419       0.3259   5.35
    11420       0.3258   5.35
    11421       0.3258   5.35
    11422       0.3246   5.35
    11423       0.3250   5.35
    11424       0.3232   5.35
    11425       0.3272   5.35
    11426       0.3262   5.35
    11427       0.3239   5.35
    11428       0.3254   5.35
    11429       0.3254   5.35
    11430       0.3248   5.35
    11431       0.3266   5.35
    11432       0.3258   5.35
    11433       0.3243   5.35
    11434       0.3251   5.35
    11435       0.3259   5.35
    11436       0.3258   5.35
    11437       0.3250   5.35
    11438       0.3250   5.35
    11439       0.3246   5.34
    11440       0.3352   5.34
    11441       0.3250   5.35
    11442       0.3261   5.35
    11443       0.3251   5.35
    11444       0.3251   5.35
    11445       0.3241   5.35
    11446       0.3253   5.35
    11447       0.3254   5.35
    11448       0.3239   5.35
    11449       0.3251   5.35
    11450       0.3251   5.35
    11451       0.3279   5.35
    11452       0.3262   5.35
    11453       0.3250   5.35
    11454       0.3270   5.35
    11455       0.3267   5.35
    11456       0.3259   5.35
    11457       0.3262   5.35
    11458       0.3266   5.34
    11459       0.3253   5.35
    11460       0.3250   5.35
    11461       0.3247   5.34
    11462       0.3246   5.34
    11463       0.3251   5.34
    11464       0.3247   5.35
    11465       0.3243   5.35
    11466       0.3247   5.35
    11467       0.3257   5.35
    11468       0.3245   5.35
    11469       0.3260   5.35
    11470       0.3261   5.35
    11471       0.3236   5.35
    11472       0.3255   5.35
    11473       0.3232   5.35
    11474       0.3264   5.35
    11475       0.3257   5.35
    11476       0.3245   5.35
    11477       0.3266   5.35
    11478       0.3251   5.35
    11479       0.3232   5.35
    11480       0.3264   5.35
    11481       0.3256   5.35
    11482       0.3251   5.35
    11483       0.3265   5.35
    11484       0.3267   5.35
    11485       0.3253   5.35
    11486       0.3268   5.35
    11487       0.3260   5.35
    11488       0.3244   5.35
    11489       0.3256   5.35
    11490       0.3255   5.34
    11491       0.3259   5.35
    11492       0.3255   5.35
    11493       0.3243   5.35
    11494       0.3248   5.34
    11495       0.3250   5.34
    11496       0.3252   5.34
    11497       0.3250   5.35
    11498       0.3255   5.35
    11499       0.3253   5.35
    11500       0.3245   5.35
    11501       0.3250   5.35
    11502       0.3252   5.34
    11503       0.3253   5.34
    11504       0.3250   5.35
    11505       0.3249   5.35
    11506       0.3259   5.35
    11507       0.3254   5.35
    11508       0.3242   5.34
    11509       0.3256   5.34
    11510       0.3257   5.35
    11511       0.3266   5.35
    11512       0.3266   5.35
    11513       0.3259   5.35
    11514       0.3242   5.35
    11515       0.3248   5.35
    11516       0.3255   5.35
    11517       0.3257   5.35
    11518       0.3254   5.35
    11519       0.3250   5.35
    11520       0.3247   5.35
    11521       0.3250   5.35
    11522       0.3252   5.35
    11523       0.3250   5.35
    11524       0.3257   5.35
    11525       0.3238   5.35
    11526       0.3260   5.35
    11527       0.3260   5.35
    11528       0.3260   5.35
    11529       0.3274   5.35
    11530       0.3261   5.35
    11531       0.3252   5.35
    11532       0.3247   5.35
    11533       0.3250   5.34
    11534       0.3254   5.35
    11535       0.3255   5.35
    11536       0.3258   5.35
    11537       0.3243   5.35
    11538       0.3252   5.35
    11539       0.3249   5.35
    11540       0.3253   5.35
    11541       0.3258   5.35
    11542       0.3261   5.35
    11543       0.3239   5.35
    11544       0.3251   5.35
    11545       0.3258   5.35
    11546       0.3243   5.35
    11547       0.3252   5.35
    11548       0.3255   5.35
    11549       0.3262   5.35
    11550       0.3265   5.35
    11551       0.3246   5.35
    11552       0.3250   5.35
    11553       0.3254   5.35
    11554       0.3250   5.35
    11555       0.3266   5.35
    11556       0.3244   5.35
    11557       0.3242   5.35
    11558       0.3256   5.35
    11559       0.3263   5.35
    11560       0.3256   5.35
    11561       0.3264   5.35
    11562       0.3257   5.35
    11563       0.3264   5.35
    11564       0.3259   5.35
    11565       0.3247   5.35
    11566       0.3242   5.35
    11567       0.3263   5.35
    11568       0.3266   5.35
    11569       0.3256   5.35
    11570       0.3245   5.35
    11571       0.3240   5.35
    11572       0.3243   5.35
    11573       0.3251   5.35
    11574       0.3242   5.34
    11575       0.3244   5.34
    11576       0.3253   5.35
    11577       0.3252   5.35
    11578       0.3247   5.35
    11579       0.3260   5.35
    11580       0.3256   5.35
    11581       0.3250   5.35
    11582       0.3234   5.35
    11583       0.3242   5.35
    11584       0.3261   5.35
    11585       0.3260   5.35
    11586       0.3244   5.35
    11587       0.3247   5.35
    11588       0.3249   5.35
    11589       0.3241   5.35
    11590       0.3265   5.35
    11591       0.3259   5.35
    11592       0.3243   5.35
    11593       0.3248   5.35
    11594       0.3254   5.35
    11595       0.3254   5.35
    11596       0.3254   5.35
    11597       0.3259   5.35
    11598       0.3230   5.35
    11599       0.3257   5.35
    11600       0.3255   5.35
    11601       0.3251   5.35
    11602       0.3262   5.35
    11603       0.3255   5.35
    11604       0.3251   5.35
    11605       0.3254   5.35
    11606       0.3248   5.35
    11607       0.3260   5.35
    11608       0.3261   5.35
    11609       0.3256   5.35
    11610       0.3262   5.35
    11611       0.3250   5.35
    11612       0.3246   5.35
    11613       0.3256   5.35
    11614       0.3258   5.35
    11615       0.3255   5.35
    11616       0.3263   5.35
    11617       0.3267   5.35
    11618       0.3230   5.35
    11619       0.3260   5.35
    11620       0.3261   5.35
    11621       0.3247   5.35
    11622       0.3255   5.35
    11623       0.3253   5.35
    11624       0.3243   5.35
    11625       0.3257   5.35
    11626       0.3257   5.35
    11627       0.3269   5.35
    11628       0.3259   5.35
    11629       0.3244   5.35
    11630       0.3248   5.35
    11631       0.3256   5.35
    11632       0.3260   5.35
    11633       0.3266   5.35
    11634       0.3261   5.35
    11635       0.3256   5.35
    11636       0.3256   5.35
    11637       0.3247   5.35
    11638       0.3247   5.35
    11639       0.3251   5.35
    11640       0.3250   5.35
    11641       0.3249   5.35
    11642       0.3259   5.35
    11643       0.3248   5.35
    11644       0.3245   5.35
    11645       0.3258   5.35
    11646       0.3259   5.35
    11647       0.3231   5.35
    11648       0.3246   5.35
    11649       0.3244   5.35
    11650       0.3244   5.35
    11651       0.3259   5.35
    11652       0.3234   5.35
    11653       0.3252   5.35
    11654       0.3253   5.35
    11655       0.3247   5.35
    11656       0.3257   5.35
    11657       0.3257   5.35
    11658       0.3269   5.35
    11659       0.3255   5.35
    11660       0.3256   5.35
    11661       0.3264   5.35
    11662       0.3258   5.35
    11663       0.3260   5.35
    11664       0.3248   5.35
    11665       0.3251   5.35
    11666       0.3254   5.35
    11667       0.3244   5.35
    11668       0.3253   5.35
    11669       0.3257   5.35
    11670       0.3252   5.35
    11671       0.3247   5.35
    11672       0.3250   5.35
    11673       0.3237   5.35
    11674       0.3254   5.35
    11675       0.3254   5.35
    11676       0.3256   5.35
    11677       0.3253   5.35
    11678       0.3229   5.35
    11679       0.3269   5.35
    11680       0.3262   5.35
    11681       0.3255   5.35
    11682       0.3245   5.35
    11683       0.3256   5.35
    11684       0.3248   5.35
    11685       0.3248   5.35
    11686       0.3254   5.35
    11687       0.3260   5.35
    11688       0.3258   5.35
    11689       0.3259   5.35
    11690       0.3245   5.35
    11691       0.3249   5.35
    11692       0.3243   5.35
    11693       0.3231   5.35
    11694       0.3260   5.35
    11695       0.3252   5.35
    11696       0.3239   5.35
    11697       0.3263   5.35
    11698       0.3250   5.35
    11699       0.3250   5.35
    11700       0.3245   5.35
    11701       0.3229   5.35
    11702       0.3248   5.35
    11703       0.3257   5.35
    11704       0.3254   5.35
    11705       0.3246   5.35
    11706       0.3250   5.35
    11707       0.3243   5.35
    11708       0.3250   5.35
    11709       0.3252   5.35
    11710       0.3250   5.35
    11711       0.3262   5.35
    11712       0.3258   5.35
    11713       0.3248   5.35
    11714       0.3255   5.35
    11715       0.3259   5.35
    11716       0.3248   5.35
    11717       0.3257   5.35
    11718       0.3255   5.35
    11719       0.3238   5.35
    11720       0.3264   5.35
    11721       0.3274   5.35
    11722       0.3248   5.35
    11723       0.3259   5.35
    11724       0.3257   5.35
    11725       0.3251   5.35
    11726       0.3238   5.35
    11727       0.3236   5.34
    11728       0.3252   5.34
    11729       0.3253   5.35
    11730       0.3241   5.35
    11731       0.3252   5.35
    11732       0.3251   5.35
    11733       0.3252   5.35
    11734       0.3266   5.35
    11735       0.3268   5.35
    11736       0.3258   5.35
    11737       0.3254   5.35
    11738       0.3251   5.35
    11739       0.3246   5.35
    11740       0.3251   5.35
    11741       0.3249   5.35
    11742       0.3248   5.35
    11743       0.3246   5.35
    11744       0.3244   5.35
    11745       0.3254   5.35
    11746       0.3365   5.35
    11747       0.3276   5.35
    11748       0.3247   5.35
    11749       0.3251   5.35
    11750       0.3249   5.35
    11751       0.3265   5.35
    11752       0.3257   5.35
    11753       0.3258   5.34
    11754       0.3263   5.34
    11755       0.3249   5.35
    11756       0.3243   5.35
    11757       0.3247   5.35
    11758       0.3249   5.35
    11759       0.3238   5.35
    11760       0.3249   5.35
    11761       0.3253   5.35
    11762       0.3246   5.35
    11763       0.3242   5.35
    11764       0.3256   5.35
    11765       0.3252   5.35
    11766       0.3257   5.35
    11767       0.3258   5.35
    11768       0.3246   5.35
    11769       0.3252   5.35
    11770       0.3256   5.35
    11771       0.3247   5.35
    11772       0.3249   5.35
    11773       0.3246   5.35
    11774       0.3247   5.35
    11775       0.3258   5.35
    11776       0.3249   5.35
    11777       0.3248   5.35
    11778       0.3246   5.35
    11779       0.3244   5.35
    11780       0.3258   5.35
    11781       0.3255   5.35
    11782       0.3241   5.35
    11783       0.3250   5.35
    11784       0.3246   5.35
    11785       0.3251   5.35
    11786       0.3257   5.35
    11787       0.3261   5.35
    11788       0.3240   5.35
    11789       0.3252   5.35
    11790       0.3256   5.35
    11791       0.3244   5.35
    11792       0.3245   5.35
    11793       0.3245   5.35
    11794       0.3221   5.35
    11795       0.3260   5.35
    11796       0.3272   5.35
    11797       0.3251   5.35
    11798       0.3261   5.35
    11799       0.3250   5.35
    11800       0.3247   5.35
    11801       0.3250   5.35
    11802       0.3238   5.35
    11803       0.3244   5.35
    11804       0.3244   5.35
    11805       0.3241   5.35
    11806       0.3254   5.35
    11807       0.3255   5.35
    11808       0.3249   5.35
    11809       0.3273   5.35
    11810       0.3271   5.36
    11811       0.3249   5.35
    11812       0.3249   5.35
    11813       0.3245   5.35
    11814       0.3250   5.35
    11815       0.3255   5.35
    11816       0.3264   5.35
    11817       0.3250   5.35
    11818       0.3256   5.35
    11819       0.3256   5.35
    11820       0.3241   5.35
    11821       0.3254   5.35
    11822       0.3252   5.35
    11823       0.3248   5.35
    11824       0.3257   5.35
    11825       0.3249   5.35
    11826       0.3279   5.35
    11827       0.3268   5.35
    11828       0.3245   5.35
    11829       0.3257   5.35
    11830       0.3245   5.35
    11831       0.3244   5.34
    11832       0.3248   5.34
    11833       0.3256   5.35
    11834       0.3242   5.35
    11835       0.3250   5.35
    11836       0.3253   5.35
    11837       0.3242   5.35
    11838       0.3268   5.35
    11839       0.3266   5.35
    11840       0.3254   5.35
    11841       0.3254   5.35
    11842       0.3251   5.35
    11843       0.3247   5.35
    11844       0.3254   5.35
    11845       0.3244   5.35
    11846       0.3253   5.35
    11847       0.3259   5.35
    11848       0.3254   5.35
    11849       0.3253   5.35
    11850       0.3261   5.34
    11851       0.3251   5.35
    11852       0.3248   5.35
    11853       0.3249   5.35
    11854       0.3240   5.35
    11855       0.3249   5.35
    11856       0.3251   5.35
    11857       0.3236   5.34
    11858       0.3262   5.34
    11859       0.3264   5.35
    11860       0.3250   5.35
    11861       0.3265   5.35
    11862       0.3255   5.35
    11863       0.3235   5.35
    11864       0.3238   5.35
    11865       0.3240   5.35
    11866       0.3245   5.35
    11867       0.3243   5.35
    11868       0.3254   5.35
    11869       0.3246   5.35
    11870       0.3256   5.35
    11871       0.3257   5.35
    11872       0.3245   5.35
    11873       0.3258   5.35
    11874       0.3248   5.35
    11875       0.3258   5.35
    11876       0.3258   5.35
    11877       0.3248   5.35
    11878       0.3260   5.35
    11879       0.3255   5.35
    11880       0.3237   5.35
    11881       0.3244   5.35
    11882       0.3260   5.35
    11883       0.3253   5.35
    11884       0.3251   5.35
    11885       0.3246   5.35
    11886       0.3235   5.35
    11887       0.3263   5.35
    11888       0.3263   5.35
    11889       0.3266   5.35
    11890       0.3256   5.35
    11891       0.3255   5.35
    11892       0.3245   5.35
    11893       0.3265   5.35
    11894       0.3276   5.35
    11895       0.3245   5.35
    11896       0.3252   5.35
    11897       0.3252   5.35
    11898       0.3271   5.35
    11899       0.3270   5.35
    11900       0.3261   5.35
    11901       0.3250   5.35
    11902       0.3252   5.35
    11903       0.3243   5.35
    11904       0.3251   5.35
    11905       0.3254   5.35
    11906       0.3239   5.34
    11907       0.3255   5.34
    11908       0.3253   5.35
    11909       0.3243   5.35
    11910       0.3265   5.35
    11911       0.3255   5.35
    11912       0.3254   5.35
    11913       0.3259   5.35
    11914       0.3269   5.35
    11915       0.3247   5.35
    11916       0.3252   5.35
    11917       0.3237   5.35
    11918       0.3259   5.35
    11919       0.3259   5.35
    11920       0.3257   5.35
    11921       0.3222   5.35
    11922       0.3255   5.35
    11923       0.3260   5.34
    11924       0.3254   5.34
    11925       0.3259   5.35
    11926       0.3256   5.35
    11927       0.3249   5.35
    11928       0.3260   5.35
    11929       0.3247   5.34
    11930       0.3251   5.34
    11931       0.3253   5.34
    11932       0.3242   5.34
    11933       0.3257   5.34
    11934       0.3262   5.35
    11935       0.3248   5.35
    11936       0.3253   5.35
    11937       0.3260   5.35
    11938       0.3227   5.35
    11939       0.3248   5.35
    11940       0.3245   5.35
    11941       0.3236   5.34
    11942       0.3260   5.34
    11943       0.3270   5.35
    11944       0.3238   5.35
    11945       0.3243   5.35
    11946       0.3258   5.35
    11947       0.3242   5.35
    11948       0.3250   5.35
    11949       0.3225   5.35
    11950       0.3256   5.35
    11951       0.3253   5.35
    11952       0.3228   5.35
    11953       0.3231   5.35
    11954       0.3251   5.35
    11955       0.3260   5.35
    11956       0.3255   5.35
    11957       0.3260   5.35
    11958       0.3263   5.35
    11959       0.3260   5.35
    11960       0.3258   5.35
    11961       0.3257   5.35
    11962       0.3253   5.35
    11963       0.3253   5.35
    11964       0.3251   5.35
    11965       0.3259   5.35
    11966       0.3264   5.34
    11967       0.3232   5.35
    11968       0.3256   5.35
    11969       0.3257   5.35
    11970       0.3246   5.35
    11971       0.3264   5.35
    11972       0.3249   5.35
    11973       0.3259   5.35
    11974       0.3259   5.35
    11975       0.3238   5.35
    11976       0.3256   5.35
    11977       0.3247   5.34
    11978       0.3246   5.35
    11979       0.3259   5.35
    11980       0.3257   5.35
    11981       0.3242   5.35
    11982       0.3241   5.35
    11983       0.3245   5.35
    11984       0.3223   5.35
    11985       0.3246   5.35
    11986       0.3258   5.35
    11987       0.3251   5.35
    11988       0.3259   5.35
    11989       0.3259   5.35
    11990       0.3253   5.35
    11991       0.3256   5.35
    11992       0.3244   5.35
    11993       0.3259   5.35
    11994       0.3257   5.35
    11995       0.3245   5.35
    11996       0.3235   5.35
    11997       0.3247   5.35
    11998       0.3240   5.35
    11999       0.3244   5.35
    12000       0.3255   5.35
    12001       0.3252   5.35
    12002       0.3256   5.35
    12003       0.3258   5.35
    12004       0.3245   5.35
    12005       0.3257   5.35
    12006       0.3249   5.35
    12007       0.3250   5.35
    12008       0.3259   5.35
    12009       0.3253   5.35
    12010       0.3253   5.35
    12011       0.3255   5.35
    12012       0.3251   5.35
    12013       0.3247   5.35
    12014       0.3258   5.35
    12015       0.3253   5.35
    12016       0.3241   5.35
    12017       0.3267   5.35
    12018       0.3263   5.35
    12019       0.3250   5.35
    12020       0.3264   5.35
    12021       0.3247   5.35
    12022       0.3237   5.35
    12023       0.3258   5.35
    12024       0.3256   5.35
    12025       0.3263   5.35
    12026       0.3258   5.35
    12027       0.3254   5.34
    12028       0.3248   5.34
    12029       0.3255   5.34
    12030       0.3249   5.35
    12031       0.3253   5.35
    12032       0.3255   5.35
    12033       0.3266   5.35
    12034       0.3257   5.35
    12035       0.3259   5.35
    12036       0.3231   5.35
    12037       0.3251   5.35
    12038       0.3257   5.35
    12039       0.3243   5.35
    12040       0.3259   5.35
    12041       0.3267   5.34
    12042       0.3243   5.35
    12043       0.3245   5.35
    12044       0.3246   5.35
    12045       0.3247   5.35
    12046       0.3250   5.35
    12047       0.3245   5.35
    12048       0.3255   5.35
    12049       0.3249   5.35
    12050       0.3251   5.35
    12051       0.3254   5.35
    12052       0.3255   5.35
    12053       0.3247   5.35
    12054       0.3263   5.35
    12055       0.3252   5.35
    12056       0.3248   5.35
    12057       0.3254   5.35
    12058       0.3252   5.35
    12059       0.3255   5.35
    12060       0.3252   5.35
    12061       0.3255   5.35
    12062       0.3240   5.35
    12063       0.3248   5.35
    12064       0.3249   5.35
    12065       0.3258   5.35
    12066       0.3257   5.35
    12067       0.3231   5.35
    12068       0.3238   5.35
    12069       0.3251   5.35
    12070       0.3261   5.35
    12071       0.3270   5.35
    12072       0.3259   5.35
    12073       0.3258   5.35
    12074       0.3261   5.35
    12075       0.3302   5.35
    12076       0.3251   5.35
    12077       0.3257   5.35
    12078       0.3254   5.35
    12079       0.3246   5.34
    12080       0.3265   5.34
    12081       0.3263   5.35
    12082       0.3261   5.35
    12083       0.3257   5.35
    12084       0.3253   5.35
    12085       0.3252   5.35
    12086       0.3265   5.35
    12087       0.3251   5.35
    12088       0.3240   5.35
    12089       0.3251   5.35
    12090       0.3260   5.34
    12091       0.3254   5.35
    12092       0.3262   5.35
    12093       0.3255   5.35
    12094       0.3241   5.35
    12095       0.3257   5.35
    12096       0.3257   5.35
    12097       0.3268   5.35
    12098       0.3261   5.35
    12099       0.3247   5.35
    12100       0.3254   5.35
    12101       0.3253   5.35
    12102       0.3234   5.35
    12103       0.3269   5.35
    12104       0.3263   5.35
    12105       0.3243   5.35
    12106       0.3231   5.35
    12107       0.3247   5.35
    12108       0.3252   5.35
    12109       0.3260   5.35
    12110       0.3261   5.35
    12111       0.3246   5.35
    12112       0.3254   5.35
    12113       0.3250   5.35
    12114       0.3251   5.35
    12115       0.3254   5.35
    12116       0.3259   5.35
    12117       0.3247   5.35
    12118       0.3255   5.35
    12119       0.3258   5.35
    12120       0.3252   5.35
    12121       0.3260   5.35
    12122       0.3243   5.35
    12123       0.3258   5.35
    12124       0.3258   5.35
    12125       0.3242   5.35
    12126       0.3264   5.35
    12127       0.3263   5.35
    12128       0.3254   5.35
    12129       0.3279   5.35
    12130       0.3262   5.35
    12131       0.3237   5.35
    12132       0.3259   5.35
    12133       0.3269   5.35
    12134       0.3267   5.34
    12135       0.3268   5.34
    12136       0.3246   5.35
    12137       0.3246   5.34
    12138       0.3259   5.34
    12139       0.3264   5.34
    12140       0.3245   5.34
    12141       0.3260   5.34
    12142       0.3260   5.34
    12143       0.3250   5.34
    12144       0.3267   5.34
    12145       0.3245   5.34
    12146       0.3263   5.34
    12147       0.3260   5.34
    12148       0.3245   5.34
    12149       0.3252   5.34
    12150       0.3252   5.34
    12151       0.3227   5.34
    12152       0.3246   5.34
    12153       0.3249   5.34
    12154       0.3255   5.35
    12155       0.3259   5.35
    12156       0.3257   5.35
    12157       0.3246   5.35
    12158       0.3263   5.35
    12159       0.3272   5.35
    12160       0.3250   5.35
    12161       0.3263   5.35
    12162       0.3258   5.34
    12163       0.3249   5.34
    12164       0.3250   5.34
    12165       0.3253   5.34
    12166       0.3249   5.34
    12167       0.3255   5.34
    12168       0.3253   5.34
    12169       0.3248   5.34
    12170       0.3255   5.34
    12171       0.3248   5.34
    12172       0.3245   5.34
    12173       0.3241   5.34
    12174       0.3246   5.35
    12175       0.3277   5.35
    12176       0.3263   5.35
    12177       0.3254   5.35
    12178       0.3259   5.35
    12179       0.3253   5.35
    12180       0.3242   5.35
    12181       0.3252   5.35
    12182       0.3243   5.34
    12183       0.3245   5.34
    12184       0.3256   5.34
    12185       0.3248   5.35
    12186       0.3245   5.35
    12187       0.3251   5.35
    12188       0.3243   5.35
    12189       0.3240   5.35
    12190       0.3261   5.35
    12191       0.3258   5.35
    12192       0.3251   5.35
    12193       0.3256   5.35
    12194       0.3253   5.35
    12195       0.3247   5.35
    12196       0.3259   5.35
    12197       0.3263   5.35
    12198       0.3248   5.35
    12199       0.3247   5.35
    12200       0.3236   5.35
    12201       0.3254   5.35
    12202       0.3259   5.35
    12203       0.3235   5.35
    12204       0.3207   5.35
    12205       0.3256   5.35
    12206       0.3246   5.35
    12207       0.3260   5.35
    12208       0.3261   5.35
    12209       0.3252   5.35
    12210       0.3272   5.35
    12211       0.3274   5.35
    12212       0.3242   5.35
    12213       0.3266   5.35
    12214       0.3267   5.35
    12215       0.3258   5.35
    12216       0.3261   5.35
    12217       0.3257   5.35
    12218       0.3248   5.34
    12219       0.3247   5.34
    12220       0.3247   5.35
    12221       0.3252   5.35
    12222       0.3252   5.35
    12223       0.3245   5.35
    12224       0.3253   5.35
    12225       0.3253   5.35
    12226       0.3256   5.35
    12227       0.3258   5.35
    12228       0.3259   5.35
    12229       0.3253   5.35
    12230       0.3258   5.35
    12231       0.3250   5.35
    12232       0.3248   5.35
    12233       0.3264   5.35
    12234       0.3259   5.35
    12235       0.3261   5.35
    12236       0.3265   5.35
    12237       0.3260   5.35
    12238       0.3253   5.35
    12239       0.3255   5.35
    12240       0.3251   5.35
    12241       0.3246   5.34
    12242       0.3254   5.34
    12243       0.3256   5.34
    12244       0.3231   5.35
    12245       0.3254   5.35
    12246       0.3254   5.35
    12247       0.3239   5.35
    12248       0.3266   5.35
    12249       0.3267   5.35
    12250       0.3257   5.35
    12251       0.3246   5.35
    12252       0.3249   5.35
    12253       0.3257   5.35
    12254       0.3253   5.35
    12255       0.3247   5.35
    12256       0.3259   5.35
    12257       0.3265   5.35
    12258       0.3250   5.35
    12259       0.3242   5.35
    12260       0.3248   5.35
    12261       0.3275   5.35
    12262       0.3270   5.35
    12263       0.3269   5.35
    12264       0.3260   5.35
    12265       0.3263   5.35
    12266       0.3261   5.34
    12267       0.3252   5.34
    12268       0.3252   5.34
    12269       0.3257   5.35
    12270       0.3248   5.35
    12271       0.3267   5.35
    12272       0.3253   5.34
    12273       0.3258   5.34
    12274       0.3263   5.34
    12275       0.3254   5.35
    12276       0.3274   5.35
    12277       0.3265   5.35
    12278       0.3238   5.34
    12279       0.3254   5.34
    12280       0.3247   5.34
    12281       0.3247   5.34
    12282       0.3261   5.34
    12283       0.3262   5.34
    12284       0.3257   5.35
    12285       0.3253   5.35
    12286       0.3254   5.35
    12287       0.3254   5.35
    12288       0.3247   5.35
    12289       0.3248   5.35
    12290       0.3252   5.35
    12291       0.3246   5.35
    12292       0.3253   5.35
    12293       0.3262   5.35
    12294       0.3260   5.35
    12295       0.3256   5.35
    12296       0.3248   5.34
    12297       0.3253   5.34
    12298       0.3250   5.35
    12299       0.3236   5.35
    12300       0.3263   5.35
    12301       0.3232   5.35
    12302       0.3299   5.35
    12303       0.3256   5.35
    12304       0.3238   5.35
    12305       0.3258   5.35
    12306       0.3258   5.35
    12307       0.3252   5.35
    12308       0.3249   5.35
    12309       0.3246   5.35
    12310       0.3233   5.35
    12311       0.3252   5.35
    12312       0.3260   5.35
    12313       0.3252   5.35
    12314       0.3267   5.35
    12315       0.3258   5.35
    12316       0.3241   5.35
    12317       0.3256   5.35
    12318       0.3254   5.35
    12319       0.3259   5.35
    12320       0.3255   5.35
    12321       0.3250   5.35
    12322       0.3253   5.35
    12323       0.3270   5.35
    12324       0.3255   5.35
    12325       0.3248   5.35
    12326       0.3252   5.35
    12327       0.3248   5.34
    12328       0.3261   5.34
    12329       0.3261   5.34
    12330       0.3229   5.35
    12331       0.3250   5.35
    12332       0.3259   5.35
    12333       0.3247   5.35
    12334       0.3263   5.35
    12335       0.3254   5.35
    12336       0.3260   5.35
    12337       0.3263   5.35
    12338       0.3260   5.35
    12339       0.3256   5.35
    12340       0.3259   5.35
    12341       0.3265   5.35
    12342       0.3262   5.35
    12343       0.3261   5.35
    12344       0.3258   5.35
    12345       0.3262   5.35
    12346       0.3255   5.35
    12347       0.3243   5.35
    12348       0.3240   5.34
    12349       0.3244   5.34
    12350       0.3242   5.35
    12351       0.3247   5.35
    12352       0.3241   5.35
    12353       0.3229   5.35
    12354       0.3269   5.35
    12355       0.3259   5.35
    12356       0.3252   5.35
    12357       0.3260   5.35
    12358       0.3258   5.35
    12359       0.3242   5.35
    12360       0.3262   5.35
    12361       0.3248   5.35
    12362       0.3251   5.35
    12363       0.3257   5.35
    12364       0.3262   5.35
    12365       0.3240   5.35
    12366       0.3257   5.35
    12367       0.3251   5.35
    12368       0.3251   5.35
    12369       0.3264   5.35
    12370       0.3259   5.35
    12371       0.3245   5.35
    12372       0.3247   5.35
    12373       0.3247   5.35
    12374       0.3243   5.35
    12375       0.3252   5.35
    12376       0.3245   5.35
    12377       0.3257   5.35
    12378       0.3251   5.35
    12379       0.3252   5.35
    12380       0.3265   5.35
    12381       0.3265   5.35
    12382       0.3262   5.35
    12383       0.3258   5.35
    12384       0.3254   5.35
    12385       0.3256   5.35
    12386       0.3251   5.35
    12387       0.3257   5.35
    12388       0.3258   5.35
    12389       0.3265   5.35
    12390       0.3249   5.35
    12391       0.3243   5.35
    12392       0.3252   5.35
    12393       0.3244   5.35
    12394       0.3264   5.35
    12395       0.3262   5.35
    12396       0.3258   5.35
    12397       0.3243   5.35
    12398       0.3257   5.35
    12399       0.3257   5.35
    12400       0.3250   5.35
    12401       0.3251   5.35
    12402       0.3267   5.35
    12403       0.3256   5.35
    12404       0.3255   5.35
    12405       0.3245   5.35
    12406       0.3255   5.35
    12407       0.3259   5.35
    12408       0.3252   5.35
    12409       0.3266   5.35
    12410       0.3258   5.35
    12411       0.3254   5.35
    12412       0.3266   5.35
    12413       0.3268   5.35
    12414       0.3272   5.35
    12415       0.3267   5.35
    12416       0.3252   5.35
    12417       0.3231   5.35
    12418       0.3264   5.35
    12419       0.3263   5.35
    12420       0.3227   5.35
    12421       0.3250   5.35
    12422       0.3252   5.35
    12423       0.3247   5.34
    12424       0.3258   5.34
    12425       0.3268   5.35
    12426       0.3254   5.35
    12427       0.3253   5.35
    12428       0.3248   5.35
    12429       0.3270   5.35
    12430       0.3266   5.35
    12431       0.3248   5.35
    12432       0.3255   5.35
    12433       0.3254   5.35
    12434       0.3253   5.35
    12435       0.3250   5.35
    12436       0.3251   5.35
    12437       0.3252   5.35
    12438       0.3259   5.35
    12439       0.3261   5.35
    12440       0.3238   5.35
    12441       0.3252   5.35
    12442       0.3254   5.35
    12443       0.3243   5.35
    12444       0.3243   5.35
    12445       0.3258   5.35
    12446       0.3249   5.35
    12447       0.3261   5.35
    12448       0.3259   5.35
    12449       0.3245   5.35
    12450       0.3255   5.35
    12451       0.3244   5.35
    12452       0.3256   5.35
    12453       0.3257   5.35
    12454       0.3245   5.35
    12455       0.3262   5.35
    12456       0.3252   5.35
    12457       0.3257   5.35
    12458       0.3266   5.35
    12459       0.3263   5.35
    12460       0.3265   5.35
    12461       0.3264   5.35
    12462       0.3258   5.35
    12463       0.3232   5.34
    12464       0.3253   5.34
    12465       0.3256   5.35
    12466       0.3246   5.35
    12467       0.3261   5.35
    12468       0.3258   5.35
    12469       0.3251   5.35
    12470       0.3253   5.35
    12471       0.3253   5.35
    12472       0.3248   5.35
    12473       0.3246   5.35
    12474       0.3259   5.35
    12475       0.3247   5.35
    12476       0.3259   5.35
    12477       0.3253   5.35
    12478       0.3244   5.35
    12479       0.3264   5.35
    12480       0.3235   5.35
    12481       0.3252   5.35
    12482       0.3256   5.35
    12483       0.3252   5.35
    12484       0.3249   5.35
    12485       0.3262   5.35
    12486       0.3257   5.35
    12487       0.3260   5.35
    12488       0.3249   5.35
    12489       0.3241   5.35
    12490       0.3259   5.35
    12491       0.3247   5.35
    12492       0.3241   5.35
    12493       0.3249   5.35
    12494       0.3257   5.35
    12495       0.3261   5.35
    12496       0.3257   5.35
    12497       0.3256   5.35
    12498       0.3244   5.35
    12499       0.3257   5.35
    12500       0.3257   5.35
    12501       0.3242   5.35
    12502       0.3254   5.35
    12503       0.3246   5.35
    12504       0.3266   5.35
    12505       0.3252   5.35
    12506       0.3246   5.35
    12507       0.3260   5.35
    12508       0.3262   5.35
    12509       0.3234   5.35
    12510       0.3243   5.35
    12511       0.3257   5.35
    12512       0.3266   5.35
    12513       0.3258   5.35
    12514       0.3245   5.35
    12515       0.3243   5.35
    12516       0.3259   5.35
    12517       0.3268   5.35
    12518       0.3247   5.35
    12519       0.3261   5.35
    12520       0.3250   5.35
    12521       0.3250   5.35
    12522       0.3257   5.35
    12523       0.3255   5.35
    12524       0.3246   5.35
    12525       0.3257   5.35
    12526       0.3263   5.35
    12527       0.3249   5.35
    12528       0.3253   5.35
    12529       0.3238   5.35
    12530       0.3267   5.35
    12531       0.3255   5.35
    12532       0.3249   5.35
    12533       0.3269   5.35
    12534       0.3258   5.35
    12535       0.3247   5.35
    12536       0.3255   5.35
    12537       0.3255   5.35
    12538       0.3243   5.35
    12539       0.3255   5.35
    12540       0.3262   5.35
    12541       0.3243   5.35
    12542       0.3258   5.35
    12543       0.3266   5.35
    12544       0.3262   5.35
    12545       0.3260   5.35
    12546       0.3257   5.35
    12547       0.3259   5.35
    12548       0.3255   5.35
    12549       0.3239   5.35
    12550       0.3225   5.35
    12551       0.3255   5.35
    12552       0.3255   5.35
    12553       0.3253   5.35
    12554       0.3257   5.35
    12555       0.3265   5.35
    12556       0.3267   5.35
    12557       0.3263   5.35
    12558       0.3259   5.35
    12559       0.3268   5.35
    12560       0.3265   5.35
    12561       0.3257   5.35
    12562       0.3256   5.35
    12563       0.3255   5.35
    12564       0.3240   5.34
    12565       0.3242   5.34
    12566       0.3246   5.34
    12567       0.3241   5.35
    12568       0.3253   5.35
    12569       0.3268   5.35
    12570       0.3229   5.35
    12571       0.3251   5.35
    12572       0.3247   5.35
    12573       0.3240   5.35
    12574       0.3257   5.35
    12575       0.3255   5.35
    12576       0.3241   5.35
    12577       0.3250   5.35
    12578       0.3251   5.35
    12579       0.3252   5.35
    12580       0.3264   5.35
    12581       0.3260   5.35
    12582       0.3259   5.35
    12583       0.3256   5.35
    12584       0.3250   5.35
    12585       0.3256   5.35
    12586       0.3246   5.35
    12587       0.3250   5.35
    12588       0.3258   5.35
    12589       0.3263   5.35
    12590       0.3275   5.35
    12591       0.3266   5.35
    12592       0.3249   5.35
    12593       0.3263   5.35
    12594       0.3266   5.35
    12595       0.3266   5.35
    12596       0.3264   5.35
    12597       0.3260   5.35
    12598       0.3251   5.35
    12599       0.3246   5.35
    12600       0.3258   5.35
    12601       0.3260   5.35
    12602       0.3236   5.35
    12603       0.3254   5.35
    12604       0.3229   5.34
    12605       0.3266   5.34
    12606       0.3263   5.35
    12607       0.3253   5.35
    12608       0.3262   5.35
    12609       0.3252   5.35
    12610       0.3245   5.35
    12611       0.3254   5.35
    12612       0.3255   5.35
    12613       0.3239   5.35
    12614       0.3247   5.35
    12615       0.3245   5.35
    12616       0.3246   5.35
    12617       0.3242   5.35
    12618       0.3258   5.35
    12619       0.3261   5.35
    12620       0.3258   5.35
    12621       0.3258   5.35
    12622       0.3228   5.35
    12623       0.3252   5.35
    12624       0.3260   5.35
    12625       0.3262   5.35
    12626       0.3261   5.35
    12627       0.3257   5.35
    12628       0.3246   5.35
    12629       0.3266   5.35
    12630       0.3257   5.35
    12631       0.3270   5.35
    12632       0.3281   5.35
    12633       0.3269   5.35
    12634       0.3271   5.35
    12635       0.3259   5.35
    12636       0.3242   5.35
    12637       0.3247   5.35
    12638       0.3241   5.35
    12639       0.3247   5.35
    12640       0.3257   5.35
    12641       0.3249   5.35
    12642       0.3236   5.35
    12643       0.3258   5.35
    12644       0.3264   5.35
    12645       0.3249   5.35
    12646       0.3256   5.35
    12647       0.3262   5.35
    12648       0.3259   5.34
    12649       0.3262   5.34
    12650       0.3247   5.35
    12651       0.3246   5.35
    12652       0.3258   5.35
    12653       0.3256   5.35
    12654       0.3246   5.35
    12655       0.3257   5.35
    12656       0.3248   5.35
    12657       0.3261   5.35
    12658       0.3261   5.35
    12659       0.3249   5.35
    12660       0.3262   5.35
    12661       0.3263   5.35
    12662       0.3253   5.35
    12663       0.3264   5.35
    12664       0.3255   5.35
    12665       0.3246   5.35
    12666       0.3251   5.35
    12667       0.3254   5.35
    12668       0.3234   5.35
    12669       0.3261   5.35
    12670       0.3259   5.35
    12671       0.3252   5.35
    12672       0.3260   5.35
    12673       0.3265   5.35
    12674       0.3263   5.35
    12675       0.3261   5.35
    12676       0.3246   5.35
    12677       0.3262   5.35
    12678       0.3264   5.35
    12679       0.3260   5.35
    12680       0.3246   5.35
    12681       0.3256   5.35
    12682       0.3237   5.34
    12683       0.3248   5.34
    12684       0.3256   5.35
    12685       0.3253   5.35
    12686       0.3275   5.35
    12687       0.3257   5.35
    12688       0.3252   5.35
    12689       0.3254   5.35
    12690       0.3257   5.35
    12691       0.3248   5.35
    12692       0.3264   5.35
    12693       0.3269   5.35
    12694       0.3231   5.35
    12695       0.3246   5.35
    12696       0.3262   5.35
    12697       0.3268   5.35
    12698       0.3263   5.35
    12699       0.3255   5.35
    12700       0.3231   5.35
    12701       0.3259   5.35
    12702       0.3259   5.34
    12703       0.3247   5.35
    12704       0.3255   5.35
    12705       0.3255   5.35
    12706       0.3234   5.35
    12707       0.3249   5.35
    12708       0.3245   5.35
    12709       0.3262   5.35
    12710       0.3255   5.35
    12711       0.3252   5.35
    12712       0.3255   5.35
    12713       0.3357   5.35
    12714       0.3273   5.35
    12715       0.3274   5.35
    12716       0.3255   5.35
    12717       0.3244   5.35
    12718       0.3248   5.35
    12719       0.3270   5.35
    12720       0.3247   5.35
    12721       0.3258   5.35
    12722       0.3256   5.35
    12723       0.3244   5.34
    12724       0.3255   5.34
    12725       0.3251   5.34
    12726       0.3245   5.35
    12727       0.3255   5.35
    12728       0.3253   5.35
    12729       0.3246   5.35
    12730       0.3258   5.35
    12731       0.3258   5.35
    12732       0.3249   5.35
    12733       0.3251   5.35
    12734       0.3248   5.35
    12735       0.3262   5.35
    12736       0.3265   5.35
    12737       0.3257   5.35
    12738       0.3266   5.35
    12739       0.3248   5.35
    12740       0.3256   5.35
    12741       0.3247   5.35
    12742       0.3243   5.35
    12743       0.3251   5.35
    12744       0.3265   5.35
    12745       0.3267   5.35
    12746       0.3255   5.35
    12747       0.3242   5.35
    12748       0.3250   5.35
    12749       0.3245   5.34
    12750       0.3257   5.34
    12751       0.3257   5.35
    12752       0.3255   5.35
    12753       0.3252   5.35
    12754       0.3255   5.35
    12755       0.3247   5.35
    12756       0.3254   5.35
    12757       0.3257   5.35
    12758       0.3251   5.35
    12759       0.3252   5.35
    12760       0.3242   5.35
    12761       0.3258   5.35
    12762       0.3255   5.34
    12763       0.3256   5.35
    12764       0.3250   5.35
    12765       0.3254   5.35
    12766       0.3253   5.35
    12767       0.3265   5.35
    12768       0.3257   5.35
    12769       0.3236   5.35
    12770       0.3241   5.35
    12771       0.3262   5.35
    12772       0.3260   5.35
    12773       0.3265   5.35
    12774       0.3264   5.35
    12775       0.3243   5.35
    12776       0.3252   5.35
    12777       0.3249   5.35
    12778       0.3257   5.35
    12779       0.3262   5.35
    12780       0.3258   5.35
    12781       0.3233   5.34
    12782       0.3256   5.34
    12783       0.3267   5.35
    12784       0.3250   5.35
    12785       0.3266   5.35
    12786       0.3258   5.35
    12787       0.3252   5.35
    12788       0.3250   5.34
    12789       0.3248   5.35
    12790       0.3261   5.35
    12791       0.3223   5.34
    12792       0.3243   5.34
    12793       0.3245   5.34
    12794       0.3247   5.35
    12795       0.3227   5.35
    12796       0.3246   5.35
    12797       0.3238   5.34
    12798       0.3249   5.35
    12799       0.3252   5.35
    12800       0.3254   5.35
    12801       0.3261   5.35
    12802       0.3258   5.35
    12803       0.3241   5.35
    12804       0.3247   5.35
    12805       0.3263   5.35
    12806       0.3273   5.35
    12807       0.3241   5.35
    12808       0.3249   5.35
    12809       0.3249   5.35
    12810       0.3247   5.35
    12811       0.3250   5.35
    12812       0.3252   5.35
    12813       0.3271   5.35
    12814       0.3259   5.35
    12815       0.3250   5.35
    12816       0.3251   5.35
    12817       0.3252   5.35
    12818       0.3259   5.35
    12819       0.3259   5.35
    12820       0.3260   5.35
    12821       0.3249   5.35
    12822       0.3241   5.35
    12823       0.3259   5.34
    12824       0.3242   5.35
    12825       0.3262   5.35
    12826       0.3272   5.35
    12827       0.3241   5.35
    12828       0.3251   5.35
    12829       0.3244   5.35
    12830       0.3248   5.35
    12831       0.3267   5.35
    12832       0.3270   5.35
    12833       0.3247   5.35
    12834       0.3260   5.35
    12835       0.3257   5.35
    12836       0.3249   5.35
    12837       0.3257   5.35
    12838       0.3250   5.35
    12839       0.3245   5.35
    12840       0.3250   5.35
    12841       0.3237   5.35
    12842       0.3245   5.35
    12843       0.3259   5.35
    12844       0.3257   5.35
    12845       0.3259   5.35
    12846       0.3256   5.35
    12847       0.3248   5.35
    12848       0.3252   5.35
    12849       0.3256   5.35
    12850       0.3245   5.35
    12851       0.3253   5.35
    12852       0.3246   5.35
    12853       0.3248   5.35
    12854       0.3254   5.35
    12855       0.3239   5.35
    12856       0.3251   5.35
    12857       0.3260   5.35
    12858       0.3257   5.35
    12859       0.3250   5.35
    12860       0.3260   5.35
    12861       0.3248   5.35
    12862       0.3279   5.35
    12863       0.3270   5.35
    12864       0.3264   5.35
    12865       0.3262   5.35
    12866       0.3253   5.35
    12867       0.3255   5.35
    12868       0.3244   5.35
    12869       0.3252   5.35
    12870       0.3250   5.35
    12871       0.3249   5.35
    12872       0.3244   5.35
    12873       0.3252   5.35
    12874       0.3267   5.35
    12875       0.3270   5.35
    12876       0.3227   5.35
    12877       0.3244   5.35
    12878       0.3247   5.34
    12879       0.3248   5.35
    12880       0.3266   5.35
    12881       0.3258   5.35
    12882       0.3245   5.35
    12883       0.3241   5.35
    12884       0.3248   5.35
    12885       0.3254   5.35
    12886       0.3258   5.35
    12887       0.3261   5.35
    12888       0.3269   5.35
    12889       0.3262   5.35
    12890       0.3258   5.35
    12891       0.3254   5.35
    12892       0.3247   5.34
    12893       0.3239   5.35
    12894       0.3255   5.35
    12895       0.3248   5.35
    12896       0.3248   5.35
    12897       0.3259   5.35
    12898       0.3253   5.34
    12899       0.3259   5.35
    12900       0.3259   5.35
    12901       0.3251   5.35
    12902       0.3244   5.35
    12903       0.3263   5.35
    12904       0.3254   5.35
    12905       0.3249   5.35
    12906       0.3260   5.35
    12907       0.3259   5.35
    12908       0.3244   5.35
    12909       0.3255   5.35
    12910       0.3242   5.35
    12911       0.3253   5.35
    12912       0.3255   5.35
    12913       0.3255   5.35
    12914       0.3278   5.35
    12915       0.3258   5.35
    12916       0.3244   5.35
    12917       0.3242   5.35
    12918       0.3251   5.35
    12919       0.3248   5.35
    12920       0.3257   5.35
    12921       0.3252   5.35
    12922       0.3244   5.35
    12923       0.3248   5.35
    12924       0.3256   5.35
    12925       0.3261   5.35
    12926       0.3260   5.35
    12927       0.3247   5.35
    12928       0.3250   5.35
    12929       0.3260   5.35
    12930       0.3258   5.35
    12931       0.3265   5.35
    12932       0.3267   5.35
    12933       0.3255   5.35
    12934       0.3246   5.35
    12935       0.3256   5.35
    12936       0.3220   5.35
    12937       0.3263   5.35
    12938       0.3253   5.35
    12939       0.3252   5.35
    12940       0.3251   5.35
    12941       0.3257   5.35
    12942       0.3246   5.35
    12943       0.3250   5.35
    12944       0.3249   5.35
    12945       0.3243   5.35
    12946       0.3267   5.35
    12947       0.3250   5.35
    12948       0.3244   5.35
    12949       0.3256   5.35
    12950       0.3261   5.35
    12951       0.3263   5.35
    12952       0.3264   5.35
    12953       0.3265   5.34
    12954       0.3243   5.35
    12955       0.3244   5.35
    12956       0.3252   5.35
    12957       0.3236   5.35
    12958       0.3249   5.35
    12959       0.3247   5.35
    12960       0.3256   5.35
    12961       0.3255   5.35
    12962       0.3230   5.35
    12963       0.3265   5.35
    12964       0.3251   5.35
    12965       0.3247   5.35
    12966       0.3249   5.35
    12967       0.3261   5.35
    12968       0.3241   5.35
    12969       0.3263   5.35
    12970       0.3254   5.35
    12971       0.3244   5.35
    12972       0.3254   5.35
    12973       0.3255   5.35
    12974       0.3263   5.35
    12975       0.3258   5.35
    12976       0.3257   5.35
    12977       0.3255   5.35
    12978       0.3262   5.35
    12979       0.3264   5.35
    12980       0.3264   5.35
    12981       0.3266   5.35
    12982       0.3265   5.35
    12983       0.3231   5.35
    12984       0.3251   5.35
    12985       0.3245   5.35
    12986       0.3251   5.35
    12987       0.3264   5.34
    12988       0.3251   5.35
    12989       0.3259   5.35
    12990       0.3258   5.35
    12991       0.3253   5.35
    12992       0.3263   5.35
    12993       0.3259   5.35
    12994       0.3253   5.35
    12995       0.3252   5.35
    12996       0.3255   5.35
    12997       0.3233   5.35
    12998       0.3256   5.35
    12999       0.3260   5.35
    13000       0.3251   5.35
    13001       0.3263   5.35
    13002       0.3258   5.35
    13003       0.3254   5.35
    13004       0.3267   5.35
    13005       0.3260   5.35
    13006       0.3257   5.35
    13007       0.3258   5.35
    13008       0.3247   5.34
    13009       0.3244   5.35
    13010       0.3248   5.35
    13011       0.3246   5.35
    13012       0.3250   5.35
    13013       0.3261   5.35
    13014       0.3265   5.35
    13015       0.3254   5.35
    13016       0.3252   5.35
    13017       0.3247   5.35
    13018       0.3254   5.35
    13019       0.3252   5.35
    13020       0.3245   5.35
    13021       0.3346   5.35
    13022       0.3259   5.35
    13023       0.3256   5.35
    13024       0.3264   5.35
    13025       0.3257   5.35
    13026       0.3252   5.35
    13027       0.3264   5.35
    13028       0.3254   5.35
    13029       0.3240   5.35
    13030       0.3244   5.35
    13031       0.3251   5.35
    13032       0.3242   5.35
    13033       0.3253   5.35
    13034       0.3261   5.35
    13035       0.3260   5.35
    13036       0.3261   5.35
    13037       0.3239   5.35
    13038       0.3265   5.35
    13039       0.3261   5.35
    13040       0.3251   5.35
    13041       0.3246   5.35
    13042       0.3256   5.35
    13043       0.3261   5.35
    13044       0.3250   5.35
    13045       0.3257   5.35
    13046       0.3256   5.35
    13047       0.3261   5.35
    13048       0.3253   5.35
    13049       0.3251   5.35
    13050       0.3252   5.35
    13051       0.3251   5.34
    13052       0.3250   5.35
    13053       0.3257   5.35
    13054       0.3240   5.35
    13055       0.3245   5.35
    13056       0.3251   5.35
    13057       0.3257   5.35
    13058       0.3247   5.35
    13059       0.3248   5.35
    13060       0.3243   5.35
    13061       0.3251   5.35
    13062       0.3259   5.35
    13063       0.3242   5.35
    13064       0.3269   5.35
    13065       0.3265   5.35
    13066       0.3227   5.35
    13067       0.3258   5.35
    13068       0.3263   5.35
    13069       0.3244   5.35
    13070       0.3261   5.35
    13071       0.3256   5.35
    13072       0.3250   5.35
    13073       0.3252   5.35
    13074       0.3229   5.34
    13075       0.3237   5.35
    13076       0.3260   5.35
    13077       0.3260   5.35
    13078       0.3236   5.35
    13079       0.3247   5.35
    13080       0.3253   5.35
    13081       0.3247   5.35
    13082       0.3262   5.35
    13083       0.3269   5.35
    13084       0.3246   5.35
    13085       0.3262   5.35
    13086       0.3261   5.35
    13087       0.3268   5.35
    13088       0.3254   5.35
    13089       0.3237   5.35
    13090       0.3263   5.35
    13091       0.3265   5.35
    13092       0.3248   5.35
    13093       0.3248   5.35
    13094       0.3246   5.35
    13095       0.3226   5.35
    13096       0.3269   5.35
    13097       0.3262   5.35
    13098       0.3240   5.35
    13099       0.3265   5.35
    13100       0.3270   5.35
    13101       0.3254   5.35
    13102       0.3256   5.35
    13103       0.3251   5.35
    13104       0.3231   5.35
    13105       0.3252   5.35
    13106       0.3255   5.35
    13107       0.3249   5.35
    13108       0.3248   5.35
    13109       0.3256   5.35
    13110       0.3253   5.35
    13111       0.3258   5.35
    13112       0.3245   5.35
    13113       0.3258   5.35
    13114       0.3254   5.35
    13115       0.3242   5.35
    13116       0.3262   5.35
    13117       0.3266   5.35
    13118       0.3260   5.35
    13119       0.3261   5.35
    13120       0.3258   5.35
    13121       0.3244   5.35
    13122       0.3233   5.35
    13123       0.3245   5.35
    13124       0.3238   5.34
    13125       0.3254   5.34
    13126       0.3265   5.35
    13127       0.3257   5.35
    13128       0.3266   5.35
    13129       0.3256   5.35
    13130       0.3247   5.34
    13131       0.3259   5.34
    13132       0.3263   5.35
    13133       0.3247   5.35
    13134       0.3255   5.35
    13135       0.3253   5.34
    13136       0.3249   5.35
    13137       0.3251   5.35
    13138       0.3244   5.35
    13139       0.3259   5.35
    13140       0.3257   5.35
    13141       0.3253   5.35
    13142       0.3248   5.35
    13143       0.3249   5.35
    13144       0.3252   5.35
    13145       0.3263   5.35
    13146       0.3259   5.35
    13147       0.3260   5.35
    13148       0.3274   5.35
    13149       0.3263   5.35
    13150       0.3248   5.35
    13151       0.3252   5.35
    13152       0.3256   5.34
    13153       0.3247   5.35
    13154       0.3244   5.35
    13155       0.3246   5.35
    13156       0.3232   5.35
    13157       0.3257   5.35
    13158       0.3257   5.35
    13159       0.3263   5.35
    13160       0.3255   5.35
    13161       0.3235   5.35
    13162       0.3255   5.35
    13163       0.3251   5.35
    13164       0.3252   5.35
    13165       0.3251   5.35
    13166       0.3258   5.35
    13167       0.3253   5.35
    13168       0.3246   5.35
    13169       0.3256   5.35
    13170       0.3259   5.35
    13171       0.3251   5.35
    13172       0.3269   5.34
    13173       0.3256   5.34
    13174       0.3261   5.34
    13175       0.3256   5.34
    13176       0.3256   5.34
    13177       0.3253   5.34
    13178       0.3244   5.34
    13179       0.3245   5.35
    13180       0.3253   5.35
    13181       0.3258   5.35
    13182       0.3258   5.35
    13183       0.3248   5.35
    13184       0.3264   5.34
    13185       0.3246   5.35
    13186       0.3258   5.35
    13187       0.3247   5.35
    13188       0.3250   5.35
    13189       0.3245   5.35
    13190       0.3240   5.35
    13191       0.3264   5.35
    13192       0.3257   5.35
    13193       0.3248   5.35
    13194       0.3265   5.35
    13195       0.3268   5.35
    13196       0.3235   5.35
    13197       0.3261   5.35
    13198       0.3259   5.35
    13199       0.3243   5.35
    13200       0.3256   5.35
    13201       0.3249   5.34
    13202       0.3255   5.35
    13203       0.3250   5.35
    13204       0.3245   5.35
    13205       0.3234   5.35
    13206       0.3256   5.35
    13207       0.3235   5.35
    13208       0.3246   5.35
    13209       0.3247   5.35
    13210       0.3257   5.35
    13211       0.3259   5.35
    13212       0.3263   5.35
    13213       0.3261   5.35
    13214       0.3257   5.35
    13215       0.3257   5.35
    13216       0.3254   5.35
    13217       0.3254   5.35
    13218       0.3251   5.35
    13219       0.3247   5.34
    13220       0.3253   5.34
    13221       0.3256   5.35
    13222       0.3252   5.35
    13223       0.3260   5.35
    13224       0.3261   5.35
    13225       0.3234   5.35
    13226       0.3263   5.35
    13227       0.3266   5.35
    13228       0.3250   5.35
    13229       0.3258   5.35
    13230       0.3248   5.35
    13231       0.3255   5.35
    13232       0.3254   5.35
    13233       0.3253   5.35
    13234       0.3248   5.35
    13235       0.3257   5.35
    13236       0.3248   5.35
    13237       0.3263   5.35
    13238       0.3248   5.35
    13239       0.3249   5.35
    13240       0.3251   5.35
    13241       0.3251   5.35
    13242       0.3246   5.35
    13243       0.3262   5.35
    13244       0.3247   5.35
    13245       0.3256   5.35
    13246       0.3268   5.35
    13247       0.3251   5.35
    13248       0.3245   5.35
    13249       0.3256   5.35
    13250       0.3264   5.35
    13251       0.3263   5.35
    13252       0.3263   5.35
    13253       0.3260   5.35
    13254       0.3243   5.35
    13255       0.3254   5.35
    13256       0.3254   5.35
    13257       0.3245   5.35
    13258       0.3257   5.35
    13259       0.3249   5.35
    13260       0.3244   5.35
    13261       0.3255   5.35
    13262       0.3249   5.35
    13263       0.3259   5.35
    13264       0.3256   5.35
    13265       0.3260   5.35
    13266       0.3259   5.35
    13267       0.3258   5.35
    13268       0.3254   5.35
    13269       0.3250   5.35
    13270       0.3258   5.35
    13271       0.3254   5.35
    13272       0.3251   5.35
    13273       0.3249   5.35
    13274       0.3227   5.35
    13275       0.3253   5.35
    13276       0.3246   5.35
    13277       0.3259   5.35
    13278       0.3255   5.35
    13279       0.3252   5.35
    13280       0.3247   5.35
    13281       0.3260   5.35
    13282       0.3267   5.35
    13283       0.3239   5.35
    13284       0.3256   5.35
    13285       0.3246   5.35
    13286       0.3254   5.35
    13287       0.3248   5.35
    13288       0.3235   5.35
    13289       0.3254   5.35
    13290       0.3255   5.35
    13291       0.3251   5.35
    13292       0.3240   5.35
    13293       0.3241   5.35
    13294       0.3246   5.35
    13295       0.3269   5.35
    13296       0.3273   5.35
    13297       0.3255   5.35
    13298       0.3244   5.35
    13299       0.3253   5.35
    13300       0.3240   5.35
    13301       0.3246   5.35
    13302       0.3251   5.34
    13303       0.3255   5.35
    13304       0.3247   5.35
    13305       0.3242   5.35
    13306       0.3240   5.35
    13307       0.3253   5.35
    13308       0.3250   5.35
    13309       0.3255   5.35
    13310       0.3258   5.35
    13311       0.3247   5.35
    13312       0.3268   5.35
    13313       0.3260   5.35
    13314       0.3258   5.35
    13315       0.3250   5.35
    13316       0.3254   5.35
    13317       0.3256   5.35
    13318       0.3247   5.35
    13319       0.3240   5.35
    13320       0.3240   5.35
    13321       0.3246   5.35
    13322       0.3255   5.35
    13323       0.3254   5.35
    13324       0.3264   5.35
    13325       0.3264   5.35
    13326       0.3243   5.35
    13327       0.3246   5.35
    13328       0.3243   5.35
    13329       0.3262   5.35
    13330       0.3265   5.35
    13331       0.3247   5.35
    13332       0.3246   5.35
    13333       0.3254   5.35
    13334       0.3256   5.35
    13335       0.3254   5.35
    13336       0.3251   5.35
    13337       0.3223   5.35
    13338       0.3260   5.35
    13339       0.3260   5.35
    13340       0.3254   5.35
    13341       0.3269   5.35
    13342       0.3260   5.35
    13343       0.3251   5.35
    13344       0.3248   5.35
    13345       0.3250   5.34
    13346       0.3239   5.35
    13347       0.3245   5.35
    13348       0.3244   5.35
    13349       0.3242   5.35
    13350       0.3252   5.35
    13351       0.3259   5.35
    13352       0.3239   5.35
    13353       0.3341   5.35
    13354       0.3246   5.35
    13355       0.3233   5.35
    13356       0.3256   5.35
    13357       0.3257   5.35
    13358       0.3249   5.35
    13359       0.3261   5.35
    13360       0.3256   5.35
    13361       0.3243   5.35
    13362       0.3257   5.35
    13363       0.3255   5.35
    13364       0.3281   5.35
    13365       0.3269   5.35
    13366       0.3268   5.35
    13367       0.3257   5.35
    13368       0.3257   5.35
    13369       0.3251   5.35
    13370       0.3262   5.35
    13371       0.3264   5.35
    13372       0.3232   5.35
    13373       0.3253   5.35
    13374       0.3245   5.35
    13375       0.3251   5.35
    13376       0.3241   5.35
    13377       0.3247   5.35
    13378       0.3242   5.35
    13379       0.3257   5.35
    13380       0.3263   5.35
    13381       0.3247   5.35
    13382       0.3273   5.35
    13383       0.3268   5.35
    13384       0.3254   5.35
    13385       0.3256   5.35
    13386       0.3255   5.35
    13387       0.3250   5.35
    13388       0.3258   5.35
    13389       0.3253   5.35
    13390       0.3257   5.35
    13391       0.3260   5.35
    13392       0.3264   5.35
    13393       0.3267   5.35
    13394       0.3261   5.35
    13395       0.3253   5.35
    13396       0.3237   5.35
    13397       0.3264   5.35
    13398       0.3247   5.35
    13399       0.3249   5.35
    13400       0.3254   5.35
    13401       0.3258   5.35
    13402       0.3253   5.35
    13403       0.3263   5.35
    13404       0.3236   5.35
    13405       0.3248   5.35
    13406       0.3257   5.35
    13407       0.3258   5.35
    13408       0.3255   5.35
    13409       0.3252   5.35
    13410       0.3244   5.35
    13411       0.3249   5.35
    13412       0.3233   5.35
    13413       0.3266   5.35
    13414       0.3258   5.35
    13415       0.3249   5.35
    13416       0.3258   5.35
    13417       0.3260   5.35
    13418       0.3252   5.35
    13419       0.3258   5.35
    13420       0.3263   5.35
    13421       0.3251   5.35
    13422       0.3262   5.35
    13423       0.3264   5.35
    13424       0.3268   5.35
    13425       0.3258   5.35
    13426       0.3250   5.35
    13427       0.3260   5.35
    13428       0.3262   5.35
    13429       0.3263   5.35
    13430       0.3248   5.35
    13431       0.3259   5.35
    13432       0.3248   5.35
    13433       0.3245   5.35
    13434       0.3261   5.35
    13435       0.3262   5.35
    13436       0.3251   5.35
    13437       0.3258   5.35
    13438       0.3258   5.35
    13439       0.3260   5.35
    13440       0.3256   5.35
    13441       0.3240   5.34
    13442       0.3256   5.34
    13443       0.3263   5.35
    13444       0.3260   5.35
    13445       0.3266   5.35
    13446       0.3258   5.35
    13447       0.3239   5.35
    13448       0.3246   5.35
    13449       0.3251   5.35
    13450       0.3239   5.35
    13451       0.3254   5.35
    13452       0.3256   5.35
    13453       0.3243   5.35
    13454       0.3254   5.35
    13455       0.3252   5.34
    13456       0.3237   5.35
    13457       0.3254   5.35
    13458       0.3240   5.35
    13459       0.3248   5.35
    13460       0.3258   5.35
    13461       0.3261   5.35
    13462       0.3252   5.35
    13463       0.3253   5.35
    13464       0.3245   5.35
    13465       0.3260   5.35
    13466       0.3253   5.35
    13467       0.3246   5.35
    13468       0.3251   5.35
    13469       0.3258   5.35
    13470       0.3250   5.35
    13471       0.3265   5.35
    13472       0.3258   5.35
    13473       0.3246   5.35
    13474       0.3260   5.35
    13475       0.3256   5.35
    13476       0.3259   5.35
    13477       0.3259   5.35
    13478       0.3250   5.35
    13479       0.3228   5.35
    13480       0.3261   5.35
    13481       0.3256   5.35
    13482       0.3252   5.35
    13483       0.3255   5.35
    13484       0.3255   5.35
    13485       0.3233   5.35
    13486       0.3243   5.35
    13487       0.3261   5.35
    13488       0.3234   5.35
    13489       0.3254   5.35
    13490       0.3242   5.35
    13491       0.3261   5.35
    13492       0.3259   5.35
    13493       0.3262   5.35
    13494       0.3269   5.35
    13495       0.3256   5.35
    13496       0.3240   5.35
    13497       0.3261   5.35
    13498       0.3257   5.35
    13499       0.3240   5.35
    13500       0.3258   5.35
    13501       0.3258   5.35
    13502       0.3231   5.35
    13503       0.3246   5.35
    13504       0.3260   5.34
    13505       0.3255   5.35
    13506       0.3265   5.35
    13507       0.3255   5.35
    13508       0.3260   5.35
    13509       0.3261   5.35
    13510       0.3265   5.35
    13511       0.3256   5.35
    13512       0.3262   5.35
    13513       0.3230   5.34
    13514       0.3251   5.34
    13515       0.3248   5.35
    13516       0.3249   5.34
    13517       0.3248   5.34
    13518       0.3254   5.35
    13519       0.3248   5.35
    13520       0.3254   5.35
    13521       0.3253   5.35
    13522       0.3255   5.35
    13523       0.3264   5.35
    13524       0.3246   5.35
    13525       0.3241   5.35
    13526       0.3256   5.35
    13527       0.3258   5.35
    13528       0.3250   5.35
    13529       0.3256   5.35
    13530       0.3256   5.35
    13531       0.3253   5.35
    13532       0.3250   5.35
    13533       0.3255   5.35
    13534       0.3254   5.35
    13535       0.3255   5.35
    13536       0.3247   5.35
    13537       0.3251   5.35
    13538       0.3252   5.35
    13539       0.3252   5.35
    13540       0.3267   5.35
    13541       0.3263   5.35
    13542       0.3249   5.35
    13543       0.3244   5.35
    13544       0.3258   5.35
    13545       0.3264   5.35
    13546       0.3261   5.35
    13547       0.3258   5.35
    13548       0.3249   5.35
    13549       0.3257   5.35
    13550       0.3255   5.35
    13551       0.3246   5.35
    13552       0.3249   5.35
    13553       0.3253   5.34
    13554       0.3236   5.35
    13555       0.3253   5.35
    13556       0.3254   5.35
    13557       0.3252   5.35
    13558       0.3256   5.35
    13559       0.3258   5.35
    13560       0.3254   5.35
    13561       0.3257   5.35
    13562       0.3251   5.35
    13563       0.3236   5.35
    13564       0.3255   5.35
    13565       0.3248   5.35
    13566       0.3274   5.35
    13567       0.3271   5.35
    13568       0.3246   5.35
    13569       0.3245   5.35
    13570       0.3255   5.35
    13571       0.3257   5.35
    13572       0.3264   5.35
    13573       0.3256   5.35
    13574       0.3250   5.35
    13575       0.3256   5.35
    13576       0.3254   5.35
    13577       0.3256   5.35
    13578       0.3267   5.35
    13579       0.3256   5.35
    13580       0.3253   5.35
    13581       0.3256   5.35
    13582       0.3246   5.35
    13583       0.3238   5.35
    13584       0.3253   5.35
    13585       0.3262   5.35
    13586       0.3248   5.35
    13587       0.3263   5.35
    13588       0.3267   5.35
    13589       0.3251   5.35
    13590       0.3255   5.35
    13591       0.3252   5.35
    13592       0.3253   5.35
    13593       0.3255   5.35
    13594       0.3248   5.35
    13595       0.3252   5.35
    13596       0.3254   5.34
    13597       0.3248   5.35
    13598       0.3252   5.35
    13599       0.3245   5.35
    13600       0.3246   5.34
    13601       0.3255   5.34
    13602       0.3250   5.34
    13603       0.3244   5.35
    13604       0.3250   5.35
    13605       0.3249   5.35
    13606       0.3248   5.35
    13607       0.3254   5.35
    13608       0.3257   5.35
    13609       0.3244   5.35
    13610       0.3269   5.35
    13611       0.3274   5.35
    13612       0.3263   5.35
    13613       0.3258   5.35
    13614       0.3228   5.35
    13615       0.3265   5.35
    13616       0.3264   5.34
    13617       0.3233   5.35
    13618       0.3246   5.35
    13619       0.3253   5.35
    13620       0.3249   5.35
    13621       0.3252   5.35
    13622       0.3251   5.35
    13623       0.3235   5.34
    13624       0.3264   5.34
    13625       0.3266   5.35
    13626       0.3236   5.35
    13627       0.3241   5.35
    13628       0.3250   5.35
    13629       0.3255   5.35
    13630       0.3256   5.35
    13631       0.3254   5.35
    13632       0.3253   5.35
    13633       0.3266   5.35
    13634       0.3260   5.35
    13635       0.3261   5.35
    13636       0.3258   5.35
    13637       0.3254   5.34
    13638       0.3259   5.35
    13639       0.3257   5.35
    13640       0.3253   5.35
    13641       0.3244   5.35
    13642       0.3246   5.35
    13643       0.3244   5.35
    13644       0.3255   5.35
    13645       0.3257   5.34
    13646       0.3265   5.35
    13647       0.3269   5.35
    13648       0.3261   5.35
    13649       0.3245   5.35
    13650       0.3257   5.35
    13651       0.3245   5.35
    13652       0.3258   5.34
    13653       0.3257   5.34
    13654       0.3252   5.35
    13655       0.3226   5.35
    13656       0.3244   5.35
    13657       0.3346   5.35
    13658       0.3251   5.35
    13659       0.3253   5.35
    13660       0.3252   5.35
    13661       0.3265   5.35
    13662       0.3269   5.35
    13663       0.3253   5.35
    13664       0.3261   5.35
    13665       0.3254   5.35
    13666       0.3243   5.35
    13667       0.3262   5.35
    13668       0.3265   5.35
    13669       0.3241   5.35
    13670       0.3252   5.35
    13671       0.3247   5.35
    13672       0.3245   5.35
    13673       0.3245   5.35
    13674       0.3251   5.35
    13675       0.3246   5.34
    13676       0.3251   5.34
    13677       0.3250   5.35
    13678       0.3249   5.35
    13679       0.3256   5.35
    13680       0.3243   5.35
    13681       0.3247   5.35
    13682       0.3258   5.35
    13683       0.3250   5.35
    13684       0.3256   5.35
    13685       0.3253   5.35
    13686       0.3247   5.35
    13687       0.3251   5.35
    13688       0.3249   5.35
    13689       0.3235   5.35
    13690       0.3255   5.35
    13691       0.3256   5.35
    13692       0.3248   5.35
    13693       0.3256   5.35
    13694       0.3250   5.35
    13695       0.3248   5.35
    13696       0.3253   5.35
    13697       0.3246   5.35
    13698       0.3253   5.35
    13699       0.3254   5.35
    13700       0.3265   5.35
    13701       0.3261   5.35
    13702       0.3267   5.35
    13703       0.3252   5.35
    13704       0.3259   5.35
    13705       0.3260   5.35
    13706       0.3267   5.35
    13707       0.3261   5.35
    13708       0.3268   5.35
    13709       0.3266   5.35
    13710       0.3258   5.35
    13711       0.3268   5.35
    13712       0.3269   5.35
    13713       0.3257   5.35
    13714       0.3261   5.35
    13715       0.3245   5.35
    13716       0.3254   5.35
    13717       0.3264   5.35
    13718       0.3264   5.35
    13719       0.3270   5.35
    13720       0.3263   5.35
    13721       0.3257   5.35
    13722       0.3266   5.35
    13723       0.3279   5.35
    13724       0.3268   5.35
    13725       0.3263   5.35
    13726       0.3259   5.35
    13727       0.3270   5.35
    13728       0.3260   5.35
    13729       0.3249   5.35
    13730       0.3251   5.35
    13731       0.3260   5.35
    13732       0.3256   5.35
    13733       0.3256   5.35
    13734       0.3265   5.35
    13735       0.3267   5.35
    13736       0.3268   5.35
    13737       0.3271   5.35
    13738       0.3261   5.35
    13739       0.3264   5.35
    13740       0.3259   5.35
    13741       0.3258   5.35
    13742       0.3242   5.35
    13743       0.3254   5.35
    13744       0.3261   5.34
    13745       0.3253   5.35
    13746       0.3258   5.35
    13747       0.3237   5.35
    13748       0.3260   5.35
    13749       0.3252   5.35
    13750       0.3263   5.35
    13751       0.3273   5.35
    13752       0.3275   5.35
    13753       0.3262   5.35
    13754       0.3266   5.35
    13755       0.3261   5.35
    13756       0.3243   5.35
    13757       0.3254   5.35
    13758       0.3265   5.35
    13759       0.3248   5.35
    13760       0.3255   5.35
    13761       0.3261   5.35
    13762       0.3256   5.35
    13763       0.3275   5.35
    13764       0.3264   5.35
    13765       0.3248   5.35
    13766       0.3257   5.35
    13767       0.3266   5.35
    13768       0.3267   5.35
    13769       0.3266   5.35
    13770       0.3306   5.35
    13771       0.3229   5.35
    13772       0.3268   5.35
    13773       0.3244   5.35
    13774       0.3260   5.35
    13775       0.3257   5.35
    13776       0.3251   5.35
    13777       0.3261   5.35
    13778       0.3268   5.35
    13779       0.3265   5.35
    13780       0.3267   5.35
    13781       0.3265   5.35
    13782       0.3255   5.35
    13783       0.3251   5.35
    13784       0.3258   5.35
    13785       0.3261   5.35
    13786       0.3263   5.35
    13787       0.3262   5.35
    13788       0.3263   5.35
    13789       0.3264   5.35
    13790       0.3255   5.35
    13791       0.3258   5.35
    13792       0.3248   5.35
    13793       0.3256   5.35
    13794       0.3250   5.35
    13795       0.3254   5.35
    13796       0.3255   5.35
    13797       0.3252   5.35
    13798       0.3271   5.35
    13799       0.3265   5.35
    13800       0.3255   5.35
    13801       0.3257   5.35
    13802       0.3255   5.35
    13803       0.3261   5.35
    13804       0.3268   5.35
    13805       0.3271   5.35
    13806       0.3274   5.35
    13807       0.3257   5.35
    13808       0.3254   5.35
    13809       0.3260   5.35
    13810       0.3261   5.34
    13811       0.3260   5.35
    13812       0.3256   5.35
    13813       0.3264   5.35
    13814       0.3253   5.35
    13815       0.3264   5.35
    13816       0.3273   5.35
    13817       0.3264   5.35
    13818       0.3259   5.35
    13819       0.3268   5.35
    13820       0.3275   5.35
    13821       0.3265   5.35
    13822       0.3260   5.35
    13823       0.3254   5.35
    13824       0.3259   5.35
    13825       0.3263   5.35
    13826       0.3262   5.35
    13827       0.3265   5.35
    13828       0.3261   5.35
    13829       0.3264   5.35
    13830       0.3265   5.35
    13831       0.3265   5.35
    13832       0.3270   5.35
    13833       0.3261   5.35
    13834       0.3249   5.35
    13835       0.3255   5.35
    13836       0.3259   5.35
    13837       0.3260   5.35
    13838       0.3278   5.35
    13839       0.3269   5.35
    13840       0.3261   5.35
    13841       0.3259   5.35
    13842       0.3256   5.35
    13843       0.3251   5.34
    13844       0.3273   5.34
    13845       0.3273   5.35
    13846       0.3240   5.35
    13847       0.3266   5.35
    13848       0.3264   5.35
    13849       0.3270   5.35
    13850       0.3266   5.35
    13851       0.3264   5.35
    13852       0.3257   5.35
    13853       0.3259   5.35
    13854       0.3260   5.34
    13855       0.3248   5.35
    13856       0.3257   5.35
    13857       0.3259   5.35
    13858       0.3268   5.34
    13859       0.3269   5.34
    13860       0.3250   5.35
    13861       0.3267   5.35
    13862       0.3260   5.35
    13863       0.3258   5.34
    13864       0.3271   5.34
    13865       0.3257   5.35
    13866       0.3253   5.35
    13867       0.3262   5.35
    13868       0.3265   5.35
    13869       0.3250   5.35
    13870       0.3289   5.35
    13871       0.3269   5.35
    13872       0.3260   5.35
    13873       0.3278   5.35
    13874       0.3272   5.35
    13875       0.3256   5.35
    13876       0.3257   5.35
    13877       0.3260   5.34
    13878       0.3259   5.35
    13879       0.3269   5.35
    13880       0.3261   5.34
    13881       0.3236   5.35
    13882       0.3258   5.35
    13883       0.3259   5.35
    13884       0.3255   5.35
    13885       0.3266   5.35
    13886       0.3250   5.35
    13887       0.3264   5.35
    13888       0.3264   5.35
    13889       0.3254   5.35
    13890       0.3276   5.35
    13891       0.3261   5.35
    13892       0.3255   5.35
    13893       0.3257   5.35
    13894       0.3265   5.35
    13895       0.3258   5.35
    13896       0.3257   5.35
    13897       0.3273   5.35
    13898       0.3250   5.35
    13899       0.3251   5.35
    13900       0.3259   5.35
    13901       0.3261   5.35
    13902       0.3262   5.35
    13903       0.3272   5.35
    13904       0.3271   5.35
    13905       0.3269   5.35
    13906       0.3257   5.34
    13907       0.3255   5.35
    13908       0.3258   5.35
    13909       0.3261   5.35
    13910       0.3251   5.35
    13911       0.3263   5.35
    13912       0.3260   5.35
    13913       0.3255   5.35
    13914       0.3257   5.35
    13915       0.3261   5.35
    13916       0.3278   5.35
    13917       0.3264   5.35
    13918       0.3254   5.35
    13919       0.3251   5.35
    13920       0.3260   5.35
    13921       0.3244   5.35
    13922       0.3254   5.35
    13923       0.3259   5.35
    13924       0.3257   5.35
    13925       0.3268   5.35
    13926       0.3261   5.35
    13927       0.3240   5.35
    13928       0.3261   5.35
    13929       0.3260   5.35
    13930       0.3255   5.35
    13931       0.3270   5.35
    13932       0.3277   5.35
    13933       0.3261   5.35
    13934       0.3269   5.35
    13935       0.3268   5.35
    13936       0.3248   5.35
    13937       0.3266   5.35
    13938       0.3273   5.35
    13939       0.3269   5.35
    13940       0.3272   5.35
    13941       0.3267   5.35
    13942       0.3263   5.35
    13943       0.3260   5.35
    13944       0.3256   5.35
    13945       0.3253   5.35
    13946       0.3252   5.34
    13947       0.3259   5.35
    13948       0.3259   5.35
    13949       0.3258   5.35
    13950       0.3255   5.35
    13951       0.3260   5.35
    13952       0.3256   5.35
    13953       0.3247   5.35
    13954       0.3263   5.35
    13955       0.3264   5.35
    13956       0.3261   5.35
    13957       0.3274   5.35
    13958       0.3270   5.35
    13959       0.3254   5.35
    13960       0.3246   5.35
    13961       0.3257   5.35
    13962       0.3248   5.34
    13963       0.3270   5.34
    13964       0.3275   5.35
    13965       0.3261   5.35
    13966       0.3263   5.35
    13967       0.3261   5.35
    13968       0.3266   5.35
    13969       0.3276   5.35
    13970       0.3276   5.35
    13971       0.3248   5.35
    13972       0.3249   5.35
    13973       0.3248   5.34
    13974       0.3256   5.34
    13975       0.3259   5.35
    13976       0.3260   5.35
    13977       0.3271   5.35
    13978       0.3269   5.35
    13979       0.3260   5.35
    13980       0.3266   5.35
    13981       0.3265   5.35
    13982       0.3269   5.35
    13983       0.3258   5.35
    13984       0.3262   5.35
    13985       0.3271   5.35
    13986       0.3283   5.35
    13987       0.3275   5.35
    13988       0.3246   5.35
    13989       0.3363   5.35
    13990       0.3274   5.35
    13991       0.3247   5.35
    13992       0.3261   5.35
    13993       0.3253   5.34
    13994       0.3254   5.35
    13995       0.3253   5.35
    13996       0.3241   5.35
    13997       0.3251   5.34
    13998       0.3261   5.34
    13999       0.3267   5.34
    14000       0.3246   5.35
    14001       0.3255   5.35
    14002       0.3253   5.35
    14003       0.3279   5.35
    14004       0.3261   5.35
    14005       0.3255   5.35
    14006       0.3280   5.35
    14007       0.3273   5.35
    14008       0.3243   5.35
    14009       0.3267   5.35
    14010       0.3269   5.34
    14011       0.3251   5.34
    14012       0.3272   5.34
    14013       0.3258   5.35
    14014       0.3258   5.35
    14015       0.3274   5.35
    14016       0.3268   5.35
    14017       0.3253   5.35
    14018       0.3258   5.35
    14019       0.3269   5.35
    14020       0.3248   5.35
    14021       0.3259   5.35
    14022       0.3267   5.35
    14023       0.3259   5.34
    14024       0.3265   5.34
    14025       0.3267   5.35
    14026       0.3251   5.35
    14027       0.3264   5.35
    14028       0.3258   5.35
    14029       0.3262   5.35
    14030       0.3265   5.35
    14031       0.3261   5.35
    14032       0.3268   5.35
    14033       0.3272   5.35
    14034       0.3268   5.35
    14035       0.3256   5.35
    14036       0.3259   5.35
    14037       0.3256   5.35
    14038       0.3275   5.35
    14039       0.3267   5.35
    14040       0.3242   5.35
    14041       0.3256   5.35
    14042       0.3264   5.35
    14043       0.3261   5.35
    14044       0.3263   5.35
    14045       0.3263   5.35
    14046       0.3257   5.35
    14047       0.3270   5.35
    14048       0.3260   5.35
    14049       0.3270   5.35
    14050       0.3272   5.35
    14051       0.3264   5.35
    14052       0.3266   5.34
    14053       0.3262   5.34
    14054       0.3257   5.34
    14055       0.3251   5.35
    14056       0.3258   5.35
    14057       0.3262   5.35
    14058       0.3257   5.35
    14059       0.3266   5.35
    14060       0.3264   5.35
    14061       0.3260   5.35
    14062       0.3257   5.35
    14063       0.3251   5.35
    14064       0.3266   5.35
    14065       0.3270   5.34
    14066       0.3267   5.35
    14067       0.3263   5.35
    14068       0.3261   5.35
    14069       0.3255   5.35
    14070       0.3258   5.35
    14071       0.3262   5.35
    14072       0.3265   5.34
    14073       0.3269   5.34
    14074       0.3271   5.35
    14075       0.3259   5.35
    14076       0.3264   5.35
    14077       0.3269   5.35
    14078       0.3255   5.35
    14079       0.3259   5.35
    14080       0.3259   5.35
    14081       0.3254   5.35
    14082       0.3248   5.35
    14083       0.3244   5.35
    14084       0.3234   5.35
    14085       0.3266   5.35
    14086       0.3263   5.35
    14087       0.3264   5.35
    14088       0.3263   5.35
    14089       0.3252   5.35
    14090       0.3269   5.35
    14091       0.3262   5.35
    14092       0.3249   5.35
    14093       0.3268   5.35
    14094       0.3259   5.35
    14095       0.3244   5.35
    14096       0.3253   5.35
    14097       0.3262   5.35
    14098       0.3257   5.35
    14099       0.3274   5.35
    14100       0.3265   5.35
    14101       0.3246   5.35
    14102       0.3261   5.35
    14103       0.3268   5.35
    14104       0.3253   5.35
    14105       0.3268   5.35
    14106       0.3268   5.35
    14107       0.3254   5.35
    14108       0.3270   5.35
    14109       0.3251   5.35
    14110       0.3251   5.35
    14111       0.3269   5.35
    14112       0.3268   5.35
    14113       0.3257   5.35
    14114       0.3268   5.35
    14115       0.3258   5.35
    14116       0.3259   5.35
    14117       0.3260   5.35
    14118       0.3268   5.35
    14119       0.3268   5.35
    14120       0.3265   5.35
    14121       0.3260   5.35
    14122       0.3266   5.35
    14123       0.3263   5.35
    14124       0.3250   5.35
    14125       0.3263   5.35
    14126       0.3261   5.35
    14127       0.3259   5.35
    14128       0.3275   5.35
    14129       0.3274   5.35
    14130       0.3254   5.35
    14131       0.3266   5.35
    14132       0.3264   5.35
    14133       0.3267   5.35
    14134       0.3267   5.35
    14135       0.3252   5.35
    14136       0.3261   5.35
    14137       0.3270   5.35
    14138       0.3261   5.35
    14139       0.3243   5.35
    14140       0.3246   5.35
    14141       0.3257   5.35
    14142       0.3257   5.35
    14143       0.3261   5.35
    14144       0.3249   5.35
    14145       0.3256   5.35
    14146       0.3258   5.35
    14147       0.3266   5.35
    14148       0.3269   5.35
    14149       0.3266   5.35
    14150       0.3273   5.35
    14151       0.3267   5.35
    14152       0.3266   5.35
    14153       0.3264   5.35
    14154       0.3266   5.35
    14155       0.3265   5.35
    14156       0.3254   5.35
    14157       0.3272   5.35
    14158       0.3259   5.35
    14159       0.3240   5.35
    14160       0.3272   5.35
    14161       0.3266   5.35
    14162       0.3251   5.35
    14163       0.3255   5.35
    14164       0.3256   5.35
    14165       0.3259   5.35
    14166       0.3272   5.35
    14167       0.3271   5.35
    14168       0.3253   5.34
    14169       0.3266   5.34
    14170       0.3263   5.35
    14171       0.3259   5.35
    14172       0.3264   5.35
    14173       0.3258   5.35
    14174       0.3255   5.35
    14175       0.3265   5.35
    14176       0.3255   5.35
    14177       0.3283   5.35
    14178       0.3276   5.35
    14179       0.3241   5.35
    14180       0.3256   5.35
    14181       0.3263   5.35
    14182       0.3251   5.35
    14183       0.3265   5.35
    14184       0.3256   5.35
    14185       0.3242   5.35
    14186       0.3263   5.35
    14187       0.3255   5.35
    14188       0.3242   5.35
    14189       0.3258   5.35
    14190       0.3270   5.35
    14191       0.3266   5.35
    14192       0.3262   5.35
    14193       0.3264   5.35
    14194       0.3251   5.35
    14195       0.3263   5.35
    14196       0.3267   5.35
    14197       0.3263   5.35
    14198       0.3265   5.35
    14199       0.3253   5.35
    14200       0.3257   5.35
    14201       0.3266   5.35
    14202       0.3265   5.35
    14203       0.3267   5.35
    14204       0.3272   5.35
    14205       0.3263   5.35
    14206       0.3256   5.35
    14207       0.3263   5.35
    14208       0.3264   5.35
    14209       0.3270   5.35
    14210       0.3273   5.35
    14211       0.3267   5.35
    14212       0.3268   5.35
    14213       0.3269   5.35
    14214       0.3270   5.35
    14215       0.3270   5.35
    14216       0.3267   5.35
    14217       0.3255   5.35
    14218       0.3272   5.35
    14219       0.3266   5.35
    14220       0.3257   5.35
    14221       0.3251   5.35
    14222       0.3257   5.35
    14223       0.3260   5.34
    14224       0.3274   5.34
    14225       0.3268   5.35
    14226       0.3268   5.35
    14227       0.3261   5.35
    14228       0.3233   5.35
    14229       0.3246   5.35
    14230       0.3257   5.35
    14231       0.3248   5.35
    14232       0.3262   5.35
    14233       0.3269   5.35
    14234       0.3266   5.35
    14235       0.3276   5.35
    14236       0.3254   5.35
    14237       0.3256   5.35
    14238       0.3267   5.35
    14239       0.3268   5.35
    14240       0.3256   5.35
    14241       0.3260   5.35
    14242       0.3261   5.35
    14243       0.3257   5.35
    14244       0.3263   5.35
    14245       0.3263   5.35
    14246       0.3260   5.35
    14247       0.3265   5.35
    14248       0.3264   5.35
    14249       0.3255   5.35
    14250       0.3257   5.35
    14251       0.3266   5.35
    14252       0.3255   5.34
    14253       0.3260   5.34
    14254       0.3263   5.35
    14255       0.3247   5.35
    14256       0.3269   5.35
    14257       0.3271   5.35
    14258       0.3251   5.35
    14259       0.3260   5.35
    14260       0.3262   5.35
    14261       0.3260   5.35
    14262       0.3259   5.35
    14263       0.3250   5.35
    14264       0.3264   5.35
    14265       0.3257   5.35
    14266       0.3254   5.35
    14267       0.3264   5.35
    14268       0.3266   5.35
    14269       0.3266   5.35
    14270       0.3274   5.35
    14271       0.3276   5.35
    14272       0.3248   5.35
    14273       0.3251   5.35
    14274       0.3256   5.35
    14275       0.3260   5.34
    14276       0.3275   5.34
    14277       0.3262   5.35
    14278       0.3239   5.35
    14279       0.3260   5.35
    14280       0.3275   5.35
    14281       0.3266   5.35
    14282       0.3283   5.35
    14283       0.3264   5.35
    14284       0.3265   5.35
    14285       0.3256   5.35
    14286       0.3264   5.35
    14287       0.3251   5.35
    14288       0.3253   5.35
    14289       0.3254   5.35
    14290       0.3260   5.35
    14291       0.3265   5.35
    14292       0.3264   5.35
    14293       0.3265   5.35
    14294       0.3362   5.35
    14295       0.3255   5.35
    14296       0.3266   5.35
    14297       0.3262   5.35
    14298       0.3257   5.35
    14299       0.3266   5.35
    14300       0.3271   5.35
    14301       0.3266   5.35
    14302       0.3272   5.35
    14303       0.3258   5.35
    14304       0.3264   5.35
    14305       0.3266   5.35
    14306       0.3266   5.35
    14307       0.3272   5.35
    14308       0.3265   5.35
    14309       0.3256   5.35
    14310       0.3243   5.35
    14311       0.3259   5.35
    14312       0.3263   5.35
    14313       0.3256   5.35
    14314       0.3264   5.35
    14315       0.3263   5.35
    14316       0.3252   5.35
    14317       0.3265   5.35
    14318       0.3266   5.35
    14319       0.3259   5.35
    14320       0.3262   5.35
    14321       0.3255   5.35
    14322       0.3269   5.35
    14323       0.3265   5.35
    14324       0.3262   5.35
    14325       0.3279   5.35
    14326       0.3278   5.35
    14327       0.3265   5.35
    14328       0.3260   5.35
    14329       0.3259   5.35
    14330       0.3256   5.35
    14331       0.3259   5.35
    14332       0.3264   5.35
    14333       0.3261   5.35
    14334       0.3268   5.35
    14335       0.3262   5.35
    14336       0.3251   5.35
    14337       0.3262   5.35
    14338       0.3264   5.35
    14339       0.3257   5.35
    14340       0.3260   5.35
    14341       0.3254   5.35
    14342       0.3254   5.35
    14343       0.3259   5.35
    14344       0.3260   5.35
    14345       0.3259   5.35
    14346       0.3259   5.35
    14347       0.3260   5.35
    14348       0.3261   5.35
    14349       0.3269   5.35
    14350       0.3279   5.35
    14351       0.3269   5.35
    14352       0.3252   5.35
    14353       0.3262   5.35
    14354       0.3269   5.35
    14355       0.3259   5.35
    14356       0.3257   5.34
    14357       0.3252   5.34
    14358       0.3267   5.35
    14359       0.3251   5.35
    14360       0.3276   5.35
    14361       0.3270   5.35
    14362       0.3264   5.35
    14363       0.3252   5.35
    14364       0.3254   5.35
    14365       0.3268   5.35
    14366       0.3265   5.35
    14367       0.3265   5.35
    14368       0.3254   5.35
    14369       0.3262   5.35
    14370       0.3260   5.35
    14371       0.3274   5.35
    14372       0.3268   5.35
    14373       0.3267   5.35
    14374       0.3267   5.35
    14375       0.3268   5.35
    14376       0.3246   5.35
    14377       0.3254   5.35
    14378       0.3261   5.35
    14379       0.3249   5.34
    14380       0.3256   5.34
    14381       0.3265   5.35
    14382       0.3251   5.35
    14383       0.3265   5.35
    14384       0.3265   5.35
    14385       0.3262   5.35
    14386       0.3250   5.35
    14387       0.3261   5.35
    14388       0.3257   5.35
    14389       0.3270   5.35
    14390       0.3267   5.35
    14391       0.3262   5.35
    14392       0.3265   5.35
    14393       0.3257   5.35
    14394       0.3248   5.35
    14395       0.3249   5.35
    14396       0.3259   5.35
    14397       0.3250   5.35
    14398       0.3258   5.35
    14399       0.3260   5.35
    14400       0.3260   5.35
    14401       0.3260   5.35
    14402       0.3261   5.35
    14403       0.3256   5.35
    14404       0.3274   5.35
    14405       0.3256   5.35
    14406       0.3249   5.35
    14407       0.3262   5.35
    14408       0.3250   5.35
    14409       0.3268   5.35
    14410       0.3272   5.35
    14411       0.3275   5.35
    14412       0.3254   5.35
    14413       0.3255   5.35
    14414       0.3261   5.35
    14415       0.3264   5.35
    14416       0.3257   5.35
    14417       0.3244   5.35
    14418       0.3279   5.35
    14419       0.3277   5.35
    14420       0.3267   5.35
    14421       0.3274   5.35
    14422       0.3265   5.35
    14423       0.3262   5.35
    14424       0.3259   5.35
    14425       0.3254   5.35
    14426       0.3257   5.34
    14427       0.3258   5.34
    14428       0.3271   5.35
    14429       0.3232   5.35
    14430       0.3248   5.35
    14431       0.3268   5.34
    14432       0.3252   5.35
    14433       0.3249   5.35
    14434       0.3248   5.35
    14435       0.3264   5.35
    14436       0.3264   5.35
    14437       0.3251   5.35
    14438       0.3257   5.35
    14439       0.3262   5.35
    14440       0.3263   5.35
    14441       0.3260   5.35
    14442       0.3262   5.35
    14443       0.3265   5.35
    14444       0.3255   5.35
    14445       0.3257   5.35
    14446       0.3262   5.35
    14447       0.3273   5.35
    14448       0.3243   5.35
    14449       0.3260   5.35
    14450       0.3258   5.35
    14451       0.3267   5.35
    14452       0.3265   5.35
    14453       0.3281   5.35
    14454       0.3279   5.35
    14455       0.3241   5.35
    14456       0.3263   5.35
    14457       0.3259   5.34
    14458       0.3247   5.35
    14459       0.3261   5.35
    14460       0.3251   5.35
    14461       0.3265   5.35
    14462       0.3275   5.35
    14463       0.3263   5.35
    14464       0.3260   5.35
    14465       0.3258   5.35
    14466       0.3255   5.35
    14467       0.3250   5.35
    14468       0.3247   5.35
    14469       0.3266   5.35
    14470       0.3264   5.35
    14471       0.3266   5.34
    14472       0.3258   5.35
    14473       0.3265   5.35
    14474       0.3266   5.35
    14475       0.3252   5.35
    14476       0.3243   5.35
    14477       0.3259   5.35
    14478       0.3263   5.35
    14479       0.3267   5.35
    14480       0.3265   5.35
    14481       0.3256   5.35
    14482       0.3258   5.35
    14483       0.3262   5.35
    14484       0.3256   5.35
    14485       0.3261   5.35
    14486       0.3261   5.35
    14487       0.3260   5.35
    14488       0.3268   5.35
    14489       0.3273   5.35
    14490       0.3253   5.35
    14491       0.3263   5.35
    14492       0.3244   5.35
    14493       0.3269   5.35
    14494       0.3267   5.35
    14495       0.3253   5.35
    14496       0.3273   5.35
    14497       0.3268   5.35
    14498       0.3255   5.35
    14499       0.3268   5.35
    14500       0.3275   5.35
    14501       0.3267   5.35
    14502       0.3278   5.35
    14503       0.3267   5.35
    14504       0.3233   5.35
    14505       0.3260   5.35
    14506       0.3259   5.35
    14507       0.3261   5.35
    14508       0.3282   5.35
    14509       0.3273   5.35
    14510       0.3255   5.35
    14511       0.3264   5.35
    14512       0.3250   5.35
    14513       0.3262   5.35
    14514       0.3274   5.35
    14515       0.3278   5.35
    14516       0.3249   5.35
    14517       0.3266   5.35
    14518       0.3248   5.35
    14519       0.3265   5.35
    14520       0.3266   5.35
    14521       0.3254   5.35
    14522       0.3269   5.35
    14523       0.3262   5.35
    14524       0.3248   5.35
    14525       0.3265   5.35
    14526       0.3260   5.35
    14527       0.3254   5.35
    14528       0.3260   5.35
    14529       0.3259   5.35
    14530       0.3269   5.35
    14531       0.3264   5.35
    14532       0.3265   5.35
    14533       0.3262   5.35
    14534       0.3260   5.35
    14535       0.3248   5.35
    14536       0.3256   5.35
    14537       0.3257   5.35
    14538       0.3263   5.35
    14539       0.3261   5.35
    14540       0.3261   5.35
    14541       0.3258   5.35
    14542       0.3272   5.35
    14543       0.3267   5.35
    14544       0.3246   5.35
    14545       0.3251   5.35
    14546       0.3264   5.35
    14547       0.3259   5.35
    14548       0.3248   5.35
    14549       0.3254   5.35
    14550       0.3252   5.35
    14551       0.3270   5.35
    14552       0.3262   5.35
    14553       0.3238   5.35
    14554       0.3263   5.35
    14555       0.3256   5.35
    14556       0.3250   5.35
    14557       0.3281   5.35
    14558       0.3271   5.35
    14559       0.3258   5.35
    14560       0.3271   5.35
    14561       0.3257   5.35
    14562       0.3259   5.35
    14563       0.3264   5.35
    14564       0.3266   5.35
    14565       0.3264   5.35
    14566       0.3267   5.35
    14567       0.3262   5.35
    14568       0.3250   5.35
    14569       0.3263   5.35
    14570       0.3265   5.35
    14571       0.3256   5.35
    14572       0.3264   5.35
    14573       0.3254   5.35
    14574       0.3246   5.35
    14575       0.3273   5.35
    14576       0.3269   5.35
    14577       0.3273   5.35
    14578       0.3266   5.35
    14579       0.3260   5.35
    14580       0.3263   5.35
    14581       0.3257   5.35
    14582       0.3262   5.35
    14583       0.3268   5.35
    14584       0.3273   5.35
    14585       0.3255   5.35
    14586       0.3263   5.35
    14587       0.3260   5.35
    14588       0.3255   5.35
    14589       0.3258   5.35
    14590       0.3270   5.35
    14591       0.3254   5.35
    14592       0.3262   5.35
    14593       0.3258   5.35
    14594       0.3246   5.35
    14595       0.3248   5.35
    14596       0.3251   5.35
    14597       0.3233   5.35
    14598       0.3258   5.35
    14599       0.3245   5.35
    14600       0.3267   5.35
    14601       0.3265   5.35
    14602       0.3258   5.35
    14603       0.3264   5.35
    14604       0.3261   5.35
    14605       0.3240   5.35
    14606       0.3258   5.35
    14607       0.3263   5.35
    14608       0.3243   5.35
    14609       0.3268   5.35
    14610       0.3273   5.35
    14611       0.3272   5.35
    14612       0.3271   5.35
    14613       0.3263   5.35
    14614       0.3253   5.35
    14615       0.3267   5.35
    14616       0.3261   5.35
    14617       0.3254   5.35
    14618       0.3255   5.35
    14619       0.3250   5.35
    14620       0.3258   5.35
    14621       0.3277   5.35
    14622       0.3268   5.35
    14623       0.3266   5.35
    14624       0.3380   5.35
    14625       0.3281   5.35
    14626       0.3241   5.35
    14627       0.3262   5.35
    14628       0.3259   5.35
    14629       0.3250   5.35
    14630       0.3263   5.35
    14631       0.3257   5.35
    14632       0.3264   5.35
    14633       0.3261   5.35
    14634       0.3260   5.35
    14635       0.3262   5.35
    14636       0.3253   5.35
    14637       0.3254   5.35
    14638       0.3273   5.35
    14639       0.3261   5.35
    14640       0.3258   5.35
    14641       0.3259   5.35
    14642       0.3263   5.35
    14643       0.3266   5.35
    14644       0.3248   5.35
    14645       0.3267   5.35
    14646       0.3262   5.35
    14647       0.3267   5.35
    14648       0.3264   5.35
    14649       0.3257   5.35
    14650       0.3278   5.35
    14651       0.3262   5.35
    14652       0.3255   5.35
    14653       0.3262   5.35
    14654       0.3269   5.35
    14655       0.3252   5.35
    14656       0.3265   5.35
    14657       0.3261   5.35
    14658       0.3252   5.35
    14659       0.3270   5.35
    14660       0.3258   5.35
    14661       0.3263   5.35
    14662       0.3265   5.35
    14663       0.3245   5.35
    14664       0.3266   5.35
    14665       0.3264   5.35
    14666       0.3256   5.35
    14667       0.3272   5.35
    14668       0.3260   5.35
    14669       0.3259   5.35
    14670       0.3273   5.35
    14671       0.3269   5.35
    14672       0.3257   5.35
    14673       0.3269   5.35
    14674       0.3268   5.35
    14675       0.3257   5.35
    14676       0.3257   5.35
    14677       0.3254   5.34
    14678       0.3249   5.35
    14679       0.3257   5.35
    14680       0.3263   5.35
    14681       0.3255   5.35
    14682       0.3261   5.35
    14683       0.3257   5.35
    14684       0.3261   5.35
    14685       0.3260   5.35
    14686       0.3253   5.35
    14687       0.3255   5.35
    14688       0.3263   5.35
    14689       0.3257   5.35
    14690       0.3270   5.35
    14691       0.3267   5.35
    14692       0.3258   5.35
    14693       0.3262   5.35
    14694       0.3264   5.35
    14695       0.3268   5.35
    14696       0.3265   5.35
    14697       0.3266   5.35
    14698       0.3262   5.35
    14699       0.3257   5.35
    14700       0.3272   5.35
    14701       0.3268   5.35
    14702       0.3262   5.35
    14703       0.3264   5.35
    14704       0.3254   5.34
    14705       0.3245   5.34
    14706       0.3247   5.35
    14707       0.3259   5.35
    14708       0.3264   5.35
    14709       0.3269   5.35
    14710       0.3254   5.35
    14711       0.3263   5.35
    14712       0.3261   5.35
    14713       0.3259   5.35
    14714       0.3267   5.35
    14715       0.3249   5.35
    14716       0.3245   5.35
    14717       0.3259   5.35
    14718       0.3259   5.35
    14719       0.3264   5.35
    14720       0.3266   5.35
    14721       0.3272   5.35
    14722       0.3262   5.35
    14723       0.3261   5.35
    14724       0.3260   5.35
    14725       0.3261   5.35
    14726       0.3257   5.35
    14727       0.3262   5.35
    14728       0.3273   5.35
    14729       0.3271   5.35
    14730       0.3248   5.35
    14731       0.3275   5.35
    14732       0.3272   5.35
    14733       0.3259   5.35
    14734       0.3255   5.35
    14735       0.3262   5.35
    14736       0.3256   5.35
    14737       0.3265   5.35
    14738       0.3269   5.35
    14739       0.3256   5.35
    14740       0.3262   5.35
    14741       0.3255   5.35
    14742       0.3263   5.35
    14743       0.3266   5.35
    14744       0.3257   5.35
    14745       0.3266   5.35
    14746       0.3276   5.35
    14747       0.3254   5.35
    14748       0.3262   5.35
    14749       0.3260   5.35
    14750       0.3252   5.35
    14751       0.3263   5.35
    14752       0.3265   5.35
    14753       0.3254   5.35
    14754       0.3258   5.35
    14755       0.3268   5.35
    14756       0.3266   5.34
    14757       0.3266   5.34
    14758       0.3268   5.35
    14759       0.3253   5.35
    14760       0.3261   5.35
    14761       0.3261   5.35
    14762       0.3253   5.35
    14763       0.3264   5.35
    14764       0.3272   5.35
    14765       0.3253   5.35
    14766       0.3260   5.35
    14767       0.3262   5.35
    14768       0.3255   5.35
    14769       0.3271   5.35
    14770       0.3247   5.35
    14771       0.3251   5.35
    14772       0.3260   5.35
    14773       0.3251   5.35
    14774       0.3254   5.35
    14775       0.3255   5.35
    14776       0.3247   5.35
    14777       0.3250   5.35
    14778       0.3256   5.35
    14779       0.3249   5.35
    14780       0.3258   5.35
    14781       0.3265   5.35
    14782       0.3271   5.35
    14783       0.3280   5.35
    14784       0.3290   5.35
    14785       0.3278   5.35
    14786       0.3266   5.35
    14787       0.3270   5.35
    14788       0.3264   5.35
    14789       0.3275   5.35
    14790       0.3266   5.35
    14791       0.3255   5.35
    14792       0.3259   5.35
    14793       0.3248   5.35
    14794       0.3249   5.35
    14795       0.3257   5.35
    14796       0.3265   5.35
    14797       0.3257   5.35
    14798       0.3262   5.35
    14799       0.3257   5.35
    14800       0.3251   5.35
    14801       0.3261   5.35
    14802       0.3240   5.35
    14803       0.3260   5.35
    14804       0.3260   5.35
    14805       0.3252   5.35
    14806       0.3265   5.35
    14807       0.3268   5.35
    14808       0.3257   5.35
    14809       0.3268   5.35
    14810       0.3272   5.35
    14811       0.3267   5.35
    14812       0.3255   5.35
    14813       0.3259   5.35
    14814       0.3255   5.35
    14815       0.3267   5.35
    14816       0.3258   5.35
    14817       0.3249   5.35
    14818       0.3269   5.35
    14819       0.3271   5.35
    14820       0.3269   5.35
    14821       0.3268   5.35
    14822       0.3260   5.35
    14823       0.3253   5.35
    14824       0.3258   5.35
    14825       0.3254   5.35
    14826       0.3255   5.35
    14827       0.3271   5.35
    14828       0.3271   5.35
    14829       0.3281   5.35
    14830       0.3281   5.35
    14831       0.3265   5.35
    14832       0.3259   5.35
    14833       0.3261   5.35
    14834       0.3254   5.35
    14835       0.3265   5.35
    14836       0.3267   5.35
    14837       0.3238   5.35
    14838       0.3267   5.35
    14839       0.3261   5.35
    14840       0.3249   5.34
    14841       0.3259   5.34
    14842       0.3258   5.35
    14843       0.3245   5.35
    14844       0.3249   5.35
    14845       0.3256   5.35
    14846       0.3251   5.35
    14847       0.3260   5.35
    14848       0.3262   5.35
    14849       0.3246   5.35
    14850       0.3256   5.35
    14851       0.3252   5.35
    14852       0.3269   5.35
    14853       0.3271   5.35
    14854       0.3262   5.35
    14855       0.3279   5.35
    14856       0.3266   5.35
    14857       0.3259   5.35
    14858       0.3256   5.35
    14859       0.3269   5.35
    14860       0.3252   5.35
    14861       0.3268   5.35
    14862       0.3269   5.35
    14863       0.3255   5.35
    14864       0.3274   5.35
    14865       0.3258   5.35
    14866       0.3250   5.35
    14867       0.3268   5.35
    14868       0.3266   5.35
    14869       0.3252   5.35
    14870       0.3259   5.35
    14871       0.3260   5.35
    14872       0.3252   5.35
    14873       0.3264   5.35
    14874       0.3256   5.35
    14875       0.3265   5.35
    14876       0.3262   5.35
    14877       0.3257   5.35
    14878       0.3252   5.35
    14879       0.3267   5.35
    14880       0.3259   5.35
    14881       0.3236   5.35
    14882       0.3258   5.35
    14883       0.3269   5.35
    14884       0.3260   5.35
    14885       0.3260   5.35
    14886       0.3243   5.35
    14887       0.3254   5.35
    14888       0.3260   5.35
    14889       0.3256   5.35
    14890       0.3273   5.35
    14891       0.3274   5.35
    14892       0.3270   5.35
    14893       0.3267   5.35
    14894       0.3258   5.35
    14895       0.3254   5.35
    14896       0.3263   5.35
    14897       0.3261   5.35
    14898       0.3258   5.35
    14899       0.3272   5.35
    14900       0.3278   5.35
    14901       0.3270   5.35
    14902       0.3269   5.35
    14903       0.3266   5.35
    14904       0.3257   5.35
    14905       0.3256   5.35
    14906       0.3253   5.35
    14907       0.3258   5.35
    14908       0.3273   5.35
    14909       0.3271   5.35
    14910       0.3254   5.35
    14911       0.3257   5.35
    14912       0.3257   5.34
    14913       0.3252   5.35
    14914       0.3260   5.35
    14915       0.3262   5.35
    14916       0.3260   5.35
    14917       0.3271   5.35
    14918       0.3259   5.35
    14919       0.3265   5.35
    14920       0.3265   5.35
    14921       0.3262   5.35
    14922       0.3253   5.35
    14923       0.3251   5.35
    14924       0.3252   5.35
    14925       0.3272   5.35
    14926       0.3276   5.35
    14927       0.3268   5.35
    14928       0.3276   5.35
    14929       0.3362   5.35
    14930       0.3249   5.35
    14931       0.3262   5.35
    14932       0.3259   5.35
    14933       0.3258   5.35
    14934       0.3261   5.35
    14935       0.3262   5.35
    14936       0.3255   5.35
    14937       0.3259   5.35
    14938       0.3261   5.35
    14939       0.3258   5.35
    14940       0.3259   5.35
    14941       0.3266   5.35
    14942       0.3259   5.35
    14943       0.3265   5.35
    14944       0.3268   5.35
    14945       0.3259   5.35
    14946       0.3263   5.35
    14947       0.3238   5.35
    14948       0.3267   5.35
    14949       0.3257   5.35
    14950       0.3253   5.35
    14951       0.3271   5.35
    14952       0.3258   5.35
    14953       0.3252   5.35
    14954       0.3252   5.35
    14955       0.3250   5.35
    14956       0.3253   5.35
    14957       0.3270   5.35
    14958       0.3258   5.35
    14959       0.3266   5.35
    14960       0.3266   5.35
    14961       0.3252   5.35
    14962       0.3249   5.35
    14963       0.3256   5.35
    14964       0.3268   5.35
    14965       0.3265   5.35
    14966       0.3272   5.35
    14967       0.3270   5.35
    14968       0.3256   5.35
    14969       0.3256   5.35
    14970       0.3248   5.35
    14971       0.3251   5.35
    14972       0.3262   5.35
    14973       0.3264   5.35
    14974       0.3264   5.35
    14975       0.3264   5.35
    14976       0.3258   5.35
    14977       0.3265   5.35
    14978       0.3272   5.35
    14979       0.3267   5.35
    14980       0.3269   5.35
    14981       0.3271   5.35
    14982       0.3261   5.35
    14983       0.3270   5.35
    14984       0.3264   5.35
    14985       0.3263   5.35
    14986       0.3261   5.35
    14987       0.3265   5.34
    14988       0.3258   5.35
    14989       0.3254   5.35
    14990       0.3256   5.35
    14991       0.3258   5.35
    14992       0.3264   5.35
    14993       0.3269   5.35
    14994       0.3268   5.35
    14995       0.3271   5.35
    14996       0.3268   5.35
    14997       0.3246   5.35
    14998       0.3260   5.35
    14999       0.3265   5.34
    15000       0.3252   5.35
    15001       0.3258   5.35
    15002       0.3256   5.35
    15003       0.3242   5.35
    15004       0.3268   5.35
    15005       0.3276   5.35
    15006       0.3262   5.35
    15007       0.3258   5.35
    15008       0.3253   5.35
    15009       0.3258   5.35
    15010       0.3256   5.35
    15011       0.3251   5.35
    15012       0.3264   5.35
    15013       0.3264   5.35
    15014       0.3258   5.35
    15015       0.3267   5.35
    15016       0.3247   5.35
    15017       0.3253   5.35
    15018       0.3272   5.35
    15019       0.3272   5.35
    15020       0.3258   5.35
    15021       0.3269   5.35
    15022       0.3267   5.35
    15023       0.3261   5.35
    15024       0.3260   5.35
    15025       0.3258   5.35
    15026       0.3259   5.35
    15027       0.3258   5.35
    15028       0.3264   5.35
    15029       0.3265   5.35
    15030       0.3277   5.35
    15031       0.3265   5.35
    15032       0.3270   5.35
    15033       0.3263   5.35
    15034       0.3247   5.35
    15035       0.3257   5.35
    15036       0.3269   5.35
    15037       0.3275   5.35
    15038       0.3279   5.35
    15039       0.3265   5.35
    15040       0.3251   5.35
    15041       0.3256   5.35
    15042       0.3250   5.34
    15043       0.3257   5.35
    15044       0.3255   5.35
    15045       0.3258   5.35
    15046       0.3269   5.35
    15047       0.3268   5.35
    15048       0.3266   5.35
    15049       0.3250   5.35
    15050       0.3263   5.35
    15051       0.3264   5.35
    15052       0.3268   5.35
    15053       0.3266   5.35
    15054       0.3264   5.35
    15055       0.3240   5.35
    15056       0.3253   5.35
    15057       0.3254   5.35
    15058       0.3232   5.35
    15059       0.3249   5.35
    15060       0.3256   5.35
    15061       0.3260   5.35
    15062       0.3251   5.35
    15063       0.3252   5.35
    15064       0.3271   5.35
    15065       0.3272   5.35
    15066       0.3267   5.35
    15067       0.3269   5.35
    15068       0.3266   5.35
    15069       0.3261   5.35
    15070       0.3280   5.35
    15071       0.3273   5.35
    15072       0.3265   5.35
    15073       0.3260   5.35
    15074       0.3267   5.35
    15075       0.3270   5.35
    15076       0.3262   5.35
    15077       0.3272   5.35
    15078       0.3263   5.35
    15079       0.3264   5.35
    15080       0.3260   5.35
    15081       0.3261   5.35
    15082       0.3263   5.35
    15083       0.3257   5.35
    15084       0.3255   5.35
    15085       0.3259   5.35
    15086       0.3267   5.35
    15087       0.3251   5.35
    15088       0.3277   5.35
    15089       0.3264   5.35
    15090       0.3261   5.35
    15091       0.3264   5.35
    15092       0.3246   5.35
    15093       0.3265   5.35
    15094       0.3259   5.35
    15095       0.3248   5.34
    15096       0.3268   5.34
    15097       0.3274   5.35
    15098       0.3258   5.35
    15099       0.3271   5.35
    15100       0.3257   5.35
    15101       0.3254   5.35
    15102       0.3257   5.35
    15103       0.3262   5.35
    15104       0.3268   5.35
    15105       0.3270   5.35
    15106       0.3265   5.35
    15107       0.3253   5.35
    15108       0.3256   5.35
    15109       0.3269   5.34
    15110       0.3252   5.34
    15111       0.3257   5.34
    15112       0.3263   5.36
    15113       0.3256   5.35
    15114       0.3248   5.35
    15115       0.3260   5.34
    15116       0.3249   5.34
    15117       0.3259   5.34
    15118       0.3261   5.35
    15119       0.3260   5.35
    15120       0.3266   5.35
    15121       0.3249   5.35
    15122       0.3257   5.35
    15123       0.3250   5.35
    15124       0.3247   5.35
    15125       0.3256   5.35
    15126       0.3267   5.35
    15127       0.3259   5.35
    15128       0.3266   5.35
    15129       0.3263   5.35
    15130       0.3256   5.35
    15131       0.3254   5.35
    15132       0.3257   5.35
    15133       0.3265   5.35
    15134       0.3263   5.35
    15135       0.3256   5.35
    15136       0.3251   5.35
    15137       0.3265   5.35
    15138       0.3256   5.35
    15139       0.3260   5.35
    15140       0.3269   5.35
    15141       0.3267   5.35
    15142       0.3262   5.35
    15143       0.3258   5.35
    15144       0.3255   5.35
    15145       0.3262   5.35
    15146       0.3260   5.34
    15147       0.3238   5.35
    15148       0.3285   5.35
    15149       0.3275   5.35
    15150       0.3270   5.35
    15151       0.3270   5.35
    15152       0.3268   5.35
    15153       0.3247   5.35
    15154       0.3264   5.35
    15155       0.3268   5.35
    15156       0.3244   5.35
    15157       0.3251   5.35
    15158       0.3252   5.34
    15159       0.3256   5.35
    15160       0.3253   5.35
    15161       0.3253   5.35
    15162       0.3244   5.34
    15163       0.3259   5.34
    15164       0.3261   5.35
    15165       0.3270   5.35
    15166       0.3268   5.35
    15167       0.3270   5.35
    15168       0.3255   5.35
    15169       0.3259   5.35
    15170       0.3262   5.35
    15171       0.3254   5.35
    15172       0.3273   5.35
    15173       0.3279   5.35
    15174       0.3266   5.35
    15175       0.3253   5.35
    15176       0.3256   5.35
    15177       0.3250   5.35
    15178       0.3260   5.35
    15179       0.3262   5.35
    15180       0.3262   5.35
    15181       0.3265   5.35
    15182       0.3254   5.35
    15183       0.3271   5.35
    15184       0.3280   5.35
    15185       0.3261   5.35
    15186       0.3252   5.35
    15187       0.3258   5.35
    15188       0.3245   5.35
    15189       0.3258   5.35
    15190       0.3263   5.35
    15191       0.3247   5.35
    15192       0.3250   5.35
    15193       0.3264   5.35
    15194       0.3247   5.35
    15195       0.3264   5.35
    15196       0.3265   5.35
    15197       0.3249   5.35
    15198       0.3261   5.35
    15199       0.3260   5.35
    15200       0.3250   5.35
    15201       0.3249   5.35
    15202       0.3250   5.35
    15203       0.3246   5.35
    15204       0.3264   5.35
    15205       0.3265   5.35
    15206       0.3263   5.35
    15207       0.3261   5.35
    15208       0.3246   5.35
    15209       0.3256   5.35
    15210       0.3256   5.35
    15211       0.3265   5.35
    15212       0.3258   5.35
    15213       0.3252   5.35
    15214       0.3249   5.35
    15215       0.3265   5.35
    15216       0.3256   5.35
    15217       0.3257   5.35
    15218       0.3267   5.35
    15219       0.3269   5.35
    15220       0.3257   5.35
    15221       0.3276   5.35
    15222       0.3270   5.35
    15223       0.3247   5.35
    15224       0.3262   5.35
    15225       0.3263   5.35
    15226       0.3246   5.35
    15227       0.3268   5.35
    15228       0.3270   5.35
    15229       0.3264   5.35
    15230       0.3256   5.35
    15231       0.3252   5.35
    15232       0.3256   5.35
    15233       0.3265   5.34
    15234       0.3268   5.35
    15235       0.3276   5.35
    15236       0.3205   5.35
    15237       0.3258   5.35
    15238       0.3267   5.35
    15239       0.3264   5.35
    15240       0.3257   5.35
    15241       0.3262   5.35
    15242       0.3258   5.35
    15243       0.3252   5.34
    15244       0.3269   5.34
    15245       0.3274   5.35
    15246       0.3254   5.35
    15247       0.3260   5.35
    15248       0.3262   5.35
    15249       0.3253   5.34
    15250       0.3263   5.34
    15251       0.3261   5.35
    15252       0.3267   5.35
    15253       0.3271   5.35
    15254       0.3261   5.35
    15255       0.3252   5.35
    15256       0.3267   5.35
    15257       0.3262   5.35
    15258       0.3267   5.35
    15259       0.3269   5.35
    15260       0.3266   5.35
    15261       0.3260   5.35
    15262       0.3353   5.34
    15263       0.3237   5.34
    15264       0.3256   5.34
    15265       0.3268   5.35
    15266       0.3263   5.35
    15267       0.3256   5.35
    15268       0.3258   5.35
    15269       0.3251   5.35
    15270       0.3284   5.35
    15271       0.3273   5.35
    15272       0.3260   5.35
    15273       0.3261   5.35
    15274       0.3244   5.35
    15275       0.3257   5.35
    15276       0.3265   5.35
    15277       0.3269   5.35
    15278       0.3252   5.35
    15279       0.3268   5.35
    15280       0.3271   5.35
    15281       0.3255   5.35
    15282       0.3276   5.35
    15283       0.3260   5.35
    15284       0.3270   5.35
    15285       0.3260   5.35
    15286       0.3247   5.35
    15287       0.3268   5.35
    15288       0.3258   5.35
    15289       0.3269   5.35
    15290       0.3254   5.35
    15291       0.3251   5.34
    15292       0.3248   5.35
    15293       0.3252   5.35
    15294       0.3250   5.35
    15295       0.3249   5.35
    15296       0.3261   5.35
    15297       0.3273   5.35
    15298       0.3258   5.35
    15299       0.3274   5.35
    15300       0.3245   5.35
    15301       0.3250   5.35
    15302       0.3258   5.35
    15303       0.3257   5.35
    15304       0.3261   5.35
    15305       0.3269   5.35
    15306       0.3262   5.35
    15307       0.3257   5.35
    15308       0.3264   5.35
    15309       0.3272   5.35
    15310       0.3264   5.35
    15311       0.3279   5.35
    15312       0.3281   5.35
    15313       0.3265   5.35
    15314       0.3266   5.35
    15315       0.3252   5.35
    15316       0.3252   5.35
    15317       0.3243   5.34
    15318       0.3246   5.34
    15319       0.3264   5.34
    15320       0.3256   5.35
    15321       0.3263   5.35
    15322       0.3267   5.35
    15323       0.3258   5.35
    15324       0.3260   5.35
    15325       0.3261   5.35
    15326       0.3264   5.35
    15327       0.3256   5.35
    15328       0.3255   5.35
    15329       0.3262   5.35
    15330       0.3258   5.35
    15331       0.3262   5.35
    15332       0.3264   5.35
    15333       0.3265   5.35
    15334       0.3265   5.35
    15335       0.3272   5.35
    15336       0.3259   5.35
    15337       0.3261   5.35
    15338       0.3265   5.35
    15339       0.3273   5.35
    15340       0.3264   5.35
    15341       0.3263   5.35
    15342       0.3268   5.35
    15343       0.3279   5.35
    15344       0.3265   5.35
    15345       0.3259   5.35
    15346       0.3258   5.35
    15347       0.3250   5.35
    15348       0.3265   5.35
    15349       0.3262   5.35
    15350       0.3262   5.35
    15351       0.3262   5.35
    15352       0.3260   5.35
    15353       0.3253   5.34
    15354       0.3248   5.34
    15355       0.3262   5.35
    15356       0.3258   5.35
    15357       0.3262   5.35
    15358       0.3264   5.35
    15359       0.3246   5.35
    15360       0.3261   5.35
    15361       0.3256   5.35
    15362       0.3264   5.35
    15363       0.3260   5.35
    15364       0.3267   5.35
    15365       0.3258   5.35
    15366       0.3269   5.35
    15367       0.3264   5.35
    15368       0.3245   5.35
    15369       0.3250   5.35
    15370       0.3255   5.35
    15371       0.3265   5.35
    15372       0.3265   5.35
    15373       0.3259   5.35
    15374       0.3263   5.35
    15375       0.3263   5.35
    15376       0.3256   5.35
    15377       0.3266   5.35
    15378       0.3257   5.35
    15379       0.3255   5.35
    15380       0.3265   5.35
    15381       0.3271   5.35
    15382       0.3274   5.35
    15383       0.3270   5.35
    15384       0.3272   5.35
    15385       0.3245   5.35
    15386       0.3259   5.35
    15387       0.3252   5.35
    15388       0.3254   5.35
    15389       0.3264   5.35
    15390       0.3266   5.35
    15391       0.3251   5.35
    15392       0.3259   5.35
    15393       0.3260   5.35
    15394       0.3260   5.35
    15395       0.3258   5.35
    15396       0.3261   5.35
    15397       0.3265   5.35
    15398       0.3269   5.35
    15399       0.3258   5.35
    15400       0.3259   5.35
    15401       0.3265   5.35
    15402       0.3250   5.35
    15403       0.3269   5.35
    15404       0.3267   5.35
    15405       0.3271   5.35
    15406       0.3259   5.35
    15407       0.3265   5.35
    15408       0.3253   5.35
    15409       0.3258   5.35
    15410       0.3267   5.35
    15411       0.3266   5.35
    15412       0.3263   5.35
    15413       0.3248   5.35
    15414       0.3247   5.34
    15415       0.3265   5.34
    15416       0.3265   5.35
    15417       0.3261   5.35
    15418       0.3265   5.35
    15419       0.3259   5.35
    15420       0.3270   5.35
    15421       0.3267   5.35
    15422       0.3268   5.35
    15423       0.3265   5.35
    15424       0.3265   5.35
    15425       0.3283   5.35
    15426       0.3254   5.35
    15427       0.3269   5.35
    15428       0.3256   5.35
    15429       0.3277   5.35
    15430       0.3270   5.35
    15431       0.3257   5.34
    15432       0.3259   5.34
    15433       0.3252   5.34
    15434       0.3263   5.34
    15435       0.3274   5.34
    15436       0.3268   5.35
    15437       0.3252   5.34
    15438       0.3256   5.34
    15439       0.3259   5.34
    15440       0.3254   5.35
    15441       0.3255   5.35
    15442       0.3262   5.35
    15443       0.3246   5.35
    15444       0.3262   5.35
    15445       0.3261   5.35
    15446       0.3238   5.35
    15447       0.3261   5.35
    15448       0.3255   5.35
    15449       0.3237   5.35
    15450       0.3261   5.35
    15451       0.3257   5.35
    15452       0.3251   5.35
    15453       0.3260   5.35
    15454       0.3260   5.35
    15455       0.3267   5.35
    15456       0.3271   5.35
    15457       0.3263   5.35
    15458       0.3277   5.35
    15459       0.3256   5.35
    15460       0.3248   5.35
    15461       0.3261   5.35
    15462       0.3262   5.35
    15463       0.3267   5.35
    15464       0.3268   5.35
    15465       0.3261   5.35
    15466       0.3265   5.35
    15467       0.3258   5.35
    15468       0.3260   5.35
    15469       0.3258   5.34
    15470       0.3262   5.34
    15471       0.3265   5.35
    15472       0.3261   5.35
    15473       0.3262   5.35
    15474       0.3259   5.35
    15475       0.3278   5.35
    15476       0.3274   5.35
    15477       0.3261   5.35
    15478       0.3242   5.35
    15479       0.3263   5.35
    15480       0.3261   5.35
    15481       0.3257   5.35
    15482       0.3265   5.35
    15483       0.3264   5.35
    15484       0.3253   5.35
    15485       0.3273   5.35
    15486       0.3266   5.35
    15487       0.3286   5.35
    15488       0.3279   5.35
    15489       0.3261   5.35
    15490       0.3260   5.35
    15491       0.3260   5.35
    15492       0.3253   5.35
    15493       0.3264   5.35
    15494       0.3260   5.34
    15495       0.3249   5.34
    15496       0.3276   5.34
    15497       0.3260   5.35
    15498       0.3252   5.35
    15499       0.3257   5.35
    15500       0.3263   5.35
    15501       0.3257   5.35
    15502       0.3258   5.35
    15503       0.3257   5.35
    15504       0.3257   5.35
    15505       0.3257   5.35
    15506       0.3260   5.35
    15507       0.3248   5.35
    15508       0.3257   5.35
    15509       0.3254   5.35
    15510       0.3256   5.35
    15511       0.3265   5.35
    15512       0.3257   5.35
    15513       0.3257   5.35
    15514       0.3272   5.35
    15515       0.3255   5.35
    15516       0.3261   5.35
    15517       0.3266   5.35
    15518       0.3246   5.35
    15519       0.3275   5.35
    15520       0.3268   5.35
    15521       0.3248   5.35
    15522       0.3267   5.35
    15523       0.3266   5.35
    15524       0.3259   5.35
    15525       0.3269   5.35
    15526       0.3255   5.35
    15527       0.3263   5.35
    15528       0.3276   5.35
    15529       0.3270   5.35
    15530       0.3242   5.34
    15531       0.3246   5.34
    15532       0.3252   5.35
    15533       0.3237   5.35
    15534       0.3259   5.35
    15535       0.3268   5.35
    15536       0.3263   5.35
    15537       0.3263   5.35
    15538       0.3262   5.35
    15539       0.3259   5.35
    15540       0.3256   5.35
    15541       0.3240   5.35
    15542       0.3277   5.35
    15543       0.3267   5.35
    15544       0.3264   5.35
    15545       0.3275   5.35
    15546       0.3269   5.35
    15547       0.3259   5.34
    15548       0.3263   5.34
    15549       0.3263   5.34
    15550       0.3265   5.34
    15551       0.3272   5.34
    15552       0.3266   5.35
    15553       0.3255   5.35
    15554       0.3265   5.35
    15555       0.3274   5.35
    15556       0.3270   5.35
    15557       0.3276   5.35
    15558       0.3277   5.35
    15559       0.3258   5.35
    15560       0.3259   5.35
    15561       0.3265   5.34
    15562       0.3238   5.34
    15563       0.3250   5.34
    15564       0.3254   5.35
    15565       0.3255   5.35
    15566       0.3352   5.35
    15567       0.3245   5.35
    15568       0.3265   5.35
    15569       0.3272   5.35
    15570       0.3273   5.35
    15571       0.3255   5.35
    15572       0.3256   5.35
    15573       0.3248   5.35
    15574       0.3262   5.35
    15575       0.3255   5.35
    15576       0.3253   5.35
    15577       0.3246   5.35
    15578       0.3262   5.35
    15579       0.3256   5.35
    15580       0.3270   5.35
    15581       0.3265   5.35
    15582       0.3262   5.35
    15583       0.3265   5.35
    15584       0.3255   5.35
    15585       0.3254   5.35
    15586       0.3263   5.35
    15587       0.3269   5.35
    15588       0.3261   5.35
    15589       0.3266   5.35
    15590       0.3262   5.35
    15591       0.3259   5.35
    15592       0.3255   5.35
    15593       0.3255   5.35
    15594       0.3259   5.35
    15595       0.3260   5.35
    15596       0.3250   5.35
    15597       0.3256   5.35
    15598       0.3256   5.35
    15599       0.3256   5.35
    15600       0.3278   5.35
    15601       0.3266   5.35
    15602       0.3253   5.35
    15603       0.3265   5.35
    15604       0.3263   5.35
    15605       0.3254   5.35
    15606       0.3273   5.35
    15607       0.3268   5.35
    15608       0.3260   5.35
    15609       0.3277   5.35
    15610       0.3262   5.35
    15611       0.3254   5.35
    15612       0.3262   5.35
    15613       0.3268   5.35
    15614       0.3256   5.35
    15615       0.3263   5.35
    15616       0.3258   5.35
    15617       0.3259   5.35
    15618       0.3261   5.35
    15619       0.3260   5.35
    15620       0.3264   5.35
    15621       0.3271   5.35
    15622       0.3265   5.35
    15623       0.3263   5.35
    15624       0.3260   5.35
    15625       0.3260   5.35
    15626       0.3251   5.35
    15627       0.3257   5.35
    15628       0.3246   5.35
    15629       0.3264   5.35
    15630       0.3269   5.35
    15631       0.3266   5.35
    15632       0.3266   5.35
    15633       0.3260   5.35
    15634       0.3251   5.35
    15635       0.3263   5.35
    15636       0.3255   5.35
    15637       0.3257   5.35
    15638       0.3266   5.35
    15639       0.3262   5.35
    15640       0.3253   5.35
    15641       0.3269   5.35
    15642       0.3267   5.35
    15643       0.3258   5.35
    15644       0.3271   5.35
    15645       0.3264   5.35
    15646       0.3249   5.35
    15647       0.3252   5.35
    15648       0.3249   5.35
    15649       0.3258   5.35
    15650       0.3267   5.35
    15651       0.3263   5.35
    15652       0.3256   5.35
    15653       0.3272   5.35
    15654       0.3265   5.35
    15655       0.3258   5.35
    15656       0.3254   5.35
    15657       0.3265   5.35
    15658       0.3265   5.35
    15659       0.3269   5.35
    15660       0.3261   5.35
    15661       0.3276   5.35
    15662       0.3262   5.35
    15663       0.3262   5.35
    15664       0.3265   5.35
    15665       0.3257   5.35
    15666       0.3258   5.35
    15667       0.3254   5.35
    15668       0.3259   5.35
    15669       0.3262   5.35
    15670       0.3271   5.35
    15671       0.3273   5.35
    15672       0.3259   5.35
    15673       0.3264   5.35
    15674       0.3261   5.35
    15675       0.3257   5.35
    15676       0.3264   5.35
    15677       0.3260   5.35
    15678       0.3254   5.35
    15679       0.3254   5.35
    15680       0.3250   5.35
    15681       0.3247   5.35
    15682       0.3253   5.35
    15683       0.3261   5.35
    15684       0.3268   5.35
    15685       0.3275   5.35
    15686       0.3263   5.35
    15687       0.3275   5.35
    15688       0.3268   5.35
    15689       0.3251   5.35
    15690       0.3263   5.35
    15691       0.3260   5.35
    15692       0.3256   5.35
    15693       0.3277   5.35
    15694       0.3271   5.35
    15695       0.3258   5.35
    15696       0.3263   5.35
    15697       0.3255   5.35
    15698       0.3248   5.35
    15699       0.3253   5.35
    15700       0.3256   5.35
    15701       0.3250   5.35
    15702       0.3260   5.35
    15703       0.3272   5.35
    15704       0.3254   5.35
    15705       0.3261   5.35
    15706       0.3261   5.35
    15707       0.3260   5.35
    15708       0.3272   5.35
    15709       0.3265   5.35
    15710       0.3265   5.35
    15711       0.3261   5.35
    15712       0.3255   5.35
    15713       0.3260   5.35
    15714       0.3267   5.35
    15715       0.3257   5.35
    15716       0.3265   5.35
    15717       0.3261   5.35
    15718       0.3257   5.35
    15719       0.3255   5.35
    15720       0.3267   5.35
    15721       0.3258   5.35
    15722       0.3254   5.35
    15723       0.3266   5.35
    15724       0.3259   5.35
    15725       0.3260   5.35
    15726       0.3267   5.35
    15727       0.3264   5.35
    15728       0.3269   5.35
    15729       0.3271   5.35
    15730       0.3260   5.35
    15731       0.3265   5.35
    15732       0.3256   5.35
    15733       0.3264   5.35
    15734       0.3260   5.35
    15735       0.3260   5.35
    15736       0.3271   5.35
    15737       0.3279   5.35
    15738       0.3276   5.35
    15739       0.3270   5.35
    15740       0.3273   5.35
    15741       0.3259   5.35
    15742       0.3254   5.35
    15743       0.3264   5.35
    15744       0.3253   5.35
    15745       0.3266   5.35
    15746       0.3267   5.35
    15747       0.3265   5.35
    15748       0.3255   5.35
    15749       0.3251   5.35
    15750       0.3253   5.35
    15751       0.3255   5.35
    15752       0.3258   5.35
    15753       0.3261   5.35
    15754       0.3290   5.35
    15755       0.3283   5.35
    15756       0.3270   5.35
    15757       0.3259   5.35
    15758       0.3268   5.35
    15759       0.3249   5.35
    15760       0.3250   5.35
    15761       0.3254   5.34
    15762       0.3249   5.34
    15763       0.3271   5.34
    15764       0.3266   5.35
    15765       0.3261   5.35
    15766       0.3264   5.35
    15767       0.3261   5.35
    15768       0.3258   5.35
    15769       0.3258   5.35
    15770       0.3255   5.35
    15771       0.3254   5.35
    15772       0.3271   5.35
    15773       0.3260   5.35
    15774       0.3274   5.35
    15775       0.3263   5.35
    15776       0.3240   5.35
    15777       0.3273   5.35
    15778       0.3275   5.35
    15779       0.3266   5.35
    15780       0.3247   5.35
    15781       0.3267   5.35
    15782       0.3259   5.35
    15783       0.3265   5.35
    15784       0.3263   5.35
    15785       0.3248   5.35
    15786       0.3269   5.35
    15787       0.3269   5.35
    15788       0.3256   5.35
    15789       0.3263   5.35
    15790       0.3266   5.35
    15791       0.3258   5.35
    15792       0.3282   5.35
    15793       0.3273   5.35
    15794       0.3250   5.35
    15795       0.3259   5.35
    15796       0.3249   5.35
    15797       0.3263   5.35
    15798       0.3259   5.35
    15799       0.3248   5.35
    15800       0.3272   5.35
    15801       0.3268   5.35
    15802       0.3264   5.35
    15803       0.3267   5.35
    15804       0.3268   5.35
    15805       0.3254   5.35
    15806       0.3267   5.35
    15807       0.3260   5.35
    15808       0.3264   5.35
    15809       0.3252   5.35
    15810       0.3258   5.35
    15811       0.3266   5.35
    15812       0.3263   5.35
    15813       0.3258   5.34
    15814       0.3250   5.35
    15815       0.3255   5.35
    15816       0.3258   5.34
    15817       0.3247   5.35
    15818       0.3264   5.35
    15819       0.3244   5.35
    15820       0.3251   5.35
    15821       0.3258   5.35
    15822       0.3253   5.35
    15823       0.3261   5.35
    15824       0.3249   5.35
    15825       0.3252   5.35
    15826       0.3251   5.35
    15827       0.3260   5.35
    15828       0.3266   5.35
    15829       0.3262   5.35
    15830       0.3265   5.35
    15831       0.3273   5.35
    15832       0.3270   5.35
    15833       0.3267   5.35
    15834       0.3255   5.35
    15835       0.3261   5.35
    15836       0.3250   5.35
    15837       0.3249   5.35
    15838       0.3258   5.35
    15839       0.3256   5.35
    15840       0.3256   5.35
    15841       0.3280   5.35
    15842       0.3276   5.35
    15843       0.3251   5.35
    15844       0.3268   5.35
    15845       0.3263   5.35
    15846       0.3242   5.35
    15847       0.3275   5.35
    15848       0.3280   5.35
    15849       0.3243   5.35
    15850       0.3261   5.35
    15851       0.3261   5.35
    15852       0.3255   5.35
    15853       0.3276   5.35
    15854       0.3276   5.35
    15855       0.3258   5.35
    15856       0.3268   5.35
    15857       0.3264   5.35
    15858       0.3265   5.35
    15859       0.3262   5.35
    15860       0.3254   5.35
    15861       0.3264   5.35
    15862       0.3261   5.35
    15863       0.3251   5.35
    15864       0.3268   5.35
    15865       0.3265   5.35
    15866       0.3266   5.35
    15867       0.3273   5.35
    15868       0.3266   5.35
    15869       0.3259   5.35
    15870       0.3265   5.35
    15871       0.3265   5.35
    15872       0.3265   5.35
    15873       0.3267   5.35
    15874       0.3270   5.35
    15875       0.3261   5.35
    15876       0.3268   5.35
    15877       0.3272   5.35
    15878       0.3270   5.35
    15879       0.3262   5.35
    15880       0.3258   5.35
    15881       0.3248   5.35
    15882       0.3264   5.35
    15883       0.3271   5.35
    15884       0.3246   5.35
    15885       0.3262   5.35
    15886       0.3261   5.35
    15887       0.3260   5.35
    15888       0.3267   5.35
    15889       0.3260   5.35
    15890       0.3250   5.35
    15891       0.3260   5.35
    15892       0.3261   5.35
    15893       0.3265   5.35
    15894       0.3273   5.35
    15895       0.3256   5.34
    15896       0.3255   5.34
    15897       0.3361   5.35
    15898       0.3264   5.35
    15899       0.3271   5.35
    15900       0.3262   5.35
    15901       0.3239   5.35
    15902       0.3267   5.35
    15903       0.3258   5.35
    15904       0.3257   5.35
    15905       0.3263   5.35
    15906       0.3274   5.35
    15907       0.3259   5.35
    15908       0.3260   5.35
    15909       0.3258   5.35
    15910       0.3265   5.35
    15911       0.3264   5.35
    15912       0.3254   5.35
    15913       0.3259   5.35
    15914       0.3261   5.35
    15915       0.3267   5.35
    15916       0.3276   5.35
    15917       0.3278   5.35
    15918       0.3271   5.35
    15919       0.3278   5.35
    15920       0.3247   5.35
    15921       0.3234   5.35
    15922       0.3252   5.35
    15923       0.3273   5.35
    15924       0.3261   5.35
    15925       0.3269   5.35
    15926       0.3269   5.35
    15927       0.3264   5.34
    15928       0.3260   5.34
    15929       0.3254   5.35
    15930       0.3258   5.34
    15931       0.3256   5.34
    15932       0.3258   5.35
    15933       0.3264   5.34
    15934       0.3278   5.34
    15935       0.3272   5.34
    15936       0.3265   5.36
    15937       0.3256   5.36
    15938       0.3248   5.35
    15939       0.3248   5.34
    15940       0.3258   5.34
    15941       0.3249   5.35
    15942       0.3250   5.35
    15943       0.3258   5.35
    15944       0.3232   5.35
    15945       0.3253   5.35
    15946       0.3260   5.34
    15947       0.3256   5.34
    15948       0.3263   5.34
    15949       0.3267   5.35
    15950       0.3239   5.35
    15951       0.3258   5.35
    15952       0.3262   5.35
    15953       0.3255   5.35
    15954       0.3274   5.35
    15955       0.3261   5.35
    15956       0.3248   5.35
    15957       0.3262   5.35
    15958       0.3247   5.35
    15959       0.3252   5.35
    15960       0.3269   5.35
    15961       0.3271   5.35
    15962       0.3250   5.35
    15963       0.3271   5.35
    15964       0.3264   5.35
    15965       0.3245   5.35
    15966       0.3259   5.35
    15967       0.3249   5.35
    15968       0.3247   5.35
    15969       0.3268   5.35
    15970       0.3276   5.35
    15971       0.3257   5.35
    15972       0.3266   5.35
    15973       0.3263   5.35
    15974       0.3262   5.35
    15975       0.3253   5.35
    15976       0.3248   5.34
    15977       0.3263   5.34
    15978       0.3270   5.35
    15979       0.3251   5.35
    15980       0.3260   5.35
    15981       0.3257   5.35
    15982       0.3262   5.35
    15983       0.3267   5.35
    15984       0.3256   5.35
    15985       0.3266   5.35
    15986       0.3263   5.35
    15987       0.3264   5.35
    15988       0.3248   5.35
    15989       0.3267   5.35
    15990       0.3273   5.35
    15991       0.3261   5.35
    15992       0.3261   5.35
    15993       0.3262   5.35
    15994       0.3267   5.35
    15995       0.3273   5.35
    15996       0.3268   5.35
    15997       0.3256   5.35
    15998       0.3261   5.35
    15999       0.3260   5.35
    16000       0.3253   5.35
    16001       0.3261   5.35
    16002       0.3255   5.35
    16003       0.3264   5.35
    16004       0.3271   5.35
    16005       0.3270   5.35
    16006       0.3275   5.35
    16007       0.3264   5.35
    16008       0.3255   5.35
    16009       0.3270   5.35
    16010       0.3267   5.35
    16011       0.3257   5.35
    16012       0.3256   5.35
    16013       0.3245   5.34
    16014       0.3250   5.35
    16015       0.3260   5.35
    16016       0.3254   5.35
    16017       0.3260   5.35
    16018       0.3272   5.35
    16019       0.3261   5.35
    16020       0.3258   5.35
    16021       0.3263   5.35
    16022       0.3257   5.35
    16023       0.3253   5.35
    16024       0.3264   5.35
    16025       0.3268   5.35
    16026       0.3254   5.35
    16027       0.3264   5.35
    16028       0.3265   5.35
    16029       0.3254   5.35
    16030       0.3267   5.35
    16031       0.3272   5.35
    16032       0.3261   5.35
    16033       0.3265   5.35
    16034       0.3255   5.35
    16035       0.3270   5.35
    16036       0.3268   5.35
    16037       0.3258   5.35
    16038       0.3265   5.35
    16039       0.3268   5.35
    16040       0.3238   5.35
    16041       0.3277   5.35
    16042       0.3271   5.35
    16043       0.3267   5.35
    16044       0.3271   5.35
    16045       0.3268   5.35
    16046       0.3246   5.35
    16047       0.3257   5.35
    16048       0.3261   5.35
    16049       0.3263   5.34
    16050       0.3272   5.34
    16051       0.3269   5.34
    16052       0.3251   5.35
    16053       0.3255   5.35
    16054       0.3251   5.35
    16055       0.3250   5.35
    16056       0.3265   5.35
    16057       0.3278   5.35
    16058       0.3249   5.35
    16059       0.3243   5.35
    16060       0.3247   5.35
    16061       0.3268   5.35
    16062       0.3269   5.35
    16063       0.3261   5.35
    16064       0.3271   5.35
    16065       0.3269   5.35
    16066       0.3270   5.34
    16067       0.3272   5.34
    16068       0.3270   5.34
    16069       0.3247   5.35
    16070       0.3269   5.35
    16071       0.3256   5.35
    16072       0.3254   5.34
    16073       0.3259   5.34
    16074       0.3261   5.35
    16075       0.3252   5.34
    16076       0.3273   5.34
    16077       0.3264   5.35
    16078       0.3256   5.35
    16079       0.3265   5.35
    16080       0.3262   5.35
    16081       0.3259   5.34
    16082       0.3265   5.34
    16083       0.3262   5.35
    16084       0.3241   5.35
    16085       0.3256   5.35
    16086       0.3254   5.35
    16087       0.3254   5.35
    16088       0.3267   5.35
    16089       0.3247   5.35
    16090       0.3257   5.35
    16091       0.3260   5.35
    16092       0.3265   5.35
    16093       0.3270   5.35
    16094       0.3269   5.35
    16095       0.3267   5.35
    16096       0.3268   5.35
    16097       0.3267   5.35
    16098       0.3263   5.35
    16099       0.3276   5.35
    16100       0.3261   5.34
    16101       0.3257   5.35
    16102       0.3261   5.35
    16103       0.3256   5.35
    16104       0.3250   5.35
    16105       0.3264   5.35
    16106       0.3268   5.34
    16107       0.3250   5.35
    16108       0.3263   5.35
    16109       0.3262   5.35
    16110       0.3257   5.35
    16111       0.3258   5.35
    16112       0.3267   5.35
    16113       0.3260   5.35
    16114       0.3255   5.35
    16115       0.3247   5.35
    16116       0.3272   5.35
    16117       0.3261   5.35
    16118       0.3247   5.35
    16119       0.3254   5.35
    16120       0.3262   5.35
    16121       0.3264   5.34
    16122       0.3265   5.34
    16123       0.3251   5.35
    16124       0.3259   5.35
    16125       0.3278   5.35
    16126       0.3260   5.35
    16127       0.3251   5.35
    16128       0.3280   5.35
    16129       0.3282   5.34
    16130       0.3258   5.35
    16131       0.3258   5.35
    16132       0.3260   5.35
    16133       0.3249   5.34
    16134       0.3261   5.34
    16135       0.3257   5.34
    16136       0.3257   5.35
    16137       0.3257   5.35
    16138       0.3247   5.35
    16139       0.3255   5.35
    16140       0.3258   5.35
    16141       0.3248   5.35
    16142       0.3267   5.35
    16143       0.3272   5.35
    16144       0.3259   5.35
    16145       0.3279   5.35
    16146       0.3274   5.35
    16147       0.3259   5.35
    16148       0.3256   5.35
    16149       0.3261   5.35
    16150       0.3254   5.35
    16151       0.3248   5.35
    16152       0.3254   5.35
    16153       0.3260   5.35
    16154       0.3266   5.35
    16155       0.3259   5.35
    16156       0.3236   5.35
    16157       0.3261   5.35
    16158       0.3262   5.35
    16159       0.3259   5.35
    16160       0.3273   5.35
    16161       0.3260   5.35
    16162       0.3255   5.35
    16163       0.3263   5.35
    16164       0.3266   5.35
    16165       0.3265   5.35
    16166       0.3269   5.35
    16167       0.3274   5.35
    16168       0.3243   5.35
    16169       0.3264   5.35
    16170       0.3253   5.35
    16171       0.3259   5.34
    16172       0.3255   5.34
    16173       0.3256   5.34
    16174       0.3257   5.34
    16175       0.3257   5.35
    16176       0.3249   5.35
    16177       0.3252   5.35
    16178       0.3258   5.35
    16179       0.3239   5.35
    16180       0.3258   5.35
    16181       0.3259   5.35
    16182       0.3257   5.35
    16183       0.3257   5.35
    16184       0.3252   5.35
    16185       0.3254   5.35
    16186       0.3268   5.35
    16187       0.3280   5.35
    16188       0.3278   5.35
    16189       0.3270   5.35
    16190       0.3264   5.35
    16191       0.3261   5.35
    16192       0.3268   5.35
    16193       0.3267   5.35
    16194       0.3258   5.35
    16195       0.3271   5.35
    16196       0.3280   5.35
    16197       0.3256   5.35
    16198       0.3245   5.35
    16199       0.3250   5.35
    16200       0.3273   5.35
    16201       0.3268   5.35
    16202       0.3245   5.35
    16203       0.3345   5.35
    16204       0.3254   5.35
    16205       0.3245   5.35
    16206       0.3259   5.35
    16207       0.3255   5.35
    16208       0.3246   5.35
    16209       0.3261   5.35
    16210       0.3261   5.35
    16211       0.3267   5.35
    16212       0.3263   5.35
    16213       0.3266   5.35
    16214       0.3254   5.35
    16215       0.3267   5.35
    16216       0.3255   5.35
    16217       0.3256   5.35
    16218       0.3263   5.35
    16219       0.3273   5.35
    16220       0.3236   5.35
    16221       0.3253   5.35
    16222       0.3266   5.35
    16223       0.3256   5.35
    16224       0.3263   5.35
    16225       0.3256   5.35
    16226       0.3259   5.35
    16227       0.3266   5.35
    16228       0.3248   5.35
    16229       0.3262   5.35
    16230       0.3258   5.35
    16231       0.3248   5.35
    16232       0.3260   5.35
    16233       0.3264   5.35
    16234       0.3264   5.35
    16235       0.3261   5.35
    16236       0.3267   5.35
    16237       0.3256   5.35
    16238       0.3247   5.35
    16239       0.3264   5.35
    16240       0.3260   5.35
    16241       0.3267   5.35
    16242       0.3278   5.35
    16243       0.3253   5.35
    16244       0.3277   5.35
    16245       0.3266   5.35
    16246       0.3254   5.35
    16247       0.3271   5.35
    16248       0.3268   5.35
    16249       0.3256   5.35
    16250       0.3265   5.35
    16251       0.3274   5.35
    16252       0.3260   5.35
    16253       0.3268   5.35
    16254       0.3263   5.35
    16255       0.3257   5.35
    16256       0.3267   5.35
    16257       0.3262   5.34
    16258       0.3259   5.34
    16259       0.3249   5.34
    16260       0.3251   5.35
    16261       0.3257   5.35
    16262       0.3257   5.35
    16263       0.3263   5.35
    16264       0.3282   5.35
    16265       0.3271   5.35
    16266       0.3263   5.35
    16267       0.3262   5.35
    16268       0.3262   5.35
    16269       0.3255   5.35
    16270       0.3262   5.35
    16271       0.3259   5.35
    16272       0.3251   5.35
    16273       0.3267   5.35
    16274       0.3267   5.35
    16275       0.3261   5.35
    16276       0.3264   5.35
    16277       0.3259   5.35
    16278       0.3240   5.35
    16279       0.3251   5.35
    16280       0.3265   5.35
    16281       0.3255   5.35
    16282       0.3263   5.35
    16283       0.3274   5.35
    16284       0.3248   5.35
    16285       0.3257   5.35
    16286       0.3250   5.35
    16287       0.3268   5.35
    16288       0.3253   5.35
    16289       0.3258   5.35
    16290       0.3274   5.35
    16291       0.3270   5.35
    16292       0.3262   5.35
    16293       0.3251   5.35
    16294       0.3251   5.35
    16295       0.3237   5.35
    16296       0.3266   5.35
    16297       0.3262   5.35
    16298       0.3251   5.35
    16299       0.3264   5.35
    16300       0.3256   5.35
    16301       0.3254   5.35
    16302       0.3257   5.35
    16303       0.3259   5.35
    16304       0.3249   5.35
    16305       0.3272   5.35
    16306       0.3278   5.35
    16307       0.3258   5.35
    16308       0.3258   5.35
    16309       0.3260   5.35
    16310       0.3249   5.35
    16311       0.3257   5.35
    16312       0.3253   5.35
    16313       0.3258   5.35
    16314       0.3269   5.35
    16315       0.3272   5.35
    16316       0.3283   5.35
    16317       0.3273   5.35
    16318       0.3272   5.35
    16319       0.3259   5.35
    16320       0.3268   5.35
    16321       0.3269   5.35
    16322       0.3265   5.35
    16323       0.3267   5.35
    16324       0.3257   5.34
    16325       0.3264   5.34
    16326       0.3258   5.34
    16327       0.3256   5.35
    16328       0.3239   5.35
    16329       0.3263   5.35
    16330       0.3258   5.35
    16331       0.3257   5.35
    16332       0.3264   5.35
    16333       0.3263   5.35
    16334       0.3265   5.35
    16335       0.3259   5.35
    16336       0.3266   5.35
    16337       0.3259   5.35
    16338       0.3259   5.35
    16339       0.3257   5.35
    16340       0.3273   5.35
    16341       0.3273   5.35
    16342       0.3245   5.35
    16343       0.3246   5.35
    16344       0.3249   5.35
    16345       0.3265   5.35
    16346       0.3259   5.35
    16347       0.3250   5.35
    16348       0.3257   5.35
    16349       0.3264   5.35
    16350       0.3258   5.35
    16351       0.3272   5.35
    16352       0.3274   5.35
    16353       0.3257   5.35
    16354       0.3272   5.35
    16355       0.3272   5.35
    16356       0.3257   5.35
    16357       0.3261   5.35
    16358       0.3250   5.35
    16359       0.3231   5.35
    16360       0.3258   5.35
    16361       0.3262   5.35
    16362       0.3255   5.35
    16363       0.3261   5.35
    16364       0.3258   5.35
    16365       0.3265   5.35
    16366       0.3269   5.35
    16367       0.3252   5.35
    16368       0.3249   5.35
    16369       0.3253   5.35
    16370       0.3236   5.35
    16371       0.3258   5.35
    16372       0.3257   5.35
    16373       0.3259   5.35
    16374       0.3256   5.35
    16375       0.3251   5.35
    16376       0.3249   5.35
    16377       0.3253   5.35
    16378       0.3257   5.35
    16379       0.3243   5.35
    16380       0.3260   5.35
    16381       0.3262   5.35
    16382       0.3268   5.35
    16383       0.3267   5.35
    16384       0.3253   5.35
    16385       0.3244   5.35
    16386       0.3257   5.35
    16387       0.3248   5.35
    16388       0.3262   5.35
    16389       0.3271   5.35
    16390       0.3272   5.35
    16391       0.3269   5.35
    16392       0.3268   5.35
    16393       0.3259   5.35
    16394       0.3253   5.35
    16395       0.3266   5.35
    16396       0.3258   5.35
    16397       0.3282   5.35
    16398       0.3262   5.35
    16399       0.3248   5.35
    16400       0.3259   5.35
    16401       0.3250   5.35
    16402       0.3246   5.35
    16403       0.3275   5.35
    16404       0.3267   5.35
    16405       0.3265   5.35
    16406       0.3261   5.35
    16407       0.3260   5.35
    16408       0.3256   5.35
    16409       0.3266   5.35
    16410       0.3272   5.34
    16411       0.3263   5.35
    16412       0.3267   5.35
    16413       0.3257   5.35
    16414       0.3249   5.35
    16415       0.3260   5.35
    16416       0.3262   5.35
    16417       0.3243   5.35
    16418       0.3268   5.35
    16419       0.3272   5.35
    16420       0.3253   5.35
    16421       0.3261   5.35
    16422       0.3263   5.35
    16423       0.3252   5.35
    16424       0.3255   5.35
    16425       0.3250   5.35
    16426       0.3282   5.35
    16427       0.3273   5.35
    16428       0.3259   5.35
    16429       0.3267   5.35
    16430       0.3259   5.35
    16431       0.3259   5.35
    16432       0.3257   5.35
    16433       0.3259   5.34
    16434       0.3239   5.35
    16435       0.3251   5.35
    16436       0.3259   5.35
    16437       0.3254   5.35
    16438       0.3265   5.35
    16439       0.3258   5.35
    16440       0.3252   5.35
    16441       0.3268   5.35
    16442       0.3264   5.35
    16443       0.3268   5.35
    16444       0.3264   5.35
    16445       0.3261   5.35
    16446       0.3251   5.35
    16447       0.3258   5.35
    16448       0.3249   5.35
    16449       0.3265   5.35
    16450       0.3264   5.35
    16451       0.3239   5.35
    16452       0.3259   5.35
    16453       0.3265   5.35
    16454       0.3256   5.35
    16455       0.3269   5.35
    16456       0.3269   5.35
    16457       0.3245   5.35
    16458       0.3263   5.35
    16459       0.3257   5.35
    16460       0.3255   5.35
    16461       0.3270   5.35
    16462       0.3275   5.35
    16463       0.3261   5.35
    16464       0.3262   5.35
    16465       0.3261   5.35
    16466       0.3253   5.35
    16467       0.3268   5.35
    16468       0.3281   5.35
    16469       0.3271   5.35
    16470       0.3283   5.35
    16471       0.3276   5.35
    16472       0.3250   5.35
    16473       0.3258   5.35
    16474       0.3263   5.35
    16475       0.3260   5.35
    16476       0.3273   5.35
    16477       0.3257   5.35
    16478       0.3255   5.34
    16479       0.3264   5.34
    16480       0.3262   5.35
    16481       0.3270   5.35
    16482       0.3270   5.35
    16483       0.3250   5.35
    16484       0.3266   5.35
    16485       0.3252   5.35
    16486       0.3250   5.35
    16487       0.3255   5.35
    16488       0.3255   5.35
    16489       0.3241   5.35
    16490       0.3262   5.35
    16491       0.3248   5.35
    16492       0.3247   5.35
    16493       0.3252   5.35
    16494       0.3252   5.35
    16495       0.3253   5.35
    16496       0.3257   5.35
    16497       0.3261   5.35
    16498       0.3252   5.35
    16499       0.3266   5.35
    16500       0.3248   5.35
    16501       0.3264   5.35
    16502       0.3266   5.35
    16503       0.3255   5.35
    16504       0.3263   5.35
    16505       0.3258   5.35
    16506       0.3265   5.35
    16507       0.3258   5.35
    16508       0.3274   5.35
    16509       0.3269   5.35
    16510       0.3251   5.35
    16511       0.3259   5.35
    16512       0.3260   5.35
    16513       0.3264   5.35
    16514       0.3258   5.35
    16515       0.3247   5.35
    16516       0.3265   5.35
    16517       0.3263   5.35
    16518       0.3259   5.35
    16519       0.3256   5.35
    16520       0.3265   5.35
    16521       0.3246   5.35
    16522       0.3275   5.35
    16523       0.3258   5.35
    16524       0.3257   5.35
    16525       0.3259   5.35
    16526       0.3258   5.35
    16527       0.3256   5.35
    16528       0.3270   5.35
    16529       0.3272   5.35
    16530       0.3258   5.35
    16531       0.3270   5.35
    16532       0.3273   5.35
    16533       0.3253   5.35
    16534       0.3257   5.35
    16535       0.3257   5.35
    16536       0.3246   5.34
    16537       0.3262   5.34
    16538       0.3265   5.35
    16539       0.3261   5.35
    16540       0.3261   5.35
    16541       0.3261   5.35
    16542       0.3258   5.35
    16543       0.3260   5.35
    16544       0.3261   5.35
    16545       0.3270   5.35
    16546       0.3274   5.35
    16547       0.3245   5.35
    16548       0.3269   5.35
    16549       0.3263   5.35
    16550       0.3248   5.35
    16551       0.3253   5.35
    16552       0.3247   5.35
    16553       0.3245   5.35
    16554       0.3249   5.35
    16555       0.3251   5.35
    16556       0.3241   5.35
    16557       0.3254   5.35
    16558       0.3255   5.35
    16559       0.3260   5.35
    16560       0.3259   5.35
    16561       0.3255   5.35
    16562       0.3248   5.35
    16563       0.3262   5.35
    16564       0.3255   5.35
    16565       0.3285   5.35
    16566       0.3277   5.35
    16567       0.3253   5.35
    16568       0.3264   5.35
    16569       0.3261   5.35
    16570       0.3254   5.35
    16571       0.3274   5.35
    16572       0.3270   5.35
    16573       0.3250   5.35
    16574       0.3264   5.35
    16575       0.3265   5.35
    16576       0.3259   5.35
    16577       0.3262   5.35
    16578       0.3268   5.35
    16579       0.3248   5.35
    16580       0.3262   5.35
    16581       0.3263   5.35
    16582       0.3260   5.35
    16583       0.3274   5.35
    16584       0.3283   5.35
    16585       0.3262   5.35
    16586       0.3258   5.35
    16587       0.3259   5.35
    16588       0.3247   5.35
    16589       0.3275   5.35
    16590       0.3275   5.35
    16591       0.3249   5.35
    16592       0.3243   5.35
    16593       0.3254   5.35
    16594       0.3264   5.35
    16595       0.3264   5.34
    16596       0.3260   5.35
    16597       0.3264   5.35
    16598       0.3253   5.35
    16599       0.3252   5.35
    16600       0.3274   5.35
    16601       0.3273   5.35
    16602       0.3253   5.35
    16603       0.3265   5.35
    16604       0.3266   5.35
    16605       0.3254   5.35
    16606       0.3257   5.35
    16607       0.3254   5.35
    16608       0.3249   5.35
    16609       0.3267   5.35
    16610       0.3260   5.35
    16611       0.3257   5.35
    16612       0.3252   5.35
    16613       0.3254   5.35
    16614       0.3261   5.35
    16615       0.3261   5.35
    16616       0.3257   5.35
    16617       0.3246   5.35
    16618       0.3256   5.35
    16619       0.3262   5.35
    16620       0.3262   5.35
    16621       0.3260   5.35
    16622       0.3259   5.35
    16623       0.3253   5.35
    16624       0.3263   5.35
    16625       0.3267   5.35
    16626       0.3262   5.35
    16627       0.3267   5.35
    16628       0.3268   5.35
    16629       0.3264   5.35
    16630       0.3257   5.35
    16631       0.3260   5.35
    16632       0.3261   5.35
    16633       0.3270   5.35
    16634       0.3248   5.35
    16635       0.3255   5.35
    16636       0.3271   5.35
    16637       0.3262   5.35
    16638       0.3262   5.35
    16639       0.3263   5.35
    16640       0.3257   5.35
    16641       0.3256   5.35
    16642       0.3257   5.35
    16643       0.3252   5.34
    16644       0.3265   5.34
    16645       0.3274   5.35
    16646       0.3263   5.35
    16647       0.3276   5.35
    16648       0.3273   5.35
    16649       0.3272   5.35
    16650       0.3273   5.35
    16651       0.3255   5.35
    16652       0.3257   5.35
    16653       0.3258   5.35
    16654       0.3242   5.34
    16655       0.3270   5.34
    16656       0.3256   5.35
    16657       0.3241   5.35
    16658       0.3258   5.35
    16659       0.3245   5.35
    16660       0.3252   5.35
    16661       0.3263   5.35
    16662       0.3273   5.35
    16663       0.3265   5.35
    16664       0.3264   5.35
    16665       0.3253   5.35
    16666       0.3250   5.35
    16667       0.3261   5.35
    16668       0.3262   5.35
    16669       0.3252   5.35
    16670       0.3259   5.35
    16671       0.3259   5.35
    16672       0.3249   5.35
    16673       0.3260   5.35
    16674       0.3252   5.35
    16675       0.3236   5.35
    16676       0.3268   5.35
    16677       0.3255   5.35
    16678       0.3279   5.35
    16679       0.3269   5.35
    16680       0.3260   5.35
    16681       0.3260   5.35
    16682       0.3263   5.35
    16683       0.3264   5.35
    16684       0.3261   5.35
    16685       0.3263   5.35
    16686       0.3254   5.35
    16687       0.3273   5.35
    16688       0.3278   5.35
    16689       0.3256   5.35
    16690       0.3266   5.35
    16691       0.3268   5.35
    16692       0.3258   5.35
    16693       0.3267   5.35
    16694       0.3264   5.35
    16695       0.3256   5.35
    16696       0.3253   5.35
    16697       0.3252   5.35
    16698       0.3248   5.35
    16699       0.3263   5.35
    16700       0.3270   5.35
    16701       0.3247   5.35
    16702       0.3270   5.35
    16703       0.3262   5.35
    16704       0.3265   5.35
    16705       0.3266   5.35
    16706       0.3247   5.35
    16707       0.3261   5.35
    16708       0.3255   5.35
    16709       0.3249   5.35
    16710       0.3260   5.35
    16711       0.3259   5.34
    16712       0.3265   5.35
    16713       0.3271   5.35
    16714       0.3259   5.35
    16715       0.3257   5.35
    16716       0.3270   5.35
    16717       0.3269   5.35
    16718       0.3250   5.35
    16719       0.3260   5.35
    16720       0.3268   5.35
    16721       0.3251   5.35
    16722       0.3258   5.35
    16723       0.3256   5.35
    16724       0.3266   5.35
    16725       0.3245   5.35
    16726       0.3237   5.35
    16727       0.3256   5.35
    16728       0.3262   5.35
    16729       0.3257   5.35
    16730       0.3242   5.35
    16731       0.3260   5.35
    16732       0.3256   5.35
    16733       0.3274   5.35
    16734       0.3254   5.35
    16735       0.3236   5.35
    16736       0.3261   5.35
    16737       0.3270   5.35
    16738       0.3270   5.35
    16739       0.3267   5.35
    16740       0.3254   5.35
    16741       0.3253   5.35
    16742       0.3258   5.35
    16743       0.3266   5.35
    16744       0.3277   5.35
    16745       0.3267   5.35
    16746       0.3258   5.35
    16747       0.3266   5.35
    16748       0.3263   5.35
    16749       0.3255   5.35
    16750       0.3250   5.35
    16751       0.3254   5.35
    16752       0.3261   5.35
    16753       0.3268   5.35
    16754       0.3264   5.35
    16755       0.3263   5.35
    16756       0.3261   5.35
    16757       0.3263   5.35
    16758       0.3257   5.35
    16759       0.3251   5.35
    16760       0.3254   5.35
    16761       0.3259   5.35
    16762       0.3279   5.35
    16763       0.3258   5.35
    16764       0.3254   5.36
    16765       0.3258   5.36
    16766       0.3262   5.35
    16767       0.3260   5.35
    16768       0.3260   5.35
    16769       0.3251   5.35
    16770       0.3248   5.35
    16771       0.3245   5.35
    16772       0.3251   5.35
    16773       0.3257   5.35
    16774       0.3256   5.35
    16775       0.3258   5.35
    16776       0.3249   5.35
    16777       0.3257   5.35
    16778       0.3263   5.35
    16779       0.3250   5.35
    16780       0.3264   5.35
    16781       0.3265   5.35
    16782       0.3259   5.35
    16783       0.3291   5.35
    16784       0.3288   5.35
    16785       0.3252   5.35
    16786       0.3265   5.35
    16787       0.3270   5.35
    16788       0.3253   5.35
    16789       0.3259   5.35
    16790       0.3250   5.34
    16791       0.3262   5.34
    16792       0.3272   5.35
    16793       0.3260   5.35
    16794       0.3259   5.35
    16795       0.3248   5.35
    16796       0.3237   5.35
    16797       0.3268   5.35
    16798       0.3263   5.35
    16799       0.3252   5.35
    16800       0.3222   5.35
    16801       0.3267   5.35
    16802       0.3250   5.35
    16803       0.3259   5.35
    16804       0.3256   5.35
    16805       0.3266   5.35
    16806       0.3280   5.35
    16807       0.3278   5.35
    16808       0.3268   5.35
    16809       0.3275   5.35
    16810       0.3261   5.35
    16811       0.3248   5.35
    16812       0.3265   5.35
    16813       0.3256   5.35
    16814       0.3235   5.35
    16815       0.3263   5.35
    16816       0.3251   5.35
    16817       0.3259   5.35
    16818       0.3245   5.35
    16819       0.3259   5.35
    16820       0.3267   5.35
    16821       0.3264   5.35
    16822       0.3269   5.35
    16823       0.3265   5.35
    16824       0.3245   5.35
    16825       0.3253   5.35
    16826       0.3272   5.35
    16827       0.3269   5.35
    16828       0.3262   5.35
    16829       0.3258   5.35
    16830       0.3266   5.35
    16831       0.3252   5.35
    16832       0.3257   5.35
    16833       0.3260   5.35
    16834       0.3248   5.35
    16835       0.3271   5.35
    16836       0.3272   5.35
    16837       0.3261   5.35
    16838       0.3367   5.35
    16839       0.3267   5.35
    16840       0.3253   5.35
    16841       0.3264   5.35
    16842       0.3263   5.35
    16843       0.3271   5.35
    16844       0.3274   5.35
    16845       0.3267   5.35
    16846       0.3271   5.35
    16847       0.3255   5.35
    16848       0.3259   5.35
    16849       0.3259   5.35
    16850       0.3260   5.35
    16851       0.3243   5.35
    16852       0.3259   5.35
    16853       0.3261   5.35
    16854       0.3250   5.34
    16855       0.3261   5.34
    16856       0.3262   5.35
    16857       0.3257   5.35
    16858       0.3256   5.35
    16859       0.3256   5.35
    16860       0.3263   5.35
    16861       0.3277   5.35
    16862       0.3270   5.35
    16863       0.3262   5.35
    16864       0.3283   5.35
    16865       0.3275   5.35
    16866       0.3255   5.35
    16867       0.3275   5.35
    16868       0.3261   5.35
    16869       0.3242   5.35
    16870       0.3260   5.35
    16871       0.3261   5.35
    16872       0.3256   5.35
    16873       0.3257   5.35
    16874       0.3237   5.34
    16875       0.3258   5.34
    16876       0.3266   5.35
    16877       0.3269   5.35
    16878       0.3284   5.35
    16879       0.3267   5.35
    16880       0.3251   5.35
    16881       0.3267   5.35
    16882       0.3260   5.34
    16883       0.3247   5.35
    16884       0.3266   5.35
    16885       0.3264   5.35
    16886       0.3255   5.34
    16887       0.3256   5.34
    16888       0.3264   5.35
    16889       0.3254   5.35
    16890       0.3264   5.35
    16891       0.3263   5.35
    16892       0.3253   5.35
    16893       0.3269   5.35
    16894       0.3263   5.35
    16895       0.3253   5.35
    16896       0.3259   5.35
    16897       0.3276   5.35
    16898       0.3238   5.35
    16899       0.3260   5.35
    16900       0.3268   5.35
    16901       0.3256   5.35
    16902       0.3257   5.35
    16903       0.3249   5.35
    16904       0.3262   5.35
    16905       0.3262   5.35
    16906       0.3254   5.35
    16907       0.3260   5.35
    16908       0.3265   5.35
    16909       0.3253   5.35
    16910       0.3267   5.35
    16911       0.3264   5.35
    16912       0.3267   5.35
    16913       0.3250   5.35
    16914       0.3255   5.35
    16915       0.3252   5.35
    16916       0.3256   5.35
    16917       0.3256   5.35
    16918       0.3251   5.35
    16919       0.3277   5.35
    16920       0.3277   5.35
    16921       0.3257   5.35
    16922       0.3257   5.35
    16923       0.3252   5.35
    16924       0.3255   5.35
    16925       0.3261   5.35
    16926       0.3267   5.35
    16927       0.3257   5.35
    16928       0.3249   5.35
    16929       0.3253   5.35
    16930       0.3252   5.35
    16931       0.3268   5.35
    16932       0.3266   5.35
    16933       0.3258   5.35
    16934       0.3256   5.35
    16935       0.3263   5.35
    16936       0.3272   5.35
    16937       0.3267   5.35
    16938       0.3260   5.35
    16939       0.3250   5.35
    16940       0.3265   5.35
    16941       0.3252   5.35
    16942       0.3264   5.35
    16943       0.3271   5.35
    16944       0.3276   5.35
    16945       0.3277   5.35
    16946       0.3280   5.35
    16947       0.3275   5.34
    16948       0.3266   5.34
    16949       0.3257   5.35
    16950       0.3259   5.35
    16951       0.3255   5.35
    16952       0.3260   5.35
    16953       0.3243   5.35
    16954       0.3249   5.35
    16955       0.3241   5.35
    16956       0.3246   5.35
    16957       0.3251   5.35
    16958       0.3235   5.35
    16959       0.3258   5.35
    16960       0.3257   5.35
    16961       0.3234   5.35
    16962       0.3272   5.35
    16963       0.3262   5.35
    16964       0.3247   5.35
    16965       0.3264   5.35
    16966       0.3264   5.35
    16967       0.3251   5.35
    16968       0.3272   5.35
    16969       0.3267   5.35
    16970       0.3253   5.35
    16971       0.3260   5.35
    16972       0.3257   5.35
    16973       0.3262   5.35
    16974       0.3251   5.35
    16975       0.3263   5.35
    16976       0.3259   5.35
    16977       0.3259   5.35
    16978       0.3259   5.35
    16979       0.3253   5.35
    16980       0.3263   5.35
    16981       0.3263   5.35
    16982       0.3254   5.35
    16983       0.3264   5.35
    16984       0.3256   5.35
    16985       0.3267   5.35
    16986       0.3265   5.35
    16987       0.3253   5.35
    16988       0.3261   5.35
    16989       0.3268   5.35
    16990       0.3255   5.35
    16991       0.3265   5.35
    16992       0.3260   5.35
    16993       0.3256   5.35
    16994       0.3273   5.35
    16995       0.3274   5.35
    16996       0.3263   5.35
    16997       0.3266   5.35
    16998       0.3258   5.35
    16999       0.3259   5.35
    17000       0.3266   5.35
    17001       0.3268   5.35
    17002       0.3255   5.35
    17003       0.3271   5.35
    17004       0.3273   5.35
    17005       0.3246   5.35
    17006       0.3261   5.35
    17007       0.3270   5.35
    17008       0.3248   5.35
    17009       0.3257   5.35
    17010       0.3257   5.34
    17011       0.3250   5.35
    17012       0.3257   5.35
    17013       0.3253   5.35
    17014       0.3260   5.35
    17015       0.3243   5.35
    17016       0.3229   5.35
    17017       0.3268   5.35
    17018       0.3261   5.35
    17019       0.3240   5.35
    17020       0.3278   5.35
    17021       0.3276   5.35
    17022       0.3249   5.35
    17023       0.3271   5.35
    17024       0.3264   5.35
    17025       0.3256   5.35
    17026       0.3259   5.35
    17027       0.3259   5.35
    17028       0.3254   5.35
    17029       0.3256   5.35
    17030       0.3263   5.35
    17031       0.3253   5.35
    17032       0.3264   5.35
    17033       0.3262   5.35
    17034       0.3252   5.35
    17035       0.3268   5.35
    17036       0.3277   5.35
    17037       0.3255   5.35
    17038       0.3253   5.35
    17039       0.3265   5.35
    17040       0.3246   5.35
    17041       0.3256   5.35
    17042       0.3254   5.35
    17043       0.3259   5.35
    17044       0.3266   5.35
    17045       0.3278   5.35
    17046       0.3266   5.35
    17047       0.3262   5.35
    17048       0.3244   5.35
    17049       0.3261   5.35
    17050       0.3256   5.35
    17051       0.3237   5.35
    17052       0.3262   5.35
    17053       0.3255   5.35
    17054       0.3242   5.35
    17055       0.3262   5.35
    17056       0.3269   5.35
    17057       0.3263   5.35
    17058       0.3266   5.35
    17059       0.3261   5.35
    17060       0.3267   5.35
    17061       0.3264   5.35
    17062       0.3261   5.35
    17063       0.3252   5.35
    17064       0.3266   5.35
    17065       0.3255   5.35
    17066       0.3250   5.35
    17067       0.3267   5.35
    17068       0.3262   5.35
    17069       0.3255   5.35
    17070       0.3259   5.35
    17071       0.3240   5.35
    17072       0.3270   5.35
    17073       0.3260   5.35
    17074       0.3254   5.35
    17075       0.3266   5.35
    17076       0.3263   5.35
    17077       0.3248   5.35
    17078       0.3270   5.35
    17079       0.3271   5.35
    17080       0.3251   5.35
    17081       0.3261   5.35
    17082       0.3258   5.35
    17083       0.3254   5.35
    17084       0.3264   5.35
    17085       0.3267   5.35
    17086       0.3251   5.35
    17087       0.3260   5.35
    17088       0.3262   5.35
    17089       0.3254   5.35
    17090       0.3258   5.35
    17091       0.3263   5.35
    17092       0.3260   5.35
    17093       0.3257   5.35
    17094       0.3264   5.35
    17095       0.3262   5.35
    17096       0.3264   5.35
    17097       0.3256   5.35
    17098       0.3263   5.35
    17099       0.3259   5.35
    17100       0.3259   5.35
    17101       0.3278   5.35
    17102       0.3269   5.35
    17103       0.3255   5.35
    17104       0.3265   5.35
    17105       0.3260   5.35
    17106       0.3253   5.35
    17107       0.3263   5.35
    17108       0.3263   5.35
    17109       0.3256   5.35
    17110       0.3271   5.35
    17111       0.3265   5.35
    17112       0.3258   5.35
    17113       0.3262   5.35
    17114       0.3267   5.35
    17115       0.3232   5.35
    17116       0.3260   5.35
    17117       0.3271   5.35
    17118       0.3258   5.35
    17119       0.3260   5.35
    17120       0.3254   5.35
    17121       0.3267   5.35
    17122       0.3268   5.35
    17123       0.3259   5.35
    17124       0.3253   5.35
    17125       0.3270   5.35
    17126       0.3254   5.35
    17127       0.3261   5.35
    17128       0.3263   5.35
    17129       0.3259   5.35
    17130       0.3260   5.35
    17131       0.3258   5.35
    17132       0.3246   5.35
    17133       0.3260   5.35
    17134       0.3264   5.35
    17135       0.3256   5.35
    17136       0.3263   5.35
    17137       0.3260   5.35
    17138       0.3252   5.35
    17139       0.3265   5.35
    17140       0.3259   5.35
    17141       0.3250   5.35
    17142       0.3263   5.35
    17143       0.3262   5.35
    17144       0.3268   5.35
    17145       0.3258   5.35
    17146       0.3259   5.35
    17147       0.3247   5.35
    17148       0.3257   5.35
    17149       0.3256   5.35
    17150       0.3241   5.35
    17151       0.3262   5.35
    17152       0.3254   5.35
    17153       0.3256   5.35
    17154       0.3268   5.35
    17155       0.3265   5.35
    17156       0.3255   5.35
    17157       0.3260   5.35
    17158       0.3259   5.35
    17159       0.3276   5.35
    17160       0.3268   5.35
    17161       0.3261   5.35
    17162       0.3258   5.35
    17163       0.3260   5.35
    17164       0.3254   5.35
    17165       0.3256   5.35
    17166       0.3257   5.35
    17167       0.3262   5.35
    17168       0.3261   5.35
    17169       0.3264   5.35
    17170       0.3252   5.35
    17171       0.3272   5.35
    17172       0.3274   5.35
    17173       0.3252   5.35
    17174       0.3257   5.35
    17175       0.3251   5.35
    17176       0.3250   5.35
    17177       0.3259   5.35
    17178       0.3257   5.35
    17179       0.3266   5.35
    17180       0.3253   5.35
    17181       0.3237   5.35
    17182       0.3276   5.35
    17183       0.3270   5.35
    17184       0.3250   5.35
    17185       0.3254   5.35
    17186       0.3264   5.35
    17187       0.3255   5.35
    17188       0.3263   5.35
    17189       0.3263   5.35
    17190       0.3265   5.35
    17191       0.3265   5.35
    17192       0.3268   5.35
    17193       0.3255   5.35
    17194       0.3265   5.35
    17195       0.3263   5.35
    17196       0.3256   5.35
    17197       0.3260   5.35
    17198       0.3264   5.35
    17199       0.3251   5.35
    17200       0.3259   5.35
    17201       0.3259   5.35
    17202       0.3254   5.35
    17203       0.3264   5.35
    17204       0.3269   5.35
    17205       0.3238   5.35
    17206       0.3266   5.35
    17207       0.3258   5.35
    17208       0.3294   5.35
    17209       0.3274   5.35
    17210       0.3263   5.35
    17211       0.3269   5.35
    17212       0.3269   5.35
    17213       0.3258   5.35
    17214       0.3251   5.35
    17215       0.3256   5.34
    17216       0.3254   5.35
    17217       0.3260   5.35
    17218       0.3259   5.35
    17219       0.3251   5.35
    17220       0.3262   5.35
    17221       0.3264   5.35
    17222       0.3253   5.35
    17223       0.3265   5.35
    17224       0.3256   5.35
    17225       0.3250   5.35
    17226       0.3259   5.35
    17227       0.3262   5.35
    17228       0.3258   5.35
    17229       0.3270   5.35
    17230       0.3272   5.35
    17231       0.3255   5.35
    17232       0.3260   5.35
    17233       0.3250   5.35
    17234       0.3258   5.35
    17235       0.3256   5.35
    17236       0.3255   5.35
    17237       0.3263   5.35
    17238       0.3256   5.35
    17239       0.3255   5.35
    17240       0.3265   5.35
    17241       0.3263   5.35
    17242       0.3255   5.35
    17243       0.3281   5.35
    17244       0.3275   5.35
    17245       0.3248   5.35
    17246       0.3262   5.35
    17247       0.3259   5.35
    17248       0.3246   5.34
    17249       0.3268   5.34
    17250       0.3264   5.35
    17251       0.3254   5.35
    17252       0.3264   5.35
    17253       0.3260   5.35
    17254       0.3265   5.35
    17255       0.3261   5.35
    17256       0.3257   5.35
    17257       0.3246   5.35
    17258       0.3247   5.35
    17259       0.3260   5.35
    17260       0.3256   5.35
    17261       0.3265   5.35
    17262       0.3253   5.35
    17263       0.3257   5.35
    17264       0.3262   5.35
    17265       0.3257   5.35
    17266       0.3277   5.35
    17267       0.3274   5.35
    17268       0.3258   5.35
    17269       0.3282   5.35
    17270       0.3262   5.35
    17271       0.3254   5.35
    17272       0.3256   5.35
    17273       0.3253   5.35
    17274       0.3257   5.35
    17275       0.3269   5.35
    17276       0.3275   5.35
    17277       0.3275   5.35
    17278       0.3265   5.35
    17279       0.3258   5.35
    17280       0.3253   5.35
    17281       0.3269   5.35
    17282       0.3263   5.35
    17283       0.3230   5.35
    17284       0.3261   5.35
    17285       0.3261   5.35
    17286       0.3262   5.35
    17287       0.3256   5.35
    17288       0.3256   5.35
    17289       0.3260   5.35
    17290       0.3273   5.35
    17291       0.3268   5.35
    17292       0.3273   5.35
    17293       0.3265   5.35
    17294       0.3249   5.35
    17295       0.3261   5.35
    17296       0.3257   5.35
    17297       0.3254   5.35
    17298       0.3268   5.35
    17299       0.3260   5.35
    17300       0.3255   5.35
    17301       0.3250   5.35
    17302       0.3260   5.35
    17303       0.3248   5.35
    17304       0.3258   5.35
    17305       0.3266   5.35
    17306       0.3273   5.35
    17307       0.3263   5.35
    17308       0.3265   5.35
    17309       0.3266   5.35
    17310       0.3272   5.35
    17311       0.3266   5.35
    17312       0.3255   5.35
    17313       0.3260   5.35
    17314       0.3261   5.35
    17315       0.3264   5.35
    17316       0.3273   5.35
    17317       0.3275   5.35
    17318       0.3235   5.35
    17319       0.3254   5.35
    17320       0.3254   5.35
    17321       0.3264   5.35
    17322       0.3260   5.34
    17323       0.3255   5.35
    17324       0.3262   5.35
    17325       0.3262   5.35
    17326       0.3248   5.35
    17327       0.3256   5.35
    17328       0.3267   5.35
    17329       0.3245   5.35
    17330       0.3270   5.35
    17331       0.3267   5.35
    17332       0.3259   5.35
    17333       0.3268   5.35
    17334       0.3267   5.35
    17335       0.3262   5.35
    17336       0.3270   5.35
    17337       0.3258   5.35
    17338       0.3276   5.35
    17339       0.3271   5.35
    17340       0.3265   5.35
    17341       0.3259   5.34
    17342       0.3262   5.34
    17343       0.3260   5.35
    17344       0.3249   5.35
    17345       0.3257   5.35
    17346       0.3252   5.34
    17347       0.3257   5.35
    17348       0.3268   5.35
    17349       0.3235   5.35
    17350       0.3259   5.35
    17351       0.3269   5.35
    17352       0.3250   5.35
    17353       0.3264   5.35
    17354       0.3260   5.35
    17355       0.3269   5.35
    17356       0.3257   5.35
    17357       0.3259   5.35
    17358       0.3249   5.35
    17359       0.3255   5.35
    17360       0.3263   5.35
    17361       0.3253   5.35
    17362       0.3273   5.35
    17363       0.3268   5.35
    17364       0.3251   5.35
    17365       0.3263   5.35
    17366       0.3263   5.35
    17367       0.3258   5.35
    17368       0.3262   5.35
    17369       0.3257   5.35
    17370       0.3252   5.35
    17371       0.3266   5.35
    17372       0.3261   5.35
    17373       0.3254   5.35
    17374       0.3259   5.35
    17375       0.3247   5.35
    17376       0.3249   5.35
    17377       0.3265   5.35
    17378       0.3257   5.35
    17379       0.3274   5.35
    17380       0.3264   5.35
    17381       0.3255   5.35
    17382       0.3262   5.35
    17383       0.3241   5.35
    17384       0.3255   5.35
    17385       0.3269   5.35
    17386       0.3274   5.35
    17387       0.3258   5.35
    17388       0.3251   5.35
    17389       0.3252   5.35
    17390       0.3232   5.35
    17391       0.3265   5.35
    17392       0.3271   5.35
    17393       0.3255   5.35
    17394       0.3267   5.35
    17395       0.3269   5.35
    17396       0.3261   5.35
    17397       0.3266   5.35
    17398       0.3273   5.35
    17399       0.3254   5.35
    17400       0.3256   5.35
    17401       0.3255   5.35
    17402       0.3253   5.35
    17403       0.3256   5.35
    17404       0.3243   5.35
    17405       0.3269   5.35
    17406       0.3265   5.34
    17407       0.3260   5.35
    17408       0.3262   5.35
    17409       0.3263   5.35
    17410       0.3260   5.35
    17411       0.3266   5.35
    17412       0.3260   5.35
    17413       0.3255   5.35
    17414       0.3260   5.35
    17415       0.3264   5.35
    17416       0.3248   5.35
    17417       0.3268   5.35
    17418       0.3253   5.35
    17419       0.3259   5.35
    17420       0.3264   5.35
    17421       0.3261   5.35
    17422       0.3242   5.35
    17423       0.3260   5.35
    17424       0.3256   5.35
    17425       0.3248   5.35
    17426       0.3259   5.35
    17427       0.3253   5.35
    17428       0.3242   5.35
    17429       0.3263   5.35
    17430       0.3256   5.35
    17431       0.3275   5.35
    17432       0.3271   5.35
    17433       0.3259   5.35
    17434       0.3257   5.35
    17435       0.3261   5.35
    17436       0.3254   5.35
    17437       0.3264   5.35
    17438       0.3253   5.35
    17439       0.3265   5.35
    17440       0.3271   5.35
    17441       0.3260   5.35
    17442       0.3249   5.35
    17443       0.3266   5.35
    17444       0.3270   5.35
    17445       0.3256   5.35
    17446       0.3266   5.35
    17447       0.3258   5.35
    17448       0.3252   5.35
    17449       0.3264   5.35
    17450       0.3267   5.35
    17451       0.3259   5.35
    17452       0.3251   5.35
    17453       0.3252   5.34
    17454       0.3241   5.35
    17455       0.3257   5.35
    17456       0.3261   5.35
    17457       0.3263   5.35
    17458       0.3272   5.35
    17459       0.3266   5.35
    17460       0.3256   5.35
    17461       0.3255   5.35
    17462       0.3254   5.35
    17463       0.3277   5.35
    17464       0.3258   5.34
    17465       0.3249   5.35
    17466       0.3263   5.35
    17467       0.3272   5.35
    17468       0.3253   5.35
    17469       0.3259   5.35
    17470       0.3252   5.35
    17471       0.3243   5.35
    17472       0.3253   5.35
    17473       0.3265   5.35
    17474       0.3241   5.35
    17475       0.3264   5.35
    17476       0.3356   5.35
    17477       0.3258   5.34
    17478       0.3263   5.34
    17479       0.3261   5.35
    17480       0.3251   5.35
    17481       0.3251   5.35
    17482       0.3268   5.35
    17483       0.3254   5.35
    17484       0.3253   5.35
    17485       0.3258   5.35
    17486       0.3261   5.35
    17487       0.3273   5.35
    17488       0.3267   5.35
    17489       0.3269   5.35
    17490       0.3263   5.35
    17491       0.3259   5.35
    17492       0.3271   5.35
    17493       0.3266   5.35
    17494       0.3250   5.35
    17495       0.3275   5.35
    17496       0.3269   5.34
    17497       0.3261   5.35
    17498       0.3251   5.35
    17499       0.3254   5.35
    17500       0.3255   5.35
    17501       0.3264   5.35
    17502       0.3249   5.35
    17503       0.3254   5.35
    17504       0.3263   5.35
    17505       0.3259   5.35
    17506       0.3254   5.34
    17507       0.3267   5.34
    17508       0.3271   5.35
    17509       0.3237   5.35
    17510       0.3255   5.35
    17511       0.3253   5.34
    17512       0.3259   5.35
    17513       0.3259   5.35
    17514       0.3257   5.35
    17515       0.3252   5.35
    17516       0.3260   5.35
    17517       0.3263   5.35
    17518       0.3265   5.35
    17519       0.3264   5.35
    17520       0.3253   5.35
    17521       0.3260   5.35
    17522       0.3254   5.35
    17523       0.3256   5.35
    17524       0.3275   5.35
    17525       0.3270   5.35
    17526       0.3254   5.35
    17527       0.3258   5.35
    17528       0.3261   5.35
    17529       0.3253   5.35
    17530       0.3281   5.35
    17531       0.3266   5.35
    17532       0.3252   5.35
    17533       0.3263   5.35
    17534       0.3256   5.35
    17535       0.3258   5.35
    17536       0.3257   5.35
    17537       0.3257   5.35
    17538       0.3267   5.35
    17539       0.3271   5.35
    17540       0.3255   5.35
    17541       0.3261   5.35
    17542       0.3261   5.35
    17543       0.3250   5.35
    17544       0.3271   5.35
    17545       0.3267   5.34
    17546       0.3242   5.35
    17547       0.3256   5.35
    17548       0.3265   5.35
    17549       0.3273   5.35
    17550       0.3271   5.35
    17551       0.3275   5.35
    17552       0.3262   5.35
    17553       0.3263   5.35
    17554       0.3260   5.35
    17555       0.3255   5.34
    17556       0.3270   5.34
    17557       0.3273   5.35
    17558       0.3261   5.35
    17559       0.3263   5.35
    17560       0.3259   5.35
    17561       0.3251   5.34
    17562       0.3257   5.34
    17563       0.3259   5.35
    17564       0.3241   5.35
    17565       0.3268   5.35
    17566       0.3266   5.35
    17567       0.3267   5.35
    17568       0.3273   5.35
    17569       0.3267   5.35
    17570       0.3253   5.35
    17571       0.3255   5.35
    17572       0.3255   5.34
    17573       0.3255   5.34
    17574       0.3271   5.35
    17575       0.3274   5.35
    17576       0.3269   5.35
    17577       0.3255   5.35
    17578       0.3235   5.34
    17579       0.3260   5.34
    17580       0.3263   5.35
    17581       0.3249   5.35
    17582       0.3255   5.35
    17583       0.3249   5.35
    17584       0.3251   5.34
    17585       0.3261   5.34
    17586       0.3261   5.35
    17587       0.3260   5.35
    17588       0.3263   5.35
    17589       0.3264   5.35
    17590       0.3256   5.35
    17591       0.3259   5.35
    17592       0.3247   5.35
    17593       0.3243   5.35
    17594       0.3262   5.35
    17595       0.3259   5.35
    17596       0.3259   5.35
    17597       0.3262   5.35
    17598       0.3257   5.35
    17599       0.3259   5.35
    17600       0.3273   5.35
    17601       0.3276   5.35
    17602       0.3279   5.35
    17603       0.3259   5.35
    17604       0.3249   5.35
    17605       0.3255   5.35
    17606       0.3276   5.35
    17607       0.3272   5.35
    17608       0.3267   5.35
    17609       0.3264   5.35
    17610       0.3245   5.35
    17611       0.3261   5.35
    17612       0.3266   5.34
    17613       0.3269   5.35
    17614       0.3262   5.35
    17615       0.3268   5.34
    17616       0.3262   5.35
    17617       0.3262   5.35
    17618       0.3260   5.34
    17619       0.3259   5.35
    17620       0.3280   5.35
    17621       0.3268   5.35
    17622       0.3240   5.35
    17623       0.3269   5.35
    17624       0.3277   5.35
    17625       0.3261   5.34
    17626       0.3270   5.34
    17627       0.3275   5.34
    17628       0.3248   5.35
    17629       0.3253   5.35
    17630       0.3253   5.35
    17631       0.3254   5.35
    17632       0.3251   5.35
    17633       0.3257   5.34
    17634       0.3254   5.34
    17635       0.3271   5.35
    17636       0.3268   5.34
    17637       0.3259   5.34
    17638       0.3256   5.35
    17639       0.3249   5.35
    17640       0.3264   5.35
    17641       0.3265   5.35
    17642       0.3261   5.34
    17643       0.3267   5.34
    17644       0.3262   5.35
    17645       0.3255   5.35
    17646       0.3264   5.35
    17647       0.3263   5.35
    17648       0.3251   5.35
    17649       0.3265   5.35
    17650       0.3248   5.35
    17651       0.3255   5.35
    17652       0.3260   5.35
    17653       0.3266   5.35
    17654       0.3238   5.35
    17655       0.3260   5.35
    17656       0.3259   5.35
    17657       0.3249   5.35
    17658       0.3260   5.35
    17659       0.3261   5.35
    17660       0.3264   5.35
    17661       0.3266   5.35
    17662       0.3257   5.35
    17663       0.3272   5.35
    17664       0.3271   5.35
    17665       0.3254   5.35
    17666       0.3273   5.35
    17667       0.3273   5.35
    17668       0.3257   5.35
    17669       0.3261   5.35
    17670       0.3262   5.35
    17671       0.3239   5.35
    17672       0.3270   5.35
    17673       0.3254   5.35
    17674       0.3248   5.35
    17675       0.3251   5.35
    17676       0.3258   5.35
    17677       0.3253   5.35
    17678       0.3262   5.35
    17679       0.3245   5.35
    17680       0.3263   5.35
    17681       0.3270   5.35
    17682       0.3261   5.35
    17683       0.3247   5.35
    17684       0.3260   5.35
    17685       0.3254   5.35
    17686       0.3257   5.35
    17687       0.3262   5.35
    17688       0.3257   5.35
    17689       0.3266   5.35
    17690       0.3262   5.35
    17691       0.3259   5.35
    17692       0.3266   5.35
    17693       0.3265   5.35
    17694       0.3266   5.35
    17695       0.3266   5.35
    17696       0.3258   5.35
    17697       0.3250   5.35
    17698       0.3260   5.35
    17699       0.3266   5.35
    17700       0.3244   5.35
    17701       0.3252   5.35
    17702       0.3255   5.35
    17703       0.3266   5.35
    17704       0.3264   5.35
    17705       0.3255   5.35
    17706       0.3260   5.35
    17707       0.3265   5.35
    17708       0.3263   5.35
    17709       0.3248   5.35
    17710       0.3261   5.35
    17711       0.3264   5.35
    17712       0.3261   5.35
    17713       0.3260   5.35
    17714       0.3260   5.35
    17715       0.3248   5.35
    17716       0.3260   5.35
    17717       0.3257   5.35
    17718       0.3259   5.35
    17719       0.3257   5.35
    17720       0.3249   5.35
    17721       0.3266   5.35
    17722       0.3270   5.35
    17723       0.3252   5.35
    17724       0.3269   5.35
    17725       0.3275   5.35
    17726       0.3270   5.35
    17727       0.3279   5.35
    17728       0.3272   5.35
    17729       0.3265   5.35
    17730       0.3267   5.35
    17731       0.3256   5.35
    17732       0.3255   5.35
    17733       0.3253   5.35
    17734       0.3258   5.34
    17735       0.3249   5.35
    17736       0.3262   5.35
    17737       0.3275   5.35
    17738       0.3260   5.35
    17739       0.3265   5.35
    17740       0.3255   5.35
    17741       0.3259   5.35
    17742       0.3264   5.35
    17743       0.3258   5.35
    17744       0.3264   5.35
    17745       0.3263   5.35
    17746       0.3253   5.35
    17747       0.3258   5.35
    17748       0.3264   5.35
    17749       0.3275   5.35
    17750       0.3278   5.35
    17751       0.3265   5.35
    17752       0.3257   5.35
    17753       0.3263   5.35
    17754       0.3259   5.35
    17755       0.3231   5.35
    17756       0.3265   5.35
    17757       0.3277   5.35
    17758       0.3259   5.35
    17759       0.3260   5.35
    17760       0.3269   5.35
    17761       0.3258   5.34
    17762       0.3268   5.34
    17763       0.3266   5.35
    17764       0.3254   5.35
    17765       0.3267   5.35
    17766       0.3274   5.34
    17767       0.3268   5.35
    17768       0.3261   5.35
    17769       0.3260   5.35
    17770       0.3259   5.35
    17771       0.3266   5.35
    17772       0.3256   5.35
    17773       0.3276   5.35
    17774       0.3267   5.35
    17775       0.3245   5.35
    17776       0.3251   5.35
    17777       0.3249   5.35
    17778       0.3237   5.35
    17779       0.3260   5.35
    17780       0.3260   5.35
    17781       0.3251   5.35
    17782       0.3261   5.35
    17783       0.3258   5.35
    17784       0.3256   5.35
    17785       0.3268   5.35
    17786       0.3263   5.35
    17787       0.3257   5.35
    17788       0.3257   5.35
    17789       0.3248   5.35
    17790       0.3259   5.35
    17791       0.3254   5.35
    17792       0.3261   5.35
    17793       0.3264   5.35
    17794       0.3274   5.35
    17795       0.3276   5.35
    17796       0.3249   5.35
    17797       0.3267   5.35
    17798       0.3274   5.35
    17799       0.3262   5.35
    17800       0.3272   5.35
    17801       0.3268   5.35
    17802       0.3278   5.35
    17803       0.3265   5.35
    17804       0.3246   5.35
    17805       0.3256   5.35
    17806       0.3255   5.34
    17807       0.3253   5.34
    17808       0.3256   5.34
    17809       0.3258   5.34
    17810       0.3272   5.35
    17811       0.3276   5.35
    17812       0.3277   5.35
    17813       0.3243   5.35
    17814       0.3265   5.35
    17815       0.3263   5.35
    17816       0.3257   5.34
    17817       0.3262   5.34
    17818       0.3256   5.35
    17819       0.3255   5.35
    17820       0.3262   5.35
    17821       0.3258   5.35
    17822       0.3252   5.35
    17823       0.3267   5.35
    17824       0.3271   5.35
    17825       0.3252   5.35
    17826       0.3256   5.35
    17827       0.3255   5.35
    17828       0.3275   5.35
    17829       0.3269   5.35
    17830       0.3249   5.35
    17831       0.3264   5.35
    17832       0.3262   5.35
    17833       0.3261   5.35
    17834       0.3257   5.35
    17835       0.3261   5.34
    17836       0.3250   5.35
    17837       0.3260   5.35
    17838       0.3256   5.35
    17839       0.3253   5.35
    17840       0.3261   5.35
    17841       0.3259   5.35
    17842       0.3253   5.35
    17843       0.3259   5.35
    17844       0.3264   5.35
    17845       0.3258   5.35
    17846       0.3268   5.35
    17847       0.3270   5.35
    17848       0.3276   5.35
    17849       0.3280   5.35
    17850       0.3266   5.35
    17851       0.3262   5.35
    17852       0.3265   5.35
    17853       0.3256   5.35
    17854       0.3250   5.35
    17855       0.3254   5.35
    17856       0.3255   5.34
    17857       0.3268   5.34
    17858       0.3255   5.35
    17859       0.3252   5.34
    17860       0.3267   5.34
    17861       0.3258   5.34
    17862       0.3250   5.35
    17863       0.3262   5.35
    17864       0.3270   5.34
    17865       0.3261   5.35
    17866       0.3264   5.35
    17867       0.3266   5.35
    17868       0.3251   5.35
    17869       0.3264   5.35
    17870       0.3259   5.35
    17871       0.3251   5.35
    17872       0.3255   5.35
    17873       0.3261   5.35
    17874       0.3258   5.35
    17875       0.3265   5.35
    17876       0.3261   5.35
    17877       0.3273   5.35
    17878       0.3265   5.35
    17879       0.3269   5.35
    17880       0.3260   5.35
    17881       0.3262   5.35
    17882       0.3260   5.35
    17883       0.3244   5.35
    17884       0.3248   5.35
    17885       0.3241   5.35
    17886       0.3265   5.35
    17887       0.3256   5.35
    17888       0.3245   5.35
    17889       0.3267   5.35
    17890       0.3266   5.35
    17891       0.3253   5.35
    17892       0.3263   5.35
    17893       0.3250   5.34
    17894       0.3271   5.35
    17895       0.3262   5.35
    17896       0.3259   5.35
    17897       0.3238   5.35
    17898       0.3261   5.35
    17899       0.3248   5.35
    17900       0.3259   5.35
    17901       0.3262   5.35
    17902       0.3266   5.35
    17903       0.3266   5.35
    17904       0.3264   5.35
    17905       0.3258   5.35
    17906       0.3236   5.35
    17907       0.3248   5.35
    17908       0.3263   5.35
    17909       0.3256   5.35
    17910       0.3253   5.35
    17911       0.3253   5.35
    17912       0.3256   5.35
    17913       0.3250   5.35
    17914       0.3259   5.35
    17915       0.3265   5.35
    17916       0.3266   5.35
    17917       0.3259   5.35
    17918       0.3260   5.35
    17919       0.3270   5.35
    17920       0.3252   5.35
    17921       0.3258   5.35
    17922       0.3263   5.35
    17923       0.3249   5.35
    17924       0.3260   5.35
    17925       0.3258   5.35
    17926       0.3256   5.35
    17927       0.3265   5.35
    17928       0.3265   5.34
    17929       0.3260   5.35
    17930       0.3268   5.35
    17931       0.3263   5.35
    17932       0.3249   5.35
    17933       0.3258   5.35
    17934       0.3260   5.35
    17935       0.3252   5.35
    17936       0.3259   5.35
    17937       0.3241   5.35
    17938       0.3274   5.35
    17939       0.3251   5.35
    17940       0.3244   5.35
    17941       0.3272   5.35
    17942       0.3269   5.35
    17943       0.3245   5.35
    17944       0.3248   5.35
    17945       0.3264   5.35
    17946       0.3261   5.35
    17947       0.3275   5.35
    17948       0.3271   5.35
    17949       0.3256   5.35
    17950       0.3268   5.35
    17951       0.3268   5.35
    17952       0.3251   5.35
    17953       0.3261   5.35
    17954       0.3258   5.35
    17955       0.3248   5.35
    17956       0.3270   5.35
    17957       0.3257   5.35
    17958       0.3258   5.35
    17959       0.3262   5.35
    17960       0.3268   5.35
    17961       0.3278   5.35
    17962       0.3266   5.35
    17963       0.3259   5.35
    17964       0.3249   5.34
    17965       0.3257   5.34
    17966       0.3255   5.35
    17967       0.3269   5.35
    17968       0.3260   5.35
    17969       0.3238   5.35
    17970       0.3240   5.35
    17971       0.3259   5.35
    17972       0.3250   5.35
    17973       0.3263   5.35
    17974       0.3257   5.35
    17975       0.3250   5.35
    17976       0.3257   5.35
    17977       0.3262   5.35
    17978       0.3257   5.35
    17979       0.3264   5.35
    17980       0.3245   5.35
    17981       0.3248   5.35
    17982       0.3264   5.35
    17983       0.3261   5.35
    17984       0.3249   5.35
    17985       0.3259   5.35
    17986       0.3266   5.35
    17987       0.3270   5.35
    17988       0.3286   5.35
    17989       0.3286   5.35
    17990       0.3259   5.35
    17991       0.3265   5.35
    17992       0.3266   5.35
    17993       0.3249   5.35
    17994       0.3271   5.35
    17995       0.3264   5.35
    17996       0.3265   5.35
    17997       0.3255   5.34
    17998       0.3255   5.35
    17999       0.3259   5.35
    18000       0.3266   5.35
    18001       0.3255   5.35
    18002       0.3266   5.35
    18003       0.3266   5.35
    18004       0.3254   5.35
    18005       0.3272   5.35
    18006       0.3265   5.35
    18007       0.3262   5.35
    18008       0.3264   5.35
    18009       0.3262   5.34
    18010       0.3246   5.35
    18011       0.3259   5.35
    18012       0.3265   5.35
    18013       0.3256   5.35
    18014       0.3261   5.35
    18015       0.3252   5.35
    18016       0.3252   5.35
    18017       0.3256   5.35
    18018       0.3263   5.35
    18019       0.3256   5.35
    18020       0.3258   5.35
    18021       0.3252   5.35
    18022       0.3257   5.35
    18023       0.3260   5.35
    18024       0.3251   5.35
    18025       0.3276   5.35
    18026       0.3259   5.35
    18027       0.3252   5.35
    18028       0.3263   5.35
    18029       0.3260   5.35
    18030       0.3254   5.35
    18031       0.3271   5.35
    18032       0.3264   5.35
    18033       0.3254   5.35
    18034       0.3278   5.35
    18035       0.3260   5.35
    18036       0.3243   5.35
    18037       0.3256   5.35
    18038       0.3251   5.35
    18039       0.3256   5.35
    18040       0.3268   5.35
    18041       0.3267   5.35
    18042       0.3243   5.35
    18043       0.3268   5.35
    18044       0.3271   5.35
    18045       0.3276   5.35
    18046       0.3281   5.35
    18047       0.3265   5.35
    18048       0.3254   5.35
    18049       0.3264   5.35
    18050       0.3252   5.35
    18051       0.3262   5.35
    18052       0.3262   5.35
    18053       0.3264   5.35
    18054       0.3260   5.35
    18055       0.3247   5.35
    18056       0.3244   5.35
    18057       0.3259   5.35
    18058       0.3264   5.35
    18059       0.3258   5.35
    18060       0.3261   5.35
    18061       0.3253   5.35
    18062       0.3252   5.35
    18063       0.3267   5.35
    18064       0.3277   5.35
    18065       0.3266   5.35
    18066       0.3268   5.35
    18067       0.3265   5.35
    18068       0.3259   5.35
    18069       0.3266   5.35
    18070       0.3270   5.35
    18071       0.3259   5.35
    18072       0.3261   5.35
    18073       0.3254   5.35
    18074       0.3254   5.35
    18075       0.3263   5.35
    18076       0.3265   5.35
    18077       0.3236   5.35
    18078       0.3257   5.35
    18079       0.3255   5.35
    18080       0.3265   5.35
    18081       0.3261   5.35
    18082       0.3244   5.35
    18083       0.3261   5.35
    18084       0.3258   5.35
    18085       0.3249   5.35
    18086       0.3262   5.35
    18087       0.3267   5.35
    18088       0.3258   5.35
    18089       0.3276   5.35
    18090       0.3271   5.35
    18091       0.3253   5.35
    18092       0.3269   5.35
    18093       0.3277   5.35
    18094       0.3262   5.35
    18095       0.3269   5.35
    18096       0.3266   5.35
    18097       0.3263   5.35
    18098       0.3259   5.35
    18099       0.3249   5.35
    18100       0.3255   5.35
    18101       0.3270   5.35
    18102       0.3271   5.35
    18103       0.3270   5.35
    18104       0.3263   5.35
    18105       0.3257   5.35
    18106       0.3243   5.35
    18107       0.3268   5.35
    18108       0.3250   5.35
    18109       0.3256   5.35
    18110       0.3249   5.35
    18111       0.3257   5.35
    18112       0.3261   5.35
    18113       0.3263   5.35
    18114       0.3262   5.35
    18115       0.3255   5.35
    18116       0.3262   5.35
    18117       0.3256   5.35
    18118       0.3266   5.35
    18119       0.3261   5.35
    18120       0.3269   5.35
    18121       0.3265   5.35
    18122       0.3263   5.35
    18123       0.3252   5.35
    18124       0.3268   5.35
    18125       0.3274   5.35
    18126       0.3266   5.35
    18127       0.3252   5.35
    18128       0.3258   5.35
    18129       0.3244   5.35
    18130       0.3256   5.35
    18131       0.3269   5.35
    18132       0.3262   5.35
    18133       0.3272   5.35
    18134       0.3280   5.35
    18135       0.3257   5.35
    18136       0.3261   5.35
    18137       0.3264   5.35
    18138       0.3258   5.35
    18139       0.3263   5.35
    18140       0.3253   5.34
    18141       0.3259   5.34
    18142       0.3260   5.35
    18143       0.3260   5.35
    18144       0.3261   5.35
    18145       0.3269   5.35
    18146       0.3251   5.35
    18147       0.3259   5.35
    18148       0.3255   5.35
    18149       0.3248   5.35
    18150       0.3256   5.35
    18151       0.3262   5.35
    18152       0.3259   5.35
    18153       0.3263   5.35
    18154       0.3252   5.35
    18155       0.3269   5.35
    18156       0.3259   5.35
    18157       0.3260   5.35
    18158       0.3248   5.35
    18159       0.3256   5.35
    18160       0.3254   5.35
    18161       0.3262   5.35
    18162       0.3284   5.35
    18163       0.3276   5.35
    18164       0.3269   5.35
    18165       0.3261   5.35
    18166       0.3253   5.35
    18167       0.3257   5.35
    18168       0.3248   5.35
    18169       0.3253   5.35
    18170       0.3261   5.35
    18171       0.3268   5.35
    18172       0.3257   5.35
    18173       0.3252   5.35
    18174       0.3258   5.35
    18175       0.3256   5.35
    18176       0.3274   5.35
    18177       0.3278   5.35
    18178       0.3250   5.35
    18179       0.3257   5.35
    18180       0.3259   5.35
    18181       0.3235   5.35
    18182       0.3253   5.35
    18183       0.3262   5.35
    18184       0.3252   5.35
    18185       0.3262   5.35
    18186       0.3267   5.35
    18187       0.3251   5.35
    18188       0.3264   5.35
    18189       0.3256   5.35
    18190       0.3263   5.35
    18191       0.3263   5.35
    18192       0.3256   5.35
    18193       0.3259   5.35
    18194       0.3268   5.35
    18195       0.3261   5.35
    18196       0.3274   5.35
    18197       0.3262   5.35
    18198       0.3262   5.35
    18199       0.3272   5.35
    18200       0.3265   5.35
    18201       0.3256   5.35
    18202       0.3272   5.35
    18203       0.3273   5.35
    18204       0.3242   5.35
    18205       0.3262   5.35
    18206       0.3257   5.35
    18207       0.3255   5.34
    18208       0.3252   5.34
    18209       0.3251   5.35
    18210       0.3255   5.34
    18211       0.3260   5.34
    18212       0.3258   5.35
    18213       0.3247   5.35
    18214       0.3262   5.35
    18215       0.3275   5.35
    18216       0.3252   5.35
    18217       0.3263   5.35
    18218       0.3257   5.35
    18219       0.3253   5.35
    18220       0.3259   5.34
    18221       0.3237   5.35
    18222       0.3287   5.35
    18223       0.3271   5.35
    18224       0.3252   5.35
    18225       0.3271   5.35
    18226       0.3269   5.35
    18227       0.3253   5.35
    18228       0.3256   5.35
    18229       0.3260   5.35
    18230       0.3248   5.35
    18231       0.3274   5.35
    18232       0.3252   5.35
    18233       0.3252   5.35
    18234       0.3265   5.35
    18235       0.3265   5.35
    18236       0.3259   5.35
    18237       0.3270   5.35
    18238       0.3271   5.35
    18239       0.3249   5.35
    18240       0.3248   5.35
    18241       0.3261   5.35
    18242       0.3257   5.35
    18243       0.3261   5.35
    18244       0.3260   5.35
    18245       0.3258   5.35
    18246       0.3261   5.35
    18247       0.3253   5.35
    18248       0.3256   5.35
    18249       0.3270   5.35
    18250       0.3251   5.35
    18251       0.3279   5.35
    18252       0.3263   5.35
    18253       0.3253   5.35
    18254       0.3263   5.35
    18255       0.3263   5.35
    18256       0.3243   5.35
    18257       0.3263   5.35
    18258       0.3261   5.35
    18259       0.3253   5.35
    18260       0.3268   5.35
    18261       0.3274   5.35
    18262       0.3280   5.35
    18263       0.3273   5.35
    18264       0.3265   5.35
    18265       0.3253   5.35
    18266       0.3264   5.35
    18267       0.3261   5.35
    18268       0.3259   5.34
    18269       0.3260   5.34
    18270       0.3254   5.35
    18271       0.3261   5.35
    18272       0.3262   5.35
    18273       0.3256   5.35
    18274       0.3237   5.34
    18275       0.3253   5.34
    18276       0.3249   5.35
    18277       0.3281   5.35
    18278       0.3269   5.35
    18279       0.3248   5.35
    18280       0.3266   5.35
    18281       0.3261   5.35
    18282       0.3255   5.35
    18283       0.3274   5.35
    18284       0.3275   5.34
    18285       0.3260   5.35
    18286       0.3259   5.35
    18287       0.3248   5.35
    18288       0.3252   5.35
    18289       0.3267   5.35
    18290       0.3265   5.34
    18291       0.3264   5.35
    18292       0.3284   5.35
    18293       0.3265   5.35
    18294       0.3259   5.35
    18295       0.3263   5.35
    18296       0.3253   5.34
    18297       0.3260   5.35
    18298       0.3266   5.35
    18299       0.3259   5.35
    18300       0.3240   5.35
    18301       0.3261   5.35
    18302       0.3257   5.35
    18303       0.3272   5.35
    18304       0.3267   5.35
    18305       0.3258   5.35
    18306       0.3279   5.35
    18307       0.3267   5.35
    18308       0.3253   5.35
    18309       0.3257   5.35
    18310       0.3258   5.35
    18311       0.3261   5.34
    18312       0.3264   5.34
    18313       0.3265   5.35
    18314       0.3254   5.35
    18315       0.3261   5.35
    18316       0.3263   5.35
    18317       0.3248   5.35
    18318       0.3272   5.35
    18319       0.3257   5.35
    18320       0.3266   5.35
    18321       0.3259   5.35
    18322       0.3264   5.35
    18323       0.3266   5.35
    18324       0.3271   5.35
    18325       0.3269   5.35
    18326       0.3240   5.34
    18327       0.3262   5.34
    18328       0.3256   5.34
    18329       0.3260   5.35
    18330       0.3257   5.35
    18331       0.3250   5.35
    18332       0.3270   5.35
    18333       0.3265   5.35
    18334       0.3244   5.35
    18335       0.3256   5.35
    18336       0.3251   5.35
    18337       0.3248   5.35
    18338       0.3265   5.35
    18339       0.3260   5.35
    18340       0.3244   5.35
    18341       0.3271   5.35
    18342       0.3260   5.35
    18343       0.3251   5.35
    18344       0.3278   5.35
    18345       0.3271   5.35
    18346       0.3248   5.35
    18347       0.3257   5.35
    18348       0.3262   5.35
    18349       0.3251   5.35
    18350       0.3267   5.35
    18351       0.3258   5.35
    18352       0.3254   5.35
    18353       0.3261   5.35
    18354       0.3267   5.35
    18355       0.3255   5.35
    18356       0.3257   5.35
    18357       0.3266   5.35
    18358       0.3258   5.35
    18359       0.3266   5.35
    18360       0.3257   5.35
    18361       0.3256   5.35
    18362       0.3267   5.35
    18363       0.3268   5.35
    18364       0.3222   5.35
    18365       0.3264   5.35
    18366       0.3251   5.35
    18367       0.3262   5.35
    18368       0.3259   5.35
    18369       0.3251   5.35
    18370       0.3260   5.35
    18371       0.3269   5.35
    18372       0.3264   5.35
    18373       0.3268   5.35
    18374       0.3263   5.35
    18375       0.3257   5.35
    18376       0.3261   5.35
    18377       0.3266   5.35
    18378       0.3264   5.35
    18379       0.3263   5.35
    18380       0.3258   5.35
    18381       0.3252   5.35
    18382       0.3259   5.35
    18383       0.3268   5.35
    18384       0.3257   5.35
    18385       0.3260   5.35
    18386       0.3259   5.35
    18387       0.3272   5.35
    18388       0.3269   5.35
    18389       0.3270   5.35
    18390       0.3281   5.35
    18391       0.3270   5.35
    18392       0.3240   5.35
    18393       0.3263   5.35
    18394       0.3269   5.35
    18395       0.3252   5.35
    18396       0.3260   5.35
    18397       0.3261   5.35
    18398       0.3244   5.35
    18399       0.3273   5.35
    18400       0.3270   5.35
    18401       0.3263   5.35
    18402       0.3268   5.35
    18403       0.3267   5.34
    18404       0.3252   5.35
    18405       0.3264   5.35
    18406       0.3257   5.35
    18407       0.3240   5.35
    18408       0.3270   5.35
    18409       0.3274   5.35
    18410       0.3254   5.35
    18411       0.3269   5.35
    18412       0.3266   5.35
    18413       0.3243   5.35
    18414       0.3253   5.35
    18415       0.3261   5.35
    18416       0.3251   5.35
    18417       0.3256   5.35
    18418       0.3256   5.35
    18419       0.3261   5.35
    18420       0.3261   5.35
    18421       0.3236   5.35
    18422       0.3263   5.35
    18423       0.3264   5.35
    18424       0.3258   5.35
    18425       0.3267   5.35
    18426       0.3271   5.35
    18427       0.3254   5.35
    18428       0.3262   5.35
    18429       0.3265   5.35
    18430       0.3253   5.35
    18431       0.3268   5.35
    18432       0.3271   5.35
    18433       0.3247   5.35
    18434       0.3277   5.35
    18435       0.3271   5.35
    18436       0.3256   5.35
    18437       0.3269   5.35
    18438       0.3268   5.35
    18439       0.3257   5.35
    18440       0.3272   5.35
    18441       0.3368   5.35
    18442       0.3273   5.35
    18443       0.3277   5.35
    18444       0.3276   5.35
    18445       0.3251   5.35
    18446       0.3260   5.35
    18447       0.3252   5.35
    18448       0.3251   5.35
    18449       0.3260   5.34
    18450       0.3257   5.34
    18451       0.3277   5.34
    18452       0.3273   5.34
    18453       0.3253   5.35
    18454       0.3265   5.35
    18455       0.3267   5.35
    18456       0.3254   5.35
    18457       0.3262   5.35
    18458       0.3263   5.34
    18459       0.3259   5.35
    18460       0.3262   5.35
    18461       0.3265   5.34
    18462       0.3245   5.35
    18463       0.3273   5.35
    18464       0.3274   5.35
    18465       0.3265   5.35
    18466       0.3254   5.35
    18467       0.3254   5.35
    18468       0.3261   5.35
    18469       0.3265   5.35
    18470       0.3264   5.34
    18471       0.3264   5.35
    18472       0.3256   5.35
    18473       0.3260   5.34
    18474       0.3249   5.35
    18475       0.3271   5.35
    18476       0.3268   5.35
    18477       0.3265   5.35
    18478       0.3256   5.35
    18479       0.3256   5.35
    18480       0.3260   5.35
    18481       0.3252   5.35
    18482       0.3262   5.34
    18483       0.3260   5.34
    18484       0.3257   5.35
    18485       0.3238   5.35
    18486       0.3266   5.35
    18487       0.3261   5.35
    18488       0.3256   5.35
    18489       0.3265   5.35
    18490       0.3257   5.35
    18491       0.3258   5.35
    18492       0.3262   5.35
    18493       0.3264   5.35
    18494       0.3254   5.35
    18495       0.3261   5.35
    18496       0.3251   5.35
    18497       0.3253   5.35
    18498       0.3268   5.35
    18499       0.3254   5.35
    18500       0.3258   5.35
    18501       0.3263   5.35
    18502       0.3256   5.35
    18503       0.3266   5.35
    18504       0.3253   5.35
    18505       0.3253   5.35
    18506       0.3256   5.35
    18507       0.3262   5.34
    18508       0.3263   5.35
    18509       0.3273   5.35
    18510       0.3256   5.35
    18511       0.3251   5.35
    18512       0.3264   5.35
    18513       0.3259   5.34
    18514       0.3236   5.35
    18515       0.3260   5.35
    18516       0.3262   5.35
    18517       0.3246   5.35
    18518       0.3266   5.35
    18519       0.3270   5.35
    18520       0.3251   5.35
    18521       0.3258   5.35
    18522       0.3270   5.35
    18523       0.3259   5.35
    18524       0.3273   5.35
    18525       0.3264   5.35
    18526       0.3259   5.35
    18527       0.3257   5.35
    18528       0.3258   5.35
    18529       0.3251   5.35
    18530       0.3259   5.35
    18531       0.3257   5.35
    18532       0.3265   5.35
    18533       0.3268   5.35
    18534       0.3245   5.35
    18535       0.3273   5.35
    18536       0.3271   5.35
    18537       0.3250   5.35
    18538       0.3266   5.35
    18539       0.3264   5.35
    18540       0.3261   5.35
    18541       0.3263   5.35
    18542       0.3260   5.35
    18543       0.3256   5.35
    18544       0.3240   5.35
    18545       0.3256   5.35
    18546       0.3257   5.35
    18547       0.3256   5.35
    18548       0.3251   5.35
    18549       0.3270   5.35
    18550       0.3269   5.35
    18551       0.3270   5.35
    18552       0.3260   5.35
    18553       0.3266   5.35
    18554       0.3263   5.35
    18555       0.3265   5.35
    18556       0.3258   5.35
    18557       0.3261   5.35
    18558       0.3252   5.35
    18559       0.3259   5.35
    18560       0.3253   5.35
    18561       0.3290   5.35
    18562       0.3289   5.35
    18563       0.3281   5.35
    18564       0.3268   5.35
    18565       0.3266   5.35
    18566       0.3263   5.35
    18567       0.3260   5.35
    18568       0.3260   5.34
    18569       0.3254   5.35
    18570       0.3268   5.35
    18571       0.3253   5.34
    18572       0.3255   5.35
    18573       0.3265   5.35
    18574       0.3260   5.34
    18575       0.3258   5.35
    18576       0.3258   5.35
    18577       0.3255   5.34
    18578       0.3254   5.35
    18579       0.3260   5.35
    18580       0.3260   5.35
    18581       0.3247   5.35
    18582       0.3265   5.35
    18583       0.3267   5.35
    18584       0.3253   5.35
    18585       0.3262   5.35
    18586       0.3253   5.35
    18587       0.3264   5.35
    18588       0.3261   5.35
    18589       0.3254   5.35
    18590       0.3252   5.35
    18591       0.3258   5.35
    18592       0.3253   5.34
    18593       0.3261   5.34
    18594       0.3259   5.35
    18595       0.3256   5.35
    18596       0.3264   5.35
    18597       0.3259   5.35
    18598       0.3260   5.35
    18599       0.3266   5.35
    18600       0.3266   5.35
    18601       0.3257   5.35
    18602       0.3261   5.35
    18603       0.3259   5.35
    18604       0.3260   5.34
    18605       0.3273   5.34
    18606       0.3270   5.35
    18607       0.3258   5.35
    18608       0.3264   5.35
    18609       0.3272   5.35
    18610       0.3244   5.34
    18611       0.3248   5.34
    18612       0.3248   5.35
    18613       0.3248   5.35
    18614       0.3250   5.35
    18615       0.3255   5.35
    18616       0.3253   5.35
    18617       0.3260   5.35
    18618       0.3260   5.35
    18619       0.3259   5.35
    18620       0.3260   5.35
    18621       0.3251   5.35
    18622       0.3255   5.35
    18623       0.3255   5.35
    18624       0.3249   5.35
    18625       0.3257   5.35
    18626       0.3258   5.35
    18627       0.3259   5.35
    18628       0.3267   5.35
    18629       0.3263   5.35
    18630       0.3261   5.35
    18631       0.3265   5.35
    18632       0.3259   5.35
    18633       0.3255   5.35
    18634       0.3263   5.35
    18635       0.3252   5.35
    18636       0.3250   5.35
    18637       0.3254   5.35
    18638       0.3255   5.35
    18639       0.3259   5.35
    18640       0.3264   5.35
    18641       0.3259   5.35
    18642       0.3261   5.35
    18643       0.3272   5.35
    18644       0.3280   5.35
    18645       0.3266   5.35
    18646       0.3262   5.35
    18647       0.3256   5.35
    18648       0.3267   5.35
    18649       0.3266   5.35
    18650       0.3256   5.35
    18651       0.3259   5.35
    18652       0.3266   5.35
    18653       0.3257   5.35
    18654       0.3262   5.35
    18655       0.3262   5.35
    18656       0.3253   5.35
    18657       0.3269   5.35
    18658       0.3247   5.35
    18659       0.3256   5.35
    18660       0.3266   5.35
    18661       0.3267   5.35
    18662       0.3247   5.35
    18663       0.3258   5.35
    18664       0.3265   5.35
    18665       0.3257   5.35
    18666       0.3267   5.35
    18667       0.3267   5.35
    18668       0.3253   5.35
    18669       0.3262   5.35
    18670       0.3256   5.35
    18671       0.3264   5.35
    18672       0.3259   5.35
    18673       0.3264   5.35
    18674       0.3267   5.35
    18675       0.3267   5.35
    18676       0.3276   5.35
    18677       0.3263   5.35
    18678       0.3269   5.35
    18679       0.3270   5.35
    18680       0.3267   5.35
    18681       0.3259   5.35
    18682       0.3258   5.35
    18683       0.3259   5.35
    18684       0.3260   5.35
    18685       0.3239   5.35
    18686       0.3263   5.35
    18687       0.3268   5.35
    18688       0.3237   5.35
    18689       0.3272   5.35
    18690       0.3275   5.35
    18691       0.3254   5.35
    18692       0.3272   5.35
    18693       0.3270   5.34
    18694       0.3273   5.35
    18695       0.3267   5.35
    18696       0.3252   5.34
    18697       0.3267   5.34
    18698       0.3258   5.34
    18699       0.3253   5.35
    18700       0.3252   5.35
    18701       0.3256   5.35
    18702       0.3247   5.35
    18703       0.3266   5.35
    18704       0.3254   5.35
    18705       0.3253   5.34
    18706       0.3259   5.34
    18707       0.3261   5.35
    18708       0.3263   5.35
    18709       0.3270   5.35
    18710       0.3268   5.35
    18711       0.3251   5.35
    18712       0.3258   5.35
    18713       0.3250   5.35
    18714       0.3250   5.35
    18715       0.3263   5.35
    18716       0.3265   5.35
    18717       0.3253   5.35
    18718       0.3260   5.35
    18719       0.3254   5.35
    18720       0.3244   5.35
    18721       0.3260   5.35
    18722       0.3267   5.35
    18723       0.3269   5.35
    18724       0.3271   5.35
    18725       0.3268   5.35
    18726       0.3249   5.35
    18727       0.3273   5.35
    18728       0.3260   5.35
    18729       0.3262   5.35
    18730       0.3261   5.35
    18731       0.3255   5.35
    18732       0.3265   5.35
    18733       0.3273   5.35
    18734       0.3268   5.35
    18735       0.3260   5.35
    18736       0.3261   5.35
    18737       0.3239   5.35
    18738       0.3275   5.35
    18739       0.3273   5.35
    18740       0.3262   5.35
    18741       0.3262   5.35
    18742       0.3267   5.35
    18743       0.3273   5.34
    18744       0.3277   5.34
    18745       0.3270   5.35
    18746       0.3251   5.35
    18747       0.3343   5.35
    18748       0.3256   5.35
    18749       0.3254   5.35
    18750       0.3263   5.35
    18751       0.3263   5.35
    18752       0.3258   5.35
    18753       0.3271   5.35
    18754       0.3264   5.35
    18755       0.3236   5.35
    18756       0.3261   5.35
    18757       0.3254   5.35
    18758       0.3259   5.35
    18759       0.3263   5.35
    18760       0.3245   5.35
    18761       0.3263   5.35
    18762       0.3261   5.35
    18763       0.3251   5.35
    18764       0.3259   5.35
    18765       0.3266   5.35
    18766       0.3265   5.35
    18767       0.3260   5.35
    18768       0.3252   5.35
    18769       0.3269   5.35
    18770       0.3280   5.35
    18771       0.3269   5.35
    18772       0.3259   5.35
    18773       0.3270   5.35
    18774       0.3270   5.35
    18775       0.3254   5.35
    18776       0.3273   5.35
    18777       0.3275   5.35
    18778       0.3258   5.35
    18779       0.3264   5.35
    18780       0.3257   5.35
    18781       0.3253   5.35
    18782       0.3269   5.35
    18783       0.3276   5.35
    18784       0.3260   5.34
    18785       0.3259   5.34
    18786       0.3256   5.35
    18787       0.3265   5.35
    18788       0.3272   5.35
    18789       0.3260   5.35
    18790       0.3267   5.35
    18791       0.3261   5.35
    18792       0.3250   5.35
    18793       0.3277   5.35
    18794       0.3264   5.35
    18795       0.3254   5.35
    18796       0.3261   5.35
    18797       0.3254   5.35
    18798       0.3243   5.35
    18799       0.3254   5.35
    18800       0.3246   5.35
    18801       0.3258   5.35
    18802       0.3260   5.35
    18803       0.3267   5.35
    18804       0.3266   5.35
    18805       0.3264   5.35
    18806       0.3245   5.35
    18807       0.3243   5.35
    18808       0.3254   5.35
    18809       0.3266   5.35
    18810       0.3254   5.35
    18811       0.3262   5.35
    18812       0.3252   5.35
    18813       0.3273   5.35
    18814       0.3261   5.35
    18815       0.3256   5.35
    18816       0.3257   5.35
    18817       0.3257   5.35
    18818       0.3258   5.35
    18819       0.3265   5.35
    18820       0.3265   5.35
    18821       0.3258   5.35
    18822       0.3263   5.35
    18823       0.3262   5.35
    18824       0.3261   5.35
    18825       0.3265   5.35
    18826       0.3266   5.35
    18827       0.3258   5.35
    18828       0.3276   5.35
    18829       0.3266   5.35
    18830       0.3273   5.35
    18831       0.3265   5.35
    18832       0.3257   5.35
    18833       0.3252   5.35
    18834       0.3255   5.35
    18835       0.3261   5.35
    18836       0.3253   5.35
    18837       0.3261   5.35
    18838       0.3262   5.35
    18839       0.3261   5.35
    18840       0.3262   5.35
    18841       0.3272   5.35
    18842       0.3252   5.35
    18843       0.3267   5.35
    18844       0.3268   5.35
    18845       0.3265   5.35
    18846       0.3254   5.35
    18847       0.3256   5.35
    18848       0.3263   5.35
    18849       0.3264   5.35
    18850       0.3250   5.35
    18851       0.3251   5.35
    18852       0.3262   5.35
    18853       0.3256   5.35
    18854       0.3267   5.35
    18855       0.3267   5.35
    18856       0.3265   5.35
    18857       0.3265   5.35
    18858       0.3256   5.35
    18859       0.3245   5.35
    18860       0.3267   5.35
    18861       0.3270   5.35
    18862       0.3254   5.35
    18863       0.3264   5.35
    18864       0.3253   5.35
    18865       0.3246   5.35
    18866       0.3269   5.35
    18867       0.3266   5.35
    18868       0.3267   5.35
    18869       0.3269   5.35
    18870       0.3250   5.35
    18871       0.3263   5.35
    18872       0.3264   5.35
    18873       0.3259   5.35
    18874       0.3264   5.35
    18875       0.3264   5.35
    18876       0.3253   5.35
    18877       0.3274   5.35
    18878       0.3260   5.35
    18879       0.3254   5.35
    18880       0.3262   5.35
    18881       0.3263   5.35
    18882       0.3268   5.34
    18883       0.3272   5.34
    18884       0.3255   5.35
    18885       0.3247   5.34
    18886       0.3250   5.34
    18887       0.3258   5.34
    18888       0.3241   5.34
    18889       0.3251   5.34
    18890       0.3257   5.34
    18891       0.3253   5.35
    18892       0.3250   5.35
    18893       0.3259   5.35
    18894       0.3260   5.35
    18895       0.3263   5.35
    18896       0.3264   5.35
    18897       0.3255   5.35
    18898       0.3264   5.35
    18899       0.3244   5.35
    18900       0.3265   5.35
    18901       0.3267   5.35
    18902       0.3257   5.35
    18903       0.3256   5.35
    18904       0.3261   5.35
    18905       0.3259   5.35
    18906       0.3261   5.35
    18907       0.3267   5.35
    18908       0.3270   5.35
    18909       0.3270   5.35
    18910       0.3269   5.35
    18911       0.3261   5.35
    18912       0.3263   5.35
    18913       0.3267   5.35
    18914       0.3260   5.35
    18915       0.3259   5.35
    18916       0.3246   5.35
    18917       0.3263   5.35
    18918       0.3271   5.35
    18919       0.3268   5.35
    18920       0.3248   5.35
    18921       0.3248   5.35
    18922       0.3258   5.35
    18923       0.3259   5.35
    18924       0.3266   5.35
    18925       0.3260   5.35
    18926       0.3278   5.35
    18927       0.3268   5.35
    18928       0.3256   5.35
    18929       0.3262   5.35
    18930       0.3268   5.35
    18931       0.3268   5.35
    18932       0.3255   5.35
    18933       0.3260   5.35
    18934       0.3252   5.35
    18935       0.3267   5.35
    18936       0.3273   5.35
    18937       0.3253   5.35
    18938       0.3258   5.35
    18939       0.3248   5.35
    18940       0.3248   5.35
    18941       0.3257   5.35
    18942       0.3264   5.35
    18943       0.3234   5.34
    18944       0.3257   5.34
    18945       0.3267   5.35
    18946       0.3257   5.35
    18947       0.3264   5.35
    18948       0.3252   5.35
    18949       0.3251   5.35
    18950       0.3264   5.35
    18951       0.3264   5.35
    18952       0.3258   5.35
    18953       0.3261   5.35
    18954       0.3255   5.35
    18955       0.3259   5.35
    18956       0.3263   5.35
    18957       0.3261   5.35
    18958       0.3251   5.35
    18959       0.3260   5.35
    18960       0.3255   5.35
    18961       0.3264   5.35
    18962       0.3265   5.35
    18963       0.3255   5.35
    18964       0.3264   5.35
    18965       0.3266   5.35
    18966       0.3246   5.35
    18967       0.3258   5.35
    18968       0.3271   5.35
    18969       0.3254   5.35
    18970       0.3265   5.35
    18971       0.3253   5.35
    18972       0.3264   5.35
    18973       0.3267   5.35
    18974       0.3266   5.35
    18975       0.3253   5.35
    18976       0.3257   5.35
    18977       0.3262   5.35
    18978       0.3262   5.35
    18979       0.3270   5.35
    18980       0.3266   5.35
    18981       0.3261   5.35
    18982       0.3264   5.35
    18983       0.3252   5.35
    18984       0.3271   5.35
    18985       0.3276   5.35
    18986       0.3274   5.35
    18987       0.3280   5.35
    18988       0.3272   5.35
    18989       0.3266   5.35
    18990       0.3269   5.35
    18991       0.3253   5.35
    18992       0.3252   5.34
    18993       0.3261   5.34
    18994       0.3259   5.35
    18995       0.3262   5.35
    18996       0.3282   5.35
    18997       0.3269   5.35
    18998       0.3251   5.35
    18999       0.3259   5.35
    19000       0.3256   5.34
    19001       0.3247   5.35
    19002       0.3262   5.35
    19003       0.3266   5.35
    19004       0.3250   5.35
    19005       0.3270   5.35
    19006       0.3258   5.35
    19007       0.3251   5.35
    19008       0.3257   5.35
    19009       0.3257   5.34
    19010       0.3258   5.35
    19011       0.3264   5.35
    19012       0.3262   5.35
    19013       0.3275   5.35
    19014       0.3275   5.35
    19015       0.3256   5.35
    19016       0.3259   5.35
    19017       0.3256   5.35
    19018       0.3258   5.35
    19019       0.3263   5.35
    19020       0.3263   5.35
    19021       0.3255   5.35
    19022       0.3254   5.35
    19023       0.3256   5.35
    19024       0.3251   5.35
    19025       0.3265   5.35
    19026       0.3267   5.35
    19027       0.3262   5.35
    19028       0.3259   5.35
    19029       0.3257   5.35
    19030       0.3247   5.35
    19031       0.3257   5.35
    19032       0.3255   5.35
    19033       0.3246   5.35
    19034       0.3253   5.35
    19035       0.3259   5.34
    19036       0.3256   5.35
    19037       0.3253   5.35
    19038       0.3252   5.35
    19039       0.3265   5.35
    19040       0.3262   5.35
    19041       0.3251   5.35
    19042       0.3270   5.35
    19043       0.3267   5.35
    19044       0.3254   5.35
    19045       0.3273   5.35
    19046       0.3258   5.35
    19047       0.3261   5.35
    19048       0.3244   5.35
    19049       0.3267   5.35
    19050       0.3259   5.35
    19051       0.3283   5.35
    19052       0.3360   5.35
    19053       0.3257   5.35
    19054       0.3267   5.35
    19055       0.3275   5.35
    19056       0.3252   5.35
    19057       0.3259   5.35
    19058       0.3255   5.35
    19059       0.3253   5.34
    19060       0.3264   5.34
    19061       0.3261   5.34
    19062       0.3254   5.35
    19063       0.3268   5.35
    19064       0.3274   5.35
    19065       0.3254   5.35
    19066       0.3267   5.35
    19067       0.3263   5.35
    19068       0.3252   5.35
    19069       0.3254   5.35
    19070       0.3255   5.35
    19071       0.3284   5.35
    19072       0.3267   5.35
    19073       0.3258   5.35
    19074       0.3278   5.35
    19075       0.3273   5.35
    19076       0.3258   5.35
    19077       0.3275   5.35
    19078       0.3268   5.35
    19079       0.3271   5.34
    19080       0.3261   5.34
    19081       0.3260   5.34
    19082       0.3260   5.35
    19083       0.3261   5.35
    19084       0.3257   5.34
    19085       0.3252   5.35
    19086       0.3273   5.35
    19087       0.3267   5.35
    19088       0.3260   5.35
    19089       0.3268   5.35
    19090       0.3267   5.35
    19091       0.3254   5.35
    19092       0.3260   5.35
    19093       0.3259   5.34
    19094       0.3255   5.34
    19095       0.3264   5.34
    19096       0.3264   5.35
    19097       0.3261   5.35
    19098       0.3252   5.35
    19099       0.3255   5.35
    19100       0.3256   5.35
    19101       0.3262   5.35
    19102       0.3261   5.35
    19103       0.3270   5.35
    19104       0.3271   5.35
    19105       0.3252   5.35
    19106       0.3261   5.35
    19107       0.3260   5.35
    19108       0.3268   5.35
    19109       0.3266   5.35
    19110       0.3266   5.35
    19111       0.3264   5.35
    19112       0.3261   5.35
    19113       0.3260   5.34
    19114       0.3256   5.35
    19115       0.3258   5.35
    19116       0.3258   5.35
    19117       0.3253   5.35
    19118       0.3262   5.35
    19119       0.3263   5.35
    19120       0.3256   5.35
    19121       0.3261   5.35
    19122       0.3255   5.35
    19123       0.3260   5.35
    19124       0.3264   5.35
    19125       0.3260   5.35
    19126       0.3245   5.35
    19127       0.3260   5.35
    19128       0.3271   5.35
    19129       0.3262   5.35
    19130       0.3265   5.35
    19131       0.3252   5.35
    19132       0.3258   5.35
    19133       0.3264   5.35
    19134       0.3265   5.35
    19135       0.3263   5.35
    19136       0.3258   5.34
    19137       0.3251   5.35
    19138       0.3259   5.35
    19139       0.3254   5.35
    19140       0.3258   5.35
    19141       0.3261   5.35
    19142       0.3254   5.35
    19143       0.3250   5.35
    19144       0.3271   5.35
    19145       0.3271   5.35
    19146       0.3265   5.35
    19147       0.3256   5.35
    19148       0.3260   5.34
    19149       0.3265   5.35
    19150       0.3275   5.35
    19151       0.3264   5.35
    19152       0.3256   5.35
    19153       0.3257   5.35
    19154       0.3241   5.34
    19155       0.3266   5.34
    19156       0.3266   5.35
    19157       0.3260   5.35
    19158       0.3259   5.35
    19159       0.3268   5.35
    19160       0.3263   5.35
    19161       0.3258   5.35
    19162       0.3259   5.35
    19163       0.3253   5.35
    19164       0.3250   5.35
    19165       0.3252   5.35
    19166       0.3253   5.35
    19167       0.3258   5.35
    19168       0.3260   5.35
    19169       0.3252   5.35
    19170       0.3257   5.35
    19171       0.3261   5.35
    19172       0.3246   5.35
    19173       0.3254   5.35
    19174       0.3262   5.35
    19175       0.3262   5.35
    19176       0.3272   5.35
    19177       0.3263   5.35
    19178       0.3255   5.35
    19179       0.3261   5.35
    19180       0.3263   5.35
    19181       0.3251   5.35
    19182       0.3255   5.35
    19183       0.3253   5.35
    19184       0.3256   5.35
    19185       0.3266   5.35
    19186       0.3271   5.35
    19187       0.3276   5.35
    19188       0.3266   5.35
    19189       0.3253   5.35
    19190       0.3257   5.35
    19191       0.3262   5.35
    19192       0.3258   5.35
    19193       0.3273   5.35
    19194       0.3272   5.35
    19195       0.3261   5.35
    19196       0.3267   5.35
    19197       0.3273   5.35
    19198       0.3245   5.35
    19199       0.3260   5.35
    19200       0.3261   5.35
    19201       0.3259   5.35
    19202       0.3251   5.35
    19203       0.3256   5.34
    19204       0.3253   5.35
    19205       0.3271   5.35
    19206       0.3268   5.35
    19207       0.3265   5.35
    19208       0.3269   5.35
    19209       0.3268   5.35
    19210       0.3251   5.35
    19211       0.3266   5.35
    19212       0.3270   5.34
    19213       0.3261   5.34
    19214       0.3257   5.35
    19215       0.3253   5.35
    19216       0.3262   5.35
    19217       0.3259   5.35
    19218       0.3266   5.35
    19219       0.3279   5.35
    19220       0.3260   5.35
    19221       0.3252   5.35
    19222       0.3259   5.35
    19223       0.3261   5.35
    19224       0.3258   5.35
    19225       0.3257   5.35
    19226       0.3255   5.35
    19227       0.3257   5.35
    19228       0.3272   5.35
    19229       0.3267   5.35
    19230       0.3267   5.35
    19231       0.3265   5.35
    19232       0.3260   5.35
    19233       0.3242   5.35
    19234       0.3270   5.35
    19235       0.3275   5.35
    19236       0.3258   5.35
    19237       0.3257   5.35
    19238       0.3257   5.35
    19239       0.3253   5.35
    19240       0.3254   5.35
    19241       0.3256   5.35
    19242       0.3269   5.35
    19243       0.3270   5.35
    19244       0.3263   5.35
    19245       0.3261   5.35
    19246       0.3271   5.35
    19247       0.3254   5.35
    19248       0.3257   5.35
    19249       0.3256   5.35
    19250       0.3253   5.35
    19251       0.3257   5.35
    19252       0.3258   5.35
    19253       0.3253   5.35
    19254       0.3261   5.35
    19255       0.3243   5.35
    19256       0.3255   5.35
    19257       0.3261   5.35
    19258       0.3262   5.35
    19259       0.3257   5.35
    19260       0.3259   5.35
    19261       0.3257   5.35
    19262       0.3261   5.35
    19263       0.3274   5.35
    19264       0.3265   5.35
    19265       0.3253   5.35
    19266       0.3259   5.35
    19267       0.3256   5.35
    19268       0.3267   5.35
    19269       0.3262   5.35
    19270       0.3257   5.35
    19271       0.3262   5.35
    19272       0.3274   5.35
    19273       0.3270   5.35
    19274       0.3263   5.35
    19275       0.3257   5.35
    19276       0.3269   5.35
    19277       0.3270   5.35
    19278       0.3272   5.35
    19279       0.3253   5.35
    19280       0.3264   5.35
    19281       0.3254   5.35
    19282       0.3253   5.34
    19283       0.3270   5.34
    19284       0.3273   5.35
    19285       0.3254   5.34
    19286       0.3259   5.34
    19287       0.3257   5.35
    19288       0.3259   5.35
    19289       0.3266   5.35
    19290       0.3267   5.35
    19291       0.3262   5.34
    19292       0.3266   5.34
    19293       0.3253   5.35
    19294       0.3255   5.35
    19295       0.3253   5.35
    19296       0.3254   5.35
    19297       0.3276   5.35
    19298       0.3269   5.34
    19299       0.3243   5.35
    19300       0.3265   5.35
    19301       0.3268   5.35
    19302       0.3257   5.35
    19303       0.3258   5.35
    19304       0.3266   5.35
    19305       0.3254   5.35
    19306       0.3260   5.35
    19307       0.3259   5.35
    19308       0.3248   5.35
    19309       0.3256   5.35
    19310       0.3249   5.35
    19311       0.3261   5.35
    19312       0.3251   5.35
    19313       0.3258   5.35
    19314       0.3257   5.35
    19315       0.3260   5.35
    19316       0.3259   5.35
    19317       0.3258   5.35
    19318       0.3259   5.35
    19319       0.3266   5.35
    19320       0.3249   5.35
    19321       0.3274   5.35
    19322       0.3270   5.35
    19323       0.3250   5.35
    19324       0.3257   5.35
    19325       0.3251   5.35
    19326       0.3267   5.35
    19327       0.3270   5.35
    19328       0.3252   5.35
    19329       0.3257   5.35
    19330       0.3266   5.35
    19331       0.3264   5.35
    19332       0.3265   5.35
    19333       0.3268   5.35
    19334       0.3272   5.35
    19335       0.3268   5.35
    19336       0.3258   5.35
    19337       0.3253   5.35
    19338       0.3270   5.35
    19339       0.3269   5.35
    19340       0.3250   5.34
    19341       0.3264   5.34
    19342       0.3262   5.35
    19343       0.3253   5.35
    19344       0.3264   5.35
    19345       0.3262   5.35
    19346       0.3253   5.35
    19347       0.3270   5.35
    19348       0.3276   5.35
    19349       0.3273   5.35
    19350       0.3267   5.35
    19351       0.3258   5.35
    19352       0.3252   5.34
    19353       0.3261   5.34
    19354       0.3239   5.35
    19355       0.3262   5.35
    19356       0.3263   5.35
    19357       0.3235   5.35
    19358       0.3275   5.35
    19359       0.3284   5.35
    19360       0.3273   5.35
    19361       0.3273   5.35
    19362       0.3252   5.35
    19363       0.3252   5.35
    19364       0.3266   5.35
    19365       0.3265   5.35
    19366       0.3246   5.35
    19367       0.3274   5.35
    19368       0.3280   5.35
    19369       0.3269   5.35
    19370       0.3263   5.35
    19371       0.3255   5.35
    19372       0.3267   5.35
    19373       0.3255   5.35
    19374       0.3260   5.35
    19375       0.3252   5.35
    19376       0.3266   5.35
    19377       0.3275   5.35
    19378       0.3258   5.35
    19379       0.3271   5.35
    19380       0.3276   5.35
    19381       0.3257   5.35
    19382       0.3262   5.35
    19383       0.3225   5.35
    19384       0.3347   5.35
    19385       0.3260   5.35
    19386       0.3257   5.35
    19387       0.3259   5.35
    19388       0.3264   5.35
    19389       0.3263   5.35
    19390       0.3271   5.35
    19391       0.3269   5.35
    19392       0.3258   5.35
    19393       0.3254   5.35
    19394       0.3249   5.35
    19395       0.3245   5.34
    19396       0.3238   5.34
    19397       0.3252   5.35
    19398       0.3251   5.35
    19399       0.3279   5.35
    19400       0.3277   5.35
    19401       0.3256   5.35
    19402       0.3258   5.35
    19403       0.3271   5.35
    19404       0.3261   5.35
    19405       0.3259   5.35
    19406       0.3254   5.35
    19407       0.3234   5.35
    19408       0.3255   5.35
    19409       0.3263   5.35
    19410       0.3236   5.35
    19411       0.3266   5.35
    19412       0.3275   5.35
    19413       0.3261   5.35
    19414       0.3260   5.35
    19415       0.3253   5.35
    19416       0.3266   5.35
    19417       0.3263   5.35
    19418       0.3259   5.35
    19419       0.3272   5.35
    19420       0.3276   5.35
    19421       0.3269   5.35
    19422       0.3261   5.35
    19423       0.3260   5.35
    19424       0.3265   5.35
    19425       0.3263   5.35
    19426       0.3265   5.35
    19427       0.3274   5.35
    19428       0.3257   5.35
    19429       0.3261   5.34
    19430       0.3248   5.35
    19431       0.3270   5.35
    19432       0.3269   5.34
    19433       0.3247   5.34
    19434       0.3261   5.34
    19435       0.3258   5.34
    19436       0.3257   5.34
    19437       0.3257   5.34
    19438       0.3260   5.35
    19439       0.3267   5.35
    19440       0.3264   5.35
    19441       0.3255   5.35
    19442       0.3259   5.35
    19443       0.3268   5.35
    19444       0.3265   5.35
    19445       0.3254   5.35
    19446       0.3257   5.35
    19447       0.3257   5.34
    19448       0.3250   5.34
    19449       0.3266   5.35
    19450       0.3264   5.35
    19451       0.3261   5.35
    19452       0.3262   5.35
    19453       0.3257   5.35
    19454       0.3269   5.35
    19455       0.3276   5.35
    19456       0.3262   5.35
    19457       0.3257   5.35
    19458       0.3257   5.35
    19459       0.3246   5.35
    19460       0.3257   5.35
    19461       0.3271   5.35
    19462       0.3274   5.35
    19463       0.3261   5.35
    19464       0.3265   5.35
    19465       0.3256   5.34
    19466       0.3265   5.34
    19467       0.3263   5.35
    19468       0.3261   5.35
    19469       0.3260   5.35
    19470       0.3251   5.35
    19471       0.3261   5.35
    19472       0.3265   5.35
    19473       0.3256   5.35
    19474       0.3264   5.35
    19475       0.3267   5.35
    19476       0.3259   5.35
    19477       0.3273   5.35
    19478       0.3263   5.35
    19479       0.3257   5.35
    19480       0.3283   5.35
    19481       0.3268   5.35
    19482       0.3257   5.35
    19483       0.3275   5.35
    19484       0.3263   5.35
    19485       0.3246   5.35
    19486       0.3250   5.35
    19487       0.3250   5.35
    19488       0.3256   5.34
    19489       0.3257   5.34
    19490       0.3261   5.35
    19491       0.3255   5.35
    19492       0.3254   5.35
    19493       0.3241   5.35
    19494       0.3261   5.35
    19495       0.3261   5.35
    19496       0.3249   5.35
    19497       0.3264   5.35
    19498       0.3259   5.35
    19499       0.3251   5.35
    19500       0.3279   5.35
    19501       0.3271   5.35
    19502       0.3274   5.35
    19503       0.3260   5.35
    19504       0.3260   5.35
    19505       0.3254   5.35
    19506       0.3263   5.35
    19507       0.3259   5.35
    19508       0.3256   5.35
    19509       0.3267   5.35
    19510       0.3268   5.35
    19511       0.3265   5.35
    19512       0.3273   5.35
    19513       0.3267   5.35
    19514       0.3261   5.35
    19515       0.3255   5.35
    19516       0.3255   5.35
    19517       0.3260   5.35
    19518       0.3259   5.35
    19519       0.3259   5.35
    19520       0.3237   5.34
    19521       0.3262   5.34
    19522       0.3250   5.35
    19523       0.3265   5.35
    19524       0.3268   5.35
    19525       0.3259   5.35
    19526       0.3258   5.35
    19527       0.3271   5.35
    19528       0.3262   5.35
    19529       0.3270   5.35
    19530       0.3263   5.35
    19531       0.3248   5.35
    19532       0.3255   5.35
    19533       0.3260   5.35
    19534       0.3248   5.35
    19535       0.3261   5.35
    19536       0.3260   5.35
    19537       0.3252   5.35
    19538       0.3260   5.35
    19539       0.3264   5.35
    19540       0.3266   5.35
    19541       0.3281   5.35
    19542       0.3261   5.35
    19543       0.3257   5.35
    19544       0.3259   5.35
    19545       0.3254   5.35
    19546       0.3241   5.35
    19547       0.3249   5.35
    19548       0.3258   5.34
    19549       0.3251   5.35
    19550       0.3256   5.35
    19551       0.3253   5.35
    19552       0.3261   5.35
    19553       0.3256   5.35
    19554       0.3251   5.35
    19555       0.3264   5.35
    19556       0.3266   5.35
    19557       0.3258   5.35
    19558       0.3243   5.35
    19559       0.3254   5.35
    19560       0.3238   5.35
    19561       0.3261   5.35
    19562       0.3266   5.35
    19563       0.3269   5.35
    19564       0.3276   5.35
    19565       0.3273   5.35
    19566       0.3256   5.35
    19567       0.3263   5.35
    19568       0.3266   5.35
    19569       0.3255   5.35
    19570       0.3265   5.35
    19571       0.3264   5.35
    19572       0.3255   5.35
    19573       0.3268   5.35
    19574       0.3268   5.35
    19575       0.3255   5.35
    19576       0.3253   5.35
    19577       0.3256   5.35
    19578       0.3255   5.35
    19579       0.3270   5.35
    19580       0.3258   5.35
    19581       0.3262   5.35
    19582       0.3259   5.35
    19583       0.3259   5.35
    19584       0.3250   5.35
    19585       0.3264   5.35
    19586       0.3271   5.35
    19587       0.3272   5.35
    19588       0.3269   5.35
    19589       0.3252   5.35
    19590       0.3271   5.35
    19591       0.3276   5.34
    19592       0.3258   5.35
    19593       0.3260   5.35
    19594       0.3255   5.35
    19595       0.3248   5.35
    19596       0.3265   5.35
    19597       0.3265   5.35
    19598       0.3255   5.35
    19599       0.3263   5.35
    19600       0.3253   5.35
    19601       0.3264   5.35
    19602       0.3251   5.35
    19603       0.3252   5.34
    19604       0.3241   5.35
    19605       0.3255   5.35
    19606       0.3248   5.35
    19607       0.3263   5.35
    19608       0.3266   5.35
    19609       0.3263   5.35
    19610       0.3268   5.35
    19611       0.3253   5.35
    19612       0.3242   5.35
    19613       0.3256   5.35
    19614       0.3263   5.35
    19615       0.3266   5.36
    19616       0.3254   5.36
    19617       0.3255   5.35
    19618       0.3238   5.35
    19619       0.3262   5.35
    19620       0.3261   5.35
    19621       0.3259   5.35
    19622       0.3269   5.35
    19623       0.3257   5.35
    19624       0.3272   5.35
    19625       0.3268   5.35
    19626       0.3255   5.35
    19627       0.3257   5.35
    19628       0.3267   5.35
    19629       0.3264   5.35
    19630       0.3251   5.35
    19631       0.3266   5.35
    19632       0.3271   5.35
    19633       0.3256   5.35
    19634       0.3259   5.35
    19635       0.3256   5.35
    19636       0.3264   5.35
    19637       0.3254   5.35
    19638       0.3239   5.35
    19639       0.3245   5.35
    19640       0.3259   5.35
    19641       0.3258   5.35
    19642       0.3259   5.35
    19643       0.3260   5.35
    19644       0.3255   5.35
    19645       0.3260   5.35
    19646       0.3260   5.35
    19647       0.3262   5.35
    19648       0.3266   5.35
    19649       0.3258   5.35
    19650       0.3258   5.35
    19651       0.3266   5.35
    19652       0.3262   5.35
    19653       0.3262   5.35
    19654       0.3265   5.35
    19655       0.3267   5.35
    19656       0.3268   5.35
    19657       0.3267   5.35
    19658       0.3255   5.35
    19659       0.3257   5.35
    19660       0.3255   5.35
    19661       0.3263   5.35
    19662       0.3252   5.35
    19663       0.3264   5.35
    19664       0.3267   5.35
    19665       0.3263   5.35
    19666       0.3262   5.35
    19667       0.3250   5.35
    19668       0.3280   5.35
    19669       0.3278   5.35
    19670       0.3270   5.35
    19671       0.3264   5.35
    19672       0.3259   5.35
    19673       0.3247   5.35
    19674       0.3251   5.35
    19675       0.3264   5.35
    19676       0.3265   5.35
    19677       0.3266   5.35
    19678       0.3263   5.35
    19679       0.3249   5.35
    19680       0.3260   5.35
    19681       0.3261   5.35
    19682       0.3261   5.35
    19683       0.3263   5.35
    19684       0.3264   5.35
    19685       0.3260   5.35
    19686       0.3266   5.35
    19687       0.3255   5.35
    19688       0.3255   5.35
    19689       0.3358   5.35
    19690       0.3264   5.35
    19691       0.3249   5.35
    19692       0.3264   5.35
    19693       0.3253   5.35
    19694       0.3249   5.35
    19695       0.3255   5.36
    19696       0.3253   5.35
    19697       0.3243   5.35
    19698       0.3262   5.35
    19699       0.3268   5.35
    19700       0.3275   5.35
    19701       0.3268   5.35
    19702       0.3256   5.35
    19703       0.3255   5.35
    19704       0.3255   5.35
    19705       0.3250   5.35
    19706       0.3248   5.35
    19707       0.3256   5.35
    19708       0.3253   5.35
    19709       0.3261   5.35
    19710       0.3262   5.35
    19711       0.3239   5.35
    19712       0.3261   5.35
    19713       0.3261   5.35
    19714       0.3253   5.35
    19715       0.3249   5.35
    19716       0.3246   5.35
    19717       0.3248   5.35
    19718       0.3257   5.35
    19719       0.3255   5.35
    19720       0.3267   5.35
    19721       0.3269   5.35
    19722       0.3252   5.35
    19723       0.3260   5.35
    19724       0.3267   5.35
    19725       0.3262   5.35
    19726       0.3259   5.35
    19727       0.3259   5.35
    19728       0.3259   5.35
    19729       0.3265   5.35
    19730       0.3267   5.35
    19731       0.3270   5.35
    19732       0.3259   5.35
    19733       0.3262   5.35
    19734       0.3261   5.35
    19735       0.3263   5.35
    19736       0.3263   5.35
    19737       0.3269   5.35
    19738       0.3261   5.35
    19739       0.3265   5.35
    19740       0.3278   5.35
    19741       0.3264   5.35
    19742       0.3260   5.35
    19743       0.3254   5.35
    19744       0.3266   5.35
    19745       0.3261   5.35
    19746       0.3261   5.35
    19747       0.3265   5.35
    19748       0.3254   5.35
    19749       0.3255   5.35
    19750       0.3262   5.35
    19751       0.3249   5.35
    19752       0.3269   5.35
    19753       0.3268   5.35
    19754       0.3250   5.35
    19755       0.3262   5.35
    19756       0.3261   5.35
    19757       0.3255   5.35
    19758       0.3252   5.35
    19759       0.3250   5.35
    19760       0.3259   5.35
    19761       0.3263   5.35
    19762       0.3266   5.35
    19763       0.3266   5.35
    19764       0.3271   5.35
    19765       0.3262   5.35
    19766       0.3250   5.35
    19767       0.3267   5.35
    19768       0.3257   5.35
    19769       0.3252   5.35
    19770       0.3262   5.35
    19771       0.3264   5.35
    19772       0.3257   5.35
    19773       0.3279   5.35
    19774       0.3280   5.35
    19775       0.3261   5.35
    19776       0.3265   5.35
    19777       0.3254   5.35
    19778       0.3258   5.35
    19779       0.3259   5.35
    19780       0.3255   5.35
    19781       0.3265   5.35
    19782       0.3260   5.35
    19783       0.3252   5.35
    19784       0.3263   5.35
    19785       0.3252   5.35
    19786       0.3242   5.35
    19787       0.3292   5.35
    19788       0.3270   5.35
    19789       0.3248   5.35
    19790       0.3248   5.35
    19791       0.3252   5.35
    19792       0.3250   5.35
    19793       0.3259   5.35
    19794       0.3259   5.35
    19795       0.3248   5.35
    19796       0.3258   5.35
    19797       0.3268   5.35
    19798       0.3258   5.35
    19799       0.3262   5.35
    19800       0.3266   5.35
    19801       0.3267   5.35
    19802       0.3269   5.35
    19803       0.3252   5.35
    19804       0.3268   5.35
    19805       0.3265   5.35
    19806       0.3238   5.35
    19807       0.3271   5.35
    19808       0.3262   5.35
    19809       0.3253   5.35
    19810       0.3260   5.35
    19811       0.3259   5.35
    19812       0.3249   5.35
    19813       0.3270   5.35
    19814       0.3265   5.35
    19815       0.3256   5.35
    19816       0.3263   5.35
    19817       0.3259   5.35
    19818       0.3252   5.35
    19819       0.3250   5.35
    19820       0.3267   5.35
    19821       0.3252   5.35
    19822       0.3285   5.35
    19823       0.3283   5.35
    19824       0.3253   5.35
    19825       0.3264   5.35
    19826       0.3267   5.35
    19827       0.3255   5.35
    19828       0.3262   5.35
    19829       0.3254   5.34
    19830       0.3261   5.35
    19831       0.3272   5.35
    19832       0.3264   5.35
    19833       0.3253   5.35
    19834       0.3251   5.35
    19835       0.3249   5.35
    19836       0.3269   5.35
    19837       0.3263   5.35
    19838       0.3250   5.35
    19839       0.3267   5.35
    19840       0.3266   5.35
    19841       0.3258   5.34
    19842       0.3269   5.34
    19843       0.3267   5.35
    19844       0.3276   5.35
    19845       0.3259   5.35
    19846       0.3259   5.35
    19847       0.3268   5.35
    19848       0.3259   5.35
    19849       0.3261   5.35
    19850       0.3255   5.35
    19851       0.3259   5.35
    19852       0.3263   5.35
    19853       0.3258   5.35
    19854       0.3270   5.35
    19855       0.3268   5.35
    19856       0.3254   5.35
    19857       0.3256   5.35
    19858       0.3260   5.35
    19859       0.3254   5.35
    19860       0.3259   5.35
    19861       0.3251   5.35
    19862       0.3267   5.35
    19863       0.3254   5.35
    19864       0.3256   5.35
    19865       0.3274   5.35
    19866       0.3265   5.35
    19867       0.3254   5.35
    19868       0.3261   5.35
    19869       0.3266   5.35
    19870       0.3260   5.35
    19871       0.3264   5.35
    19872       0.3258   5.35
    19873       0.3252   5.35
    19874       0.3263   5.35
    19875       0.3254   5.35
    19876       0.3255   5.35
    19877       0.3262   5.35
    19878       0.3262   5.35
    19879       0.3257   5.35
    19880       0.3268   5.35
    19881       0.3263   5.35
    19882       0.3242   5.35
    19883       0.3256   5.35
    19884       0.3261   5.35
    19885       0.3257   5.35
    19886       0.3268   5.35
    19887       0.3261   5.35
    19888       0.3254   5.35
    19889       0.3263   5.35
    19890       0.3252   5.35
    19891       0.3266   5.35
    19892       0.3269   5.35
    19893       0.3264   5.35
    19894       0.3269   5.35
    19895       0.3261   5.35
    19896       0.3261   5.35
    19897       0.3264   5.35
    19898       0.3258   5.35
    19899       0.3253   5.35
    19900       0.3264   5.35
    19901       0.3257   5.35
    19902       0.3259   5.35
    19903       0.3266   5.35
    19904       0.3269   5.35
    19905       0.3269   5.35
    19906       0.3275   5.35
    19907       0.3268   5.35
    19908       0.3254   5.35
    19909       0.3255   5.35
    19910       0.3261   5.35
    19911       0.3262   5.35
    19912       0.3251   5.35
    19913       0.3257   5.35
    19914       0.3250   5.35
    19915       0.3254   5.35
    19916       0.3260   5.35
    19917       0.3264   5.35
    19918       0.3269   5.35
    19919       0.3266   5.35
    19920       0.3260   5.35
    19921       0.3250   5.35
    19922       0.3249   5.35
    19923       0.3261   5.35
    19924       0.3268   5.35
    19925       0.3272   5.35
    19926       0.3290   5.35
    19927       0.3268   5.35
    19928       0.3249   5.35
    19929       0.3275   5.35
    19930       0.3262   5.35
    19931       0.3243   5.35
    19932       0.3272   5.35
    19933       0.3272   5.34
    19934       0.3259   5.35
    19935       0.3278   5.35
    19936       0.3285   5.35
    19937       0.3266   5.35
    19938       0.3262   5.35
    19939       0.3260   5.34
    19940       0.3250   5.35
    19941       0.3266   5.35
    19942       0.3277   5.35
    19943       0.3259   5.35
    19944       0.3250   5.35
    19945       0.3255   5.35
    19946       0.3239   5.35
    19947       0.3261   5.35
    19948       0.3253   5.34
    19949       0.3263   5.34
    19950       0.3269   5.35
    19951       0.3270   5.34
    19952       0.3268   5.34
    19953       0.3260   5.34
    19954       0.3257   5.35
    19955       0.3257   5.35
    19956       0.3258   5.35
    19957       0.3253   5.35
    19958       0.3251   5.35
    19959       0.3256   5.34
    19960       0.3248   5.35
    19961       0.3257   5.35
    19962       0.3257   5.35
    19963       0.3255   5.34
    19964       0.3262   5.34
    19965       0.3247   5.35
    19966       0.3253   5.36
    19967       0.3261   5.36
    19968       0.3259   5.35
    19969       0.3250   5.35
    19970       0.3253   5.35
    19971       0.3261   5.35
    19972       0.3242   5.35
    19973       0.3253   5.35
    19974       0.3252   5.35
    19975       0.3262   5.35
    19976       0.3258   5.35
    19977       0.3231   5.35
    19978       0.3263   5.35
    19979       0.3263   5.35
    19980       0.3234   5.35
    19981       0.3267   5.35
    19982       0.3259   5.35
    19983       0.3238   5.35
    19984       0.3266   5.35
    19985       0.3268   5.35
    19986       0.3261   5.35
    19987       0.3268   5.35
    19988       0.3267   5.35
    19989       0.3263   5.35
    19990       0.3263   5.35
    19991       0.3266   5.35
    19992       0.3257   5.35
    19993       0.3259   5.35
    19994       0.3259   5.35
    19995       0.3243   5.35
    19996       0.3269   5.35
    19997       0.3279   5.35
    19998       0.3254   5.35
    19999       0.3256   5.35

  histograma, classes de 0,010 ns
  0.320 a 0.330  19941  ############################################################
  0.330 a 0.340    59  #

  minimo 0.3205   mediana 0.3257   maximo 0.3380
  periodo de clock ao FIM: 0.3295 ns (3.04 GHz)
  CICLOS por operacao
    pela frequencia reportada (sysfs 5.40 GHz): 1.759
    por emissao (medido 3.04 GHz):              0.988
    razao emissao/sysfs:                        0.56   <- o nucleo esta sendo dividido
