  sonda-relaxed: 20000 amostras de 2000000 rodadas, cpu 0, governor performance

  periodo de clock MEDIDO, apos 400 ms de aquecimento: 0.1794 ns  (5.57 GHz)
  frequencia lida do sysfs no mesmo instante:         5.58 GHz

  amostra  ns/operacao   GHz
  -------  -----------  -----
        0       0.2017   5.58
        1       0.2016   5.58
        2       0.2021   5.58
        3       0.2031   5.58
        4       0.2028   5.55
        5       0.2037   5.55
        6       0.2032   5.53
        7       0.2034   5.53
        8       0.2040   5.53
        9       0.2036   5.52
       10       0.2041   5.52
       11       0.2036   5.51
       12       0.2037   5.51
       13       0.2044   5.51
       14       0.2038   5.51
       15       0.2044   5.51
       16       0.2038   5.50
       17       0.2038   5.50
       18       0.2045   5.50
       19       0.2039   5.50
       20       0.2046   5.50
       21       0.2040   5.50
       22       0.2051   5.50
       23       0.2042   5.49
       24       0.2041   5.49
       25       0.2049   5.49
       26       0.2043   5.49
       27       0.2049   5.49
       28       0.2043   5.49
       29       0.2043   5.49
       30       0.2052   5.49
       31       0.2042   5.49
       32       0.2049   5.49
       33       0.2043   5.49
       34       0.2043   5.49
       35       0.2050   5.49
       36       0.2044   5.49
       37       0.2050   5.49
       38       0.2043   5.49
       39       0.2054   5.49
       40       0.2043   5.49
       41       0.2042   5.49
       42       0.2051   5.49
       43       0.2043   5.49
       44       0.2049   5.49
       45       0.2042   5.49
       46       0.2043   5.49
       47       0.2049   5.49
       48       0.2043   5.49
       49       0.2050   5.49
       50       0.2043   5.49
       51       0.2043   5.49
       52       0.2048   5.49
       53       0.2044   5.49
       54       0.2048   5.49
       55       0.2043   5.49
       56       0.2049   5.49
       57       0.2043   5.49
       58       0.2043   5.49
       59       0.2049   5.49
       60       0.2044   5.49
       61       0.2048   5.49
       62       0.2043   5.49
       63       0.2042   5.49
       64       0.2050   5.49
       65       0.2043   5.49
       66       0.2050   5.49
       67       0.2044   5.49
       68       0.2044   5.49
       69       0.2048   5.49
       70       0.2043   5.49
       71       0.2049   5.49
       72       0.2043   5.49
       73       0.2044   5.49
       74       0.2047   5.49
       75       0.2043   5.49
       76       0.2049   5.49
       77       0.2042   5.49
       78       0.2049   5.49
       79       0.2043   5.49
       80       0.2043   5.49
       81       0.2053   5.49
       82       0.2044   5.49
       83       0.2054   5.49
       84       0.2044   5.48
       85       0.2043   5.48
       86       0.2049   5.48
       87       0.2043   5.49
       88       0.2048   5.49
       89       0.2044   5.49
       90       0.2043   5.49
       91       0.2053   5.49
       92       0.2044   5.49
       93       0.2053   5.49
       94       0.2045   5.49
       95       0.2051   5.49
       96       0.2044   5.48
       97       0.2046   5.48
       98       0.2051   5.48
       99       0.2045   5.48
      100       0.2050   5.48
      101       0.2046   5.48
      102       0.2045   5.48
      103       0.2051   5.48
      104       0.2045   5.48
      105       0.2049   5.48
      106       0.2044   5.48
      107       0.2044   5.48
      108       0.2051   5.48
      109       0.2044   5.48
      110       0.2050   5.48
      111       0.2044   5.48
      112       0.2052   5.48
      113       0.2046   5.48
      114       0.2045   5.48
      115       0.2052   5.48
      116       0.2045   5.48
      117       0.2050   5.48
      118       0.2044   5.48
      119       0.2044   5.48
      120       0.2050   5.48
      121       0.2045   5.48
      122       0.2050   5.48
      123       0.2044   5.48
      124       0.2043   5.48
      125       0.2050   5.48
      126       0.2042   5.48
      127       0.2050   5.48
      128       0.2045   5.49
      129       0.2051   5.49
      130       0.2046   5.48
      131       0.2045   5.48
      132       0.2052   5.48
      133       0.2045   5.48
      134       0.2051   5.48
      135       0.2045   5.48
      136       0.2044   5.48
      137       0.2050   5.48
      138       0.2044   5.48
      139       0.2050   5.48
      140       0.2044   5.49
      141       0.2043   5.49
      142       0.2051   5.49
      143       0.2045   5.49
      144       0.2053   5.49
      145       0.2045   5.48
      146       0.2052   5.48
      147       0.2046   5.48
      148       0.2045   5.48
      149       0.2051   5.48
      150       0.2045   5.48
      151       0.2055   5.48
      152       0.2045   5.48
      153       0.2045   5.48
      154       0.2053   5.48
      155       0.2046   5.48
      156       0.2052   5.48
      157       0.2045   5.48
      158       0.2045   5.48
      159       0.2050   5.48
      160       0.2044   5.48
      161       0.2054   5.48
      162       0.2044   5.48
      163       0.2054   5.48
      164       0.2046   5.48
      165       0.2046   5.48
      166       0.2052   5.48
      167       0.2046   5.48
      168       0.2050   5.48
      169       0.2046   5.48
      170       0.2046   5.48
      171       0.2052   5.48
      172       0.2046   5.48
      173       0.2051   5.48
      174       0.2046   5.48
      175       0.2046   5.48
      176       0.2052   5.48
      177       0.2045   5.48
      178       0.2050   5.48
      179       0.2046   5.48
      180       0.2052   5.48
      181       0.2044   5.48
      182       0.2045   5.48
      183       0.2051   5.48
      184       0.2046   5.48
      185       0.2053   5.48
      186       0.2046   5.48
      187       0.2046   5.48
      188       0.2054   5.48
      189       0.2046   5.48
      190       0.2052   5.48
      191       0.2047   5.48
      192       0.2045   5.48
      193       0.2052   5.48
      194       0.2045   5.48
      195       0.2050   5.48
      196       0.2046   5.48
      197       0.2048   5.48
      198       0.2142   5.48
      199       0.2045   5.48
      200       0.2053   5.48
      201       0.2045   5.48
      202       0.2053   5.48
      203       0.2046   5.48
      204       0.2045   5.48
      205       0.2051   5.48
      206       0.2045   5.48
      207       0.2050   5.48
      208       0.2046   5.48
      209       0.2047   5.48
      210       0.2057   5.48
      211       0.2046   5.48
      212       0.2054   5.48
      213       0.2045   5.48
      214       0.2053   5.48
      215       0.2046   5.48
      216       0.2048   5.48
      217       0.2052   5.48
      218       0.2047   5.48
      219       0.2055   5.48
      220       0.2045   5.48
      221       0.2046   5.48
      222       0.2055   5.48
      223       0.2046   5.48
      224       0.2051   5.48
      225       0.2045   5.48
      226       0.2046   5.48
      227       0.2051   5.48
      228       0.2045   5.48
      229       0.2051   5.48
      230       0.2045   5.48
      231       0.2051   5.48
      232       0.2045   5.48
      233       0.2044   5.48
      234       0.2052   5.48
      235       0.2045   5.48
      236       0.2062   5.48
      237       0.2045   5.48
      238       0.2046   5.48
      239       0.2050   5.48
      240       0.2045   5.48
      241       0.2051   5.48
      242       0.2046   5.48
      243       0.2045   5.48
      244       0.2050   5.48
      245       0.2045   5.48
      246       0.2052   5.48
      247       0.2045   5.48
      248       0.2051   5.48
      249       0.2045   5.48
      250       0.2047   5.48
      251       0.2051   5.48
      252       0.2046   5.48
      253       0.2053   5.48
      254       0.2046   5.48
      255       0.2045   5.48
      256       0.2051   5.48
      257       0.2045   5.48
      258       0.2051   5.48
      259       0.2046   5.48
      260       0.2046   5.48
      261       0.2053   5.48
      262       0.2046   5.48
      263       0.2056   5.48
      264       0.2047   5.48
      265       0.2047   5.48
      266       0.2045   5.48
      267       0.2046   5.48
      268       0.2052   5.48
      269       0.2045   5.48
      270       0.2056   5.48
      271       0.2045   5.48
      272       0.2045   5.48
      273       0.2054   5.48
      274       0.2045   5.48
      275       0.2051   5.48
      276       0.2046   5.48
      277       0.2046   5.48
      278       0.2053   5.48
      279       0.2047   5.48
      280       0.2057   5.48
      281       0.2047   5.48
      282       0.2048   5.48
      283       0.2052   5.48
      284       0.2045   5.48
      285       0.2051   5.48
      286       0.2046   5.48
      287       0.2053   5.48
      288       0.2046   5.48
      289       0.2045   5.48
      290       0.2050   5.48
      291       0.2046   5.48
      292       0.2051   5.48
      293       0.2046   5.48
      294       0.2047   5.48
      295       0.2053   5.48
      296       0.2047   5.48
      297       0.2054   5.48
      298       0.2046   5.48
      299       0.2046   5.48
      300       0.2050   5.48
      301       0.2046   5.48
      302       0.2050   5.48
      303       0.2047   5.48
      304       0.2052   5.48
      305       0.2047   5.48
      306       0.2047   5.48
      307       0.2053   5.48
      308       0.2047   5.48
      309       0.2053   5.48
      310       0.2047   5.48
      311       0.2046   5.48
      312       0.2051   5.48
      313       0.2046   5.48
      314       0.2052   5.48
      315       0.2046   5.48
      316       0.2045   5.48
      317       0.2049   5.48
      318       0.2047   5.48
      319       0.2053   5.48
      320       0.2047   5.48
      321       0.2054   5.48
      322       0.2044   5.48
      323       0.2046   5.48
      324       0.2056   5.48
      325       0.2047   5.48
      326       0.2051   5.48
      327       0.2045   5.48
      328       0.2046   5.48
      329       0.2053   5.48
      330       0.2047   5.48
      331       0.2055   5.48
      332       0.2045   5.48
      333       0.2046   5.48
      334       0.2054   5.48
      335       0.2045   5.48
      336       0.2052   5.48
      337       0.2046   5.48
      338       0.2053   5.48
      339       0.2047   5.48
      340       0.2047   5.48
      341       0.2055   5.48
      342       0.2045   5.48
      343       0.2052   5.48
      344       0.2045   5.48
      345       0.2045   5.48
      346       0.2052   5.48
      347       0.2047   5.48
      348       0.2053   5.48
      349       0.2046   5.48
      350       0.2046   5.48
      351       0.2052   5.48
      352       0.2046   5.48
      353       0.2053   5.48
      354       0.2047   5.48
      355       0.2051   5.48
      356       0.2045   5.48
      357       0.2046   5.48
      358       0.2053   5.48
      359       0.2046   5.48
      360       0.2053   5.48
      361       0.2047   5.48
      362       0.2047   5.48
      363       0.2051   5.48
      364       0.2046   5.48
      365       0.2053   5.48
      366       0.2047   5.48
      367       0.2046   5.48
      368       0.2051   5.48
      369       0.2047   5.48
      370       0.2052   5.48
      371       0.2047   5.48
      372       0.2053   5.48
      373       0.2047   5.48
      374       0.2047   5.48
      375       0.2052   5.48
      376       0.2047   5.48
      377       0.2053   5.48
      378       0.2047   5.48
      379       0.2047   5.48
      380       0.2053   5.48
      381       0.2047   5.48
      382       0.2054   5.48
      383       0.2047   5.48
      384       0.2046   5.48
      385       0.2053   5.48
      386       0.2047   5.48
      387       0.2052   5.48
      388       0.2046   5.48
      389       0.2057   5.48
      390       0.2044   5.48
      391       0.2046   5.48
      392       0.2066   5.48
      393       0.2045   5.48
      394       0.2052   5.48
      395       0.2046   5.48
      396       0.2046   5.48
      397       0.2052   5.48
      398       0.2047   5.48
      399       0.2057   5.48
      400       0.2047   5.48
      401       0.2047   5.48
      402       0.2055   5.48
      403       0.2046   5.48
      404       0.2052   5.48
      405       0.2046   5.48
      406       0.2053   5.48
      407       0.2047   5.48
      408       0.2047   5.48
      409       0.2053   5.48
      410       0.2046   5.48
      411       0.2051   5.48
      412       0.2046   5.48
      413       0.2047   5.48
      414       0.2052   5.48
      415       0.2047   5.48
      416       0.2052   5.48
      417       0.2047   5.48
      418       0.2047   5.48
      419       0.2054   5.48
      420       0.2047   5.48
      421       0.2054   5.48
      422       0.2046   5.48
      423       0.2053   5.48
      424       0.2045   5.48
      425       0.2047   5.48
      426       0.2052   5.48
      427       0.2046   5.48
      428       0.2053   5.48
      429       0.2047   5.48
      430       0.2046   5.48
      431       0.2051   5.48
      432       0.2047   5.48
      433       0.2053   5.48
      434       0.2047   5.48
      435       0.2046   5.48
      436       0.2053   5.48
      437       0.2046   5.48
      438       0.2053   5.48
      439       0.2047   5.48
      440       0.2054   5.48
      441       0.2047   5.48
      442       0.2046   5.48
      443       0.2054   5.48
      444       0.2047   5.48
      445       0.2054   5.48
      446       0.2047   5.48
      447       0.2047   5.48
      448       0.2053   5.48
      449       0.2048   5.48
      450       0.2058   5.48
      451       0.2049   5.48
      452       0.2048   5.48
      453       0.2056   5.48
      454       0.2047   5.47
      455       0.2051   5.47
      456       0.2046   5.48
      457       0.2053   5.48
      458       0.2046   5.48
      459       0.2046   5.48
      460       0.2052   5.48
      461       0.2046   5.48
      462       0.2051   5.48
      463       0.2046   5.48
      464       0.2046   5.48
      465       0.2051   5.48
      466       0.2045   5.48
      467       0.2053   5.48
      468       0.2046   5.48
      469       0.2046   5.48
      470       0.2052   5.48
      471       0.2047   5.48
      472       0.2053   5.48
      473       0.2046   5.48
      474       0.2053   5.48
      475       0.2047   5.48
      476       0.2046   5.48
      477       0.2053   5.48
      478       0.2048   5.48
      479       0.2055   5.48
      480       0.2049   5.48
      481       0.2047   5.48
      482       0.2053   5.48
      483       0.2047   5.47
      484       0.2052   5.47
      485       0.2047   5.48
      486       0.2048   5.48
      487       0.2054   5.48
      488       0.2047   5.48
      489       0.2051   5.48
      490       0.2047   5.48
      491       0.2054   5.48
      492       0.2047   5.48
      493       0.2046   5.48
      494       0.2053   5.48
      495       0.2046   5.48
      496       0.2053   5.48
      497       0.2046   5.48
      498       0.2046   5.48
      499       0.2052   5.48
      500       0.2047   5.48
      501       0.2055   5.48
      502       0.2046   5.48
      503       0.2046   5.48
      504       0.2054   5.48
      505       0.2046   5.48
      506       0.2053   5.48
      507       0.2047   5.48
      508       0.2052   5.48
      509       0.2047   5.48
      510       0.2046   5.48
      511       0.2056   5.48
      512       0.2046   5.48
      513       0.2055   5.48
      514       0.2047   5.48
      515       0.2046   5.48
      516       0.2052   5.48
      517       0.2046   5.48
      518       0.2052   5.48
      519       0.2046   5.48
      520       0.2046   5.48
      521       0.2055   5.48
      522       0.2045   5.48
      523       0.2054   5.48
      524       0.2046   5.48
      525       0.2052   5.48
      526       0.2047   5.48
      527       0.2046   5.48
      528       0.2050   5.48
      529       0.2045   5.48
      530       0.2053   5.48
      531       0.2047   5.48
      532       0.2046   5.48
      533       0.2052   5.48
      534       0.2047   5.48
      535       0.2051   5.48
      536       0.2045   5.48
      537       0.2046   5.48
      538       0.2053   5.48
      539       0.2047   5.48
      540       0.2054   5.48
      541       0.2050   5.48
      542       0.2053   5.48
      543       0.2047   5.48
      544       0.2047   5.48
      545       0.2051   5.48
      546       0.2045   5.48
      547       0.2054   5.48
      548       0.2045   5.48
      549       0.2046   5.48
      550       0.2053   5.48
      551       0.2046   5.48
      552       0.2052   5.48
      553       0.2045   5.48
      554       0.2045   5.48
      555       0.2051   5.48
      556       0.2046   5.48
      557       0.2057   5.48
      558       0.2045   5.48
      559       0.2053   5.48
      560       0.2046   5.48
      561       0.2047   5.48
      562       0.2053   5.48
      563       0.2045   5.48
      564       0.2053   5.48
      565       0.2045   5.48
      566       0.2047   5.48
      567       0.2053   5.48
      568       0.2047   5.48
      569       0.2053   5.48
      570       0.2046   5.48
      571       0.2046   5.48
      572       0.2057   5.48
      573       0.2047   5.48
      574       0.2055   5.48
      575       0.2046   5.48
      576       0.2052   5.48
      577       0.2047   5.48
      578       0.2047   5.48
      579       0.2054   5.48
      580       0.2047   5.48
      581       0.2057   5.48
      582       0.2047   5.48
      583       0.2047   5.48
      584       0.2056   5.48
      585       0.2046   5.48
      586       0.2054   5.48
      587       0.2047   5.48
      588       0.2046   5.48
      589       0.2052   5.48
      590       0.2047   5.48
      591       0.2052   5.48
      592       0.2046   5.48
      593       0.2053   5.48
      594       0.2045   5.48
      595       0.2047   5.48
      596       0.2053   5.48
      597       0.2047   5.48
      598       0.2052   5.48
      599       0.2047   5.48
      600       0.2046   5.48
      601       0.2052   5.48
      602       0.2046   5.48
      603       0.2053   5.48
      604       0.2047   5.48
      605       0.2047   5.48
      606       0.2053   5.48
      607       0.2047   5.48
      608       0.2053   5.48
      609       0.2047   5.48
      610       0.2053   5.48
      611       0.2047   5.48
      612       0.2047   5.48
      613       0.2052   5.48
      614       0.2045   5.48
      615       0.2051   5.48
      616       0.2046   5.48
      617       0.2046   5.48
      618       0.2053   5.48
      619       0.2047   5.48
      620       0.2054   5.48
      621       0.2046   5.48
      622       0.2047   5.48
      623       0.2056   5.48
      624       0.2046   5.48
      625       0.2053   5.48
      626       0.2046   5.48
      627       0.2052   5.48
      628       0.2047   5.48
      629       0.2048   5.48
      630       0.2057   5.48
      631       0.2046   5.48
      632       0.2055   5.48
      633       0.2047   5.48
      634       0.2048   5.48
      635       0.2052   5.48
      636       0.2046   5.48
      637       0.2052   5.48
      638       0.2047   5.48
      639       0.2047   5.48
      640       0.2059   5.48
      641       0.2048   5.48
      642       0.2054   5.48
      643       0.2047   5.47
      644       0.2054   5.47
      645       0.2049   5.48
      646       0.2049   5.48
      647       0.2052   5.48
      648       0.2047   5.47
      649       0.2052   5.47
      650       0.2046   5.48
      651       0.2047   5.48
      652       0.2054   5.48
      653       0.2047   5.48
      654       0.2053   5.48
      655       0.2047   5.48
      656       0.2046   5.48
      657       0.2051   5.48
      658       0.2046   5.48
      659       0.2053   5.48
      660       0.2046   5.48
      661       0.2052   5.48
      662       0.2047   5.48
      663       0.2048   5.48
      664       0.2054   5.48
      665       0.2050   5.48
      666       0.2054   5.48
      667       0.2047   5.47
      668       0.2047   5.47
      669       0.2051   5.47
      670       0.2045   5.48
      671       0.2053   5.48
      672       0.2046   5.48
      673       0.2047   5.48
      674       0.2053   5.48
      675       0.2047   5.48
      676       0.2053   5.48
      677       0.2046   5.48
      678       0.2054   5.48
      679       0.2048   5.48
      680       0.2047   5.48
      681       0.2054   5.48
      682       0.2047   5.48
      683       0.2056   5.48
      684       0.2047   5.48
      685       0.2048   5.48
      686       0.2053   5.48
      687       0.2046   5.48
      688       0.2053   5.48
      689       0.2047   5.48
      690       0.2047   5.48
      691       0.2055   5.48
      692       0.2048   5.48
      693       0.2054   5.48
      694       0.2046   5.48
      695       0.2054   5.48
      696       0.2047   5.48
      697       0.2047   5.48
      698       0.2052   5.48
      699       0.2046   5.48
      700       0.2056   5.48
      701       0.2047   5.48
      702       0.2047   5.48
      703       0.2056   5.48
      704       0.2047   5.48
      705       0.2055   5.48
      706       0.2049   5.48
      707       0.2048   5.48
      708       0.2052   5.48
      709       0.2047   5.47
      710       0.2053   5.47
      711       0.2047   5.48
      712       0.2054   5.48
      713       0.2047   5.48
      714       0.2047   5.48
      715       0.2052   5.48
      716       0.2047   5.48
      717       0.2054   5.48
      718       0.2049   5.48
      719       0.2049   5.48
      720       0.2053   5.48
      721       0.2047   5.47
      722       0.2053   5.47
      723       0.2047   5.48
      724       0.2047   5.48
      725       0.2052   5.48
      726       0.2047   5.48
      727       0.2053   5.48
      728       0.2047   5.48
      729       0.2054   5.48
      730       0.2049   5.48
      731       0.2049   5.48
      732       0.2053   5.48
      733       0.2046   5.47
      734       0.2053   5.47
      735       0.2047   5.48
      736       0.2046   5.48
      737       0.2052   5.48
      738       0.2047   5.48
      739       0.2053   5.48
      740       0.2046   5.48
      741       0.2047   5.48
      742       0.2054   5.48
      743       0.2046   5.48
      744       0.2054   5.48
      745       0.2046   5.48
      746       0.2054   5.48
      747       0.2047   5.48
      748       0.2047   5.48
      749       0.2054   5.48
      750       0.2047   5.48
      751       0.2057   5.48
      752       0.2046   5.48
      753       0.2046   5.48
      754       0.2056   5.48
      755       0.2047   5.48
      756       0.2053   5.48
      757       0.2046   5.48
      758       0.2046   5.48
      759       0.2053   5.48
      760       0.2047   5.48
      761       0.2057   5.48
      762       0.2045   5.48
      763       0.2054   5.48
      764       0.2045   5.48
      765       0.2045   5.48
      766       0.2053   5.48
      767       0.2047   5.48
      768       0.2053   5.48
      769       0.2046   5.48
      770       0.2047   5.48
      771       0.2054   5.48
      772       0.2050   5.48
      773       0.2052   5.48
      774       0.2046   5.47
      775       0.2047   5.47
      776       0.2052   5.47
      777       0.2045   5.48
      778       0.2054   5.48
      779       0.2046   5.48
      780       0.2054   5.48
      781       0.2047   5.48
      782       0.2048   5.48
      783       0.2052   5.48
      784       0.2047   5.48
      785       0.2053   5.48
      786       0.2046   5.48
      787       0.2046   5.48
      788       0.2054   5.48
      789       0.2047   5.48
      790       0.2054   5.48
      791       0.2047   5.48
      792       0.2046   5.48
      793       0.2053   5.48
      794       0.2047   5.48
      795       0.2053   5.48
      796       0.2046   5.48
      797       0.2053   5.48
      798       0.2046   5.48
      799       0.2047   5.48
      800       0.2056   5.48
      801       0.2047   5.48
      802       0.2057   5.48
      803       0.2047   5.48
      804       0.2046   5.48
      805       0.2053   5.48
      806       0.2047   5.48
      807       0.2054   5.48
      808       0.2047   5.48
      809       0.2048   5.48
      810       0.2059   5.48
      811       0.2049   5.48
      812       0.2059   5.48
      813       0.2050   5.47
      814       0.2055   5.47
      815       0.2047   5.47
      816       0.2046   5.47
      817       0.2053   5.47
      818       0.2047   5.48
      819       0.2054   5.48
      820       0.2047   5.48
      821       0.2047   5.48
      822       0.2054   5.48
      823       0.2047   5.48
      824       0.2053   5.48
      825       0.2047   5.48
      826       0.2048   5.48
      827       0.2056   5.48
      828       0.2050   5.48
      829       0.2052   5.48
      830       0.2046   5.47
      831       0.2054   5.47
      832       0.2046   5.48
      833       0.2046   5.48
      834       0.2052   5.48
      835       0.2047   5.48
      836       0.2054   5.48
      837       0.2048   5.48
      838       0.2047   5.48
      839       0.2052   5.48
      840       0.2046   5.48
      841       0.2051   5.48
      842       0.2047   5.48
      843       0.2047   5.48
      844       0.2054   5.48
      845       0.2050   5.48
      846       0.2056   5.48
      847       0.2050   5.47
      848       0.2056   5.47
      849       0.2047   5.47
      850       0.2047   5.47
      851       0.2053   5.47
      852       0.2045   5.48
      853       0.2053   5.48
      854       0.2047   5.48
      855       0.2047   5.48
      856       0.2052   5.48
      857       0.2046   5.48
      858       0.2055   5.48
      859       0.2047   5.48
      860       0.2047   5.48
      861       0.2055   5.48
      862       0.2047   5.48
      863       0.2055   5.48
      864       0.2047   5.48
      865       0.2054   5.48
      866       0.2047   5.48
      867       0.2048   5.48
      868       0.2053   5.48
      869       0.2046   5.48
      870       0.2058   5.48
      871       0.2047   5.48
      872       0.2047   5.48
      873       0.2056   5.48
      874       0.2047   5.48
      875       0.2055   5.48
      876       0.2047   5.48
      877       0.2047   5.48
      878       0.2052   5.48
      879       0.2045   5.48
      880       0.2053   5.48
      881       0.2047   5.48
      882       0.2054   5.48
      883       0.2049   5.48
      884       0.2050   5.48
      885       0.2053   5.48
      886       0.2047   5.47
      887       0.2054   5.47
      888       0.2048   5.48
      889       0.2047   5.48
      890       0.2052   5.48
      891       0.2047   5.48
      892       0.2054   5.48
      893       0.2047   5.48
      894       0.2047   5.48
      895       0.2054   5.48
      896       0.2047   5.48
      897       0.2054   5.48
      898       0.2047   5.48
      899       0.2053   5.48
      900       0.2047   5.48
      901       0.2046   5.48
      902       0.2053   5.48
      903       0.2046   5.48
      904       0.2054   5.48
      905       0.2049   5.48
      906       0.2049   5.48
      907       0.2052   5.48
      908       0.2046   5.47
      909       0.2053   5.47
      910       0.2046   5.48
      911       0.2046   5.48
      912       0.2054   5.48
      913       0.2048   5.48
      914       0.2053   5.48
      915       0.2047   5.48
      916       0.2053   5.48
      917       0.2046   5.48
      918       0.2047   5.48
      919       0.2053   5.48
      920       0.2047   5.48
      921       0.2056   5.48
      922       0.2048   5.48
      923       0.2050   5.48
      924       0.2056   5.48
      925       0.2046   5.47
      926       0.2054   5.47
      927       0.2047   5.48
      928       0.2047   5.48
      929       0.2052   5.48
      930       0.2046   5.48
      931       0.2057   5.48
      932       0.2046   5.48
      933       0.2055   5.48
      934       0.2047   5.48
      935       0.2047   5.48
      936       0.2053   5.48
      937       0.2045   5.48
      938       0.2052   5.48
      939       0.2045   5.48
      940       0.2045   5.48
      941       0.2052   5.48
      942       0.2047   5.48
      943       0.2054   5.48
      944       0.2049   5.48
      945       0.2049   5.48
      946       0.2053   5.48
      947       0.2047   5.47
      948       0.2053   5.47
      949       0.2046   5.48
      950       0.2053   5.48
      951       0.2046   5.48
      952       0.2047   5.48
      953       0.2054   5.48
      954       0.2047   5.48
      955       0.2056   5.48
      956       0.2047   5.48
      957       0.2046   5.48
      958       0.2053   5.48
      959       0.2048   5.48
      960       0.2053   5.48
      961       0.2047   5.48
      962       0.2047   5.48
      963       0.2055   5.48
      964       0.2049   5.48
      965       0.2054   5.48
      966       0.2047   5.47
      967       0.2053   5.47
      968       0.2047   5.48
      969       0.2046   5.48
      970       0.2053   5.48
      971       0.2047   5.48
      972       0.2054   5.48
      973       0.2048   5.48
      974       0.2047   5.48
      975       0.2054   5.48
      976       0.2047   5.48
      977       0.2053   5.48
      978       0.2047   5.48
      979       0.2047   5.48
      980       0.2054   5.48
      981       0.2047   5.48
      982       0.2055   5.48
      983       0.2047   5.48
      984       0.2054   5.48
      985       0.2046   5.48
      986       0.2047   5.48
      987       0.2053   5.48
      988       0.2047   5.48
      989       0.2058   5.48
      990       0.2047   5.48
      991       0.2047   5.48
      992       0.2056   5.48
      993       0.2047   5.48
      994       0.2054   5.48
      995       0.2047   5.48
      996       0.2048   5.48
      997       0.2052   5.48
      998       0.2047   5.48
      999       0.2053   5.48
     1000       0.2047   5.48
     1001       0.2055   5.48
     1002       0.2047   5.48
     1003       0.2047   5.48
     1004       0.2053   5.48
     1005       0.2047   5.48
     1006       0.2053   5.48
     1007       0.2047   5.48
     1008       0.2048   5.48
     1009       0.2054   5.48
     1010       0.2047   5.48
     1011       0.2054   5.48
     1012       0.2047   5.48
     1013       0.2047   5.48
     1014       0.2054   5.48
     1015       0.2047   5.48
     1016       0.2054   5.48
     1017       0.2047   5.48
     1018       0.2057   5.48
     1019       0.2046   5.48
     1020       0.2047   5.48
     1021       0.2053   5.48
     1022       0.2045   5.48
     1023       0.2053   5.48
     1024       0.2048   5.48
     1025       0.2046   5.48
     1026       0.2053   5.48
     1027       0.2047   5.48
     1028       0.2053   5.48
     1029       0.2047   5.48
     1030       0.2047   5.48
     1031       0.2054   5.48
     1032       0.2047   5.48
     1033       0.2053   5.48
     1034       0.2047   5.48
     1035       0.2054   5.48
     1036       0.2047   5.48
     1037       0.2047   5.48
     1038       0.2053   5.48
     1039       0.2047   5.48
     1040       0.2055   5.48
     1041       0.2049   5.48
     1042       0.2049   5.48
     1043       0.2056   5.48
     1044       0.2047   5.47
     1045       0.2052   5.47
     1046       0.2046   5.48
     1047       0.2046   5.48
     1048       0.2053   5.48
     1049       0.2047   5.48
     1050       0.2057   5.48
     1051       0.2047   5.48
     1052       0.2059   5.48
     1053       0.2048   5.48
     1054       0.2049   5.48
     1055       0.2053   5.48
     1056       0.2047   5.47
     1057       0.2053   5.47
     1058       0.2047   5.48
     1059       0.2047   5.48
     1060       0.2053   5.48
     1061       0.2047   5.48
     1062       0.2054   5.48
     1063       0.2047   5.48
     1064       0.2047   5.48
     1065       0.2051   5.48
     1066       0.2047   5.48
     1067       0.2053   5.48
     1068       0.2047   5.48
     1069       0.2053   5.48
     1070       0.2047   5.48
     1071       0.2047   5.48
     1072       0.2053   5.48
     1073       0.2047   5.48
     1074       0.2053   5.48
     1075       0.2046   5.48
     1076       0.2047   5.48
     1077       0.2054   5.48
     1078       0.2047   5.48
     1079       0.2054   5.48
     1080       0.2048   5.48
     1081       0.2046   5.48
     1082       0.2052   5.48
     1083       0.2047   5.48
     1084       0.2055   5.48
     1085       0.2049   5.48
     1086       0.2056   5.48
     1087       0.2046   5.47
     1088       0.2047   5.47
     1089       0.2053   5.47
     1090       0.2046   5.48
     1091       0.2052   5.48
     1092       0.2047   5.48
     1093       0.2046   5.48
     1094       0.2054   5.48
     1095       0.2047   5.48
     1096       0.2053   5.48
     1097       0.2047   5.48
     1098       0.2047   5.48
     1099       0.2052   5.48
     1100       0.2047   5.48
     1101       0.2056   5.48
     1102       0.2049   5.48
     1103       0.2058   5.48
     1104       0.2049   5.47
     1105       0.2049   5.47
     1106       0.2056   5.47
     1107       0.2047   5.47
     1108       0.2054   5.47
     1109       0.2047   5.48
     1110       0.2047   5.48
     1111       0.2058   5.48
     1112       0.2046   5.48
     1113       0.2054   5.48
     1114       0.2047   5.48
     1115       0.2048   5.48
     1116       0.2051   5.48
     1117       0.2046   5.48
     1118       0.2054   5.48
     1119       0.2049   5.48
     1120       0.2056   5.48
     1121       0.2050   5.47
     1122       0.2049   5.47
     1123       0.2053   5.47
     1124       0.2046   5.47
     1125       0.2052   5.47
     1126       0.2047   5.48
     1127       0.2046   5.48
     1128       0.2053   5.48
     1129       0.2047   5.48
     1130       0.2053   5.48
     1131       0.2048   5.48
     1132       0.2051   5.48
     1133       0.2050   5.48
     1134       0.2047   5.47
     1135       0.2054   5.47
     1136       0.2047   5.48
     1137       0.2053   5.48
     1138       0.2048   5.48
     1139       0.2047   5.48
     1140       0.2053   5.48
     1141       0.2047   5.48
     1142       0.2053   5.48
     1143       0.2046   5.48
     1144       0.2047   5.48
     1145       0.2054   5.48
     1146       0.2047   5.48
     1147       0.2055   5.48
     1148       0.2047   5.48
     1149       0.2049   5.48
     1150       0.2051   5.48
     1151       0.2047   5.48
     1152       0.2053   5.48
     1153       0.2047   5.48
     1154       0.2055   5.48
     1155       0.2047   5.48
     1156       0.2047   5.48
     1157       0.2055   5.48
     1158       0.2049   5.48
     1159       0.2056   5.48
     1160       0.2046   5.47
     1161       0.2047   5.47
     1162       0.2055   5.47
     1163       0.2046   5.48
     1164       0.2055   5.48
     1165       0.2046   5.48
     1166       0.2049   5.48
     1167       0.2047   5.48
     1168       0.2047   5.48
     1169       0.2054   5.48
     1170       0.2048   5.48
     1171       0.2057   5.48
     1172       0.2046   5.48
     1173       0.2046   5.48
     1174       0.2055   5.48
     1175       0.2046   5.48
     1176       0.2053   5.48
     1177       0.2047   5.48
     1178       0.2047   5.48
     1179       0.2053   5.48
     1180       0.2049   5.48
     1181       0.2054   5.48
     1182       0.2045   5.47
     1183       0.2054   5.47
     1184       0.2046   5.48
     1185       0.2046   5.48
     1186       0.2054   5.48
     1187       0.2047   5.48
     1188       0.2053   5.48
     1189       0.2047   5.48
     1190       0.2047   5.48
     1191       0.2053   5.48
     1192       0.2047   5.48
     1193       0.2052   5.48
     1194       0.2046   5.48
     1195       0.2047   5.48
     1196       0.2054   5.48
     1197       0.2047   5.48
     1198       0.2054   5.48
     1199       0.2048   5.48
     1200       0.2054   5.48
     1201       0.2047   5.48
     1202       0.2046   5.48
     1203       0.2053   5.48
     1204       0.2047   5.48
     1205       0.2053   5.48
     1206       0.2047   5.48
     1207       0.2047   5.48
     1208       0.2054   5.48
     1209       0.2047   5.48
     1210       0.2146   5.48
     1211       0.2047   5.48
     1212       0.2046   5.48
     1213       0.2053   5.48
     1214       0.2046   5.48
     1215       0.2052   5.48
     1216       0.2047   5.48
     1217       0.2053   5.48
     1218       0.2047   5.48
     1219       0.2046   5.48
     1220       0.2054   5.48
     1221       0.2047   5.48
     1222       0.2056   5.48
     1223       0.2047   5.48
     1224       0.2047   5.48
     1225       0.2053   5.48
     1226       0.2046   5.48
     1227       0.2057   5.48
     1228       0.2047   5.48
     1229       0.2047   5.48
     1230       0.2058   5.48
     1231       0.2047   5.48
     1232       0.2056   5.48
     1233       0.2047   5.48
     1234       0.2054   5.48
     1235       0.2046   5.48
     1236       0.2047   5.48
     1237       0.2053   5.48
     1238       0.2048   5.48
     1239       0.2053   5.48
     1240       0.2047   5.48
     1241       0.2047   5.48
     1242       0.2053   5.48
     1243       0.2047   5.48
     1244       0.2054   5.48
     1245       0.2048   5.48
     1246       0.2049   5.48
     1247       0.2054   5.48
     1248       0.2046   5.47
     1249       0.2054   5.47
     1250       0.2047   5.48
     1251       0.2053   5.48
     1252       0.2047   5.48
     1253       0.2048   5.48
     1254       0.2055   5.48
     1255       0.2047   5.47
     1256       0.2054   5.47
     1257       0.2047   5.48
     1258       0.2048   5.48
     1259       0.2054   5.48
     1260       0.2047   5.47
     1261       0.2053   5.47
     1262       0.2047   5.48
     1263       0.2046   5.48
     1264       0.2054   5.48
     1265       0.2046   5.48
     1266       0.2053   5.48
     1267       0.2048   5.48
     1268       0.2056   5.48
     1269       0.2048   5.47
     1270       0.2047   5.47
     1271       0.2053   5.47
     1272       0.2049   5.48
     1273       0.2056   5.48
     1274       0.2047   5.47
     1275       0.2047   5.47
     1276       0.2054   5.47
     1277       0.2047   5.48
     1278       0.2053   5.48
     1279       0.2047   5.48
     1280       0.2049   5.48
     1281       0.2057   5.48
     1282       0.2047   5.47
     1283       0.2055   5.47
     1284       0.2046   5.48
     1285       0.2053   5.48
     1286       0.2048   5.48
     1287       0.2047   5.48
     1288       0.2053   5.48
     1289       0.2048   5.48
     1290       0.2061   5.48
     1291       0.2047   5.47
     1292       0.2046   5.47
     1293       0.2056   5.47
     1294       0.2047   5.48
     1295       0.2053   5.48
     1296       0.2047   5.48
     1297       0.2047   5.48
     1298       0.2053   5.48
     1299       0.2046   5.48
     1300       0.2053   5.48
     1301       0.2047   5.48
     1302       0.2056   5.48
     1303       0.2047   5.47
     1304       0.2047   5.47
     1305       0.2053   5.47
     1306       0.2048   5.48
     1307       0.2057   5.48
     1308       0.2049   5.47
     1309       0.2049   5.47
     1310       0.2055   5.47
     1311       0.2046   5.47
     1312       0.2053   5.47
     1313       0.2047   5.48
     1314       0.2047   5.48
     1315       0.2054   5.48
     1316       0.2048   5.48
     1317       0.2053   5.48
     1318       0.2047   5.48
     1319       0.2053   5.48
     1320       0.2048   5.48
     1321       0.2048   5.48
     1322       0.2056   5.48
     1323       0.2046   5.47
     1324       0.2054   5.47
     1325       0.2047   5.48
     1326       0.2046   5.48
     1327       0.2052   5.48
     1328       0.2048   5.48
     1329       0.2054   5.48
     1330       0.2047   5.48
     1331       0.2049   5.48
     1332       0.2055   5.48
     1333       0.2047   5.47
     1334       0.2054   5.47
     1335       0.2048   5.48
     1336       0.2057   5.48
     1337       0.2048   5.47
     1338       0.2046   5.47
     1339       0.2053   5.47
     1340       0.2048   5.48
     1341       0.2055   5.48
     1342       0.2047   5.48
     1343       0.2049   5.48
     1344       0.2060   5.48
     1345       0.2046   5.47
     1346       0.2054   5.47
     1347       0.2047   5.48
     1348       0.2047   5.48
     1349       0.2053   5.48
     1350       0.2047   5.48
     1351       0.2056   5.48
     1352       0.2046   5.48
     1353       0.2056   5.48
     1354       0.2047   5.48
     1355       0.2046   5.48
     1356       0.2053   5.48
     1357       0.2047   5.48
     1358       0.2053   5.48
     1359       0.2047   5.48
     1360       0.2047   5.48
     1361       0.2053   5.48
     1362       0.2047   5.48
     1363       0.2054   5.48
     1364       0.2048   5.48
     1365       0.2050   5.48
     1366       0.2055   5.48
     1367       0.2049   5.47
     1368       0.2056   5.47
     1369       0.2046   5.47
     1370       0.2053   5.47
     1371       0.2047   5.48
     1372       0.2046   5.48
     1373       0.2052   5.48
     1374       0.2046   5.48
     1375       0.2053   5.48
     1376       0.2047   5.48
     1377       0.2049   5.48
     1378       0.2056   5.48
     1379       0.2049   5.47
     1380       0.2056   5.47
     1381       0.2047   5.47
     1382       0.2047   5.47
     1383       0.2054   5.47
     1384       0.2047   5.48
     1385       0.2054   5.48
     1386       0.2047   5.48
     1387       0.2053   5.48
     1388       0.2047   5.48
     1389       0.2047   5.48
     1390       0.2052   5.48
     1391       0.2048   5.48
     1392       0.2056   5.48
     1393       0.2048   5.47
     1394       0.2046   5.47
     1395       0.2052   5.47
     1396       0.2046   5.48
     1397       0.2052   5.48
     1398       0.2045   5.48
     1399       0.2047   5.48
     1400       0.2055   5.48
     1401       0.2046   5.48
     1402       0.2056   5.48
     1403       0.2047   5.48
     1404       0.2052   5.48
     1405       0.2047   5.48
     1406       0.2048   5.48
     1407       0.2055   5.48
     1408       0.2049   5.48
     1409       0.2060   5.48
     1410       0.2047   5.47
     1411       0.2047   5.47
     1412       0.2056   5.47
     1413       0.2047   5.48
     1414       0.2053   5.48
     1415       0.2047   5.48
     1416       0.2046   5.48
     1417       0.2054   5.48
     1418       0.2048   5.48
     1419       0.2054   5.48
     1420       0.2047   5.48
     1421       0.2054   5.48
     1422       0.2047   5.48
     1423       0.2047   5.48
     1424       0.2053   5.48
     1425       0.2047   5.48
     1426       0.2053   5.48
     1427       0.2047   5.48
     1428       0.2050   5.48
     1429       0.2057   5.48
     1430       0.2046   5.47
     1431       0.2053   5.47
     1432       0.2047   5.48
     1433       0.2049   5.48
     1434       0.2056   5.48
     1435       0.2046   5.47
     1436       0.2053   5.47
     1437       0.2048   5.48
     1438       0.2057   5.48
     1439       0.2048   5.47
     1440       0.2047   5.47
     1441       0.2053   5.47
     1442       0.2047   5.48
     1443       0.2053   5.48
     1444       0.2047   5.48
     1445       0.2047   5.48
     1446       0.2053   5.48
     1447       0.2046   5.48
     1448       0.2052   5.48
     1449       0.2048   5.48
     1450       0.2049   5.48
     1451       0.2057   5.48
     1452       0.2045   5.47
     1453       0.2053   5.47
     1454       0.2047   5.48
     1455       0.2053   5.48
     1456       0.2046   5.48
     1457       0.2047   5.48
     1458       0.2053   5.48
     1459       0.2047   5.48
     1460       0.2057   5.48
     1461       0.2047   5.48
     1462       0.2048   5.48
     1463       0.2058   5.48
     1464       0.2050   5.47
     1465       0.2056   5.47
     1466       0.2048   5.47
     1467       0.2048   5.47
     1468       0.2052   5.47
     1469       0.2049   5.48
     1470       0.2060   5.48
     1471       0.2050   5.47
     1472       0.2059   5.47
     1473       0.2049   5.47
     1474       0.2046   5.47
     1475       0.2054   5.47
     1476       0.2048   5.48
     1477       0.2056   5.48
     1478       0.2048   5.47
     1479       0.2046   5.47
     1480       0.2121   5.47
     1481       0.2047   5.48
     1482       0.2053   5.48
     1483       0.2047   5.48
     1484       0.2053   5.48
     1485       0.2047   5.48
     1486       0.2046   5.48
     1487       0.2054   5.48
     1488       0.2046   5.48
     1489       0.2054   5.48
     1490       0.2046   5.48
     1491       0.2046   5.48
     1492       0.2053   5.48
     1493       0.2047   5.48
     1494       0.2053   5.48
     1495       0.2047   5.48
     1496       0.2046   5.48
     1497       0.2053   5.48
     1498       0.2047   5.48
     1499       0.2053   5.48
     1500       0.2047   5.48
     1501       0.2053   5.48
     1502       0.2045   5.48
     1503       0.2047   5.48
     1504       0.2053   5.48
     1505       0.2047   5.48
     1506       0.2054   5.48
     1507       0.2047   5.48
     1508       0.2049   5.48
     1509       0.2056   5.48
     1510       0.2049   5.47
     1511       0.2056   5.47
     1512       0.2048   5.47
     1513       0.2046   5.47
     1514       0.2053   5.47
     1515       0.2046   5.48
     1516       0.2054   5.48
     1517       0.2047   5.48
     1518       0.2056   5.48
     1519       0.2049   5.47
     1520       0.2046   5.47
     1521       0.2055   5.47
     1522       0.2048   5.48
     1523       0.2056   5.48
     1524       0.2047   5.48
     1525       0.2048   5.48
     1526       0.2057   5.48
     1527       0.2046   5.48
     1528       0.2053   5.48
     1529       0.2046   5.48
     1530       0.2047   5.48
     1531       0.2057   5.48
     1532       0.2046   5.48
     1533       0.2055   5.48
     1534       0.2047   5.48
     1535       0.2053   5.48
     1536       0.2047   5.48
     1537       0.2047   5.48
     1538       0.2053   5.48
     1539       0.2046   5.48
     1540       0.2053   5.48
     1541       0.2047   5.48
     1542       0.2047   5.48
     1543       0.2053   5.48
     1544       0.2047   5.48
     1545       0.2054   5.48
     1546       0.2047   5.48
     1547       0.2047   5.48
     1548       0.2054   5.48
     1549       0.2046   5.48
     1550       0.2053   5.48
     1551       0.2047   5.48
     1552       0.2053   5.48
     1553       0.2048   5.48
     1554       0.2047   5.48
     1555       0.2053   5.48
     1556       0.2046   5.48
     1557       0.2056   5.48
     1558       0.2046   5.48
     1559       0.2047   5.48
     1560       0.2053   5.48
     1561       0.2047   5.48
     1562       0.2054   5.48
     1563       0.2046   5.48
     1564       0.2046   5.48
     1565       0.2054   5.48
     1566       0.2047   5.48
     1567       0.2053   5.48
     1568       0.2046   5.48
     1569       0.2053   5.48
     1570       0.2046   5.48
     1571       0.2047   5.48
     1572       0.2052   5.48
     1573       0.2046   5.48
     1574       0.2053   5.48
     1575       0.2045   5.48
     1576       0.2046   5.48
     1577       0.2054   5.48
     1578       0.2047   5.48
     1579       0.2053   5.48
     1580       0.2047   5.48
     1581       0.2048   5.48
     1582       0.2057   5.48
     1583       0.2047   5.48
     1584       0.2054   5.48
     1585       0.2047   5.48
     1586       0.2053   5.48
     1587       0.2046   5.48
     1588       0.2047   5.48
     1589       0.2054   5.48
     1590       0.2047   5.48
     1591       0.2057   5.48
     1592       0.2046   5.48
     1593       0.2049   5.48
     1594       0.2058   5.48
     1595       0.2047   5.48
     1596       0.2053   5.48
     1597       0.2046   5.48
     1598       0.2047   5.48
     1599       0.2052   5.48
     1600       0.2047   5.48
     1601       0.2052   5.48
     1602       0.2047   5.48
     1603       0.2053   5.48
     1604       0.2047   5.48
     1605       0.2047   5.48
     1606       0.2056   5.48
     1607       0.2047   5.48
     1608       0.2053   5.48
     1609       0.2047   5.48
     1610       0.2047   5.48
     1611       0.2053   5.48
     1612       0.2047   5.48
     1613       0.2058   5.48
     1614       0.2049   5.48
     1615       0.2046   5.48
     1616       0.2054   5.48
     1617       0.2046   5.48
     1618       0.2054   5.48
     1619       0.2047   5.48
     1620       0.2053   5.48
     1621       0.2047   5.48
     1622       0.2047   5.48
     1623       0.2053   5.48
     1624       0.2047   5.48
     1625       0.2053   5.48
     1626       0.2046   5.48
     1627       0.2048   5.48
     1628       0.2055   5.48
     1629       0.2047   5.48
     1630       0.2053   5.48
     1631       0.2047   5.48
     1632       0.2047   5.48
     1633       0.2053   5.48
     1634       0.2047   5.48
     1635       0.2212   5.48
     1636       0.2048   5.48
     1637       0.2053   5.48
     1638       0.2047   5.48
     1639       0.2047   5.48
     1640       0.2055   5.48
     1641       0.2046   5.48
     1642       0.2054   5.48
     1643       0.2046   5.48
     1644       0.2048   5.48
     1645       0.2056   5.48
     1646       0.2048   5.48
     1647       0.2052   5.48
     1648       0.2046   5.48
     1649       0.2051   5.48
     1650       0.2058   5.48
     1651       0.2047   5.48
     1652       0.2056   5.48
     1653       0.2047   5.48
     1654       0.2052   5.48
     1655       0.2047   5.48
     1656       0.2046   5.48
     1657       0.2053   5.48
     1658       0.2047   5.48
     1659       0.2055   5.48
     1660       0.2050   5.48
     1661       0.2046   5.48
     1662       0.2053   5.48
     1663       0.2046   5.48
     1664       0.2053   5.48
     1665       0.2046   5.48
     1666       0.2050   5.48
     1667       0.2051   5.48
     1668       0.2047   5.48
     1669       0.2054   5.48
     1670       0.2047   5.48
     1671       0.2054   5.48
     1672       0.2047   5.48
     1673       0.2047   5.48
     1674       0.2055   5.48
     1675       0.2049   5.48
     1676       0.2056   5.48
     1677       0.2049   5.47
     1678       0.2046   5.47
     1679       0.2054   5.47
     1680       0.2047   5.47
     1681       0.2054   5.47
     1682       0.2047   5.48
     1683       0.2048   5.48
     1684       0.2047   5.48
     1685       0.2047   5.48
     1686       0.2052   5.48
     1687       0.2048   5.48
     1688       0.2054   5.48
     1689       0.2049   5.48
     1690       0.2047   5.48
     1691       0.2053   5.48
     1692       0.2047   5.48
     1693       0.2054   5.48
     1694       0.2047   5.48
     1695       0.2046   5.48
     1696       0.2147   5.48
     1697       0.2048   5.48
     1698       0.2053   5.48
     1699       0.2047   5.48
     1700       0.2055   5.48
     1701       0.2046   5.48
     1702       0.2048   5.48
     1703       0.2059   5.48
     1704       0.2048   5.48
     1705       0.2053   5.48
     1706       0.2047   5.47
     1707       0.2046   5.47
     1708       0.2053   5.47
     1709       0.2047   5.48
     1710       0.2058   5.48
     1711       0.2046   5.48
     1712       0.2047   5.48
     1713       0.2056   5.48
     1714       0.2047   5.48
     1715       0.2052   5.48
     1716       0.2047   5.48
     1717       0.2055   5.48
     1718       0.2048   5.48
     1719       0.2046   5.48
     1720       0.2053   5.48
     1721       0.2046   5.48
     1722       0.2056   5.48
     1723       0.2049   5.48
     1724       0.2046   5.48
     1725       0.2051   5.48
     1726       0.2047   5.47
     1727       0.2053   5.47
     1728       0.2047   5.48
     1729       0.2047   5.48
     1730       0.2056   5.48
     1731       0.2046   5.48
     1732       0.2053   5.48
     1733       0.2046   5.48
     1734       0.2055   5.48
     1735       0.2048   5.48
     1736       0.2049   5.48
     1737       0.2057   5.48
     1738       0.2048   5.47
     1739       0.2052   5.47
     1740       0.2047   5.47
     1741       0.2047   5.47
     1742       0.2053   5.47
     1743       0.2047   5.48
     1744       0.2053   5.48
     1745       0.2047   5.48
     1746       0.2048   5.48
     1747       0.2053   5.48
     1748       0.2048   5.48
     1749       0.2056   5.48
     1750       0.2049   5.48
     1751       0.2056   5.48
     1752       0.2050   5.47
     1753       0.2047   5.47
     1754       0.2052   5.47
     1755       0.2046   5.47
     1756       0.2052   5.47
     1757       0.2046   5.48
     1758       0.2047   5.48
     1759       0.2053   5.48
     1760       0.2048   5.48
     1761       0.2057   5.48
     1762       0.2050   5.48
     1763       0.2047   5.48
     1764       0.2055   5.48
     1765       0.2047   5.47
     1766       0.2056   5.47
     1767       0.2049   5.48
     1768       0.2052   5.48
     1769       0.2046   5.47
     1770       0.2047   5.47
     1771       0.2059   5.47
     1772       0.2047   5.48
     1773       0.2055   5.48
     1774       0.2046   5.48
     1775       0.2046   5.48
     1776       0.2054   5.48
     1777       0.2047   5.48
     1778       0.2054   5.48
     1779       0.2047   5.48
     1780       0.2048   5.48
     1781       0.2057   5.48
     1782       0.2050   5.48
     1783       0.2055   5.48
     1784       0.2049   5.47
     1785       0.2051   5.47
     1786       0.2046   5.48
     1787       0.2048   5.48
     1788       0.2055   5.48
     1789       0.2049   5.48
     1790       0.2056   5.48
     1791       0.2049   5.47
     1792       0.2046   5.47
     1793       0.2053   5.47
     1794       0.2047   5.47
     1795       0.2053   5.47
     1796       0.2046   5.48
     1797       0.2047   5.48
     1798       0.2052   5.48
     1799       0.2046   5.48
     1800       0.2054   5.48
     1801       0.2047   5.48
     1802       0.2053   5.48
     1803       0.2046   5.48
     1804       0.2046   5.48
     1805       0.2053   5.48
     1806       0.2047   5.48
     1807       0.2055   5.48
     1808       0.2050   5.48
     1809       0.2047   5.48
     1810       0.2054   5.48
     1811       0.2047   5.47
     1812       0.2052   5.47
     1813       0.2046   5.48
     1814       0.2047   5.48
     1815       0.2052   5.48
     1816       0.2047   5.48
     1817       0.2055   5.48
     1818       0.2050   5.48
     1819       0.2053   5.48
     1820       0.2047   5.47
     1821       0.2047   5.47
     1822       0.2057   5.47
     1823       0.2049   5.48
     1824       0.2054   5.48
     1825       0.2047   5.48
     1826       0.2047   5.48
     1827       0.2053   5.48
     1828       0.2047   5.48
     1829       0.2054   5.48
     1830       0.2046   5.48
     1831       0.2046   5.48
     1832       0.2057   5.48
     1833       0.2047   5.48
     1834       0.2055   5.48
     1835       0.2047   5.48
     1836       0.2053   5.48
     1837       0.2046   5.48
     1838       0.2046   5.48
     1839       0.2053   5.48
     1840       0.2047   5.48
     1841       0.2053   5.48
     1842       0.2046   5.48
     1843       0.2047   5.48
     1844       0.2055   5.48
     1845       0.2049   5.48
     1846       0.2054   5.48
     1847       0.2047   5.47
     1848       0.2047   5.47
     1849       0.2054   5.47
     1850       0.2048   5.48
     1851       0.2055   5.48
     1852       0.2049   5.48
     1853       0.2056   5.48
     1854       0.2049   5.47
     1855       0.2047   5.47
     1856       0.2053   5.47
     1857       0.2046   5.47
     1858       0.2054   5.47
     1859       0.2047   5.48
     1860       0.2047   5.48
     1861       0.2053   5.48
     1862       0.2046   5.48
     1863       0.2055   5.48
     1864       0.2050   5.48
     1865       0.2046   5.48
     1866       0.2053   5.48
     1867       0.2047   5.47
     1868       0.2053   5.47
     1869       0.2046   5.48
     1870       0.2053   5.48
     1871       0.2047   5.48
     1872       0.2046   5.48
     1873       0.2052   5.48
     1874       0.2047   5.48
     1875       0.2054   5.48
     1876       0.2046   5.48
     1877       0.2047   5.48
     1878       0.2056   5.48
     1879       0.2050   5.48
     1880       0.2053   5.48
     1881       0.2046   5.47
     1882       0.2047   5.47
     1883       0.2058   5.47
     1884       0.2049   5.48
     1885       0.2057   5.48
     1886       0.2049   5.47
     1887       0.2056   5.47
     1888       0.2046   5.47
     1889       0.2047   5.47
     1890       0.2057   5.47
     1891       0.2046   5.48
     1892       0.2056   5.48
     1893       0.2046   5.48
     1894       0.2048   5.48
     1895       0.2056   5.48
     1896       0.2050   5.48
     1897       0.2053   5.48
     1898       0.2048   5.47
     1899       0.2048   5.47
     1900       0.2052   5.47
     1901       0.2048   5.48
     1902       0.2055   5.48
     1903       0.2049   5.48
     1904       0.2053   5.48
     1905       0.2046   5.47
     1906       0.2047   5.47
     1907       0.2053   5.47
     1908       0.2047   5.48
     1909       0.2053   5.48
     1910       0.2046   5.48
     1911       0.2048   5.48
     1912       0.2056   5.48
     1913       0.2049   5.48
     1914       0.2056   5.48
     1915       0.2049   5.47
     1916       0.2050   5.47
     1917       0.2054   5.47
     1918       0.2048   5.47
     1919       0.2053   5.47
     1920       0.2047   5.47
     1921       0.2054   5.47
     1922       0.2047   5.48
     1923       0.2047   5.48
     1924       0.2054   5.48
     1925       0.2047   5.48
     1926       0.2054   5.48
     1927       0.2047   5.48
     1928       0.2047   5.48
     1929       0.2053   5.48
     1930       0.2047   5.48
     1931       0.2052   5.48
     1932       0.2046   5.48
     1933       0.2047   5.48
     1934       0.2051   5.48
     1935       0.2047   5.48
     1936       0.2053   5.48
     1937       0.2046   5.48
     1938       0.2053   5.48
     1939       0.2045   5.48
     1940       0.2046   5.48
     1941       0.2055   5.48
     1942       0.2047   5.48
     1943       0.2056   5.48
     1944       0.2049   5.48
     1945       0.2047   5.48
     1946       0.2054   5.48
     1947       0.2046   5.47
     1948       0.2055   5.47
     1949       0.2049   5.48
     1950       0.2052   5.48
     1951       0.2059   5.48
     1952       0.2049   5.47
     1953       0.2055   5.47
     1954       0.2047   5.47
     1955       0.2053   5.47
     1956       0.2046   5.48
     1957       0.2046   5.48
     1958       0.2052   5.48
     1959       0.2047   5.48
     1960       0.2053   5.48
     1961       0.2046   5.48
     1962       0.2047   5.48
     1963       0.2055   5.48
     1964       0.2049   5.48
     1965       0.2052   5.48
     1966       0.2046   5.47
     1967       0.2048   5.47
     1968       0.2051   5.47
     1969       0.2046   5.48
     1970       0.2058   5.48
     1971       0.2049   5.48
     1972       0.2053   5.48
     1973       0.2047   5.47
     1974       0.2047   5.47
     1975       0.2054   5.47
     1976       0.2049   5.48
     1977       0.2052   5.48
     1978       0.2046   5.47
     1979       0.2047   5.47
     1980       0.2053   5.47
     1981       0.2048   5.48
     1982       0.2054   5.48
     1983       0.2046   5.48
     1984       0.2048   5.48
     1985       0.2051   5.48
     1986       0.2047   5.48
     1987       0.2051   5.48
     1988       0.2045   5.48
     1989       0.2052   5.48
     1990       0.2046   5.48
     1991       0.2047   5.48
     1992       0.2055   5.48
     1993       0.2049   5.48
     1994       0.2053   5.48
     1995       0.2047   5.47
     1996       0.2046   5.47
     1997       0.2053   5.47
     1998       0.2047   5.48
     1999       0.2053   5.48
     2000       0.2047   5.48
     2001       0.2049   5.48
     2002       0.2056   5.48
     2003       0.2048   5.48
     2004       0.2054   5.48
     2005       0.2046   5.47
     2006       0.2054   5.47
     2007       0.2048   5.48
     2008       0.2050   5.48
     2009       0.2057   5.48
     2010       0.2050   5.47
     2011       0.2058   5.47
     2012       0.2046   5.47
     2013       0.2046   5.47
     2014       0.2056   5.47
     2015       0.2047   5.48
     2016       0.2052   5.48
     2017       0.2046   5.48
     2018       0.2048   5.48
     2019       0.2052   5.48
     2020       0.2046   5.48
     2021       0.2055   5.48
     2022       0.2050   5.48
     2023       0.2054   5.48
     2024       0.2046   5.47
     2025       0.2047   5.47
     2026       0.2052   5.47
     2027       0.2047   5.48
     2028       0.2054   5.48
     2029       0.2048   5.48
     2030       0.2047   5.48
     2031       0.2055   5.48
     2032       0.2049   5.48
     2033       0.2054   5.48
     2034       0.2047   5.47
     2035       0.2049   5.47
     2036       0.2049   5.48
     2037       0.2049   5.48
     2038       0.2052   5.48
     2039       0.2046   5.47
     2040       0.2053   5.47
     2041       0.2046   5.48
     2042       0.2047   5.48
     2043       0.2053   5.48
     2044       0.2047   5.48
     2045       0.2054   5.48
     2046       0.2047   5.48
     2047       0.2047   5.48
     2048       0.2052   5.48
     2049       0.2047   5.48
     2050       0.2053   5.48
     2051       0.2049   5.48
     2052       0.2056   5.48
     2053       0.2050   5.47
     2054       0.2050   5.47
     2055       0.2055   5.47
     2056       0.2049   5.47
     2057       0.2054   5.47
     2058       0.2047   5.47
     2059       0.2047   5.47
     2060       0.2057   5.47
     2061       0.2050   5.48
     2062       0.2057   5.48
     2063       0.2047   5.47
     2064       0.2048   5.47
     2065       0.2055   5.47
     2066       0.2049   5.48
     2067       0.2052   5.48
     2068       0.2047   5.47
     2069       0.2058   5.47
     2070       0.2047   5.48
     2071       0.2047   5.48
     2072       0.2057   5.48
     2073       0.2046   5.48
     2074       0.2053   5.48
     2075       0.2047   5.48
     2076       0.2046   5.48
     2077       0.2054   5.48
     2078       0.2047   5.48
     2079       0.2053   5.48
     2080       0.2046   5.48
     2081       0.2047   5.48
     2082       0.2053   5.48
     2083       0.2047   5.48
     2084       0.2054   5.48
     2085       0.2048   5.48
     2086       0.2055   5.48
     2087       0.2050   5.47
     2088       0.2049   5.47
     2089       0.2054   5.47
     2090       0.2047   5.47
     2091       0.2057   5.47
     2092       0.2047   5.48
     2093       0.2047   5.48
     2094       0.2052   5.48
     2095       0.2046   5.48
     2096       0.2054   5.48
     2097       0.2049   5.48
     2098       0.2048   5.48
     2099       0.2055   5.48
     2100       0.2049   5.47
     2101       0.2054   5.47
     2102       0.2047   5.47
     2103       0.2053   5.47
     2104       0.2045   5.48
     2105       0.2047   5.48
     2106       0.2054   5.48
     2107       0.2049   5.48
     2108       0.2054   5.48
     2109       0.2047   5.47
     2110       0.2046   5.47
     2111       0.2054   5.47
     2112       0.2049   5.48
     2113       0.2053   5.48
     2114       0.2047   5.47
     2115       0.2047   5.47
     2116       0.2053   5.47
     2117       0.2047   5.48
     2118       0.2054   5.48
     2119       0.2046   5.48
     2120       0.2056   5.48
     2121       0.2048   5.48
     2122       0.2050   5.48
     2123       0.2056   5.48
     2124       0.2047   5.47
     2125       0.2054   5.47
     2126       0.2048   5.48
     2127       0.2050   5.48
     2128       0.2055   5.48
     2129       0.2050   5.47
     2130       0.2059   5.47
     2131       0.2046   5.47
     2132       0.2047   5.47
     2133       0.2057   5.47
     2134       0.2050   5.48
     2135       0.2056   5.48
     2136       0.2050   5.47
     2137       0.2056   5.47
     2138       0.2049   5.47
     2139       0.2049   5.47
     2140       0.2053   5.47
     2141       0.2046   5.47
     2142       0.2053   5.47
     2143       0.2047   5.48
     2144       0.2047   5.48
     2145       0.2052   5.48
     2146       0.2047   5.48
     2147       0.2054   5.48
     2148       0.2049   5.48
     2149       0.2049   5.48
     2150       0.2053   5.48
     2151       0.2046   5.47
     2152       0.2052   5.47
     2153       0.2046   5.48
     2154       0.2053   5.48
     2155       0.2049   5.48
     2156       0.2050   5.48
     2157       0.2053   5.48
     2158       0.2046   5.47
     2159       0.2054   5.47
     2160       0.2047   5.48
     2161       0.2047   5.48
     2162       0.2053   5.48
     2163       0.2046   5.48
     2164       0.2052   5.48
     2165       0.2047   5.48
     2166       0.2047   5.48
     2167       0.2053   5.48
     2168       0.2047   5.48
     2169       0.2054   5.48
     2170       0.2049   5.48
     2171       0.2056   5.48
     2172       0.2049   5.47
     2173       0.2050   5.47
     2174       0.2054   5.47
     2175       0.2046   5.47
     2176       0.2053   5.47
     2177       0.2046   5.48
     2178       0.2047   5.48
     2179       0.2054   5.48
     2180       0.2048   5.48
     2181       0.2054   5.48
     2182       0.2046   5.48
     2183       0.2047   5.48
     2184       0.2055   5.48
     2185       0.2047   5.48
     2186       0.2053   5.48
     2187       0.2046   5.48
     2188       0.2053   5.48
     2189       0.2047   5.48
     2190       0.2046   5.48
     2191       0.2057   5.48
     2192       0.2047   5.48
     2193       0.2055   5.48
     2194       0.2049   5.48
     2195       0.2050   5.48
     2196       0.2053   5.48
     2197       0.2047   5.47
     2198       0.2054   5.47
     2199       0.2047   5.48
     2200       0.2047   5.48
     2201       0.2053   5.48
     2202       0.2046   5.48
     2203       0.2052   5.48
     2204       0.2047   5.48
     2205       0.2053   5.48
     2206       0.2047   5.48
     2207       0.2047   5.48
     2208       0.2054   5.48
     2209       0.2047   5.48
     2210       0.2052   5.48
     2211       0.2047   5.48
     2212       0.2048   5.48
     2213       0.2053   5.48
     2214       0.2047   5.48
     2215       0.2053   5.48
     2216       0.2046   5.48
     2217       0.2047   5.48
     2218       0.2055   5.48
     2219       0.2049   5.48
     2220       0.2055   5.48
     2221       0.2049   5.47
     2222       0.2150   5.47
     2223       0.2049   5.47
     2224       0.2050   5.47
     2225       0.2055   5.47
     2226       0.2047   5.47
     2227       0.2054   5.47
     2228       0.2046   5.48
     2229       0.2047   5.48
     2230       0.2052   5.48
     2231       0.2046   5.48
     2232       0.2054   5.48
     2233       0.2047   5.48
     2234       0.2049   5.48
     2235       0.2051   5.48
     2236       0.2047   5.48
     2237       0.2053   5.48
     2238       0.2047   5.48
     2239       0.2052   5.48
     2240       0.2047   5.48
     2241       0.2047   5.48
     2242       0.2055   5.48
     2243       0.2047   5.48
     2244       0.2056   5.48
     2245       0.2049   5.48
     2246       0.2049   5.48
     2247       0.2053   5.48
     2248       0.2047   5.47
     2249       0.2054   5.47
     2250       0.2047   5.48
     2251       0.2049   5.48
     2252       0.2056   5.48
     2253       0.2047   5.48
     2254       0.2057   5.48
     2255       0.2047   5.48
     2256       0.2069   5.48
     2257       0.2048   5.48
     2258       0.2047   5.48
     2259       0.2053   5.48
     2260       0.2047   5.48
     2261       0.2054   5.48
     2262       0.2048   5.48
     2263       0.2050   5.48
     2264       0.2054   5.48
     2265       0.2047   5.47
     2266       0.2054   5.47
     2267       0.2047   5.48
     2268       0.2053   5.48
     2269       0.2046   5.48
     2270       0.2047   5.48
     2271       0.2054   5.48
     2272       0.2048   5.48
     2273       0.2053   5.48
     2274       0.2045   5.48
     2275       0.2047   5.48
     2276       0.2054   5.48
     2277       0.2050   5.48
     2278       0.2056   5.48
     2279       0.2049   5.47
     2280       0.2049   5.47
     2281       0.2053   5.47
     2282       0.2047   5.47
     2283       0.2053   5.47
     2284       0.2047   5.48
     2285       0.2053   5.48
     2286       0.2047   5.48
     2287       0.2047   5.48
     2288       0.2054   5.48
     2289       0.2046   5.48
     2290       0.2055   5.48
     2291       0.2047   5.48
     2292       0.2047   5.48
     2293       0.2053   5.48
     2294       0.2047   5.48
     2295       0.2054   5.48
     2296       0.2048   5.48
     2297       0.2049   5.48
     2298       0.2054   5.48
     2299       0.2046   5.47
     2300       0.2054   5.47
     2301       0.2047   5.48
     2302       0.2056   5.48
     2303       0.2046   5.48
     2304       0.2047   5.48
     2305       0.2055   5.48
     2306       0.2048   5.48
     2307       0.2056   5.48
     2308       0.2049   5.47
     2309       0.2049   5.47
     2310       0.2060   5.47
     2311       0.2049   5.47
     2312       0.2057   5.47
     2313       0.2044   5.47
     2314       0.2046   5.47
     2315       0.2053   5.47
     2316       0.2047   5.48
     2317       0.2054   5.48
     2318       0.2048   5.48
     2319       0.2057   5.48
     2320       0.2047   5.47
     2321       0.2047   5.47
     2322       0.2053   5.47
     2323       0.2047   5.48
     2324       0.2053   5.48
     2325       0.2047   5.48
     2326       0.2047   5.48
     2327       0.2053   5.48
     2328       0.2049   5.48
     2329       0.2056   5.48
     2330       0.2045   5.47
     2331       0.2046   5.47
     2332       0.2054   5.47
     2333       0.2047   5.48
     2334       0.2053   5.48
     2335       0.2047   5.48
     2336       0.2053   5.48
     2337       0.2046   5.48
     2338       0.2047   5.48
     2339       0.2053   5.48
     2340       0.2047   5.48
     2341       0.2053   5.48
     2342       0.2047   5.48
     2343       0.2047   5.48
     2344       0.2053   5.48
     2345       0.2047   5.48
     2346       0.2053   5.48
     2347       0.2047   5.48
     2348       0.2047   5.48
     2349       0.2053   5.48
     2350       0.2046   5.48
     2351       0.2055   5.48
     2352       0.2048   5.48
     2353       0.2057   5.48
     2354       0.2047   5.47
     2355       0.2047   5.47
     2356       0.2054   5.47
     2357       0.2046   5.48
     2358       0.2053   5.48
     2359       0.2047   5.48
     2360       0.2046   5.48
     2361       0.2056   5.48
     2362       0.2046   5.48
     2363       0.2055   5.48
     2364       0.2048   5.48
     2365       0.2049   5.48
     2366       0.2056   5.48
     2367       0.2049   5.47
     2368       0.2056   5.47
     2369       0.2046   5.47
     2370       0.2058   5.47
     2371       0.2047   5.48
     2372       0.2047   5.48
     2373       0.2056   5.48
     2374       0.2049   5.48
     2375       0.2056   5.48
     2376       0.2045   5.47
     2377       0.2046   5.47
     2378       0.2054   5.47
     2379       0.2047   5.48
     2380       0.2053   5.48
     2381       0.2047   5.48
     2382       0.2047   5.48
     2383       0.2054   5.48
     2384       0.2049   5.48
     2385       0.2054   5.48
     2386       0.2046   5.47
     2387       0.2053   5.47
     2388       0.2047   5.48
     2389       0.2047   5.48
     2390       0.2054   5.48
     2391       0.2046   5.48
     2392       0.2056   5.48
     2393       0.2047   5.48
     2394       0.2047   5.48
     2395       0.2053   5.48
     2396       0.2046   5.48
     2397       0.2053   5.48
     2398       0.2047   5.48
     2399       0.2049   5.48
     2400       0.2056   5.48
     2401       0.2050   5.47
     2402       0.2055   5.47
     2403       0.2046   5.47
     2404       0.2053   5.47
     2405       0.2047   5.48
     2406       0.2047   5.48
     2407       0.2054   5.48
     2408       0.2047   5.48
     2409       0.2054   5.48
     2410       0.2047   5.48
     2411       0.2046   5.48
     2412       0.2054   5.48
     2413       0.2049   5.48
     2414       0.2057   5.48
     2415       0.2049   5.47
     2416       0.2049   5.47
     2417       0.2054   5.47
     2418       0.2047   5.47
     2419       0.2054   5.47
     2420       0.2047   5.48
     2421       0.2056   5.48
     2422       0.2048   5.48
     2423       0.2050   5.48
     2424       0.2058   5.48
     2425       0.2046   5.47
     2426       0.2054   5.47
     2427       0.2047   5.48
     2428       0.2047   5.48
     2429       0.2054   5.48
     2430       0.2047   5.48
     2431       0.2057   5.48
     2432       0.2047   5.48
     2433       0.2048   5.48
     2434       0.2057   5.48
     2435       0.2047   5.48
     2436       0.2054   5.48
     2437       0.2048   5.48
     2438       0.2057   5.48
     2439       0.2047   5.47
     2440       0.2047   5.47
     2441       0.2053   5.47
     2442       0.2046   5.48
     2443       0.2054   5.48
     2444       0.2047   5.48
     2445       0.2046   5.48
     2446       0.2055   5.48
     2447       0.2049   5.48
     2448       0.2056   5.48
     2449       0.2049   5.47
     2450       0.2049   5.47
     2451       0.2059   5.47
     2452       0.2046   5.47
     2453       0.2056   5.47
     2454       0.2047   5.48
     2455       0.2052   5.48
     2456       0.2047   5.48
     2457       0.2049   5.48
     2458       0.2056   5.48
     2459       0.2046   5.47
     2460       0.2053   5.47
     2461       0.2046   5.48
     2462       0.2047   5.48
     2463       0.2053   5.48
     2464       0.2049   5.48
     2465       0.2055   5.48
     2466       0.2050   5.47
     2467       0.2049   5.47
     2468       0.2054   5.47
     2469       0.2046   5.47
     2470       0.2054   5.47
     2471       0.2047   5.48
     2472       0.2053   5.48
     2473       0.2046   5.48
     2474       0.2047   5.48
     2475       0.2053   5.48
     2476       0.2047   5.48
     2477       0.2053   5.48
     2478       0.2047   5.48
     2479       0.2050   5.48
     2480       0.2057   5.48
     2481       0.2046   5.47
     2482       0.2056   5.47
     2483       0.2047   5.48
     2484       0.2048   5.48
     2485       0.2053   5.48
     2486       0.2047   5.47
     2487       0.2052   5.47
     2488       0.2047   5.48
     2489       0.2058   5.48
     2490       0.2047   5.48
     2491       0.2049   5.48
     2492       0.2058   5.48
     2493       0.2050   5.47
     2494       0.2056   5.47
     2495       0.2046   5.47
     2496       0.2046   5.47
     2497       0.2053   5.47
     2498       0.2047   5.48
     2499       0.2053   5.48
     2500       0.2047   5.48
     2501       0.2047   5.48
     2502       0.2052   5.48
     2503       0.2047   5.48
     2504       0.2053   5.48
     2505       0.2047   5.48
     2506       0.2054   5.48
     2507       0.2047   5.48
     2508       0.2049   5.48
     2509       0.2056   5.48
     2510       0.2046   5.47
     2511       0.2053   5.47
     2512       0.2047   5.48
     2513       0.2049   5.48
     2514       0.2055   5.48
     2515       0.2046   5.47
     2516       0.2053   5.47
     2517       0.2046   5.48
     2518       0.2046   5.48
     2519       0.2052   5.48
     2520       0.2047   5.48
     2521       0.2053   5.48
     2522       0.2047   5.48
     2523       0.2054   5.48
     2524       0.2047   5.48
     2525       0.2046   5.48
     2526       0.2053   5.48
     2527       0.2046   5.48
     2528       0.2053   5.48
     2529       0.2046   5.48
     2530       0.2047   5.48
     2531       0.2054   5.48
     2532       0.2047   5.48
     2533       0.2053   5.48
     2534       0.2048   5.48
     2535       0.2049   5.48
     2536       0.2055   5.48
     2537       0.2047   5.47
     2538       0.2053   5.47
     2539       0.2047   5.48
     2540       0.2056   5.48
     2541       0.2047   5.48
     2542       0.2049   5.48
     2543       0.2058   5.48
     2544       0.2046   5.47
     2545       0.2054   5.47
     2546       0.2047   5.48
     2547       0.2048   5.48
     2548       0.2054   5.48
     2549       0.2047   5.48
     2550       0.2057   5.48
     2551       0.2047   5.48
     2552       0.2050   5.48
     2553       0.2058   5.48
     2554       0.2046   5.47
     2555       0.2053   5.47
     2556       0.2047   5.48
     2557       0.2053   5.48
     2558       0.2047   5.48
     2559       0.2049   5.48
     2560       0.2055   5.48
     2561       0.2046   5.47
     2562       0.2053   5.47
     2563       0.2048   5.48
     2564       0.2049   5.48
     2565       0.2056   5.48
     2566       0.2046   5.47
     2567       0.2056   5.47
     2568       0.2047   5.48
     2569       0.2046   5.48
     2570       0.2053   5.48
     2571       0.2047   5.48
     2572       0.2052   5.48
     2573       0.2046   5.48
     2574       0.2053   5.48
     2575       0.2047   5.48
     2576       0.2047   5.48
     2577       0.2054   5.48
     2578       0.2047   5.48
     2579       0.2053   5.48
     2580       0.2048   5.48
     2581       0.2047   5.48
     2582       0.2053   5.48
     2583       0.2046   5.48
     2584       0.2053   5.48
     2585       0.2049   5.48
     2586       0.2049   5.48
     2587       0.2054   5.48
     2588       0.2046   5.47
     2589       0.2053   5.47
     2590       0.2047   5.48
     2591       0.2055   5.48
     2592       0.2048   5.47
     2593       0.2047   5.47
     2594       0.2054   5.47
     2595       0.2048   5.48
     2596       0.2054   5.48
     2597       0.2048   5.48
     2598       0.2050   5.48
     2599       0.2055   5.48
     2600       0.2045   5.47
     2601       0.2055   5.47
     2602       0.2047   5.48
     2603       0.2047   5.48
     2604       0.2056   5.48
     2605       0.2048   5.48
     2606       0.2058   5.48
     2607       0.2050   5.47
     2608       0.2056   5.47
     2609       0.2050   5.47
     2610       0.2049   5.47
     2611       0.2059   5.47
     2612       0.2050   5.47
     2613       0.2059   5.47
     2614       0.2048   5.47
     2615       0.2046   5.47
     2616       0.2054   5.47
     2617       0.2047   5.48
     2618       0.2053   5.48
     2619       0.2047   5.48
     2620       0.2047   5.48
     2621       0.2052   5.48
     2622       0.2047   5.48
     2623       0.2053   5.48
     2624       0.2046   5.48
     2625       0.2055   5.48
     2626       0.2046   5.48
     2627       0.2047   5.48
     2628       0.2052   5.48
     2629       0.2047   5.48
     2630       0.2053   5.48
     2631       0.2046   5.48
     2632       0.2047   5.48
     2633       0.2053   5.48
     2634       0.2046   5.48
     2635       0.2053   5.48
     2636       0.2047   5.48
     2637       0.2048   5.48
     2638       0.2051   5.48
     2639       0.2048   5.48
     2640       0.2056   5.48
     2641       0.2047   5.47
     2642       0.2054   5.47
     2643       0.2047   5.48
     2644       0.2047   5.48
     2645       0.2055   5.48
     2646       0.2047   5.48
     2647       0.2054   5.48
     2648       0.2047   5.48
     2649       0.2048   5.48
     2650       0.2054   5.48
     2651       0.2049   5.48
     2652       0.2056   5.48
     2653       0.2049   5.47
     2654       0.2051   5.47
     2655       0.2049   5.47
     2656       0.2046   5.47
     2657       0.2053   5.47
     2658       0.2046   5.48
     2659       0.2053   5.48
     2660       0.2047   5.48
     2661       0.2046   5.48
     2662       0.2056   5.48
     2663       0.2047   5.48
     2664       0.2058   5.48
     2665       0.2047   5.48
     2666       0.2047   5.48
     2667       0.2052   5.48
     2668       0.2049   5.48
     2669       0.2056   5.48
     2670       0.2047   5.47
     2671       0.2058   5.47
     2672       0.2047   5.48
     2673       0.2047   5.48
     2674       0.2057   5.48
     2675       0.2047   5.48
     2676       0.2053   5.48
     2677       0.2046   5.48
     2678       0.2047   5.48
     2679       0.2053   5.48
     2680       0.2047   5.48
     2681       0.2053   5.48
     2682       0.2046   5.48
     2683       0.2046   5.48
     2684       0.2054   5.48
     2685       0.2049   5.48
     2686       0.2054   5.48
     2687       0.2049   5.47
     2688       0.2056   5.47
     2689       0.2048   5.47
     2690       0.2046   5.47
     2691       0.2052   5.47
     2692       0.2047   5.48
     2693       0.2054   5.48
     2694       0.2047   5.48
     2695       0.2047   5.48
     2696       0.2052   5.48
     2697       0.2047   5.48
     2698       0.2052   5.48
     2699       0.2047   5.48
     2700       0.2047   5.48
     2701       0.2053   5.48
     2702       0.2048   5.48
     2703       0.2056   5.48
     2704       0.2047   5.47
     2705       0.2054   5.47
     2706       0.2047   5.48
     2707       0.2049   5.48
     2708       0.2149   5.48
     2709       0.2047   5.47
     2710       0.2053   5.47
     2711       0.2047   5.48
     2712       0.2047   5.48
     2713       0.2053   5.48
     2714       0.2047   5.48
     2715       0.2053   5.48
     2716       0.2047   5.48
     2717       0.2047   5.48
     2718       0.2053   5.48
     2719       0.2048   5.48
     2720       0.2056   5.48
     2721       0.2048   5.48
     2722       0.2067   5.48
     2723       0.2047   5.48
     2724       0.2047   5.48
     2725       0.2052   5.48
     2726       0.2047   5.48
     2727       0.2053   5.48
     2728       0.2048   5.48
     2729       0.2049   5.48
     2730       0.2059   5.48
     2731       0.2046   5.47
     2732       0.2057   5.47
     2733       0.2048   5.48
     2734       0.2046   5.48
     2735       0.2053   5.48
     2736       0.2047   5.48
     2737       0.2054   5.48
     2738       0.2047   5.48
     2739       0.2054   5.48
     2740       0.2047   5.48
     2741       0.2048   5.48
     2742       0.2056   5.48
     2743       0.2049   5.47
     2744       0.2056   5.47
     2745       0.2049   5.47
     2746       0.2050   5.47
     2747       0.2055   5.47
     2748       0.2047   5.47
     2749       0.2054   5.47
     2750       0.2048   5.48
     2751       0.2047   5.48
     2752       0.2052   5.48
     2753       0.2048   5.48
     2754       0.2055   5.48
     2755       0.2049   5.47
     2756       0.2053   5.47
     2757       0.2047   5.48
     2758       0.2046   5.48
     2759       0.2053   5.48
     2760       0.2047   5.48
     2761       0.2054   5.48
     2762       0.2047   5.48
     2763       0.2048   5.48
     2764       0.2056   5.48
     2765       0.2046   5.47
     2766       0.2053   5.47
     2767       0.2047   5.48
     2768       0.2047   5.48
     2769       0.2055   5.48
     2770       0.2049   5.48
     2771       0.2056   5.48
     2772       0.2048   5.47
     2773       0.2054   5.47
     2774       0.2046   5.48
     2775       0.2048   5.48
     2776       0.2057   5.48
     2777       0.2050   5.47
     2778       0.2056   5.47
     2779       0.2049   5.47
     2780       0.2046   5.47
     2781       0.2055   5.47
     2782       0.2047   5.47
     2783       0.2055   5.47
     2784       0.2046   5.48
     2785       0.2049   5.48
     2786       0.2055   5.48
     2787       0.2047   5.48
     2788       0.2054   5.48
     2789       0.2048   5.48
     2790       0.2058   5.48
     2791       0.2047   5.48
     2792       0.2048   5.48
     2793       0.2058   5.48
     2794       0.2049   5.47
     2795       0.2056   5.47
     2796       0.2049   5.47
     2797       0.2046   5.47
     2798       0.2053   5.47
     2799       0.2046   5.48
     2800       0.2053   5.48
     2801       0.2047   5.48
     2802       0.2047   5.48
     2803       0.2053   5.48
     2804       0.2046   5.48
     2805       0.2053   5.48
     2806       0.2047   5.48
     2807       0.2055   5.48
     2808       0.2048   5.48
     2809       0.2049   5.48
     2810       0.2057   5.48
     2811       0.2047   5.47
     2812       0.2053   5.47
     2813       0.2047   5.47
     2814       0.2047   5.47
     2815       0.2053   5.47
     2816       0.2047   5.48
     2817       0.2054   5.48
     2818       0.2048   5.48
     2819       0.2047   5.48
     2820       0.2053   5.48
     2821       0.2048   5.48
     2822       0.2055   5.48
     2823       0.2047   5.48
     2824       0.2054   5.48
     2825       0.2047   5.48
     2826       0.2047   5.48
     2827       0.2054   5.48
     2828       0.2047   5.48
     2829       0.2054   5.48
     2830       0.2047   5.48
     2831       0.2047   5.48
     2832       0.2053   5.48
     2833       0.2047   5.48
     2834       0.2057   5.48
     2835       0.2049   5.47
     2836       0.2046   5.47
     2837       0.2053   5.47
     2838       0.2048   5.47
     2839       0.2056   5.47
     2840       0.2050   5.48
     2841       0.2058   5.48
     2842       0.2049   5.47
     2843       0.2049   5.47
     2844       0.2057   5.47
     2845       0.2046   5.47
     2846       0.2053   5.47
     2847       0.2046   5.48
     2848       0.2046   5.48
     2849       0.2054   5.48
     2850       0.2048   5.48
     2851       0.2060   5.48
     2852       0.2048   5.48
     2853       0.2047   5.48
     2854       0.2053   5.48
     2855       0.2047   5.48
     2856       0.2053   5.48
     2857       0.2046   5.48
     2858       0.2055   5.48
     2859       0.2047   5.48
     2860       0.2048   5.48
     2861       0.2056   5.48
     2862       0.2049   5.48
     2863       0.2058   5.48
     2864       0.2048   5.47
     2865       0.2046   5.47
     2866       0.2053   5.47
     2867       0.2048   5.48
     2868       0.2053   5.48
     2869       0.2047   5.48
     2870       0.2048   5.48
     2871       0.2052   5.48
     2872       0.2047   5.48
     2873       0.2054   5.48
     2874       0.2047   5.48
     2875       0.2054   5.48
     2876       0.2047   5.48
     2877       0.2047   5.48
     2878       0.2067   5.48
     2879       0.2047   5.48
     2880       0.2052   5.48
     2881       0.2046   5.48
     2882       0.2047   5.48
     2883       0.2052   5.48
     2884       0.2048   5.48
     2885       0.2057   5.48
     2886       0.2049   5.48
     2887       0.2053   5.48
     2888       0.2046   5.47
     2889       0.2048   5.47
     2890       0.2056   5.47
     2891       0.2050   5.48
     2892       0.2056   5.48
     2893       0.2050   5.47
     2894       0.2047   5.47
     2895       0.2054   5.47
     2896       0.2048   5.47
     2897       0.2054   5.47
     2898       0.2047   5.48
     2899       0.2048   5.48
     2900       0.2058   5.48
     2901       0.2049   5.47
     2902       0.2058   5.47
     2903       0.2049   5.47
     2904       0.2054   5.47
     2905       0.2047   5.47
     2906       0.2046   5.47
     2907       0.2054   5.47
     2908       0.2047   5.48
     2909       0.2057   5.48
     2910       0.2046   5.48
     2911       0.2047   5.48
     2912       0.2056   5.48
     2913       0.2047   5.48
     2914       0.2053   5.48
     2915       0.2047   5.48
     2916       0.2048   5.48
     2917       0.2056   5.48
     2918       0.2050   5.48
     2919       0.2055   5.48
     2920       0.2050   5.47
     2921       0.2057   5.47
     2922       0.2049   5.47
     2923       0.2047   5.47
     2924       0.2055   5.47
     2925       0.2048   5.47
     2926       0.2054   5.47
     2927       0.2046   5.48
     2928       0.2048   5.48
     2929       0.2055   5.48
     2930       0.2049   5.48
     2931       0.2056   5.48
     2932       0.2049   5.47
     2933       0.2047   5.47
     2934       0.2054   5.47
     2935       0.2047   5.47
     2936       0.2056   5.47
     2937       0.2049   5.48
     2938       0.2054   5.48
     2939       0.2047   5.47
     2940       0.2047   5.47
     2941       0.2053   5.47
     2942       0.2047   5.48
     2943       0.2053   5.48
     2944       0.2047   5.48
     2945       0.2047   5.48
     2946       0.2054   5.48
     2947       0.2047   5.48
     2948       0.2055   5.48
     2949       0.2049   5.48
     2950       0.2049   5.48
     2951       0.2055   5.48
     2952       0.2051   5.47
     2953       0.2056   5.47
     2954       0.2049   5.47
     2955       0.2056   5.47
     2956       0.2050   5.47
     2957       0.2047   5.47
     2958       0.2054   5.47
     2959       0.2048   5.47
     2960       0.2057   5.47
     2961       0.2049   5.48
     2962       0.2050   5.48
     2963       0.2059   5.48
     2964       0.2049   5.47
     2965       0.2054   5.47
     2966       0.2047   5.47
     2967       0.2046   5.47
     2968       0.2054   5.47
     2969       0.2048   5.48
     2970       0.2060   5.48
     2971       0.2050   5.48
     2972       0.2058   5.48
     2973       0.2050   5.47
     2974       0.2047   5.47
     2975       0.2054   5.47
     2976       0.2047   5.47
     2977       0.2053   5.47
     2978       0.2047   5.48
     2979       0.2046   5.48
     2980       0.2054   5.48
     2981       0.2048   5.48
     2982       0.2055   5.48
     2983       0.2049   5.48
     2984       0.2050   5.48
     2985       0.2057   5.48
     2986       0.2050   5.47
     2987       0.2056   5.47
     2988       0.2050   5.47
     2989       0.2053   5.47
     2990       0.2046   5.47
     2991       0.2047   5.47
     2992       0.2055   5.47
     2993       0.2049   5.48
     2994       0.2053   5.48
     2995       0.2047   5.47
     2996       0.2047   5.47
     2997       0.2053   5.47
     2998       0.2046   5.48
     2999       0.2053   5.48
     3000       0.2047   5.48
     3001       0.2047   5.48
     3002       0.2053   5.48
     3003       0.2046   5.48
     3004       0.2053   5.48
     3005       0.2047   5.48
     3006       0.2053   5.48
     3007       0.2047   5.48
     3008       0.2047   5.48
     3009       0.2052   5.48
     3010       0.2047   5.48
     3011       0.2056   5.48
     3012       0.2050   5.48
     3013       0.2049   5.48
     3014       0.2056   5.48
     3015       0.2049   5.47
     3016       0.2056   5.47
     3017       0.2049   5.47
     3018       0.2049   5.47
     3019       0.2056   5.47
     3020       0.2048   5.47
     3021       0.2055   5.47
     3022       0.2046   5.47
     3023       0.2055   5.47
     3024       0.2046   5.48
     3025       0.2047   5.48
     3026       0.2056   5.48
     3027       0.2050   5.48
     3028       0.2056   5.48
     3029       0.2050   5.47
     3030       0.2047   5.47
     3031       0.2057   5.47
     3032       0.2047   5.47
     3033       0.2058   5.47
     3034       0.2050   5.48
     3035       0.2050   5.48
     3036       0.2056   5.48
     3037       0.2048   5.47
     3038       0.2053   5.47
     3039       0.2048   5.47
     3040       0.2053   5.47
     3041       0.2047   5.48
     3042       0.2049   5.48
     3043       0.2056   5.48
     3044       0.2050   5.48
     3045       0.2056   5.48
     3046       0.2049   5.47
     3047       0.2047   5.47
     3048       0.2052   5.47
     3049       0.2047   5.47
     3050       0.2053   5.47
     3051       0.2047   5.48
     3052       0.2047   5.48
     3053       0.2053   5.48
     3054       0.2047   5.48
     3055       0.2054   5.48
     3056       0.2047   5.48
     3057       0.2054   5.48
     3058       0.2047   5.48
     3059       0.2048   5.48
     3060       0.2055   5.48
     3061       0.2049   5.48
     3062       0.2053   5.48
     3063       0.2047   5.47
     3064       0.2047   5.47
     3065       0.2052   5.47
     3066       0.2048   5.48
     3067       0.2055   5.48
     3068       0.2050   5.48
     3069       0.2051   5.48
     3070       0.2055   5.48
     3071       0.2049   5.47
     3072       0.2055   5.47
     3073       0.2047   5.47
     3074       0.2055   5.47
     3075       0.2049   5.48
     3076       0.2048   5.48
     3077       0.2053   5.48
     3078       0.2048   5.47
     3079       0.2054   5.47
     3080       0.2046   5.48
     3081       0.2048   5.48
     3082       0.2059   5.48
     3083       0.2049   5.48
     3084       0.2054   5.48
     3085       0.2047   5.47
     3086       0.2050   5.47
     3087       0.2055   5.47
     3088       0.2048   5.48
     3089       0.2053   5.48
     3090       0.2046   5.47
     3091       0.2059   5.47
     3092       0.2050   5.48
     3093       0.2048   5.48
     3094       0.2056   5.48
     3095       0.2047   5.47
     3096       0.2053   5.47
     3097       0.2048   5.48
     3098       0.2048   5.48
     3099       0.2056   5.48
     3100       0.2048   5.48
     3101       0.2053   5.48
     3102       0.2047   5.47
     3103       0.2053   5.47
     3104       0.2046   5.48
     3105       0.2047   5.48
     3106       0.2054   5.48
     3107       0.2047   5.48
     3108       0.2054   5.48
     3109       0.2046   5.48
     3110       0.2047   5.48
     3111       0.2054   5.48
     3112       0.2047   5.48
     3113       0.2053   5.48
     3114       0.2046   5.48
     3115       0.2047   5.48
     3116       0.2055   5.48
     3117       0.2049   5.48
     3118       0.2055   5.48
     3119       0.2048   5.47
     3120       0.2056   5.47
     3121       0.2049   5.47
     3122       0.2048   5.47
     3123       0.2052   5.47
     3124       0.2046   5.47
     3125       0.2053   5.47
     3126       0.2047   5.48
     3127       0.2047   5.48
     3128       0.2056   5.48
     3129       0.2050   5.48
     3130       0.2056   5.48
     3131       0.2050   5.47
     3132       0.2047   5.47
     3133       0.2053   5.47
     3134       0.2046   5.47
     3135       0.2053   5.47
     3136       0.2047   5.48
     3137       0.2053   5.48
     3138       0.2046   5.48
     3139       0.2047   5.48
     3140       0.2055   5.48
     3141       0.2047   5.48
     3142       0.2056   5.48
     3143       0.2047   5.48
     3144       0.2046   5.48
     3145       0.2053   5.48
     3146       0.2048   5.48
     3147       0.2055   5.48
     3148       0.2049   5.48
     3149       0.2047   5.48
     3150       0.2058   5.48
     3151       0.2047   5.47
     3152       0.2055   5.47
     3153       0.2047   5.48
     3154       0.2053   5.48
     3155       0.2047   5.48
     3156       0.2047   5.48
     3157       0.2053   5.48
     3158       0.2047   5.48
     3159       0.2053   5.48
     3160       0.2047   5.48
     3161       0.2046   5.48
     3162       0.2053   5.48
     3163       0.2047   5.48
     3164       0.2053   5.48
     3165       0.2047   5.48
     3166       0.2047   5.48
     3167       0.2056   5.48
     3168       0.2049   5.48
     3169       0.2057   5.48
     3170       0.2050   5.47
     3171       0.2054   5.47
     3172       0.2047   5.47
     3173       0.2047   5.47
     3174       0.2054   5.47
     3175       0.2047   5.48
     3176       0.2053   5.48
     3177       0.2046   5.48
     3178       0.2046   5.48
     3179       0.2054   5.48
     3180       0.2046   5.48
     3181       0.2053   5.48
     3182       0.2046   5.48
     3183       0.2046   5.48
     3184       0.2052   5.48
     3185       0.2047   5.48
     3186       0.2056   5.48
     3187       0.2050   5.48
     3188       0.2066   5.48
     3189       0.2049   5.47
     3190       0.2049   5.47
     3191       0.2053   5.47
     3192       0.2047   5.47
     3193       0.2054   5.47
     3194       0.2047   5.48
     3195       0.2047   5.48
     3196       0.2054   5.48
     3197       0.2047   5.48
     3198       0.2055   5.48
     3199       0.2049   5.48
     3200       0.2048   5.48
     3201       0.2055   5.48
     3202       0.2047   5.47
     3203       0.2055   5.47
     3204       0.2047   5.48
     3205       0.2053   5.48
     3206       0.2047   5.48
     3207       0.2047   5.48
     3208       0.2054   5.48
     3209       0.2048   5.48
     3210       0.2057   5.48
     3211       0.2047   5.48
     3212       0.2047   5.48
     3213       0.2055   5.48
     3214       0.2047   5.48
     3215       0.2053   5.48
     3216       0.2047   5.48
     3217       0.2048   5.48
     3218       0.2056   5.48
     3219       0.2049   5.48
     3220       0.2056   5.48
     3221       0.2050   5.47
     3222       0.2053   5.47
     3223       0.2047   5.47
     3224       0.2047   5.47
     3225       0.2054   5.47
     3226       0.2047   5.48
     3227       0.2054   5.48
     3228       0.2047   5.48
     3229       0.2047   5.48
     3230       0.2052   5.48
     3231       0.2046   5.48
     3232       0.2054   5.48
     3233       0.2046   5.48
     3234       0.2046   5.48
     3235       0.2053   5.48
     3236       0.2046   5.48
     3237       0.2053   5.48
     3238       0.2047   5.48
     3239       0.2053   5.48
     3240       0.2047   5.48
     3241       0.2046   5.48
     3242       0.2055   5.48
     3243       0.2050   5.48
     3244       0.2056   5.48
     3245       0.2050   5.47
     3246       0.2049   5.47
     3247       0.2052   5.47
     3248       0.2046   5.47
     3249       0.2053   5.47
     3250       0.2047   5.48
     3251       0.2047   5.48
     3252       0.2055   5.48
     3253       0.2050   5.48
     3254       0.2052   5.48
     3255       0.2047   5.47
     3256       0.2054   5.47
     3257       0.2047   5.48
     3258       0.2046   5.48
     3259       0.2054   5.48
     3260       0.2049   5.48
     3261       0.2059   5.48
     3262       0.2049   5.47
     3263       0.2049   5.47
     3264       0.2055   5.47
     3265       0.2046   5.47
     3266       0.2054   5.47
     3267       0.2047   5.48
     3268       0.2047   5.48
     3269       0.2053   5.48
     3270       0.2046   5.48
     3271       0.2059   5.48
     3272       0.2050   5.48
     3273       0.2057   5.48
     3274       0.2046   5.47
     3275       0.2047   5.47
     3276       0.2054   5.47
     3277       0.2047   5.48
     3278       0.2053   5.48
     3279       0.2047   5.48
     3280       0.2047   5.48
     3281       0.2056   5.48
     3282       0.2049   5.48
     3283       0.2056   5.48
     3284       0.2049   5.47
     3285       0.2048   5.47
     3286       0.2053   5.47
     3287       0.2047   5.47
     3288       0.2054   5.47
     3289       0.2050   5.48
     3290       0.2056   5.48
     3291       0.2049   5.47
     3292       0.2049   5.47
     3293       0.2052   5.47
     3294       0.2047   5.47
     3295       0.2055   5.47
     3296       0.2047   5.48
     3297       0.2047   5.48
     3298       0.2054   5.48
     3299       0.2047   5.48
     3300       0.2053   5.48
     3301       0.2047   5.48
     3302       0.2047   5.48
     3303       0.2053   5.48
     3304       0.2047   5.48
     3305       0.2053   5.48
     3306       0.2047   5.48
     3307       0.2053   5.48
     3308       0.2047   5.48
     3309       0.2048   5.48
     3310       0.2055   5.48
     3311       0.2050   5.48
     3312       0.2056   5.48
     3313       0.2049   5.47
     3314       0.2049   5.47
     3315       0.2053   5.47
     3316       0.2047   5.47
     3317       0.2053   5.47
     3318       0.2047   5.48
     3319       0.2047   5.48
     3320       0.2055   5.48
     3321       0.2046   5.48
     3322       0.2056   5.48
     3323       0.2046   5.48
     3324       0.2054   5.48
     3325       0.2047   5.48
     3326       0.2047   5.48
     3327       0.2053   5.48
     3328       0.2047   5.48
     3329       0.2057   5.48
     3330       0.2046   5.48
     3331       0.2047   5.48
     3332       0.2056   5.48
     3333       0.2048   5.48
     3334       0.2055   5.48
     3335       0.2046   5.48
     3336       0.2048   5.48
     3337       0.2055   5.48
     3338       0.2050   5.48
     3339       0.2056   5.48
     3340       0.2049   5.47
     3341       0.2055   5.47
     3342       0.2046   5.47
     3343       0.2047   5.47
     3344       0.2053   5.47
     3345       0.2046   5.48
     3346       0.2052   5.48
     3347       0.2047   5.48
     3348       0.2047   5.48
     3349       0.2055   5.48
     3350       0.2050   5.48
     3351       0.2056   5.48
     3352       0.2050   5.47
     3353       0.2049   5.47
     3354       0.2052   5.47
     3355       0.2047   5.47
     3356       0.2054   5.47
     3357       0.2046   5.48
     3358       0.2054   5.48
     3359       0.2049   5.48
     3360       0.2049   5.48
     3361       0.2053   5.48
     3362       0.2047   5.47
     3363       0.2054   5.47
     3364       0.2046   5.48
     3365       0.2047   5.48
     3366       0.2053   5.48
     3367       0.2047   5.48
     3368       0.2054   5.48
     3369       0.2047   5.48
     3370       0.2047   5.48
     3371       0.2053   5.48
     3372       0.2047   5.48
     3373       0.2054   5.48
     3374       0.2050   5.48
     3375       0.2054   5.48
     3376       0.2047   5.47
     3377       0.2046   5.47
     3378       0.2054   5.47
     3379       0.2049   5.48
     3380       0.2058   5.48
     3381       0.2049   5.47
     3382       0.2049   5.47
     3383       0.2055   5.47
     3384       0.2047   5.47
     3385       0.2053   5.47
     3386       0.2047   5.48
     3387       0.2047   5.48
     3388       0.2052   5.48
     3389       0.2046   5.48
     3390       0.2057   5.48
     3391       0.2046   5.48
     3392       0.2055   5.48
     3393       0.2049   5.48
     3394       0.2049   5.48
     3395       0.2055   5.48
     3396       0.2049   5.47
     3397       0.2055   5.47
     3398       0.2047   5.47
     3399       0.2047   5.47
     3400       0.2053   5.47
     3401       0.2047   5.48
     3402       0.2053   5.48
     3403       0.2047   5.48
     3404       0.2047   5.48
     3405       0.2053   5.48
     3406       0.2049   5.48
     3407       0.2056   5.48
     3408       0.2050   5.47
     3409       0.2055   5.47
     3410       0.2046   5.47
     3411       0.2047   5.47
     3412       0.2054   5.47
     3413       0.2047   5.48
     3414       0.2055   5.48
     3415       0.2049   5.48
     3416       0.2049   5.48
     3417       0.2052   5.48
     3418       0.2046   5.47
     3419       0.2053   5.47
     3420       0.2047   5.48
     3421       0.2049   5.48
     3422       0.2052   5.48
     3423       0.2047   5.48
     3424       0.2052   5.48
     3425       0.2047   5.48
     3426       0.2053   5.48
     3427       0.2047   5.48
     3428       0.2047   5.48
     3429       0.2055   5.48
     3430       0.2050   5.48
     3431       0.2054   5.48
     3432       0.2046   5.47
     3433       0.2047   5.47
     3434       0.2053   5.47
     3435       0.2046   5.48
     3436       0.2054   5.48
     3437       0.2049   5.48
     3438       0.2051   5.48
     3439       0.2051   5.48
     3440       0.2046   5.47
     3441       0.2063   5.47
     3442       0.2047   5.48
     3443       0.2056   5.48
     3444       0.2047   5.48
     3445       0.2047   5.48
     3446       0.2053   5.48
     3447       0.2046   5.48
     3448       0.2054   5.48
     3449       0.2046   5.48
     3450       0.2047   5.48
     3451       0.2057   5.48
     3452       0.2046   5.48
     3453       0.2056   5.48
     3454       0.2047   5.48
     3455       0.2049   5.48
     3456       0.2046   5.48
     3457       0.2047   5.48
     3458       0.2053   5.48
     3459       0.2050   5.48
     3460       0.2056   5.48
     3461       0.2046   5.47
     3462       0.2047   5.47
     3463       0.2054   5.47
     3464       0.2047   5.48
     3465       0.2054   5.48
     3466       0.2049   5.48
     3467       0.2049   5.48
     3468       0.2053   5.48
     3469       0.2047   5.47
     3470       0.2053   5.47
     3471       0.2046   5.48
     3472       0.2054   5.48
     3473       0.2046   5.48
     3474       0.2049   5.48
     3475       0.2054   5.48
     3476       0.2047   5.48
     3477       0.2054   5.48
     3478       0.2048   5.48
     3479       0.2049   5.48
     3480       0.2053   5.48
     3481       0.2047   5.47
     3482       0.2053   5.47
     3483       0.2046   5.48
     3484       0.2047   5.48
     3485       0.2054   5.48
     3486       0.2049   5.48
     3487       0.2056   5.48
     3488       0.2049   5.47
     3489       0.2056   5.47
     3490       0.2050   5.47
     3491       0.2050   5.47
     3492       0.2054   5.47
     3493       0.2046   5.47
     3494       0.2052   5.47
     3495       0.2047   5.48
     3496       0.2047   5.48
     3497       0.2053   5.48
     3498       0.2050   5.48
     3499       0.2056   5.48
     3500       0.2050   5.47
     3501       0.2050   5.47
     3502       0.2055   5.47
     3503       0.2046   5.47
     3504       0.2055   5.47
     3505       0.2047   5.48
     3506       0.2054   5.48
     3507       0.2048   5.48
     3508       0.2047   5.48
     3509       0.2054   5.48
     3510       0.2050   5.48
     3511       0.2059   5.48
     3512       0.2046   5.47
     3513       0.2046   5.47
     3514       0.2056   5.47
     3515       0.2049   5.48
     3516       0.2056   5.48
     3517       0.2050   5.47
     3518       0.2049   5.47
     3519       0.2052   5.47
     3520       0.2046   5.47
     3521       0.2053   5.47
     3522       0.2047   5.48
     3523       0.2054   5.48
     3524       0.2047   5.48
     3525       0.2048   5.48
     3526       0.2054   5.48
     3527       0.2047   5.48
     3528       0.2052   5.48
     3529       0.2047   5.48
     3530       0.2046   5.48
     3531       0.2054   5.48
     3532       0.2050   5.48
     3533       0.2056   5.48
     3534       0.2046   5.47
     3535       0.2047   5.47
     3536       0.2053   5.47
     3537       0.2047   5.48
     3538       0.2053   5.48
     3539       0.2047   5.48
     3540       0.2054   5.48
     3541       0.2048   5.48
     3542       0.2049   5.48
     3543       0.2053   5.48
     3544       0.2047   5.47
     3545       0.2054   5.47
     3546       0.2049   5.48
     3547       0.2049   5.48
     3548       0.2057   5.48
     3549       0.2048   5.47
     3550       0.2055   5.47
     3551       0.2046   5.47
     3552       0.2046   5.47
     3553       0.2053   5.47
     3554       0.2047   5.48
     3555       0.2054   5.48
     3556       0.2046   5.48
     3557       0.2054   5.48
     3558       0.2048   5.48
     3559       0.2050   5.48
     3560       0.2057   5.48
     3561       0.2049   5.47
     3562       0.2059   5.47
     3563       0.2049   5.47
     3564       0.2050   5.47
     3565       0.2053   5.47
     3566       0.2047   5.47
     3567       0.2053   5.47
     3568       0.2046   5.48
     3569       0.2047   5.48
     3570       0.2057   5.48
     3571       0.2047   5.48
     3572       0.2055   5.48
     3573       0.2047   5.48
     3574       0.2054   5.48
     3575       0.2047   5.48
     3576       0.2048   5.48
     3577       0.2056   5.48
     3578       0.2047   5.48
     3579       0.2054   5.48
     3580       0.2048   5.48
     3581       0.2050   5.48
     3582       0.2054   5.48
     3583       0.2047   5.47
     3584       0.2054   5.47
     3585       0.2047   5.48
     3586       0.2047   5.48
     3587       0.2054   5.48
     3588       0.2047   5.48
     3589       0.2054   5.48
     3590       0.2049   5.48
     3591       0.2055   5.48
     3592       0.2049   5.47
     3593       0.2050   5.47
     3594       0.2055   5.47
     3595       0.2046   5.47
     3596       0.2054   5.47
     3597       0.2048   5.48
     3598       0.2048   5.48
     3599       0.2054   5.48
     3600       0.2046   5.47
     3601       0.2054   5.47
     3602       0.2047   5.48
     3603       0.2047   5.48
     3604       0.2054   5.48
     3605       0.2051   5.48
     3606       0.2057   5.48
     3607       0.2049   5.47
     3608       0.2055   5.47
     3609       0.2046   5.47
     3610       0.2047   5.47
     3611       0.2054   5.47
     3612       0.2047   5.48
     3613       0.2052   5.48
     3614       0.2047   5.48
     3615       0.2047   5.48
     3616       0.2056   5.48
     3617       0.2049   5.48
     3618       0.2056   5.48
     3619       0.2046   5.47
     3620       0.2048   5.47
     3621       0.2056   5.47
     3622       0.2049   5.48
     3623       0.2058   5.48
     3624       0.2049   5.47
     3625       0.2057   5.47
     3626       0.2046   5.47
     3627       0.2047   5.47
     3628       0.2052   5.47
     3629       0.2046   5.48
     3630       0.2057   5.48
     3631       0.2048   5.48
     3632       0.2050   5.48
     3633       0.2058   5.48
     3634       0.2049   5.47
     3635       0.2055   5.47
     3636       0.2047   5.47
     3637       0.2047   5.47
     3638       0.2054   5.47
     3639       0.2049   5.48
     3640       0.2054   5.48
     3641       0.2046   5.47
     3642       0.2054   5.47
     3643       0.2048   5.48
     3644       0.2049   5.48
     3645       0.2055   5.48
     3646       0.2047   5.47
     3647       0.2053   5.47
     3648       0.2047   5.48
     3649       0.2048   5.48
     3650       0.2053   5.48
     3651       0.2047   5.48
     3652       0.2053   5.48
     3653       0.2049   5.48
     3654       0.2049   5.48
     3655       0.2057   5.48
     3656       0.2050   5.47
     3657       0.2055   5.47
     3658       0.2045   5.47
     3659       0.2053   5.47
     3660       0.2047   5.48
     3661       0.2047   5.48
     3662       0.2054   5.48
     3663       0.2047   5.48
     3664       0.2053   5.48
     3665       0.2049   5.48
     3666       0.2049   5.48
     3667       0.2053   5.48
     3668       0.2047   5.47
     3669       0.2054   5.47
     3670       0.2047   5.48
     3671       0.2047   5.48
     3672       0.2056   5.48
     3673       0.2050   5.48
     3674       0.2061   5.48
     3675       0.2050   5.47
     3676       0.2057   5.47
     3677       0.2046   5.47
     3678       0.2048   5.47
     3679       0.2053   5.47
     3680       0.2047   5.48
     3681       0.2056   5.48
     3682       0.2048   5.48
     3683       0.2049   5.48
     3684       0.2058   5.48
     3685       0.2050   5.47
     3686       0.2055   5.47
     3687       0.2049   5.47
     3688       0.2051   5.47
     3689       0.2052   5.47
     3690       0.2047   5.47
     3691       0.2058   5.47
     3692       0.2046   5.48
     3693       0.2056   5.48
     3694       0.2047   5.48
     3695       0.2047   5.48
     3696       0.2054   5.48
     3697       0.2047   5.48
     3698       0.2052   5.48
     3699       0.2048   5.48
     3700       0.2050   5.48
     3701       0.2055   5.48
     3702       0.2046   5.47
     3703       0.2053   5.47
     3704       0.2049   5.48
     3705       0.2051   5.48
     3706       0.2053   5.48
     3707       0.2047   5.47
     3708       0.2054   5.47
     3709       0.2046   5.48
     3710       0.2054   5.48
     3711       0.2047   5.48
     3712       0.2047   5.48
     3713       0.2054   5.48
     3714       0.2049   5.48
     3715       0.2056   5.48
     3716       0.2046   5.47
     3717       0.2047   5.47
     3718       0.2150   5.47
     3719       0.2049   5.48
     3720       0.2055   5.48
     3721       0.2047   5.47
     3722       0.2053   5.47
     3723       0.2047   5.48
     3724       0.2047   5.48
     3725       0.2054   5.48
     3726       0.2048   5.48
     3727       0.2053   5.48
     3728       0.2047   5.48
     3729       0.2047   5.48
     3730       0.2054   5.48
     3731       0.2047   5.48
     3732       0.2054   5.48
     3733       0.2048   5.48
     3734       0.2050   5.48
     3735       0.2056   5.48
     3736       0.2049   5.47
     3737       0.2055   5.47
     3738       0.2046   5.47
     3739       0.2053   5.47
     3740       0.2047   5.48
     3741       0.2049   5.48
     3742       0.2058   5.48
     3743       0.2045   5.47
     3744       0.2055   5.47
     3745       0.2046   5.48
     3746       0.2049   5.48
     3747       0.2056   5.48
     3748       0.2050   5.47
     3749       0.2056   5.47
     3750       0.2046   5.47
     3751       0.2047   5.47
     3752       0.2058   5.47
     3753       0.2046   5.48
     3754       0.2056   5.48
     3755       0.2048   5.48
     3756       0.2057   5.48
     3757       0.2047   5.47
     3758       0.2047   5.47
     3759       0.2054   5.47
     3760       0.2049   5.48
     3761       0.2057   5.48
     3762       0.2050   5.47
     3763       0.2050   5.47
     3764       0.2056   5.47
     3765       0.2049   5.47
     3766       0.2055   5.47
     3767       0.2049   5.47
     3768       0.2049   5.47
     3769       0.2055   5.47
     3770       0.2046   5.47
     3771       0.2054   5.47
     3772       0.2048   5.48
     3773       0.2056   5.48
     3774       0.2049   5.47
     3775       0.2050   5.47
     3776       0.2056   5.47
     3777       0.2046   5.47
     3778       0.2054   5.47
     3779       0.2047   5.48
     3780       0.2046   5.48
     3781       0.2053   5.48
     3782       0.2046   5.48
     3783       0.2053   5.48
     3784       0.2047   5.48
     3785       0.2047   5.48
     3786       0.2053   5.48
     3787       0.2046   5.48
     3788       0.2052   5.48
     3789       0.2047   5.48
     3790       0.2055   5.48
     3791       0.2049   5.47
     3792       0.2050   5.47
     3793       0.2056   5.47
     3794       0.2045   5.47
     3795       0.2052   5.47
     3796       0.2046   5.48
     3797       0.2049   5.48
     3798       0.2056   5.48
     3799       0.2045   5.48
     3800       0.2055   5.48
     3801       0.2048   5.48
     3802       0.2049   5.48
     3803       0.2057   5.48
     3804       0.2049   5.47
     3805       0.2057   5.47
     3806       0.2050   5.47
     3807       0.2055   5.47
     3808       0.2047   5.47
     3809       0.2047   5.47
     3810       0.2057   5.47
     3811       0.2048   5.48
     3812       0.2055   5.48
     3813       0.2047   5.48
     3814       0.2047   5.48
     3815       0.2053   5.48
     3816       0.2047   5.48
     3817       0.2053   5.48
     3818       0.2050   5.48
     3819       0.2050   5.48
     3820       0.2058   5.48
     3821       0.2048   5.47
     3822       0.2056   5.47
     3823       0.2050   5.47
     3824       0.2056   5.47
     3825       0.2047   5.47
     3826       0.2046   5.47
     3827       0.2054   5.47
     3828       0.2049   5.48
     3829       0.2057   5.48
     3830       0.2050   5.47
     3831       0.2049   5.47
     3832       0.2055   5.47
     3833       0.2046   5.47
     3834       0.2053   5.47
     3835       0.2047   5.48
     3836       0.2047   5.48
     3837       0.2053   5.48
     3838       0.2047   5.48
     3839       0.2053   5.48
     3840       0.2048   5.48
     3841       0.2057   5.48
     3842       0.2048   5.47
     3843       0.2045   5.47
     3844       0.2052   5.47
     3845       0.2047   5.48
     3846       0.2053   5.48
     3847       0.2047   5.48
     3848       0.2049   5.48
     3849       0.2056   5.48
     3850       0.2046   5.47
     3851       0.2054   5.47
     3852       0.2047   5.48
     3853       0.2049   5.48
     3854       0.2055   5.48
     3855       0.2045   5.47
     3856       0.2054   5.47
     3857       0.2047   5.48
     3858       0.2056   5.48
     3859       0.2050   5.47
     3860       0.2052   5.47
     3861       0.2060   5.47
     3862       0.2050   5.47
     3863       0.2058   5.47
     3864       0.2047   5.47
     3865       0.2046   5.47
     3866       0.2054   5.47
     3867       0.2047   5.48
     3868       0.2055   5.48
     3869       0.2046   5.48
     3870       0.2049   5.48
     3871       0.2055   5.48
     3872       0.2046   5.48
     3873       0.2056   5.48
     3874       0.2047   5.48
     3875       0.2053   5.48
     3876       0.2046   5.48
     3877       0.2047   5.48
     3878       0.2054   5.48
     3879       0.2048   5.48
     3880       0.2056   5.48
     3881       0.2046   5.47
     3882       0.2047   5.47
     3883       0.2052   5.47
     3884       0.2047   5.48
     3885       0.2054   5.48
     3886       0.2047   5.48
     3887       0.2049   5.48
     3888       0.2053   5.48
     3889       0.2047   5.48
     3890       0.2053   5.48
     3891       0.2046   5.48
     3892       0.2054   5.48
     3893       0.2047   5.48
     3894       0.2049   5.48
     3895       0.2055   5.48
     3896       0.2049   5.48
     3897       0.2056   5.48
     3898       0.2050   5.47
     3899       0.2049   5.47
     3900       0.2056   5.47
     3901       0.2049   5.47
     3902       0.2056   5.47
     3903       0.2049   5.47
     3904       0.2056   5.47
     3905       0.2048   5.47
     3906       0.2044   5.47
     3907       0.2053   5.47
     3908       0.2046   5.48
     3909       0.2053   5.48
     3910       0.2046   5.48
     3911       0.2047   5.48
     3912       0.2053   5.48
     3913       0.2047   5.48
     3914       0.2056   5.48
     3915       0.2047   5.47
     3916       0.2047   5.47
     3917       0.2054   5.47
     3918       0.2049   5.48
     3919       0.2056   5.48
     3920       0.2047   5.47
     3921       0.2056   5.47
     3922       0.2046   5.48
     3923       0.2048   5.48
     3924       0.2057   5.48
     3925       0.2049   5.48
     3926       0.2056   5.48
     3927       0.2048   5.47
     3928       0.2046   5.47
     3929       0.2052   5.47
     3930       0.2047   5.48
     3931       0.2057   5.48
     3932       0.2047   5.48
     3933       0.2045   5.48
     3934       0.2054   5.48
     3935       0.2047   5.48
     3936       0.2054   5.48
     3937       0.2047   5.48
     3938       0.2056   5.48
     3939       0.2049   5.47
     3940       0.2046   5.47
     3941       0.2054   5.47
     3942       0.2047   5.48
     3943       0.2052   5.48
     3944       0.2047   5.48
     3945       0.2048   5.48
     3946       0.2057   5.48
     3947       0.2050   5.47
     3948       0.2056   5.47
     3949       0.2047   5.47
     3950       0.2047   5.47
     3951       0.2053   5.47
     3952       0.2046   5.48
     3953       0.2053   5.48
     3954       0.2047   5.48
     3955       0.2056   5.48
     3956       0.2049   5.47
     3957       0.2046   5.47
     3958       0.2054   5.47
     3959       0.2046   5.48
     3960       0.2055   5.48
     3961       0.2050   5.47
     3962       0.2049   5.47
     3963       0.2058   5.47
     3964       0.2046   5.47
     3965       0.2119   5.47
     3966       0.2048   5.48
     3967       0.2046   5.48
     3968       0.2053   5.48
     3969       0.2047   5.48
     3970       0.2053   5.48
     3971       0.2047   5.48
     3972       0.2056   5.48
     3973       0.2048   5.48
     3974       0.2046   5.48
     3975       0.2053   5.48
     3976       0.2048   5.48
     3977       0.2054   5.48
     3978       0.2046   5.48
     3979       0.2048   5.48
     3980       0.2055   5.48
     3981       0.2050   5.48
     3982       0.2056   5.48
     3983       0.2047   5.47
     3984       0.2047   5.47
     3985       0.2057   5.47
     3986       0.2047   5.48
     3987       0.2055   5.48
     3988       0.2047   5.48
     3989       0.2053   5.48
     3990       0.2047   5.48
     3991       0.2046   5.48
     3992       0.2054   5.48
     3993       0.2047   5.48
     3994       0.2057   5.48
     3995       0.2046   5.48
     3996       0.2047   5.48
     3997       0.2056   5.48
     3998       0.2047   5.48
     3999       0.2053   5.48
     4000       0.2047   5.48
     4001       0.2047   5.48
     4002       0.2054   5.48
     4003       0.2046   5.48
     4004       0.2053   5.48
     4005       0.2047   5.48
     4006       0.2054   5.48
     4007       0.2047   5.48
     4008       0.2047   5.48
     4009       0.2053   5.48
     4010       0.2048   5.48
     4011       0.2055   5.48
     4012       0.2049   5.47
     4013       0.2046   5.47
     4014       0.2053   5.47
     4015       0.2048   5.47
     4016       0.2055   5.47
     4017       0.2049   5.47
     4018       0.2046   5.47
     4019       0.2053   5.47
     4020       0.2048   5.48
     4021       0.2057   5.48
     4022       0.2050   5.48
     4023       0.2057   5.48
     4024       0.2049   5.47
     4025       0.2049   5.47
     4026       0.2057   5.47
     4027       0.2048   5.47
     4028       0.2053   5.47
     4029       0.2046   5.47
     4030       0.2047   5.47
     4031       0.2053   5.47
     4032       0.2047   5.48
     4033       0.2053   5.48
     4034       0.2046   5.48
     4035       0.2047   5.48
     4036       0.2053   5.48
     4037       0.2047   5.48
     4038       0.2054   5.48
     4039       0.2047   5.48
     4040       0.2057   5.48
     4041       0.2049   5.48
     4042       0.2046   5.48
     4043       0.2056   5.48
     4044       0.2047   5.48
     4045       0.2053   5.48
     4046       0.2047   5.48
     4047       0.2046   5.48
     4048       0.2053   5.48
     4049       0.2047   5.48
     4050       0.2058   5.48
     4051       0.2047   5.48
     4052       0.2047   5.48
     4053       0.2057   5.48
     4054       0.2048   5.48
     4055       0.2056   5.48
     4056       0.2047   5.47
     4057       0.2053   5.47
     4058       0.2047   5.47
     4059       0.2047   5.47
     4060       0.2054   5.47
     4061       0.2047   5.48
     4062       0.2056   5.48
     4063       0.2049   5.47
     4064       0.2046   5.47
     4065       0.2054   5.47
     4066       0.2048   5.47
     4067       0.2057   5.47
     4068       0.2048   5.47
     4069       0.2047   5.47
     4070       0.2054   5.47
     4071       0.2048   5.48
     4072       0.2054   5.48
     4073       0.2047   5.48
     4074       0.2054   5.48
     4075       0.2046   5.48
     4076       0.2048   5.48
     4077       0.2056   5.48
     4078       0.2047   5.48
     4079       0.2053   5.48
     4080       0.2048   5.48
     4081       0.2047   5.48
     4082       0.2056   5.48
     4083       0.2047   5.48
     4084       0.2053   5.48
     4085       0.2047   5.48
     4086       0.2046   5.48
     4087       0.2052   5.48
     4088       0.2046   5.48
     4089       0.2053   5.48
     4090       0.2048   5.48
     4091       0.2055   5.48
     4092       0.2050   5.47
     4093       0.2047   5.47
     4094       0.2053   5.47
     4095       0.2048   5.48
     4096       0.2054   5.48
     4097       0.2046   5.48
     4098       0.2047   5.48
     4099       0.2054   5.48
     4100       0.2048   5.48
     4101       0.2055   5.48
     4102       0.2047   5.48
     4103       0.2047   5.48
     4104       0.2056   5.48
     4105       0.2047   5.48
     4106       0.2053   5.48
     4107       0.2046   5.48
     4108       0.2054   5.48
     4109       0.2047   5.48
     4110       0.2047   5.48
     4111       0.2059   5.48
     4112       0.2047   5.48
     4113       0.2058   5.48
     4114       0.2049   5.48
     4115       0.2046   5.48
     4116       0.2052   5.48
     4117       0.2048   5.48
     4118       0.2053   5.48
     4119       0.2047   5.48
     4120       0.2047   5.48
     4121       0.2332   5.48
     4122       0.2046   5.48
     4123       0.2052   5.48
     4124       0.2046   5.48
     4125       0.2054   5.48
     4126       0.2046   5.48
     4127       0.2047   5.48
     4128       0.2053   5.48
     4129       0.2048   5.48
     4130       0.2055   5.48
     4131       0.2049   5.48
     4132       0.2045   5.48
     4133       0.2052   5.48
     4134       0.2047   5.48
     4135       0.2054   5.48
     4136       0.2047   5.48
     4137       0.2054   5.48
     4138       0.2049   5.48
     4139       0.2049   5.48
     4140       0.2055   5.48
     4141       0.2048   5.47
     4142       0.2053   5.47
     4143       0.2047   5.48
     4144       0.2048   5.48
     4145       0.2053   5.48
     4146       0.2046   5.48
     4147       0.2054   5.48
     4148       0.2048   5.48
     4149       0.2048   5.48
     4150       0.2055   5.48
     4151       0.2048   5.48
     4152       0.2056   5.48
     4153       0.2049   5.47
     4154       0.2056   5.47
     4155       0.2049   5.47
     4156       0.2046   5.47
     4157       0.2053   5.47
     4158       0.2047   5.48
     4159       0.2053   5.48
     4160       0.2046   5.48
     4161       0.2048   5.48
     4162       0.2055   5.48
     4163       0.2048   5.48
     4164       0.2054   5.48
     4165       0.2047   5.48
     4166       0.2046   5.48
     4167       0.2052   5.48
     4168       0.2047   5.48
     4169       0.2054   5.48
     4170       0.2047   5.48
     4171       0.2058   5.48
     4172       0.2047   5.48
     4173       0.2047   5.48
     4174       0.2057   5.48
     4175       0.2049   5.48
     4176       0.2053   5.48
     4177       0.2047   5.48
     4178       0.2047   5.48
     4179       0.2054   5.48
     4180       0.2047   5.48
     4181       0.2052   5.48
     4182       0.2047   5.48
     4183       0.2049   5.48
     4184       0.2054   5.48
     4185       0.2047   5.48
     4186       0.2053   5.48
     4187       0.2048   5.47
     4188       0.2055   5.47
     4189       0.2049   5.48
     4190       0.2046   5.48
     4191       0.2052   5.48
     4192       0.2047   5.47
     4193       0.2054   5.47
     4194       0.2047   5.48
     4195       0.2047   5.48
     4196       0.2054   5.48
     4197       0.2048   5.48
     4198       0.2055   5.48
     4199       0.2050   5.48
     4200       0.2048   5.48
     4201       0.2052   5.48
     4202       0.2047   5.47
     4203       0.2055   5.47
     4204       0.2049   5.48
     4205       0.2052   5.48
     4206       0.2047   5.48
     4207       0.2046   5.48
     4208       0.2054   5.48
     4209       0.2047   5.48
     4210       0.2054   5.48
     4211       0.2049   5.48
     4212       0.2046   5.48
     4213       0.2053   5.48
     4214       0.2046   5.48
     4215       0.2053   5.48
     4216       0.2047   5.48
     4217       0.2049   5.48
     4218       0.2054   5.48
     4219       0.2049   5.48
     4220       0.2059   5.48
     4221       0.2049   5.47
     4222       0.2055   5.47
     4223       0.2047   5.47
     4224       0.2047   5.47
     4225       0.2053   5.47
     4226       0.2047   5.48
     4227       0.2053   5.48
     4228       0.2047   5.48
     4229       0.2046   5.48
     4230       0.2056   5.48
     4231       0.2047   5.48
     4232       0.2057   5.48
     4233       0.2049   5.48
     4234       0.2047   5.48
     4235       0.2047   5.48
     4236       0.2046   5.48
     4237       0.2053   5.48
     4238       0.2047   5.48
     4239       0.2054   5.48
     4240       0.2048   5.48
     4241       0.2047   5.48
     4242       0.2053   5.48
     4243       0.2047   5.48
     4244       0.2148   5.48
     4245       0.2049   5.48
     4246       0.2046   5.48
     4247       0.2054   5.48
     4248       0.2048   5.48
     4249       0.2055   5.48
     4250       0.2049   5.48
     4251       0.2053   5.48
     4252       0.2046   5.48
     4253       0.2047   5.48
     4254       0.2053   5.48
     4255       0.2047   5.48
     4256       0.2053   5.48
     4257       0.2047   5.48
     4258       0.2047   5.48
     4259       0.2053   5.48
     4260       0.2046   5.48
     4261       0.2053   5.48
     4262       0.2046   5.48
     4263       0.2047   5.48
     4264       0.2053   5.48
     4265       0.2046   5.48
     4266       0.2054   5.48
     4267       0.2047   5.48
     4268       0.2055   5.48
     4269       0.2050   5.48
     4270       0.2048   5.48
     4271       0.2053   5.48
     4272       0.2047   5.47
     4273       0.2055   5.47
     4274       0.2050   5.48
     4275       0.2047   5.48
     4276       0.2053   5.48
     4277       0.2047   5.47
     4278       0.2053   5.47
     4279       0.2047   5.48
     4280       0.2047   5.48
     4281       0.2057   5.48
     4282       0.2048   5.48
     4283       0.2055   5.48
     4284       0.2047   5.48
     4285       0.2054   5.48
     4286       0.2047   5.48
     4287       0.2047   5.48
     4288       0.2056   5.48
     4289       0.2049   5.48
     4290       0.2057   5.48
     4291       0.2046   5.47
     4292       0.2047   5.47
     4293       0.2059   5.47
     4294       0.2048   5.48
     4295       0.2052   5.48
     4296       0.2046   5.47
     4297       0.2046   5.47
     4298       0.2052   5.47
     4299       0.2047   5.48
     4300       0.2052   5.48
     4301       0.2046   5.48
     4302       0.2054   5.48
     4303       0.2050   5.48
     4304       0.2047   5.48
     4305       0.2054   5.48
     4306       0.2047   5.47
     4307       0.2053   5.47
     4308       0.2046   5.48
     4309       0.2047   5.48
     4310       0.2054   5.48
     4311       0.2047   5.48
     4312       0.2055   5.48
     4313       0.2049   5.48
     4314       0.2045   5.48
     4315       0.2053   5.48
     4316       0.2046   5.47
     4317       0.2054   5.47
     4318       0.2050   5.48
     4319       0.2053   5.48
     4320       0.2046   5.48
     4321       0.2047   5.48
     4322       0.2054   5.48
     4323       0.2047   5.48
     4324       0.2053   5.48
     4325       0.2047   5.48
     4326       0.2047   5.48
     4327       0.2056   5.48
     4328       0.2049   5.48
     4329       0.2052   5.48
     4330       0.2047   5.47
     4331       0.2046   5.47
     4332       0.2053   5.47
     4333       0.2046   5.48
     4334       0.2055   5.48
     4335       0.2049   5.48
     4336       0.2052   5.48
     4337       0.2046   5.47
     4338       0.2047   5.47
     4339       0.2054   5.47
     4340       0.2047   5.48
     4341       0.2055   5.48
     4342       0.2046   5.48
     4343       0.2048   5.48
     4344       0.2058   5.48
     4345       0.2050   5.48
     4346       0.2056   5.48
     4347       0.2049   5.47
     4348       0.2047   5.47
     4349       0.2053   5.47
     4350       0.2048   5.47
     4351       0.2058   5.47
     4352       0.2049   5.48
     4353       0.2059   5.48
     4354       0.2049   5.47
     4355       0.2049   5.47
     4356       0.2055   5.47
     4357       0.2049   5.47
     4358       0.2051   5.47
     4359       0.2046   5.48
     4360       0.2047   5.48
     4361       0.2056   5.48
     4362       0.2050   5.48
     4363       0.2053   5.48
     4364       0.2046   5.47
     4365       0.2047   5.47
     4366       0.2055   5.47
     4367       0.2048   5.48
     4368       0.2053   5.48
     4369       0.2047   5.47
     4370       0.2055   5.47
     4371       0.2049   5.48
     4372       0.2049   5.48
     4373       0.2058   5.48
     4374       0.2049   5.47
     4375       0.2056   5.47
     4376       0.2049   5.47
     4377       0.2048   5.47
     4378       0.2053   5.47
     4379       0.2047   5.47
     4380       0.2054   5.47
     4381       0.2046   5.48
     4382       0.2047   5.48
     4383       0.2054   5.48
     4384       0.2047   5.48
     4385       0.2054   5.48
     4386       0.2050   5.48
     4387       0.2053   5.48
     4388       0.2047   5.47
     4389       0.2047   5.47
     4390       0.2056   5.47
     4391       0.2050   5.48
     4392       0.2056   5.48
     4393       0.2049   5.47
     4394       0.2047   5.47
     4395       0.2052   5.47
     4396       0.2046   5.47
     4397       0.2054   5.47
     4398       0.2049   5.48
     4399       0.2049   5.48
     4400       0.2058   5.48
     4401       0.2049   5.47
     4402       0.2055   5.47
     4403       0.2047   5.47
     4404       0.2054   5.47
     4405       0.2047   5.48
     4406       0.2047   5.48
     4407       0.2053   5.48
     4408       0.2047   5.48
     4409       0.2057   5.48
     4410       0.2047   5.48
     4411       0.2047   5.48
     4412       0.2057   5.48
     4413       0.2049   5.48
     4414       0.2056   5.48
     4415       0.2049   5.47
     4416       0.2047   5.47
     4417       0.2054   5.47
     4418       0.2046   5.47
     4419       0.2053   5.47
     4420       0.2046   5.48
     4421       0.2053   5.48
     4422       0.2049   5.48
     4423       0.2048   5.48
     4424       0.2053   5.48
     4425       0.2047   5.47
     4426       0.2053   5.47
     4427       0.2047   5.48
     4428       0.2046   5.48
     4429       0.2053   5.48
     4430       0.2047   5.48
     4431       0.2053   5.48
     4432       0.2047   5.48
     4433       0.2046   5.48
     4434       0.2051   5.48
     4435       0.2047   5.48
     4436       0.2053   5.48
     4437       0.2049   5.48
     4438       0.2053   5.48
     4439       0.2047   5.48
     4440       0.2047   5.48
     4441       0.2052   5.48
     4442       0.2046   5.48
     4443       0.2053   5.48
     4444       0.2046   5.48
     4445       0.2047   5.48
     4446       0.2054   5.48
     4447       0.2046   5.48
     4448       0.2055   5.48
     4449       0.2050   5.48
     4450       0.2048   5.48
     4451       0.2051   5.48
     4452       0.2046   5.47
     4453       0.2054   5.47
     4454       0.2049   5.48
     4455       0.2056   5.48
     4456       0.2050   5.47
     4457       0.2048   5.47
     4458       0.2052   5.47
     4459       0.2047   5.47
     4460       0.2055   5.47
     4461       0.2047   5.48
     4462       0.2046   5.48
     4463       0.2056   5.48
     4464       0.2047   5.48
     4465       0.2054   5.48
     4466       0.2049   5.48
     4467       0.2051   5.48
     4468       0.2055   5.48
     4469       0.2050   5.47
     4470       0.2059   5.47
     4471       0.2050   5.47
     4472       0.2056   5.47
     4473       0.2047   5.47
     4474       0.2048   5.47
     4475       0.2053   5.47
     4476       0.2047   5.48
     4477       0.2053   5.48
     4478       0.2046   5.48
     4479       0.2047   5.48
     4480       0.2053   5.48
     4481       0.2047   5.48
     4482       0.2055   5.48
     4483       0.2049   5.48
     4484       0.2048   5.48
     4485       0.2051   5.48
     4486       0.2047   5.47
     4487       0.2055   5.47
     4488       0.2049   5.48
     4489       0.2053   5.48
     4490       0.2047   5.47
     4491       0.2046   5.47
     4492       0.2052   5.47
     4493       0.2048   5.48
     4494       0.2053   5.48
     4495       0.2046   5.48
     4496       0.2047   5.48
     4497       0.2053   5.48
     4498       0.2047   5.48
     4499       0.2053   5.48
     4500       0.2047   5.48
     4501       0.2048   5.48
     4502       0.2053   5.48
     4503       0.2050   5.48
     4504       0.2056   5.48
     4505       0.2049   5.47
     4506       0.2052   5.47
     4507       0.2047   5.47
     4508       0.2046   5.47
     4509       0.2053   5.47
     4510       0.2047   5.48
     4511       0.2054   5.48
     4512       0.2047   5.48
     4513       0.2047   5.48
     4514       0.2053   5.48
     4515       0.2047   5.48
     4516       0.2053   5.48
     4517       0.2046   5.48
     4518       0.2048   5.48
     4519       0.2046   5.48
     4520       0.2047   5.48
     4521       0.2055   5.48
     4522       0.2046   5.48
     4523       0.2056   5.48
     4524       0.2046   5.48
     4525       0.2047   5.48
     4526       0.2054   5.48
     4527       0.2048   5.48
     4528       0.2056   5.48
     4529       0.2048   5.47
     4530       0.2048   5.47
     4531       0.2057   5.47
     4532       0.2047   5.47
     4533       0.2056   5.47
     4534       0.2047   5.48
     4535       0.2053   5.48
     4536       0.2047   5.48
     4537       0.2046   5.48
     4538       0.2054   5.48
     4539       0.2049   5.48
     4540       0.2054   5.48
     4541       0.2046   5.47
     4542       0.2047   5.47
     4543       0.2055   5.47
     4544       0.2049   5.48
     4545       0.2056   5.48
     4546       0.2050   5.47
     4547       0.2048   5.47
     4548       0.2052   5.47
     4549       0.2046   5.47
     4550       0.2053   5.47
     4551       0.2046   5.48
     4552       0.2054   5.48
     4553       0.2048   5.48
     4554       0.2050   5.48
     4555       0.2052   5.48
     4556       0.2046   5.47
     4557       0.2053   5.47
     4558       0.2046   5.48
     4559       0.2047   5.48
     4560       0.2055   5.48
     4561       0.2049   5.48
     4562       0.2055   5.48
     4563       0.2049   5.47
     4564       0.2050   5.47
     4565       0.2057   5.47
     4566       0.2050   5.47
     4567       0.2056   5.47
     4568       0.2049   5.47
     4569       0.2055   5.47
     4570       0.2046   5.47
     4571       0.2047   5.47
     4572       0.2054   5.47
     4573       0.2049   5.48
     4574       0.2055   5.48
     4575       0.2047   5.47
     4576       0.2046   5.47
     4577       0.2053   5.47
     4578       0.2046   5.48
     4579       0.2054   5.48
     4580       0.2049   5.48
     4581       0.2049   5.48
     4582       0.2058   5.48
     4583       0.2049   5.47
     4584       0.2058   5.47
     4585       0.2050   5.47
     4586       0.2058   5.47
     4587       0.2046   5.47
     4588       0.2046   5.47
     4589       0.2053   5.47
     4590       0.2047   5.48
     4591       0.2058   5.48
     4592       0.2049   5.48
     4593       0.2050   5.48
     4594       0.2054   5.48
     4595       0.2047   5.47
     4596       0.2054   5.47
     4597       0.2046   5.48
     4598       0.2047   5.48
     4599       0.2054   5.48
     4600       0.2047   5.48
     4601       0.2053   5.48
     4602       0.2046   5.48
     4603       0.2054   5.48
     4604       0.2048   5.48
     4605       0.2049   5.48
     4606       0.2056   5.48
     4607       0.2046   5.47
     4608       0.2053   5.47
     4609       0.2046   5.48
     4610       0.2046   5.48
     4611       0.2054   5.48
     4612       0.2049   5.48
     4613       0.2054   5.48
     4614       0.2046   5.47
     4615       0.2046   5.47
     4616       0.2055   5.47
     4617       0.2049   5.48
     4618       0.2055   5.48
     4619       0.2048   5.47
     4620       0.2057   5.47
     4621       0.2048   5.47
     4622       0.2050   5.47
     4623       0.2054   5.47
     4624       0.2046   5.47
     4625       0.2054   5.47
     4626       0.2047   5.48
     4627       0.2046   5.48
     4628       0.2053   5.48
     4629       0.2046   5.48
     4630       0.2053   5.48
     4631       0.2046   5.48
     4632       0.2047   5.48
     4633       0.2055   5.48
     4634       0.2049   5.48
     4635       0.2053   5.48
     4636       0.2047   5.47
     4637       0.2052   5.47
     4638       0.2047   5.48
     4639       0.2047   5.48
     4640       0.2056   5.48
     4641       0.2047   5.48
     4642       0.2056   5.48
     4643       0.2049   5.48
     4644       0.2049   5.48
     4645       0.2053   5.48
     4646       0.2047   5.47
     4647       0.2052   5.47
     4648       0.2047   5.48
     4649       0.2047   5.48
     4650       0.2056   5.48
     4651       0.2046   5.48
     4652       0.2057   5.48
     4653       0.2049   5.48
     4654       0.2056   5.48
     4655       0.2050   5.47
     4656       0.2049   5.47
     4657       0.2053   5.47
     4658       0.2048   5.47
     4659       0.2053   5.47
     4660       0.2048   5.48
     4661       0.2046   5.48
     4662       0.2053   5.48
     4663       0.2047   5.48
     4664       0.2054   5.48
     4665       0.2049   5.48
     4666       0.2049   5.48
     4667       0.2052   5.48
     4668       0.2047   5.47
     4669       0.2054   5.47
     4670       0.2046   5.48
     4671       0.2055   5.48
     4672       0.2047   5.48
     4673       0.2048   5.48
     4674       0.2053   5.48
     4675       0.2047   5.48
     4676       0.2053   5.48
     4677       0.2047   5.48
     4678       0.2047   5.48
     4679       0.2054   5.48
     4680       0.2047   5.48
     4681       0.2053   5.48
     4682       0.2047   5.48
     4683       0.2047   5.48
     4684       0.2054   5.48
     4685       0.2050   5.48
     4686       0.2053   5.48
     4687       0.2046   5.47
     4688       0.2053   5.47
     4689       0.2048   5.48
     4690       0.2050   5.48
     4691       0.2053   5.48
     4692       0.2047   5.47
     4693       0.2053   5.47
     4694       0.2047   5.48
     4695       0.2046   5.48
     4696       0.2054   5.48
     4697       0.2049   5.48
     4698       0.2056   5.48
     4699       0.2050   5.47
     4700       0.2049   5.47
     4701       0.2059   5.47
     4702       0.2050   5.47
     4703       0.2056   5.47
     4704       0.2047   5.47
     4705       0.2054   5.47
     4706       0.2046   5.48
     4707       0.2047   5.48
     4708       0.2054   5.48
     4709       0.2047   5.48
     4710       0.2057   5.48
     4711       0.2047   5.48
     4712       0.2046   5.48
     4713       0.2056   5.48
     4714       0.2049   5.48
     4715       0.2055   5.48
     4716       0.2049   5.47
     4717       0.2049   5.47
     4718       0.2056   5.47
     4719       0.2049   5.47
     4720       0.2053   5.47
     4721       0.2047   5.47
     4722       0.2053   5.47
     4723       0.2046   5.48
     4724       0.2047   5.48
     4725       0.2053   5.48
     4726       0.2046   5.48
     4727       0.2054   5.48
     4728       0.2048   5.48
     4729       0.2050   5.48
     4730       0.2147   5.48
     4731       0.2046   5.47
     4732       0.2053   5.47
     4733       0.2047   5.48
     4734       0.2048   5.48
     4735       0.2051   5.48
     4736       0.2047   5.48
     4737       0.2053   5.48
     4738       0.2048   5.48
     4739       0.2053   5.48
     4740       0.2046   5.48
     4741       0.2047   5.48
     4742       0.2054   5.48
     4743       0.2047   5.48
     4744       0.2052   5.48
     4745       0.2046   5.48
     4746       0.2046   5.48
     4747       0.2053   5.48
     4748       0.2046   5.48
     4749       0.2053   5.48
     4750       0.2048   5.48
     4751       0.2050   5.48
     4752       0.2050   5.48
     4753       0.2047   5.47
     4754       0.2053   5.47
     4755       0.2047   5.48
     4756       0.2053   5.48
     4757       0.2047   5.48
     4758       0.2046   5.48
     4759       0.2053   5.48
     4760       0.2046   5.48
     4761       0.2056   5.48
     4762       0.2047   5.48
     4763       0.2045   5.48
     4764       0.2054   5.48
     4765       0.2046   5.48
     4766       0.2054   5.48
     4767       0.2047   5.48
     4768       0.2049   5.48
     4769       0.2053   5.48
     4770       0.2047   5.48
     4771       0.2058   5.48
     4772       0.2047   5.48
     4773       0.2057   5.48
     4774       0.2048   5.48
     4775       0.2050   5.48
     4776       0.2053   5.48
     4777       0.2046   5.47
     4778       0.2054   5.47
     4779       0.2047   5.48
     4780       0.2046   5.48
     4781       0.2053   5.48
     4782       0.2048   5.48
     4783       0.2052   5.48
     4784       0.2046   5.48
     4785       0.2049   5.48
     4786       0.2046   5.48
     4787       0.2047   5.48
     4788       0.2054   5.48
     4789       0.2047   5.48
     4790       0.2054   5.48
     4791       0.2046   5.48
     4792       0.2045   5.48
     4793       0.2052   5.48
     4794       0.2047   5.48
     4795       0.2053   5.48
     4796       0.2047   5.48
     4797       0.2047   5.48
     4798       0.2054   5.48
     4799       0.2049   5.48
     4800       0.2055   5.48
     4801       0.2047   5.47
     4802       0.2053   5.47
     4803       0.2047   5.48
     4804       0.2047   5.48
     4805       0.2054   5.48
     4806       0.2049   5.48
     4807       0.2055   5.48
     4808       0.2045   5.47
     4809       0.2047   5.47
     4810       0.2053   5.47
     4811       0.2048   5.48
     4812       0.2053   5.48
     4813       0.2048   5.48
     4814       0.2049   5.48
     4815       0.2056   5.48
     4816       0.2049   5.47
     4817       0.2055   5.47
     4818       0.2047   5.47
     4819       0.2053   5.47
     4820       0.2047   5.48
     4821       0.2047   5.48
     4822       0.2055   5.48
     4823       0.2046   5.48
     4824       0.2056   5.48
     4825       0.2047   5.48
     4826       0.2047   5.48
     4827       0.2054   5.48
     4828       0.2047   5.48
     4829       0.2053   5.48
     4830       0.2048   5.48
     4831       0.2050   5.48
     4832       0.2057   5.48
     4833       0.2047   5.47
     4834       0.2055   5.47
     4835       0.2047   5.48
     4836       0.2053   5.48
     4837       0.2047   5.48
     4838       0.2047   5.48
     4839       0.2053   5.48
     4840       0.2047   5.48
     4841       0.2053   5.48
     4842       0.2048   5.48
     4843       0.2050   5.48
     4844       0.2053   5.48
     4845       0.2046   5.47
     4846       0.2053   5.47
     4847       0.2046   5.48
     4848       0.2046   5.48
     4849       0.2054   5.48
     4850       0.2049   5.48
     4851       0.2054   5.48
     4852       0.2046   5.47
     4853       0.2053   5.47
     4854       0.2047   5.48
     4855       0.2047   5.48
     4856       0.2054   5.48
     4857       0.2046   5.48
     4858       0.2052   5.48
     4859       0.2049   5.48
     4860       0.2049   5.48
     4861       0.2052   5.48
     4862       0.2046   5.47
     4863       0.2054   5.47
     4864       0.2046   5.48
     4865       0.2047   5.48
     4866       0.2054   5.48
     4867       0.2049   5.48
     4868       0.2055   5.48
     4869       0.2046   5.47
     4870       0.2054   5.47
     4871       0.2047   5.48
     4872       0.2050   5.48
     4873       0.2055   5.48
     4874       0.2047   5.47
     4875       0.2053   5.47
     4876       0.2047   5.48
     4877       0.2047   5.48
     4878       0.2055   5.48
     4879       0.2047   5.48
     4880       0.2056   5.48
     4881       0.2046   5.48
     4882       0.2046   5.48
     4883       0.2055   5.48
     4884       0.2046   5.48
     4885       0.2053   5.48
     4886       0.2047   5.48
     4887       0.2053   5.48
     4888       0.2046   5.48
     4889       0.2047   5.48
     4890       0.2057   5.48
     4891       0.2046   5.48
     4892       0.2055   5.48
     4893       0.2048   5.48
     4894       0.2050   5.48
     4895       0.2054   5.48
     4896       0.2047   5.47
     4897       0.2058   5.47
     4898       0.2046   5.48
     4899       0.2046   5.48
     4900       0.2055   5.48
     4901       0.2047   5.48
     4902       0.2052   5.48
     4903       0.2046   5.48
     4904       0.2053   5.48
     4905       0.2047   5.48
     4906       0.2047   5.48
     4907       0.2054   5.48
     4908       0.2047   5.48
     4909       0.2053   5.48
     4910       0.2046   5.48
     4911       0.2047   5.48
     4912       0.2053   5.48
     4913       0.2046   5.48
     4914       0.2053   5.48
     4915       0.2047   5.48
     4916       0.2047   5.48
     4917       0.2053   5.48
     4918       0.2046   5.48
     4919       0.2052   5.48
     4920       0.2046   5.48
     4921       0.2052   5.48
     4922       0.2047   5.48
     4923       0.2046   5.48
     4924       0.2054   5.48
     4925       0.2048   5.48
     4926       0.2056   5.48
     4927       0.2046   5.47
     4928       0.2046   5.47
     4929       0.2054   5.47
     4930       0.2049   5.48
     4931       0.2055   5.48
     4932       0.2047   5.47
     4933       0.2046   5.47
     4934       0.2054   5.47
     4935       0.2047   5.48
     4936       0.2054   5.48
     4937       0.2046   5.48
     4938       0.2052   5.48
     4939       0.2046   5.48
     4940       0.2047   5.48
     4941       0.2055   5.48
     4942       0.2047   5.48
     4943       0.2056   5.48
     4944       0.2047   5.48
     4945       0.2046   5.48
     4946       0.2053   5.48
     4947       0.2049   5.48
     4948       0.2056   5.48
     4949       0.2045   5.47
     4950       0.2046   5.47
     4951       0.2056   5.47
     4952       0.2046   5.48
     4953       0.2055   5.48
     4954       0.2047   5.48
     4955       0.2053   5.48
     4956       0.2047   5.48
     4957       0.2046   5.48
     4958       0.2053   5.48
     4959       0.2048   5.48
     4960       0.2055   5.48
     4961       0.2046   5.47
     4962       0.2047   5.47
     4963       0.2053   5.47
     4964       0.2046   5.48
     4965       0.2053   5.48
     4966       0.2047   5.48
     4967       0.2047   5.48
     4968       0.2053   5.48
     4969       0.2048   5.48
     4970       0.2056   5.48
     4971       0.2045   5.47
     4972       0.2054   5.47
     4973       0.2047   5.48
     4974       0.2047   5.48
     4975       0.2053   5.48
     4976       0.2048   5.48
     4977       0.2056   5.48
     4978       0.2049   5.47
     4979       0.2049   5.47
     4980       0.2056   5.47
     4981       0.2046   5.47
     4982       0.2053   5.47
     4983       0.2047   5.48
     4984       0.2046   5.48
     4985       0.2054   5.48
     4986       0.2048   5.48
     4987       0.2055   5.48
     4988       0.2046   5.47
     4989       0.2052   5.47
     4990       0.2047   5.48
     4991       0.2047   5.48
     4992       0.2053   5.48
     4993       0.2046   5.48
     4994       0.2053   5.48
     4995       0.2047   5.48
     4996       0.2049   5.48
     4997       0.2055   5.48
     4998       0.2046   5.47
     4999       0.2052   5.47
     5000       0.2047   5.48
     5001       0.2047   5.48
     5002       0.2056   5.48
     5003       0.2048   5.48
     5004       0.2058   5.48
     5005       0.2050   5.47
     5006       0.2056   5.47
     5007       0.2047   5.47
     5008       0.2047   5.47
     5009       0.2054   5.47
     5010       0.2047   5.48
     5011       0.2057   5.48
     5012       0.2047   5.48
     5013       0.2049   5.48
     5014       0.2058   5.48
     5015       0.2050   5.47
     5016       0.2056   5.47
     5017       0.2045   5.47
     5018       0.2046   5.47
     5019       0.2052   5.47
     5020       0.2049   5.48
     5021       0.2056   5.48
     5022       0.2049   5.48
     5023       0.2056   5.48
     5024       0.2047   5.47
     5025       0.2047   5.47
     5026       0.2052   5.47
     5027       0.2047   5.48
     5028       0.2053   5.48
     5029       0.2047   5.48
     5030       0.2047   5.48
     5031       0.2054   5.48
     5032       0.2049   5.48
     5033       0.2055   5.48
     5034       0.2047   5.47
     5035       0.2046   5.47
     5036       0.2054   5.47
     5037       0.2046   5.48
     5038       0.2053   5.48
     5039       0.2046   5.48
     5040       0.2053   5.48
     5041       0.2047   5.48
     5042       0.2047   5.48
     5043       0.2052   5.48
     5044       0.2048   5.48
     5045       0.2055   5.48
     5046       0.2049   5.47
     5047       0.2050   5.47
     5048       0.2055   5.47
     5049       0.2050   5.47
     5050       0.2056   5.47
     5051       0.2046   5.47
     5052       0.2047   5.47
     5053       0.2061   5.47
     5054       0.2048   5.48
     5055       0.2056   5.48
     5056       0.2049   5.47
     5057       0.2056   5.47
     5058       0.2046   5.47
     5059       0.2045   5.47
     5060       0.2054   5.47
     5061       0.2047   5.48
     5062       0.2056   5.48
     5063       0.2047   5.48
     5064       0.2047   5.48
     5065       0.2053   5.48
     5066       0.2047   5.48
     5067       0.2054   5.48
     5068       0.2046   5.48
     5069       0.2046   5.48
     5070       0.2058   5.48
     5071       0.2048   5.48
     5072       0.2059   5.48
     5073       0.2046   5.47
     5074       0.2053   5.47
     5075       0.2048   5.48
     5076       0.2048   5.48
     5077       0.2055   5.48
     5078       0.2045   5.47
     5079       0.2054   5.47
     5080       0.2046   5.48
     5081       0.2046   5.48
     5082       0.2054   5.48
     5083       0.2049   5.48
     5084       0.2056   5.48
     5085       0.2049   5.47
     5086       0.2049   5.47
     5087       0.2055   5.47
     5088       0.2047   5.47
     5089       0.2054   5.47
     5090       0.2047   5.48
     5091       0.2056   5.48
     5092       0.2047   5.48
     5093       0.2049   5.48
     5094       0.2057   5.48
     5095       0.2046   5.47
     5096       0.2053   5.47
     5097       0.2047   5.48
     5098       0.2047   5.48
     5099       0.2053   5.48
     5100       0.2047   5.48
     5101       0.2054   5.48
     5102       0.2048   5.48
     5103       0.2049   5.48
     5104       0.2056   5.48
     5105       0.2049   5.47
     5106       0.2056   5.47
     5107       0.2046   5.47
     5108       0.2054   5.47
     5109       0.2047   5.48
     5110       0.2048   5.48
     5111       0.2055   5.48
     5112       0.2046   5.47
     5113       0.2053   5.47
     5114       0.2046   5.48
     5115       0.2047   5.48
     5116       0.2054   5.48
     5117       0.2046   5.48
     5118       0.2053   5.48
     5119       0.2047   5.48
     5120       0.2048   5.48
     5121       0.2058   5.48
     5122       0.2046   5.47
     5123       0.2055   5.47
     5124       0.2047   5.48
     5125       0.2054   5.48
     5126       0.2047   5.48
     5127       0.2047   5.48
     5128       0.2053   5.48
     5129       0.2047   5.48
     5130       0.2059   5.48
     5131       0.2047   5.48
     5132       0.2045   5.48
     5133       0.2053   5.48
     5134       0.2048   5.48
     5135       0.2052   5.48
     5136       0.2046   5.48
     5137       0.2045   5.48
     5138       0.2052   5.48
     5139       0.2049   5.48
     5140       0.2056   5.48
     5141       0.2047   5.48
     5142       0.2053   5.48
     5143       0.2047   5.48
     5144       0.2048   5.48
     5145       0.2057   5.48
     5146       0.2047   5.47
     5147       0.2053   5.47
     5148       0.2046   5.48
     5149       0.2047   5.48
     5150       0.2054   5.48
     5151       0.2046   5.48
     5152       0.2054   5.48
     5153       0.2047   5.48
     5154       0.2048   5.48
     5155       0.2054   5.48
     5156       0.2046   5.47
     5157       0.2053   5.47
     5158       0.2048   5.48
     5159       0.2056   5.48
     5160       0.2048   5.47
     5161       0.2046   5.47
     5162       0.2054   5.47
     5163       0.2047   5.48
     5164       0.2054   5.48
     5165       0.2047   5.48
     5166       0.2046   5.48
     5167       0.2054   5.48
     5168       0.2048   5.48
     5169       0.2056   5.48
     5170       0.2047   5.47
     5171       0.2046   5.47
     5172       0.2054   5.47
     5173       0.2048   5.48
     5174       0.2056   5.48
     5175       0.2046   5.47
     5176       0.2053   5.47
     5177       0.2047   5.48
     5178       0.2047   5.48
     5179       0.2054   5.48
     5180       0.2046   5.48
     5181       0.2054   5.48
     5182       0.2046   5.48
     5183       0.2047   5.48
     5184       0.2056   5.48
     5185       0.2047   5.48
     5186       0.2053   5.48
     5187       0.2046   5.48
     5188       0.2046   5.48
     5189       0.2054   5.48
     5190       0.2047   5.48
     5191       0.2057   5.48
     5192       0.2047   5.48
     5193       0.2055   5.48
     5194       0.2046   5.48
     5195       0.2047   5.48
     5196       0.2053   5.48
     5197       0.2047   5.48
     5198       0.2053   5.48
     5199       0.2047   5.48
     5200       0.2049   5.48
     5201       0.2056   5.48
     5202       0.2047   5.47
     5203       0.2054   5.47
     5204       0.2047   5.48
     5205       0.2047   5.48
     5206       0.2054   5.48
     5207       0.2046   5.48
     5208       0.2061   5.48
     5209       0.2047   5.48
     5210       0.2055   5.48
     5211       0.2049   5.47
     5212       0.2046   5.47
     5213       0.2052   5.47
     5214       0.2047   5.48
     5215       0.2054   5.48
     5216       0.2048   5.48
     5217       0.2047   5.48
     5218       0.2053   5.48
     5219       0.2047   5.48
     5220       0.2052   5.48
     5221       0.2047   5.48
     5222       0.2047   5.48
     5223       0.2051   5.48
     5224       0.2046   5.48
     5225       0.2054   5.48
     5226       0.2047   5.48
     5227       0.2054   5.48
     5228       0.2047   5.48
     5229       0.2048   5.48
     5230       0.2056   5.48
     5231       0.2046   5.47
     5232       0.2054   5.47
     5233       0.2048   5.48
     5234       0.2047   5.48
     5235       0.2054   5.48
     5236       0.2048   5.48
     5237       0.2056   5.48
     5238       0.2047   5.47
     5239       0.2048   5.47
     5240       0.2054   5.47
     5241       0.2048   5.48
     5242       0.2058   5.48
     5243       0.2047   5.48
     5244       0.2054   5.48
     5245       0.2047   5.48
     5246       0.2046   5.48
     5247       0.2063   5.48
     5248       0.2048   5.48
     5249       0.2058   5.48
     5250       0.2049   5.47
     5251       0.2046   5.47
     5252       0.2055   5.47
     5253       0.2047   5.48
     5254       0.2054   5.48
     5255       0.2047   5.48
     5256       0.2050   5.48
     5257       0.2148   5.48
     5258       0.2046   5.47
     5259       0.2053   5.47
     5260       0.2047   5.48
     5261       0.2054   5.48
     5262       0.2046   5.48
     5263       0.2046   5.48
     5264       0.2054   5.48
     5265       0.2047   5.48
     5266       0.2053   5.48
     5267       0.2047   5.48
     5268       0.2049   5.48
     5269       0.2056   5.48
     5270       0.2046   5.47
     5271       0.2053   5.47
     5272       0.2047   5.48
     5273       0.2053   5.48
     5274       0.2047   5.48
     5275       0.2047   5.48
     5276       0.2053   5.48
     5277       0.2047   5.48
     5278       0.2055   5.48
     5279       0.2049   5.48
     5280       0.2046   5.48
     5281       0.2054   5.48
     5282       0.2047   5.48
     5283       0.2055   5.48
     5284       0.2047   5.48
     5285       0.2047   5.48
     5286       0.2054   5.48
     5287       0.2046   5.48
     5288       0.2052   5.48
     5289       0.2047   5.48
     5290       0.2056   5.48
     5291       0.2048   5.48
     5292       0.2046   5.48
     5293       0.2054   5.48
     5294       0.2046   5.48
     5295       0.2054   5.48
     5296       0.2047   5.48
     5297       0.2048   5.48
     5298       0.2056   5.48
     5299       0.2047   5.47
     5300       0.2054   5.47
     5301       0.2047   5.48
     5302       0.2048   5.48
     5303       0.2058   5.48
     5304       0.2046   5.48
     5305       0.2053   5.48
     5306       0.2046   5.48
     5307       0.2054   5.48
     5308       0.2046   5.48
     5309       0.2047   5.48
     5310       0.2057   5.48
     5311       0.2048   5.48
     5312       0.2058   5.48
     5313       0.2050   5.48
     5314       0.2046   5.48
     5315       0.2054   5.48
     5316       0.2047   5.48
     5317       0.2055   5.48
     5318       0.2049   5.48
     5319       0.2046   5.48
     5320       0.2054   5.48
     5321       0.2048   5.48
     5322       0.2055   5.48
     5323       0.2050   5.48
     5324       0.2056   5.48
     5325       0.2049   5.47
     5326       0.2046   5.47
     5327       0.2054   5.47
     5328       0.2046   5.48
     5329       0.2053   5.48
     5330       0.2046   5.48
     5331       0.2046   5.48
     5332       0.2054   5.48
     5333       0.2046   5.48
     5334       0.2053   5.48
     5335       0.2047   5.48
     5336       0.2046   5.48
     5337       0.2053   5.48
     5338       0.2047   5.48
     5339       0.2053   5.48
     5340       0.2047   5.48
     5341       0.2055   5.48
     5342       0.2050   5.48
     5343       0.2050   5.48
     5344       0.2056   5.48
     5345       0.2047   5.47
     5346       0.2052   5.47
     5347       0.2046   5.48
     5348       0.2049   5.48
     5349       0.2056   5.48
     5350       0.2047   5.48
     5351       0.2053   5.48
     5352       0.2047   5.48
     5353       0.2048   5.48
     5354       0.2054   5.48
     5355       0.2048   5.48
     5356       0.2056   5.48
     5357       0.2048   5.48
     5358       0.2053   5.48
     5359       0.2046   5.48
     5360       0.2048   5.48
     5361       0.2057   5.48
     5362       0.2047   5.48
     5363       0.2068   5.48
     5364       0.2045   5.48
     5365       0.2047   5.48
     5366       0.2052   5.48
     5367       0.2047   5.48
     5368       0.2053   5.48
     5369       0.2047   5.48
     5370       0.2047   5.48
     5371       0.2056   5.48
     5372       0.2048   5.48
     5373       0.2059   5.48
     5374       0.2048   5.48
     5375       0.2053   5.48
     5376       0.2047   5.48
     5377       0.2046   5.48
     5378       0.2054   5.48
     5379       0.2047   5.48
     5380       0.2056   5.48
     5381       0.2049   5.48
     5382       0.2046   5.48
     5383       0.2055   5.48
     5384       0.2047   5.48
     5385       0.2055   5.48
     5386       0.2048   5.48
     5387       0.2046   5.48
     5388       0.2053   5.48
     5389       0.2046   5.48
     5390       0.2053   5.48
     5391       0.2047   5.48
     5392       0.2055   5.48
     5393       0.2049   5.48
     5394       0.2049   5.48
     5395       0.2056   5.48
     5396       0.2049   5.47
     5397       0.2057   5.47
     5398       0.2049   5.47
     5399       0.2045   5.47
     5400       0.2052   5.47
     5401       0.2046   5.48
     5402       0.2054   5.48
     5403       0.2047   5.48
     5404       0.2049   5.48
     5405       0.2055   5.48
     5406       0.2049   5.48
     5407       0.2057   5.48
     5408       0.2049   5.47
     5409       0.2056   5.47
     5410       0.2049   5.47
     5411       0.2046   5.47
     5412       0.2053   5.47
     5413       0.2046   5.47
     5414       0.2053   5.47
     5415       0.2048   5.48
     5416       0.2046   5.48
     5417       0.2053   5.48
     5418       0.2047   5.48
     5419       0.2056   5.48
     5420       0.2049   5.48
     5421       0.2046   5.48
     5422       0.2056   5.48
     5423       0.2047   5.48
     5424       0.2055   5.48
     5425       0.2048   5.48
     5426       0.2053   5.48
     5427       0.2046   5.48
     5428       0.2047   5.48
     5429       0.2052   5.48
     5430       0.2047   5.48
     5431       0.2060   5.48
     5432       0.2050   5.48
     5433       0.2046   5.48
     5434       0.2055   5.48
     5435       0.2048   5.47
     5436       0.2056   5.47
     5437       0.2050   5.48
     5438       0.2045   5.48
     5439       0.2053   5.48
     5440       0.2047   5.48
     5441       0.2056   5.48
     5442       0.2049   5.48
     5443       0.2052   5.48
     5444       0.2046   5.47
     5445       0.2048   5.47
     5446       0.2056   5.47
     5447       0.2049   5.48
     5448       0.2055   5.48
     5449       0.2049   5.47
     5450       0.2046   5.47
     5451       0.2054   5.47
     5452       0.2048   5.47
     5453       0.2053   5.47
     5454       0.2047   5.48
     5455       0.2048   5.48
     5456       0.2052   5.48
     5457       0.2047   5.48
     5458       0.2054   5.48
     5459       0.2048   5.48
     5460       0.2055   5.48
     5461       0.2050   5.48
     5462       0.2049   5.48
     5463       0.2056   5.48
     5464       0.2048   5.47
     5465       0.2052   5.47
     5466       0.2047   5.47
     5467       0.2047   5.47
     5468       0.2053   5.47
     5469       0.2047   5.48
     5470       0.2054   5.48
     5471       0.2047   5.48
     5472       0.2050   5.48
     5473       0.2054   5.48
     5474       0.2047   5.48
     5475       0.2053   5.48
     5476       0.2047   5.48
     5477       0.2053   5.48
     5478       0.2047   5.48
     5479       0.2048   5.48
     5480       0.2058   5.48
     5481       0.2049   5.48
     5482       0.2055   5.48
     5483       0.2047   5.47
     5484       0.2048   5.47
     5485       0.2055   5.47
     5486       0.2050   5.48
     5487       0.2056   5.48
     5488       0.2049   5.47
     5489       0.2047   5.47
     5490       0.2055   5.47
     5491       0.2046   5.47
     5492       0.2055   5.47
     5493       0.2045   5.48
     5494       0.2055   5.48
     5495       0.2049   5.48
     5496       0.2050   5.48
     5497       0.2057   5.48
     5498       0.2048   5.47
     5499       0.2052   5.47
     5500       0.2046   5.48
     5501       0.2046   5.48
     5502       0.2054   5.48
     5503       0.2047   5.48
     5504       0.2055   5.48
     5505       0.2050   5.48
     5506       0.2056   5.48
     5507       0.2049   5.47
     5508       0.2047   5.47
     5509       0.2053   5.47
     5510       0.2047   5.47
     5511       0.2055   5.47
     5512       0.2048   5.48
     5513       0.2049   5.48
     5514       0.2055   5.48
     5515       0.2049   5.47
     5516       0.2054   5.47
     5517       0.2047   5.47
     5518       0.2049   5.47
     5519       0.2056   5.47
     5520       0.2048   5.48
     5521       0.2053   5.48
     5522       0.2047   5.47
     5523       0.2054   5.47
     5524       0.2047   5.48
     5525       0.2047   5.48
     5526       0.2056   5.48
     5527       0.2049   5.48
     5528       0.2052   5.48
     5529       0.2046   5.47
     5530       0.2047   5.47
     5531       0.2054   5.47
     5532       0.2047   5.48
     5533       0.2054   5.48
     5534       0.2047   5.48
     5535       0.2047   5.48
     5536       0.2054   5.48
     5537       0.2047   5.48
     5538       0.2053   5.48
     5539       0.2047   5.48
     5540       0.2056   5.48
     5541       0.2047   5.48
     5542       0.2047   5.48
     5543       0.2058   5.48
     5544       0.2050   5.48
     5545       0.2056   5.48
     5546       0.2049   5.47
     5547       0.2047   5.47
     5548       0.2052   5.47
     5549       0.2047   5.47
     5550       0.2058   5.47
     5551       0.2049   5.48
     5552       0.2049   5.48
     5553       0.2058   5.48
     5554       0.2049   5.47
     5555       0.2056   5.47
     5556       0.2049   5.47
     5557       0.2052   5.47
     5558       0.2047   5.47
     5559       0.2047   5.47
     5560       0.2054   5.47
     5561       0.2046   5.48
     5562       0.2055   5.48
     5563       0.2050   5.48
     5564       0.2050   5.48
     5565       0.2056   5.48
     5566       0.2049   5.47
     5567       0.2056   5.47
     5568       0.2050   5.47
     5569       0.2047   5.47
     5570       0.2053   5.47
     5571       0.2046   5.47
     5572       0.2053   5.47
     5573       0.2047   5.48
     5574       0.2054   5.48
     5575       0.2049   5.48
     5576       0.2047   5.48
     5577       0.2053   5.48
     5578       0.2047   5.47
     5579       0.2054   5.47
     5580       0.2047   5.48
     5581       0.2048   5.48
     5582       0.2054   5.48
     5583       0.2047   5.48
     5584       0.2054   5.48
     5585       0.2047   5.48
     5586       0.2048   5.48
     5587       0.2056   5.48
     5588       0.2049   5.48
     5589       0.2056   5.48
     5590       0.2049   5.47
     5591       0.2055   5.47
     5592       0.2048   5.47
     5593       0.2048   5.47
     5594       0.2053   5.47
     5595       0.2047   5.47
     5596       0.2056   5.47
     5597       0.2046   5.48
     5598       0.2047   5.48
     5599       0.2052   5.48
     5600       0.2048   5.48
     5601       0.2057   5.48
     5602       0.2049   5.48
     5603       0.2049   5.48
     5604       0.2058   5.48
     5605       0.2049   5.47
     5606       0.2053   5.47
     5607       0.2047   5.47
     5608       0.2054   5.47
     5609       0.2046   5.48
     5610       0.2046   5.48
     5611       0.2057   5.48
     5612       0.2047   5.48
     5613       0.2057   5.48
     5614       0.2046   5.48
     5615       0.2048   5.48
     5616       0.2056   5.48
     5617       0.2049   5.48
     5618       0.2054   5.48
     5619       0.2049   5.47
     5620       0.2049   5.47
     5621       0.2055   5.47
     5622       0.2048   5.47
     5623       0.2052   5.47
     5624       0.2045   5.48
     5625       0.2053   5.48
     5626       0.2048   5.48
     5627       0.2047   5.48
     5628       0.2056   5.48
     5629       0.2049   5.48
     5630       0.2053   5.48
     5631       0.2047   5.47
     5632       0.2049   5.47
     5633       0.2058   5.47
     5634       0.2051   5.47
     5635       0.2057   5.47
     5636       0.2049   5.47
     5637       0.2046   5.47
     5638       0.2052   5.47
     5639       0.2047   5.47
     5640       0.2055   5.47
     5641       0.2049   5.48
     5642       0.2056   5.48
     5643       0.2049   5.47
     5644       0.2049   5.47
     5645       0.2053   5.47
     5646       0.2047   5.47
     5647       0.2053   5.47
     5648       0.2046   5.48
     5649       0.2047   5.48
     5650       0.2053   5.48
     5651       0.2047   5.48
     5652       0.2053   5.48
     5653       0.2047   5.48
     5654       0.2047   5.48
     5655       0.2053   5.48
     5656       0.2046   5.48
     5657       0.2053   5.48
     5658       0.2046   5.48
     5659       0.2053   5.48
     5660       0.2046   5.48
     5661       0.2047   5.48
     5662       0.2054   5.48
     5663       0.2047   5.48
     5664       0.2056   5.48
     5665       0.2046   5.48
     5666       0.2047   5.48
     5667       0.2054   5.48
     5668       0.2047   5.48
     5669       0.2054   5.48
     5670       0.2046   5.48
     5671       0.2046   5.48
     5672       0.2058   5.48
     5673       0.2047   5.48
     5674       0.2056   5.48
     5675       0.2047   5.48
     5676       0.2053   5.48
     5677       0.2047   5.48
     5678       0.2047   5.48
     5679       0.2053   5.48
     5680       0.2048   5.48
     5681       0.2053   5.48
     5682       0.2047   5.48
     5683       0.2048   5.48
     5684       0.2056   5.48
     5685       0.2050   5.48
     5686       0.2056   5.48
     5687       0.2049   5.47
     5688       0.2050   5.47
     5689       0.2056   5.47
     5690       0.2049   5.47
     5691       0.2057   5.47
     5692       0.2050   5.47
     5693       0.2053   5.47
     5694       0.2047   5.47
     5695       0.2047   5.47
     5696       0.2052   5.47
     5697       0.2047   5.48
     5698       0.2055   5.48
     5699       0.2049   5.48
     5700       0.2051   5.48
     5701       0.2055   5.48
     5702       0.2050   5.47
     5703       0.2053   5.47
     5704       0.2047   5.47
     5705       0.2048   5.47
     5706       0.2056   5.47
     5707       0.2049   5.48
     5708       0.2051   5.48
     5709       0.2045   5.47
     5710       0.2053   5.47
     5711       0.2050   5.48
     5712       0.2048   5.48
     5713       0.2052   5.48
     5714       0.2047   5.47
     5715       0.2053   5.47
     5716       0.2047   5.48
     5717       0.2046   5.48
     5718       0.2052   5.48
     5719       0.2045   5.48
     5720       0.2055   5.48
     5721       0.2047   5.48
     5722       0.2047   5.48
     5723       0.2055   5.48
     5724       0.2046   5.48
     5725       0.2053   5.48
     5726       0.2046   5.48
     5727       0.2052   5.48
     5728       0.2046   5.48
     5729       0.2047   5.48
     5730       0.2058   5.48
     5731       0.2050   5.48
     5732       0.2058   5.48
     5733       0.2048   5.47
     5734       0.2048   5.47
     5735       0.2052   5.47
     5736       0.2048   5.47
     5737       0.2053   5.47
     5738       0.2047   5.48
     5739       0.2047   5.48
     5740       0.2053   5.48
     5741       0.2047   5.48
     5742       0.2147   5.48
     5743       0.2047   5.48
     5744       0.2053   5.48
     5745       0.2047   5.48
     5746       0.2046   5.48
     5747       0.2054   5.48
     5748       0.2047   5.48
     5749       0.2054   5.48
     5750       0.2047   5.48
     5751       0.2048   5.48
     5752       0.2053   5.48
     5753       0.2047   5.48
     5754       0.2054   5.48
     5755       0.2049   5.48
     5756       0.2055   5.48
     5757       0.2046   5.47
     5758       0.2046   5.47
     5759       0.2053   5.47
     5760       0.2047   5.48
     5761       0.2054   5.48
     5762       0.2047   5.48
     5763       0.2047   5.48
     5764       0.2052   5.48
     5765       0.2047   5.48
     5766       0.2052   5.48
     5767       0.2046   5.48
     5768       0.2047   5.48
     5769       0.2055   5.48
     5770       0.2049   5.48
     5771       0.2053   5.48
     5772       0.2047   5.47
     5773       0.2053   5.47
     5774       0.2046   5.48
     5775       0.2047   5.48
     5776       0.2052   5.48
     5777       0.2047   5.48
     5778       0.2054   5.48
     5779       0.2048   5.48
     5780       0.2050   5.48
     5781       0.2054   5.48
     5782       0.2047   5.47
     5783       0.2057   5.47
     5784       0.2049   5.48
     5785       0.2048   5.48
     5786       0.2053   5.48
     5787       0.2047   5.47
     5788       0.2054   5.47
     5789       0.2047   5.48
     5790       0.2058   5.48
     5791       0.2048   5.48
     5792       0.2051   5.48
     5793       0.2059   5.48
     5794       0.2049   5.47
     5795       0.2054   5.47
     5796       0.2047   5.47
     5797       0.2048   5.47
     5798       0.2053   5.47
     5799       0.2047   5.48
     5800       0.2054   5.48
     5801       0.2047   5.48
     5802       0.2047   5.48
     5803       0.2054   5.48
     5804       0.2046   5.48
     5805       0.2053   5.48
     5806       0.2047   5.48
     5807       0.2054   5.48
     5808       0.2049   5.48
     5809       0.2049   5.48
     5810       0.2053   5.48
     5811       0.2047   5.47
     5812       0.2053   5.47
     5813       0.2047   5.48
     5814       0.2047   5.48
     5815       0.2055   5.48
     5816       0.2050   5.48
     5817       0.2053   5.48
     5818       0.2047   5.47
     5819       0.2047   5.47
     5820       0.2053   5.47
     5821       0.2047   5.48
     5822       0.2053   5.48
     5823       0.2046   5.48
     5824       0.2054   5.48
     5825       0.2049   5.48
     5826       0.2049   5.48
     5827       0.2052   5.48
     5828       0.2047   5.47
     5829       0.2053   5.47
     5830       0.2047   5.48
     5831       0.2047   5.48
     5832       0.2054   5.48
     5833       0.2050   5.48
     5834       0.2053   5.48
     5835       0.2046   5.47
     5836       0.2048   5.47
     5837       0.2055   5.47
     5838       0.2050   5.48
     5839       0.2054   5.48
     5840       0.2047   5.47
     5841       0.2055   5.47
     5842       0.2049   5.48
     5843       0.2050   5.48
     5844       0.2056   5.48
     5845       0.2046   5.47
     5846       0.2055   5.47
     5847       0.2049   5.48
     5848       0.2049   5.48
     5849       0.2056   5.48
     5850       0.2050   5.47
     5851       0.2058   5.47
     5852       0.2047   5.47
     5853       0.2046   5.47
     5854       0.2056   5.47
     5855       0.2047   5.48
     5856       0.2054   5.48
     5857       0.2050   5.48
     5858       0.2054   5.48
     5859       0.2047   5.47
     5860       0.2047   5.47
     5861       0.2053   5.47
     5862       0.2047   5.48
     5863       0.2053   5.48
     5864       0.2046   5.48
     5865       0.2046   5.48
     5866       0.2054   5.48
     5867       0.2047   5.48
     5868       0.2055   5.48
     5869       0.2049   5.48
     5870       0.2049   5.48
     5871       0.2052   5.48
     5872       0.2047   5.47
     5873       0.2053   5.47
     5874       0.2047   5.48
     5875       0.2053   5.48
     5876       0.2046   5.48
     5877       0.2046   5.48
     5878       0.2054   5.48
     5879       0.2046   5.48
     5880       0.2053   5.48
     5881       0.2047   5.48
     5882       0.2046   5.48
     5883       0.2052   5.48
     5884       0.2047   5.48
     5885       0.2054   5.48
     5886       0.2048   5.48
     5887       0.2050   5.48
     5888       0.2057   5.48
     5889       0.2049   5.47
     5890       0.2056   5.47
     5891       0.2049   5.47
     5892       0.2055   5.47
     5893       0.2046   5.47
     5894       0.2046   5.47
     5895       0.2054   5.47
     5896       0.2046   5.48
     5897       0.2054   5.48
     5898       0.2047   5.48
     5899       0.2047   5.48
     5900       0.2055   5.48
     5901       0.2046   5.48
     5902       0.2055   5.48
     5903       0.2046   5.48
     5904       0.2047   5.48
     5905       0.2054   5.48
     5906       0.2049   5.48
     5907       0.2053   5.48
     5908       0.2047   5.47
     5909       0.2058   5.47
     5910       0.2047   5.48
     5911       0.2047   5.48
     5912       0.2057   5.48
     5913       0.2047   5.48
     5914       0.2054   5.48
     5915       0.2049   5.48
     5916       0.2050   5.48
     5917       0.2057   5.48
     5918       0.2050   5.47
     5919       0.2053   5.47
     5920       0.2046   5.47
     5921       0.2047   5.47
     5922       0.2053   5.47
     5923       0.2048   5.48
     5924       0.2053   5.48
     5925       0.2046   5.48
     5926       0.2054   5.48
     5927       0.2047   5.48
     5928       0.2047   5.48
     5929       0.2054   5.48
     5930       0.2050   5.48
     5931       0.2056   5.48
     5932       0.2050   5.47
     5933       0.2049   5.47
     5934       0.2052   5.47
     5935       0.2047   5.47
     5936       0.2054   5.47
     5937       0.2047   5.48
     5938       0.2048   5.48
     5939       0.2052   5.48
     5940       0.2047   5.48
     5941       0.2054   5.48
     5942       0.2047   5.48
     5943       0.2054   5.48
     5944       0.2047   5.48
     5945       0.2048   5.48
     5946       0.2053   5.48
     5947       0.2047   5.48
     5948       0.2054   5.48
     5949       0.2049   5.48
     5950       0.2050   5.48
     5951       0.2053   5.48
     5952       0.2046   5.47
     5953       0.2054   5.47
     5954       0.2046   5.48
     5955       0.2047   5.48
     5956       0.2053   5.48
     5957       0.2047   5.48
     5958       0.2052   5.48
     5959       0.2046   5.48
     5960       0.2055   5.48
     5961       0.2046   5.48
     5962       0.2047   5.48
     5963       0.2057   5.48
     5964       0.2049   5.48
     5965       0.2056   5.48
     5966       0.2050   5.47
     5967       0.2049   5.47
     5968       0.2054   5.47
     5969       0.2048   5.47
     5970       0.2057   5.47
     5971       0.2046   5.48
     5972       0.2047   5.48
     5973       0.2055   5.48
     5974       0.2047   5.48
     5975       0.2054   5.48
     5976       0.2049   5.48
     5977       0.2057   5.48
     5978       0.2045   5.47
     5979       0.2047   5.47
     5980       0.2053   5.47
     5981       0.2047   5.48
     5982       0.2053   5.48
     5983       0.2047   5.48
     5984       0.2048   5.48
     5985       0.2055   5.48
     5986       0.2049   5.48
     5987       0.2054   5.48
     5988       0.2047   5.47
     5989       0.2046   5.47
     5990       0.2053   5.47
     5991       0.2049   5.48
     5992       0.2056   5.48
     5993       0.2050   5.47
     5994       0.2056   5.47
     5995       0.2045   5.47
     5996       0.2047   5.47
     5997       0.2053   5.47
     5998       0.2048   5.48
     5999       0.2054   5.48
     6000       0.2047   5.48
     6001       0.2047   5.48
     6002       0.2053   5.48
     6003       0.2047   5.48
     6004       0.2054   5.48
     6005       0.2047   5.48
     6006       0.2049   5.48
     6007       0.2053   5.48
     6008       0.2050   5.48
     6009       0.2056   5.48
     6010       0.2049   5.47
     6011       0.2055   5.47
     6012       0.2050   5.47
     6013       0.2050   5.47
     6014       0.2054   5.47
     6015       0.2047   5.47
     6016       0.2054   5.47
     6017       0.2046   5.48
     6018       0.2047   5.48
     6019       0.2053   5.48
     6020       0.2047   5.48
     6021       0.2056   5.48
     6022       0.2049   5.48
     6023       0.2052   5.48
     6024       0.2057   5.48
     6025       0.2049   5.47
     6026       0.2057   5.47
     6027       0.2050   5.47
     6028       0.2056   5.47
     6029       0.2046   5.47
     6030       0.2047   5.47
     6031       0.2058   5.47
     6032       0.2047   5.48
     6033       0.2056   5.48
     6034       0.2049   5.48
     6035       0.2049   5.48
     6036       0.2052   5.48
     6037       0.2046   5.47
     6038       0.2053   5.47
     6039       0.2047   5.48
     6040       0.2054   5.48
     6041       0.2047   5.48
     6042       0.2047   5.48
     6043       0.2053   5.48
     6044       0.2046   5.48
     6045       0.2053   5.48
     6046       0.2047   5.48
     6047       0.2046   5.48
     6048       0.2054   5.48
     6049       0.2046   5.48
     6050       0.2053   5.48
     6051       0.2046   5.48
     6052       0.2047   5.48
     6053       0.2054   5.48
     6054       0.2049   5.48
     6055       0.2055   5.48
     6056       0.2049   5.47
     6057       0.2056   5.47
     6058       0.2050   5.47
     6059       0.2049   5.47
     6060       0.2053   5.47
     6061       0.2046   5.47
     6062       0.2054   5.47
     6063       0.2048   5.48
     6064       0.2049   5.48
     6065       0.2053   5.48
     6066       0.2046   5.47
     6067       0.2052   5.47
     6068       0.2046   5.48
     6069       0.2046   5.48
     6070       0.2054   5.48
     6071       0.2046   5.48
     6072       0.2055   5.48
     6073       0.2047   5.48
     6074       0.2056   5.48
     6075       0.2046   5.47
     6076       0.2046   5.47
     6077       0.2054   5.47
     6078       0.2048   5.48
     6079       0.2056   5.48
     6080       0.2050   5.47
     6081       0.2050   5.47
     6082       0.2056   5.47
     6083       0.2046   5.47
     6084       0.2055   5.47
     6085       0.2049   5.48
     6086       0.2050   5.48
     6087       0.2054   5.48
     6088       0.2046   5.47
     6089       0.2053   5.47
     6090       0.2046   5.48
     6091       0.2057   5.48
     6092       0.2047   5.48
     6093       0.2046   5.48
     6094       0.2056   5.48
     6095       0.2047   5.48
     6096       0.2053   5.48
     6097       0.2048   5.48
     6098       0.2049   5.48
     6099       0.2056   5.48
     6100       0.2049   5.47
     6101       0.2058   5.47
     6102       0.2049   5.47
     6103       0.2048   5.47
     6104       0.2054   5.47
     6105       0.2050   5.47
     6106       0.2054   5.47
     6107       0.2046   5.47
     6108       0.2053   5.47
     6109       0.2047   5.48
     6110       0.2047   5.48
     6111       0.2054   5.48
     6112       0.2049   5.48
     6113       0.2055   5.48
     6114       0.2048   5.47
     6115       0.2050   5.47
     6116       0.2054   5.47
     6117       0.2045   5.47
     6118       0.2053   5.47
     6119       0.2047   5.48
     6120       0.2048   5.48
     6121       0.2057   5.48
     6122       0.2047   5.48
     6123       0.2056   5.48
     6124       0.2046   5.48
     6125       0.2053   5.48
     6126       0.2047   5.48
     6127       0.2050   5.48
     6128       0.2055   5.48
     6129       0.2047   5.47
     6130       0.2054   5.47
     6131       0.2047   5.48
     6132       0.2047   5.48
     6133       0.2052   5.48
     6134       0.2047   5.48
     6135       0.2054   5.48
     6136       0.2048   5.48
     6137       0.2050   5.48
     6138       0.2054   5.48
     6139       0.2047   5.47
     6140       0.2057   5.47
     6141       0.2047   5.48
     6142       0.2056   5.48
     6143       0.2048   5.48
     6144       0.2049   5.48
     6145       0.2055   5.48
     6146       0.2049   5.47
     6147       0.2057   5.47
     6148       0.2046   5.47
     6149       0.2047   5.47
     6150       0.2058   5.47
     6151       0.2049   5.48
     6152       0.2058   5.48
     6153       0.2046   5.47
     6154       0.2046   5.47
     6155       0.2053   5.47
     6156       0.2046   5.48
     6157       0.2054   5.48
     6158       0.2047   5.48
     6159       0.2054   5.48
     6160       0.2048   5.48
     6161       0.2049   5.48
     6162       0.2054   5.48
     6163       0.2046   5.47
     6164       0.2053   5.47
     6165       0.2047   5.48
     6166       0.2047   5.48
     6167       0.2053   5.48
     6168       0.2045   5.48
     6169       0.2053   5.48
     6170       0.2048   5.48
     6171       0.2049   5.48
     6172       0.2053   5.48
     6173       0.2047   5.47
     6174       0.2053   5.47
     6175       0.2046   5.48
     6176       0.2053   5.48
     6177       0.2047   5.48
     6178       0.2047   5.48
     6179       0.2053   5.48
     6180       0.2047   5.48
     6181       0.2052   5.48
     6182       0.2048   5.48
     6183       0.2050   5.48
     6184       0.2053   5.48
     6185       0.2046   5.47
     6186       0.2052   5.47
     6187       0.2047   5.48
     6188       0.2049   5.48
     6189       0.2056   5.48
     6190       0.2050   5.47
     6191       0.2056   5.47
     6192       0.2049   5.47
     6193       0.2056   5.47
     6194       0.2046   5.47
     6195       0.2047   5.47
     6196       0.2053   5.47
     6197       0.2047   5.48
     6198       0.2053   5.48
     6199       0.2047   5.48
     6200       0.2046   5.48
     6201       0.2055   5.48
     6202       0.2047   5.48
     6203       0.2054   5.48
     6204       0.2046   5.48
     6205       0.2046   5.48
     6206       0.2055   5.48
     6207       0.2049   5.48
     6208       0.2056   5.48
     6209       0.2049   5.47
     6210       0.2060   5.47
     6211       0.2046   5.47
     6212       0.2046   5.47
     6213       0.2056   5.47
     6214       0.2049   5.48
     6215       0.2055   5.48
     6216       0.2047   5.47
     6217       0.2047   5.47
     6218       0.2054   5.47
     6219       0.2047   5.48
     6220       0.2053   5.48
     6221       0.2048   5.48
     6222       0.2050   5.48
     6223       0.2056   5.48
     6224       0.2050   5.47
     6225       0.2056   5.47
     6226       0.2049   5.47
     6227       0.2150   5.47
     6228       0.2047   5.47
     6229       0.2046   5.47
     6230       0.2053   5.47
     6231       0.2047   5.48
     6232       0.2053   5.48
     6233       0.2047   5.48
     6234       0.2048   5.48
     6235       0.2054   5.48
     6236       0.2047   5.48
     6237       0.2054   5.48
     6238       0.2047   5.48
     6239       0.2051   5.48
     6240       0.2046   5.47
     6241       0.2047   5.47
     6242       0.2052   5.47
     6243       0.2046   5.48
     6244       0.2053   5.48
     6245       0.2046   5.48
     6246       0.2047   5.48
     6247       0.2053   5.48
     6248       0.2047   5.48
     6249       0.2054   5.48
     6250       0.2047   5.48
     6251       0.2047   5.48
     6252       0.2053   5.48
     6253       0.2045   5.48
     6254       0.2053   5.48
     6255       0.2046   5.48
     6256       0.2048   5.48
     6257       0.2052   5.48
     6258       0.2047   5.48
     6259       0.2054   5.48
     6260       0.2049   5.48
     6261       0.2058   5.48
     6262       0.2047   5.47
     6263       0.2047   5.47
     6264       0.2056   5.47
     6265       0.2048   5.48
     6266       0.2054   5.48
     6267       0.2048   5.48
     6268       0.2049   5.48
     6269       0.2055   5.48
     6270       0.2049   5.47
     6271       0.2060   5.47
     6272       0.2046   5.47
     6273       0.2056   5.47
     6274       0.2047   5.48
     6275       0.2047   5.48
     6276       0.2053   5.48
     6277       0.2046   5.48
     6278       0.2053   5.48
     6279       0.2047   5.48
     6280       0.2047   5.48
     6281       0.2053   5.48
     6282       0.2047   5.48
     6283       0.2053   5.48
     6284       0.2046   5.48
     6285       0.2046   5.48
     6286       0.2054   5.48
     6287       0.2046   5.48
     6288       0.2053   5.48
     6289       0.2047   5.48
     6290       0.2053   5.48
     6291       0.2048   5.48
     6292       0.2048   5.48
     6293       0.2056   5.48
     6294       0.2046   5.47
     6295       0.2062   5.47
     6296       0.2047   5.48
     6297       0.2049   5.48
     6298       0.2056   5.48
     6299       0.2046   5.47
     6300       0.2053   5.47
     6301       0.2047   5.48
     6302       0.2047   5.48
     6303       0.2053   5.48
     6304       0.2047   5.48
     6305       0.2053   5.48
     6306       0.2046   5.48
     6307       0.2054   5.48
     6308       0.2045   5.48
     6309       0.2047   5.48
     6310       0.2054   5.48
     6311       0.2046   5.48
     6312       0.2052   5.48
     6313       0.2046   5.48
     6314       0.2049   5.48
     6315       0.2056   5.48
     6316       0.2045   5.48
     6317       0.2053   5.48
     6318       0.2048   5.48
     6319       0.2050   5.48
     6320       0.2059   5.48
     6321       0.2049   5.47
     6322       0.2058   5.47
     6323       0.2050   5.47
     6324       0.2056   5.47
     6325       0.2048   5.47
     6326       0.2046   5.47
     6327       0.2052   5.47
     6328       0.2047   5.48
     6329       0.2057   5.48
     6330       0.2046   5.48
     6331       0.2046   5.48
     6332       0.2054   5.48
     6333       0.2047   5.48
     6334       0.2054   5.48
     6335       0.2047   5.48
     6336       0.2046   5.48
     6337       0.2053   5.48
     6338       0.2047   5.48
     6339       0.2053   5.48
     6340       0.2047   5.48
     6341       0.2053   5.48
     6342       0.2048   5.48
     6343       0.2047   5.48
     6344       0.2053   5.48
     6345       0.2049   5.48
     6346       0.2057   5.48
     6347       0.2048   5.47
     6348       0.2047   5.47
     6349       0.2054   5.47
     6350       0.2047   5.48
     6351       0.2053   5.48
     6352       0.2047   5.48
     6353       0.2046   5.48
     6354       0.2055   5.48
     6355       0.2049   5.48
     6356       0.2057   5.48
     6357       0.2049   5.47
     6358       0.2056   5.47
     6359       0.2047   5.47
     6360       0.2047   5.47
     6361       0.2054   5.47
     6362       0.2047   5.48
     6363       0.2053   5.48
     6364       0.2047   5.48
     6365       0.2047   5.48
     6366       0.2052   5.48
     6367       0.2047   5.48
     6368       0.2054   5.48
     6369       0.2047   5.48
     6370       0.2047   5.48
     6371       0.2053   5.48
     6372       0.2048   5.48
     6373       0.2053   5.48
     6374       0.2047   5.48
     6375       0.2055   5.48
     6376       0.2048   5.47
     6377       0.2046   5.47
     6378       0.2053   5.47
     6379       0.2048   5.48
     6380       0.2055   5.48
     6381       0.2047   5.48
     6382       0.2047   5.48
     6383       0.2055   5.48
     6384       0.2049   5.48
     6385       0.2056   5.48
     6386       0.2047   5.47
     6387       0.2046   5.47
     6388       0.2054   5.47
     6389       0.2047   5.48
     6390       0.2058   5.48
     6391       0.2048   5.48
     6392       0.2060   5.48
     6393       0.2050   5.47
     6394       0.2049   5.47
     6395       0.2056   5.47
     6396       0.2047   5.47
     6397       0.2054   5.47
     6398       0.2048   5.48
     6399       0.2049   5.48
     6400       0.2056   5.48
     6401       0.2046   5.47
     6402       0.2054   5.47
     6403       0.2047   5.48
     6404       0.2050   5.48
     6405       0.2056   5.48
     6406       0.2046   5.47
     6407       0.2053   5.47
     6408       0.2047   5.48
     6409       0.2053   5.48
     6410       0.2047   5.48
     6411       0.2047   5.48
     6412       0.2054   5.48
     6413       0.2046   5.48
     6414       0.2053   5.48
     6415       0.2047   5.48
     6416       0.2047   5.48
     6417       0.2052   5.48
     6418       0.2047   5.48
     6419       0.2053   5.48
     6420       0.2047   5.48
     6421       0.2049   5.48
     6422       0.2055   5.48
     6423       0.2046   5.48
     6424       0.2052   5.48
     6425       0.2047   5.48
     6426       0.2052   5.48
     6427       0.2048   5.48
     6428       0.2049   5.48
     6429       0.2057   5.48
     6430       0.2049   5.47
     6431       0.2055   5.47
     6432       0.2048   5.47
     6433       0.2046   5.47
     6434       0.2053   5.47
     6435       0.2047   5.48
     6436       0.2056   5.48
     6437       0.2047   5.47
     6438       0.2046   5.47
     6439       0.2053   5.47
     6440       0.2047   5.48
     6441       0.2056   5.48
     6442       0.2047   5.48
     6443       0.2055   5.48
     6444       0.2047   5.48
     6445       0.2048   5.48
     6446       0.2056   5.48
     6447       0.2050   5.47
     6448       0.2056   5.47
     6449       0.2047   5.47
     6450       0.2047   5.47
     6451       0.2337   5.47
     6452       0.2046   5.48
     6453       0.2056   5.48
     6454       0.2047   5.48
     6455       0.2054   5.48
     6456       0.2047   5.48
     6457       0.2047   5.48
     6458       0.2054   5.48
     6459       0.2047   5.48
     6460       0.2057   5.48
     6461       0.2048   5.47
     6462       0.2047   5.47
     6463       0.2054   5.47
     6464       0.2046   5.48
     6465       0.2054   5.48
     6466       0.2046   5.48
     6467       0.2047   5.48
     6468       0.2053   5.48
     6469       0.2047   5.48
     6470       0.2053   5.48
     6471       0.2046   5.48
     6472       0.2053   5.48
     6473       0.2046   5.48
     6474       0.2047   5.48
     6475       0.2053   5.48
     6476       0.2047   5.48
     6477       0.2053   5.48
     6478       0.2047   5.48
     6479       0.2047   5.48
     6480       0.2054   5.48
     6481       0.2046   5.48
     6482       0.2052   5.48
     6483       0.2047   5.48
     6484       0.2048   5.48
     6485       0.2056   5.48
     6486       0.2046   5.48
     6487       0.2053   5.48
     6488       0.2046   5.48
     6489       0.2054   5.48
     6490       0.2048   5.48
     6491       0.2049   5.48
     6492       0.2054   5.48
     6493       0.2046   5.47
     6494       0.2054   5.47
     6495       0.2047   5.48
     6496       0.2047   5.48
     6497       0.2054   5.48
     6498       0.2047   5.48
     6499       0.2055   5.48
     6500       0.2047   5.48
     6501       0.2047   5.48
     6502       0.2056   5.48
     6503       0.2047   5.48
     6504       0.2056   5.48
     6505       0.2047   5.48
     6506       0.2057   5.48
     6507       0.2049   5.47
     6508       0.2047   5.47
     6509       0.2053   5.47
     6510       0.2047   5.48
     6511       0.2057   5.48
     6512       0.2046   5.48
     6513       0.2047   5.48
     6514       0.2055   5.48
     6515       0.2046   5.48
     6516       0.2054   5.48
     6517       0.2048   5.48
     6518       0.2048   5.48
     6519       0.2053   5.48
     6520       0.2046   5.48
     6521       0.2053   5.48
     6522       0.2047   5.48
     6523       0.2055   5.48
     6524       0.2049   5.48
     6525       0.2049   5.48
     6526       0.2057   5.48
     6527       0.2049   5.47
     6528       0.2057   5.47
     6529       0.2047   5.47
     6530       0.2047   5.47
     6531       0.2054   5.47
     6532       0.2047   5.47
     6533       0.2053   5.47
     6534       0.2047   5.48
     6535       0.2047   5.48
     6536       0.2053   5.48
     6537       0.2047   5.48
     6538       0.2054   5.48
     6539       0.2047   5.48
     6540       0.2052   5.48
     6541       0.2046   5.48
     6542       0.2048   5.48
     6543       0.2055   5.48
     6544       0.2047   5.48
     6545       0.2054   5.48
     6546       0.2047   5.48
     6547       0.2048   5.48
     6548       0.2056   5.48
     6549       0.2046   5.48
     6550       0.2053   5.48
     6551       0.2047   5.48
     6552       0.2047   5.48
     6553       0.2053   5.48
     6554       0.2047   5.48
     6555       0.2054   5.48
     6556       0.2047   5.48
     6557       0.2056   5.48
     6558       0.2049   5.47
     6559       0.2046   5.47
     6560       0.2055   5.47
     6561       0.2047   5.48
     6562       0.2055   5.48
     6563       0.2046   5.48
     6564       0.2047   5.48
     6565       0.2054   5.48
     6566       0.2047   5.48
     6567       0.2054   5.48
     6568       0.2048   5.48
     6569       0.2048   5.48
     6570       0.2058   5.48
     6571       0.2047   5.48
     6572       0.2056   5.48
     6573       0.2047   5.48
     6574       0.2055   5.48
     6575       0.2050   5.48
     6576       0.2047   5.48
     6577       0.2054   5.48
     6578       0.2047   5.47
     6579       0.2054   5.47
     6580       0.2048   5.48
     6581       0.2046   5.48
     6582       0.2054   5.48
     6583       0.2047   5.48
     6584       0.2054   5.48
     6585       0.2047   5.48
     6586       0.2048   5.48
     6587       0.2056   5.48
     6588       0.2046   5.48
     6589       0.2053   5.48
     6590       0.2047   5.48
     6591       0.2054   5.48
     6592       0.2047   5.48
     6593       0.2048   5.48
     6594       0.2056   5.48
     6595       0.2050   5.48
     6596       0.2056   5.48
     6597       0.2049   5.47
     6598       0.2046   5.47
     6599       0.2051   5.47
     6600       0.2047   5.48
     6601       0.2054   5.48
     6602       0.2047   5.48
     6603       0.2046   5.48
     6604       0.2054   5.48
     6605       0.2047   5.48
     6606       0.2063   5.48
     6607       0.2048   5.48
     6608       0.2055   5.48
     6609       0.2049   5.48
     6610       0.2046   5.48
     6611       0.2053   5.48
     6612       0.2047   5.48
     6613       0.2053   5.48
     6614       0.2047   5.48
     6615       0.2048   5.48
     6616       0.2056   5.48
     6617       0.2047   5.48
     6618       0.2053   5.48
     6619       0.2048   5.47
     6620       0.2047   5.47
     6621       0.2053   5.47
     6622       0.2048   5.48
     6623       0.2058   5.48
     6624       0.2049   5.48
     6625       0.2053   5.48
     6626       0.2047   5.47
     6627       0.2048   5.47
     6628       0.2055   5.47
     6629       0.2048   5.48
     6630       0.2060   5.48
     6631       0.2049   5.47
     6632       0.2045   5.47
     6633       0.2055   5.47
     6634       0.2047   5.48
     6635       0.2053   5.48
     6636       0.2047   5.48
     6637       0.2049   5.48
     6638       0.2053   5.48
     6639       0.2048   5.48
     6640       0.2056   5.48
     6641       0.2050   5.47
     6642       0.2056   5.47
     6643       0.2050   5.47
     6644       0.2046   5.47
     6645       0.2053   5.47
     6646       0.2047   5.48
     6647       0.2053   5.48
     6648       0.2047   5.48
     6649       0.2047   5.48
     6650       0.2052   5.48
     6651       0.2047   5.48
     6652       0.2053   5.48
     6653       0.2047   5.48
     6654       0.2049   5.48
     6655       0.2048   5.48
     6656       0.2047   5.48
     6657       0.2052   5.48
     6658       0.2046   5.48
     6659       0.2054   5.48
     6660       0.2046   5.48
     6661       0.2046   5.48
     6662       0.2053   5.48
     6663       0.2046   5.48
     6664       0.2054   5.48
     6665       0.2047   5.48
     6666       0.2049   5.48
     6667       0.2056   5.48
     6668       0.2047   5.48
     6669       0.2054   5.48
     6670       0.2048   5.47
     6671       0.2049   5.47
     6672       0.2050   5.48
     6673       0.2046   5.48
     6674       0.2054   5.48
     6675       0.2047   5.47
     6676       0.2052   5.47
     6677       0.2047   5.48
     6678       0.2047   5.48
     6679       0.2053   5.48
     6680       0.2047   5.48
     6681       0.2056   5.48
     6682       0.2047   5.48
     6683       0.2047   5.48
     6684       0.2056   5.48
     6685       0.2047   5.48
     6686       0.2056   5.48
     6687       0.2050   5.47
     6688       0.2053   5.47
     6689       0.2047   5.47
     6690       0.2048   5.47
     6691       0.2058   5.47
     6692       0.2047   5.48
     6693       0.2056   5.48
     6694       0.2046   5.48
     6695       0.2047   5.48
     6696       0.2053   5.48
     6697       0.2047   5.48
     6698       0.2054   5.48
     6699       0.2047   5.48
     6700       0.2047   5.48
     6701       0.2054   5.48
     6702       0.2048   5.48
     6703       0.2056   5.48
     6704       0.2050   5.48
     6705       0.2052   5.48
     6706       0.2046   5.47
     6707       0.2047   5.47
     6708       0.2052   5.47
     6709       0.2047   5.48
     6710       0.2054   5.48
     6711       0.2046   5.48
     6712       0.2047   5.48
     6713       0.2054   5.48
     6714       0.2048   5.48
     6715       0.2053   5.48
     6716       0.2048   5.48
     6717       0.2048   5.48
     6718       0.2055   5.48
     6719       0.2049   5.48
     6720       0.2056   5.48
     6721       0.2050   5.47
     6722       0.2052   5.47
     6723       0.2049   5.47
     6724       0.2046   5.47
     6725       0.2054   5.47
     6726       0.2047   5.48
     6727       0.2055   5.48
     6728       0.2049   5.48
     6729       0.2047   5.48
     6730       0.2054   5.48
     6731       0.2048   5.47
     6732       0.2054   5.47
     6733       0.2047   5.48
     6734       0.2047   5.48
     6735       0.2054   5.48
     6736       0.2047   5.48
     6737       0.2055   5.48
     6738       0.2048   5.48
     6739       0.2055   5.48
     6740       0.2050   5.47
     6741       0.2049   5.47
     6742       0.2058   5.47
     6743       0.2049   5.47
     6744       0.2055   5.47
     6745       0.2046   5.47
     6746       0.2048   5.47
     6747       0.2055   5.47
     6748       0.2047   5.48
     6749       0.2054   5.48
     6750       0.2047   5.48
     6751       0.2049   5.48
     6752       0.2060   5.48
     6753       0.2048   5.47
     6754       0.2148   5.47
     6755       0.2047   5.47
     6756       0.2056   5.47
     6757       0.2050   5.48
     6758       0.2048   5.48
     6759       0.2053   5.48
     6760       0.2047   5.47
     6761       0.2054   5.47
     6762       0.2047   5.48
     6763       0.2047   5.48
     6764       0.2052   5.48
     6765       0.2047   5.48
     6766       0.2052   5.48
     6767       0.2047   5.48
     6768       0.2047   5.48
     6769       0.2052   5.48
     6770       0.2047   5.48
     6771       0.2053   5.48
     6772       0.2047   5.48
     6773       0.2055   5.48
     6774       0.2049   5.48
     6775       0.2050   5.48
     6776       0.2055   5.48
     6777       0.2049   5.47
     6778       0.2056   5.47
     6779       0.2051   5.47
     6780       0.2047   5.47
     6781       0.2053   5.47
     6782       0.2048   5.47
     6783       0.2053   5.47
     6784       0.2047   5.48
     6785       0.2047   5.48
     6786       0.2053   5.48
     6787       0.2046   5.48
     6788       0.2054   5.48
     6789       0.2047   5.48
     6790       0.2054   5.48
     6791       0.2046   5.48
     6792       0.2047   5.48
     6793       0.2053   5.48
     6794       0.2047   5.48
     6795       0.2053   5.48
     6796       0.2047   5.48
     6797       0.2047   5.48
     6798       0.2056   5.48
     6799       0.2048   5.48
     6800       0.2055   5.48
     6801       0.2047   5.47
     6802       0.2048   5.47
     6803       0.2059   5.47
     6804       0.2047   5.48
     6805       0.2053   5.48
     6806       0.2047   5.47
     6807       0.2053   5.47
     6808       0.2046   5.48
     6809       0.2047   5.48
     6810       0.2059   5.48
     6811       0.2049   5.48
     6812       0.2059   5.48
     6813       0.2049   5.47
     6814       0.2047   5.47
     6815       0.2053   5.47
     6816       0.2047   5.47
     6817       0.2055   5.47
     6818       0.2050   5.48
     6819       0.2046   5.48
     6820       0.2054   5.48
     6821       0.2047   5.47
     6822       0.2054   5.47
     6823       0.2047   5.48
     6824       0.2054   5.48
     6825       0.2049   5.48
     6826       0.2047   5.48
     6827       0.2053   5.48
     6828       0.2047   5.47
     6829       0.2054   5.47
     6830       0.2047   5.48
     6831       0.2047   5.48
     6832       0.2054   5.48
     6833       0.2047   5.48
     6834       0.2054   5.48
     6835       0.2046   5.48
     6836       0.2047   5.48
     6837       0.2054   5.48
     6838       0.2048   5.48
     6839       0.2056   5.48
     6840       0.2050   5.48
     6841       0.2053   5.48
     6842       0.2047   5.47
     6843       0.2047   5.47
     6844       0.2054   5.47
     6845       0.2048   5.48
     6846       0.2056   5.48
     6847       0.2049   5.48
     6848       0.2048   5.48
     6849       0.2053   5.48
     6850       0.2047   5.47
     6851       0.2052   5.47
     6852       0.2047   5.48
     6853       0.2047   5.48
     6854       0.2051   5.48
     6855       0.2048   5.48
     6856       0.2054   5.48
     6857       0.2046   5.48
     6858       0.2052   5.48
     6859       0.2046   5.48
     6860       0.2047   5.48
     6861       0.2058   5.48
     6862       0.2050   5.48
     6863       0.2058   5.48
     6864       0.2049   5.47
     6865       0.2047   5.47
     6866       0.2053   5.47
     6867       0.2048   5.47
     6868       0.2054   5.47
     6869       0.2050   5.48
     6870       0.2051   5.48
     6871       0.2058   5.48
     6872       0.2050   5.47
     6873       0.2059   5.47
     6874       0.2050   5.47
     6875       0.2053   5.47
     6876       0.2047   5.47
     6877       0.2047   5.47
     6878       0.2055   5.47
     6879       0.2050   5.48
     6880       0.2056   5.48
     6881       0.2050   5.47
     6882       0.2049   5.47
     6883       0.2055   5.47
     6884       0.2049   5.47
     6885       0.2052   5.47
     6886       0.2047   5.47
     6887       0.2053   5.47
     6888       0.2047   5.48
     6889       0.2048   5.48
     6890       0.2055   5.48
     6891       0.2049   5.48
     6892       0.2054   5.48
     6893       0.2047   5.47
     6894       0.2047   5.47
     6895       0.2054   5.47
     6896       0.2047   5.48
     6897       0.2055   5.48
     6898       0.2047   5.48
     6899       0.2047   5.48
     6900       0.2055   5.48
     6901       0.2050   5.48
     6902       0.2057   5.48
     6903       0.2050   5.47
     6904       0.2054   5.47
     6905       0.2047   5.47
     6906       0.2047   5.47
     6907       0.2055   5.47
     6908       0.2050   5.48
     6909       0.2053   5.48
     6910       0.2047   5.47
     6911       0.2047   5.47
     6912       0.2053   5.47
     6913       0.2046   5.48
     6914       0.2056   5.48
     6915       0.2048   5.48
     6916       0.2047   5.48
     6917       0.2053   5.48
     6918       0.2046   5.47
     6919       0.2053   5.47
     6920       0.2047   5.48
     6921       0.2055   5.48
     6922       0.2046   5.48
     6923       0.2047   5.48
     6924       0.2056   5.48
     6925       0.2047   5.48
     6926       0.2055   5.48
     6927       0.2049   5.48
     6928       0.2050   5.48
     6929       0.2055   5.48
     6930       0.2049   5.47
     6931       0.2057   5.47
     6932       0.2046   5.47
     6933       0.2047   5.47
     6934       0.2055   5.47
     6935       0.2048   5.48
     6936       0.2054   5.48
     6937       0.2047   5.48
     6938       0.2054   5.48
     6939       0.2049   5.48
     6940       0.2050   5.48
     6941       0.2054   5.48
     6942       0.2050   5.47
     6943       0.2053   5.47
     6944       0.2047   5.47
     6945       0.2047   5.47
     6946       0.2053   5.47
     6947       0.2046   5.48
     6948       0.2054   5.48
     6949       0.2050   5.48
     6950       0.2049   5.48
     6951       0.2056   5.48
     6952       0.2050   5.47
     6953       0.2053   5.47
     6954       0.2047   5.47
     6955       0.2054   5.47
     6956       0.2046   5.48
     6957       0.2045   5.48
     6958       0.2055   5.48
     6959       0.2050   5.48
     6960       0.2054   5.48
     6961       0.2046   5.47
     6962       0.2047   5.47
     6963       0.2053   5.47
     6964       0.2046   5.48
     6965       0.2055   5.48
     6966       0.2046   5.48
     6967       0.2047   5.48
     6968       0.2053   5.48
     6969       0.2047   5.48
     6970       0.2055   5.48
     6971       0.2050   5.48
     6972       0.2054   5.48
     6973       0.2047   5.47
     6974       0.2047   5.47
     6975       0.2053   5.47
     6976       0.2047   5.48
     6977       0.2055   5.48
     6978       0.2049   5.48
     6979       0.2048   5.48
     6980       0.2054   5.48
     6981       0.2047   5.47
     6982       0.2057   5.47
     6983       0.2049   5.48
     6984       0.2049   5.48
     6985       0.2056   5.48
     6986       0.2050   5.47
     6987       0.2053   5.47
     6988       0.2048   5.47
     6989       0.2058   5.47
     6990       0.2048   5.48
     6991       0.2049   5.48
     6992       0.2058   5.48
     6993       0.2049   5.47
     6994       0.2056   5.47
     6995       0.2046   5.47
     6996       0.2047   5.47
     6997       0.2055   5.47
     6998       0.2047   5.48
     6999       0.2055   5.48
     7000       0.2046   5.48
     7001       0.2047   5.48
     7002       0.2057   5.48
     7003       0.2049   5.48
     7004       0.2061   5.48
     7005       0.2049   5.47
     7006       0.2055   5.47
     7007       0.2046   5.47
     7008       0.2046   5.47
     7009       0.2055   5.47
     7010       0.2050   5.48
     7011       0.2056   5.48
     7012       0.2050   5.47
     7013       0.2049   5.47
     7014       0.2052   5.47
     7015       0.2046   5.47
     7016       0.2053   5.47
     7017       0.2047   5.48
     7018       0.2048   5.48
     7019       0.2055   5.48
     7020       0.2050   5.48
     7021       0.2056   5.48
     7022       0.2049   5.47
     7023       0.2054   5.47
     7024       0.2047   5.47
     7025       0.2047   5.47
     7026       0.2053   5.47
     7027       0.2047   5.48
     7028       0.2054   5.48
     7029       0.2047   5.48
     7030       0.2048   5.48
     7031       0.2055   5.48
     7032       0.2050   5.48
     7033       0.2053   5.48
     7034       0.2047   5.47
     7035       0.2048   5.47
     7036       0.2053   5.47
     7037       0.2048   5.48
     7038       0.2054   5.48
     7039       0.2047   5.48
     7040       0.2055   5.48
     7041       0.2045   5.48
     7042       0.2046   5.48
     7043       0.2056   5.48
     7044       0.2047   5.48
     7045       0.2054   5.48
     7046       0.2047   5.48
     7047       0.2047   5.48
     7048       0.2054   5.48
     7049       0.2047   5.48
     7050       0.2059   5.48
     7051       0.2049   5.48
     7052       0.2049   5.48
     7053       0.2058   5.48
     7054       0.2049   5.47
     7055       0.2053   5.47
     7056       0.2047   5.47
     7057       0.2053   5.47
     7058       0.2049   5.48
     7059       0.2050   5.48
     7060       0.2056   5.48
     7061       0.2049   5.47
     7062       0.2054   5.47
     7063       0.2046   5.47
     7064       0.2047   5.47
     7065       0.2053   5.47
     7066       0.2046   5.48
     7067       0.2054   5.48
     7068       0.2046   5.48
     7069       0.2047   5.48
     7070       0.2054   5.48
     7071       0.2048   5.48
     7072       0.2055   5.48
     7073       0.2050   5.48
     7074       0.2054   5.48
     7075       0.2047   5.47
     7076       0.2046   5.47
     7077       0.2055   5.47
     7078       0.2047   5.48
     7079       0.2052   5.48
     7080       0.2047   5.48
     7081       0.2047   5.48
     7082       0.2055   5.48
     7083       0.2049   5.48
     7084       0.2055   5.48
     7085       0.2050   5.47
     7086       0.2049   5.47
     7087       0.2053   5.47
     7088       0.2048   5.47
     7089       0.2054   5.47
     7090       0.2046   5.48
     7091       0.2054   5.48
     7092       0.2047   5.48
     7093       0.2046   5.48
     7094       0.2052   5.48
     7095       0.2047   5.48
     7096       0.2054   5.48
     7097       0.2049   5.48
     7098       0.2050   5.48
     7099       0.2056   5.48
     7100       0.2049   5.47
     7101       0.2056   5.47
     7102       0.2047   5.47
     7103       0.2047   5.47
     7104       0.2055   5.47
     7105       0.2047   5.48
     7106       0.2054   5.48
     7107       0.2047   5.48
     7108       0.2054   5.48
     7109       0.2048   5.48
     7110       0.2050   5.48
     7111       0.2063   5.48
     7112       0.2049   5.47
     7113       0.2058   5.47
     7114       0.2048   5.47
     7115       0.2049   5.47
     7116       0.2052   5.47
     7117       0.2047   5.47
     7118       0.2053   5.47
     7119       0.2045   5.48
     7120       0.2048   5.48
     7121       0.2055   5.48
     7122       0.2047   5.48
     7123       0.2057   5.48
     7124       0.2050   5.48
     7125       0.2054   5.48
     7126       0.2046   5.47
     7127       0.2047   5.47
     7128       0.2053   5.47
     7129       0.2046   5.48
     7130       0.2053   5.48
     7131       0.2047   5.48
     7132       0.2047   5.48
     7133       0.2057   5.48
     7134       0.2050   5.48
     7135       0.2056   5.48
     7136       0.2050   5.47
     7137       0.2051   5.47
     7138       0.2051   5.47
     7139       0.2047   5.47
     7140       0.2055   5.47
     7141       0.2050   5.48
     7142       0.2056   5.48
     7143       0.2050   5.47
     7144       0.2050   5.47
     7145       0.2053   5.47
     7146       0.2047   5.47
     7147       0.2054   5.47
     7148       0.2047   5.48
     7149       0.2047   5.48
     7150       0.2055   5.48
     7151       0.2046   5.48
     7152       0.2054   5.48
     7153       0.2049   5.48
     7154       0.2055   5.48
     7155       0.2045   5.47
     7156       0.2047   5.47
     7157       0.2053   5.47
     7158       0.2047   5.48
     7159       0.2054   5.48
     7160       0.2047   5.48
     7161       0.2047   5.48
     7162       0.2055   5.48
     7163       0.2048   5.48
     7164       0.2056   5.48
     7165       0.2048   5.48
     7166       0.2050   5.48
     7167       0.2053   5.48
     7168       0.2047   5.47
     7169       0.2054   5.47
     7170       0.2049   5.48
     7171       0.2060   5.48
     7172       0.2049   5.47
     7173       0.2049   5.47
     7174       0.2058   5.47
     7175       0.2049   5.47
     7176       0.2056   5.47
     7177       0.2049   5.47
     7178       0.2049   5.47
     7179       0.2053   5.47
     7180       0.2047   5.47
     7181       0.2053   5.47
     7182       0.2046   5.48
     7183       0.2047   5.48
     7184       0.2053   5.48
     7185       0.2046   5.48
     7186       0.2053   5.48
     7187       0.2046   5.48
     7188       0.2054   5.48
     7189       0.2048   5.48
     7190       0.2047   5.48
     7191       0.2053   5.48
     7192       0.2048   5.48
     7193       0.2054   5.48
     7194       0.2047   5.48
     7195       0.2047   5.48
     7196       0.2053   5.48
     7197       0.2047   5.48
     7198       0.2053   5.48
     7199       0.2047   5.48
     7200       0.2046   5.48
     7201       0.2053   5.48
     7202       0.2047   5.48
     7203       0.2054   5.48
     7204       0.2049   5.48
     7205       0.2056   5.48
     7206       0.2050   5.47
     7207       0.2050   5.47
     7208       0.2052   5.47
     7209       0.2046   5.47
     7210       0.2052   5.47
     7211       0.2046   5.48
     7212       0.2047   5.48
     7213       0.2054   5.48
     7214       0.2046   5.48
     7215       0.2053   5.48
     7216       0.2047   5.48
     7217       0.2048   5.48
     7218       0.2054   5.48
     7219       0.2047   5.48
     7220       0.2056   5.48
     7221       0.2049   5.48
     7222       0.2058   5.48
     7223       0.2045   5.47
     7224       0.2047   5.47
     7225       0.2054   5.47
     7226       0.2046   5.48
     7227       0.2054   5.48
     7228       0.2047   5.48
     7229       0.2047   5.48
     7230       0.2056   5.48
     7231       0.2046   5.48
     7232       0.2056   5.48
     7233       0.2046   5.48
     7234       0.2047   5.48
     7235       0.2054   5.48
     7236       0.2049   5.48
     7237       0.2053   5.48
     7238       0.2046   5.47
     7239       0.2146   5.47
     7240       0.2046   5.48
     7241       0.2047   5.48
     7242       0.2053   5.48
     7243       0.2047   5.48
     7244       0.2053   5.48
     7245       0.2047   5.48
     7246       0.2047   5.48
     7247       0.2054   5.48
     7248       0.2049   5.48
     7249       0.2054   5.48
     7250       0.2046   5.47
     7251       0.2047   5.47
     7252       0.2053   5.47
     7253       0.2047   5.48
     7254       0.2053   5.48
     7255       0.2047   5.48
     7256       0.2054   5.48
     7257       0.2046   5.48
     7258       0.2047   5.48
     7259       0.2053   5.48
     7260       0.2047   5.48
     7261       0.2053   5.48
     7262       0.2047   5.48
     7263       0.2047   5.48
     7264       0.2054   5.48
     7265       0.2048   5.48
     7266       0.2055   5.48
     7267       0.2045   5.47
     7268       0.2047   5.47
     7269       0.2054   5.47
     7270       0.2050   5.48
     7271       0.2055   5.48
     7272       0.2046   5.47
     7273       0.2054   5.47
     7274       0.2046   5.48
     7275       0.2048   5.48
     7276       0.2053   5.48
     7277       0.2047   5.48
     7278       0.2053   5.48
     7279       0.2049   5.48
     7280       0.2050   5.48
     7281       0.2057   5.48
     7282       0.2050   5.47
     7283       0.2057   5.47
     7284       0.2046   5.47
     7285       0.2047   5.47
     7286       0.2054   5.47
     7287       0.2047   5.48
     7288       0.2054   5.48
     7289       0.2048   5.48
     7290       0.2057   5.48
     7291       0.2047   5.48
     7292       0.2047   5.48
     7293       0.2056   5.48
     7294       0.2049   5.48
     7295       0.2056   5.48
     7296       0.2045   5.47
     7297       0.2047   5.47
     7298       0.2053   5.47
     7299       0.2048   5.48
     7300       0.2053   5.48
     7301       0.2047   5.48
     7302       0.2047   5.48
     7303       0.2054   5.48
     7304       0.2047   5.48
     7305       0.2054   5.48
     7306       0.2049   5.48
     7307       0.2056   5.48
     7308       0.2046   5.47
     7309       0.2047   5.47
     7310       0.2055   5.47
     7311       0.2049   5.48
     7312       0.2056   5.48
     7313       0.2050   5.47
     7314       0.2049   5.47
     7315       0.2053   5.47
     7316       0.2047   5.47
     7317       0.2053   5.47
     7318       0.2048   5.48
     7319       0.2049   5.48
     7320       0.2056   5.48
     7321       0.2049   5.47
     7322       0.2054   5.47
     7323       0.2047   5.47
     7324       0.2054   5.47
     7325       0.2047   5.48
     7326       0.2047   5.48
     7327       0.2053   5.48
     7328       0.2047   5.48
     7329       0.2052   5.48
     7330       0.2046   5.48
     7331       0.2046   5.48
     7332       0.2054   5.48
     7333       0.2047   5.48
     7334       0.2054   5.48
     7335       0.2047   5.48
     7336       0.2046   5.48
     7337       0.2055   5.48
     7338       0.2049   5.48
     7339       0.2054   5.48
     7340       0.2046   5.47
     7341       0.2055   5.47
     7342       0.2048   5.48
     7343       0.2050   5.48
     7344       0.2062   5.48
     7345       0.2047   5.47
     7346       0.2055   5.47
     7347       0.2048   5.48
     7348       0.2049   5.48
     7349       0.2055   5.48
     7350       0.2049   5.47
     7351       0.2060   5.47
     7352       0.2046   5.47
     7353       0.2049   5.47
     7354       0.2055   5.47
     7355       0.2050   5.48
     7356       0.2055   5.48
     7357       0.2046   5.47
     7358       0.2054   5.47
     7359       0.2047   5.48
     7360       0.2048   5.48
     7361       0.2054   5.48
     7362       0.2047   5.48
     7363       0.2054   5.48
     7364       0.2047   5.48
     7365       0.2047   5.48
     7366       0.2055   5.48
     7367       0.2049   5.48
     7368       0.2057   5.48
     7369       0.2049   5.47
     7370       0.2052   5.47
     7371       0.2050   5.47
     7372       0.2050   5.47
     7373       0.2054   5.47
     7374       0.2047   5.47
     7375       0.2054   5.47
     7376       0.2048   5.48
     7377       0.2049   5.48
     7378       0.2054   5.48
     7379       0.2047   5.47
     7380       0.2054   5.47
     7381       0.2049   5.48
     7382       0.2050   5.48
     7383       0.2054   5.48
     7384       0.2047   5.47
     7385       0.2053   5.47
     7386       0.2047   5.48
     7387       0.2053   5.48
     7388       0.2048   5.48
     7389       0.2049   5.48
     7390       0.2055   5.48
     7391       0.2046   5.47
     7392       0.2053   5.47
     7393       0.2047   5.48
     7394       0.2046   5.48
     7395       0.2052   5.48
     7396       0.2046   5.48
     7397       0.2053   5.48
     7398       0.2047   5.48
     7399       0.2047   5.48
     7400       0.2056   5.48
     7401       0.2048   5.48
     7402       0.2060   5.48
     7403       0.2047   5.47
     7404       0.2054   5.47
     7405       0.2048   5.48
     7406       0.2049   5.48
     7407       0.2055   5.48
     7408       0.2050   5.47
     7409       0.2060   5.47
     7410       0.2047   5.47
     7411       0.2046   5.47
     7412       0.2056   5.47
     7413       0.2047   5.48
     7414       0.2054   5.48
     7415       0.2047   5.48
     7416       0.2047   5.48
     7417       0.2055   5.48
     7418       0.2049   5.48
     7419       0.2056   5.48
     7420       0.2050   5.47
     7421       0.2055   5.47
     7422       0.2047   5.47
     7423       0.2047   5.47
     7424       0.2055   5.47
     7425       0.2046   5.48
     7426       0.2052   5.48
     7427       0.2047   5.48
     7428       0.2046   5.48
     7429       0.2053   5.48
     7430       0.2047   5.48
     7431       0.2054   5.48
     7432       0.2049   5.48
     7433       0.2049   5.48
     7434       0.2052   5.48
     7435       0.2047   5.47
     7436       0.2053   5.47
     7437       0.2047   5.48
     7438       0.2053   5.48
     7439       0.2048   5.48
     7440       0.2049   5.48
     7441       0.2057   5.48
     7442       0.2049   5.47
     7443       0.2056   5.47
     7444       0.2046   5.47
     7445       0.2047   5.47
     7446       0.2054   5.47
     7447       0.2047   5.48
     7448       0.2054   5.48
     7449       0.2047   5.48
     7450       0.2047   5.48
     7451       0.2053   5.48
     7452       0.2047   5.48
     7453       0.2053   5.48
     7454       0.2048   5.48
     7455       0.2056   5.48
     7456       0.2047   5.47
     7457       0.2047   5.47
     7458       0.2062   5.47
     7459       0.2047   5.48
     7460       0.2057   5.48
     7461       0.2048   5.48
     7462       0.2050   5.48
     7463       0.2055   5.48
     7464       0.2049   5.47
     7465       0.2057   5.47
     7466       0.2047   5.48
     7467       0.2049   5.48
     7468       0.2063   5.48
     7469       0.2047   5.48
     7470       0.2058   5.48
     7471       0.2046   5.48
     7472       0.2057   5.48
     7473       0.2047   5.48
     7474       0.2046   5.48
     7475       0.2054   5.48
     7476       0.2048   5.48
     7477       0.2056   5.48
     7478       0.2046   5.47
     7479       0.2047   5.47
     7480       0.2054   5.47
     7481       0.2049   5.48
     7482       0.2055   5.48
     7483       0.2046   5.47
     7484       0.2047   5.47
     7485       0.2054   5.47
     7486       0.2049   5.48
     7487       0.2056   5.48
     7488       0.2045   5.47
     7489       0.2054   5.47
     7490       0.2047   5.48
     7491       0.2047   5.48
     7492       0.2054   5.48
     7493       0.2047   5.48
     7494       0.2053   5.48
     7495       0.2048   5.48
     7496       0.2050   5.48
     7497       0.2055   5.48
     7498       0.2047   5.47
     7499       0.2053   5.47
     7500       0.2047   5.48
     7501       0.2047   5.48
     7502       0.2054   5.48
     7503       0.2048   5.48
     7504       0.2056   5.48
     7505       0.2049   5.47
     7506       0.2055   5.47
     7507       0.2047   5.47
     7508       0.2047   5.47
     7509       0.2053   5.47
     7510       0.2046   5.48
     7511       0.2053   5.48
     7512       0.2047   5.48
     7513       0.2049   5.48
     7514       0.2055   5.48
     7515       0.2046   5.48
     7516       0.2052   5.48
     7517       0.2049   5.48
     7518       0.2049   5.48
     7519       0.2056   5.48
     7520       0.2049   5.47
     7521       0.2058   5.47
     7522       0.2045   5.47
     7523       0.2056   5.47
     7524       0.2046   5.48
     7525       0.2047   5.48
     7526       0.2054   5.48
     7527       0.2047   5.48
     7528       0.2053   5.48
     7529       0.2047   5.48
     7530       0.2046   5.48
     7531       0.2056   5.48
     7532       0.2047   5.48
     7533       0.2056   5.48
     7534       0.2047   5.48
     7535       0.2047   5.48
     7536       0.2054   5.48
     7537       0.2048   5.48
     7538       0.2056   5.48
     7539       0.2050   5.47
     7540       0.2056   5.47
     7541       0.2050   5.47
     7542       0.2050   5.47
     7543       0.2057   5.47
     7544       0.2050   5.47
     7545       0.2056   5.47
     7546       0.2047   5.47
     7547       0.2046   5.47
     7548       0.2055   5.47
     7549       0.2049   5.48
     7550       0.2056   5.48
     7551       0.2046   5.47
     7552       0.2047   5.47
     7553       0.2053   5.47
     7554       0.2047   5.48
     7555       0.2054   5.48
     7556       0.2048   5.48
     7557       0.2056   5.48
     7558       0.2047   5.47
     7559       0.2047   5.47
     7560       0.2053   5.47
     7561       0.2046   5.48
     7562       0.2053   5.48
     7563       0.2048   5.48
     7564       0.2050   5.48
     7565       0.2057   5.48
     7566       0.2049   5.47
     7567       0.2056   5.47
     7568       0.2050   5.47
     7569       0.2050   5.47
     7570       0.2054   5.47
     7571       0.2047   5.47
     7572       0.2054   5.47
     7573       0.2048   5.48
     7574       0.2056   5.48
     7575       0.2048   5.47
     7576       0.2047   5.47
     7577       0.2055   5.47
     7578       0.2048   5.48
     7579       0.2056   5.48
     7580       0.2046   5.47
     7581       0.2046   5.47
     7582       0.2056   5.47
     7583       0.2048   5.48
     7584       0.2057   5.48
     7585       0.2046   5.48
     7586       0.2047   5.48
     7587       0.2055   5.48
     7588       0.2049   5.48
     7589       0.2056   5.48
     7590       0.2050   5.47
     7591       0.2060   5.47
     7592       0.2048   5.47
     7593       0.2047   5.47
     7594       0.2057   5.47
     7595       0.2049   5.48
     7596       0.2057   5.48
     7597       0.2050   5.47
     7598       0.2051   5.47
     7599       0.2056   5.47
     7600       0.2049   5.47
     7601       0.2057   5.47
     7602       0.2047   5.47
     7603       0.2048   5.47
     7604       0.2052   5.47
     7605       0.2047   5.48
     7606       0.2054   5.48
     7607       0.2046   5.48
     7608       0.2053   5.48
     7609       0.2046   5.48
     7610       0.2047   5.48
     7611       0.2053   5.48
     7612       0.2047   5.48
     7613       0.2053   5.48
     7614       0.2047   5.48
     7615       0.2049   5.48
     7616       0.2058   5.48
     7617       0.2046   5.47
     7618       0.2053   5.47
     7619       0.2046   5.48
     7620       0.2048   5.48
     7621       0.2051   5.48
     7622       0.2047   5.48
     7623       0.2053   5.48
     7624       0.2048   5.48
     7625       0.2056   5.48
     7626       0.2048   5.47
     7627       0.2047   5.47
     7628       0.2053   5.47
     7629       0.2048   5.48
     7630       0.2056   5.48
     7631       0.2050   5.47
     7632       0.2049   5.47
     7633       0.2056   5.47
     7634       0.2046   5.47
     7635       0.2054   5.47
     7636       0.2048   5.48
     7637       0.2049   5.48
     7638       0.2047   5.48
     7639       0.2047   5.48
     7640       0.2055   5.48
     7641       0.2046   5.48
     7642       0.2055   5.48
     7643       0.2046   5.48
     7644       0.2046   5.48
     7645       0.2054   5.48
     7646       0.2047   5.48
     7647       0.2053   5.48
     7648       0.2047   5.48
     7649       0.2048   5.48
     7650       0.2057   5.48
     7651       0.2047   5.48
     7652       0.2056   5.48
     7653       0.2047   5.48
     7654       0.2055   5.48
     7655       0.2046   5.48
     7656       0.2049   5.48
     7657       0.2055   5.48
     7658       0.2049   5.47
     7659       0.2057   5.47
     7660       0.2049   5.47
     7661       0.2050   5.47
     7662       0.2055   5.47
     7663       0.2046   5.47
     7664       0.2053   5.47
     7665       0.2047   5.48
     7666       0.2047   5.48
     7667       0.2053   5.48
     7668       0.2049   5.48
     7669       0.2056   5.48
     7670       0.2047   5.47
     7671       0.2053   5.47
     7672       0.2047   5.48
     7673       0.2049   5.48
     7674       0.2056   5.48
     7675       0.2047   5.47
     7676       0.2053   5.47
     7677       0.2048   5.48
     7678       0.2047   5.48
     7679       0.2054   5.48
     7680       0.2048   5.48
     7681       0.2055   5.48
     7682       0.2049   5.48
     7683       0.2049   5.48
     7684       0.2056   5.48
     7685       0.2045   5.47
     7686       0.2053   5.47
     7687       0.2048   5.48
     7688       0.2055   5.48
     7689       0.2049   5.48
     7690       0.2049   5.48
     7691       0.2056   5.48
     7692       0.2047   5.47
     7693       0.2053   5.47
     7694       0.2047   5.48
     7695       0.2048   5.48
     7696       0.2056   5.48
     7697       0.2050   5.47
     7698       0.2056   5.47
     7699       0.2049   5.47
     7700       0.2050   5.47
     7701       0.2057   5.47
     7702       0.2046   5.47
     7703       0.2055   5.47
     7704       0.2046   5.48
     7705       0.2053   5.48
     7706       0.2047   5.48
     7707       0.2047   5.48
     7708       0.2053   5.48
     7709       0.2046   5.48
     7710       0.2058   5.48
     7711       0.2048   5.48
     7712       0.2047   5.48
     7713       0.2058   5.48
     7714       0.2050   5.47
     7715       0.2056   5.47
     7716       0.2047   5.47
     7717       0.2046   5.47
     7718       0.2053   5.47
     7719       0.2048   5.48
     7720       0.2056   5.48
     7721       0.2048   5.47
     7722       0.2053   5.47
     7723       0.2047   5.48
     7724       0.2047   5.48
     7725       0.2054   5.48
     7726       0.2047   5.48
     7727       0.2055   5.48
     7728       0.2049   5.47
     7729       0.2050   5.47
     7730       0.2057   5.47
     7731       0.2049   5.47
     7732       0.2056   5.47
     7733       0.2047   5.47
     7734       0.2046   5.47
     7735       0.2054   5.47
     7736       0.2046   5.48
     7737       0.2053   5.48
     7738       0.2047   5.48
     7739       0.2053   5.48
     7740       0.2046   5.48
     7741       0.2048   5.48
     7742       0.2057   5.48
     7743       0.2046   5.48
     7744       0.2053   5.48
     7745       0.2046   5.48
     7746       0.2045   5.48
     7747       0.2052   5.48
     7748       0.2047   5.48
     7749       0.2053   5.48
     7750       0.2047   5.48
     7751       0.2049   5.48
     7752       0.2056   5.48
     7753       0.2047   5.47
     7754       0.2052   5.47
     7755       0.2046   5.48
     7756       0.2054   5.48
     7757       0.2046   5.48
     7758       0.2048   5.48
     7759       0.2055   5.48
     7760       0.2048   5.48
     7761       0.2056   5.48
     7762       0.2047   5.48
     7763       0.2046   5.48
     7764       0.2149   5.48
     7765       0.2046   5.48
     7766       0.2053   5.48
     7767       0.2046   5.48
     7768       0.2047   5.48
     7769       0.2053   5.48
     7770       0.2047   5.48
     7771       0.2058   5.48
     7772       0.2047   5.48
     7773       0.2056   5.48
     7774       0.2047   5.48
     7775       0.2047   5.48
     7776       0.2054   5.48
     7777       0.2047   5.48
     7778       0.2053   5.48
     7779       0.2048   5.48
     7780       0.2046   5.48
     7781       0.2054   5.48
     7782       0.2047   5.48
     7783       0.2052   5.48
     7784       0.2046   5.48
     7785       0.2045   5.48
     7786       0.2054   5.48
     7787       0.2046   5.48
     7788       0.2053   5.48
     7789       0.2046   5.48
     7790       0.2054   5.48
     7791       0.2047   5.48
     7792       0.2047   5.48
     7793       0.2052   5.48
     7794       0.2047   5.48
     7795       0.2055   5.48
     7796       0.2048   5.48
     7797       0.2047   5.48
     7798       0.2055   5.48
     7799       0.2048   5.48
     7800       0.2056   5.48
     7801       0.2048   5.47
     7802       0.2046   5.47
     7803       0.2053   5.47
     7804       0.2047   5.48
     7805       0.2054   5.48
     7806       0.2048   5.48
     7807       0.2055   5.48
     7808       0.2049   5.47
     7809       0.2046   5.47
     7810       0.2054   5.47
     7811       0.2047   5.48
     7812       0.2055   5.48
     7813       0.2049   5.48
     7814       0.2047   5.48
     7815       0.2053   5.48
     7816       0.2047   5.48
     7817       0.2053   5.48
     7818       0.2048   5.48
     7819       0.2049   5.48
     7820       0.2056   5.48
     7821       0.2050   5.47
     7822       0.2059   5.47
     7823       0.2048   5.47
     7824       0.2053   5.47
     7825       0.2046   5.48
     7826       0.2047   5.48
     7827       0.2053   5.48
     7828       0.2047   5.48
     7829       0.2058   5.48
     7830       0.2047   5.48
     7831       0.2047   5.48
     7832       0.2055   5.48
     7833       0.2048   5.48
     7834       0.2056   5.48
     7835       0.2049   5.48
     7836       0.2052   5.48
     7837       0.2055   5.48
     7838       0.2046   5.47
     7839       0.2053   5.47
     7840       0.2047   5.48
     7841       0.2055   5.48
     7842       0.2047   5.48
     7843       0.2047   5.48
     7844       0.2054   5.48
     7845       0.2047   5.48
     7846       0.2054   5.48
     7847       0.2046   5.48
     7848       0.2046   5.48
     7849       0.2062   5.48
     7850       0.2047   5.48
     7851       0.2053   5.48
     7852       0.2047   5.48
     7853       0.2051   5.48
     7854       0.2048   5.48
     7855       0.2046   5.48
     7856       0.2054   5.48
     7857       0.2048   5.48
     7858       0.2054   5.48
     7859       0.2047   5.48
     7860       0.2047   5.48
     7861       0.2053   5.48
     7862       0.2047   5.48
     7863       0.2052   5.48
     7864       0.2047   5.48
     7865       0.2047   5.48
     7866       0.2053   5.48
     7867       0.2047   5.48
     7868       0.2054   5.48
     7869       0.2047   5.48
     7870       0.2050   5.48
     7871       0.2049   5.47
     7872       0.2050   5.47
     7873       0.2055   5.47
     7874       0.2047   5.47
     7875       0.2053   5.47
     7876       0.2046   5.48
     7877       0.2049   5.48
     7878       0.2057   5.48
     7879       0.2050   5.48
     7880       0.2057   5.48
     7881       0.2050   5.47
     7882       0.2049   5.47
     7883       0.2060   5.47
     7884       0.2049   5.47
     7885       0.2055   5.47
     7886       0.2049   5.47
     7887       0.2053   5.47
     7888       0.2047   5.48
     7889       0.2046   5.48
     7890       0.2056   5.48
     7891       0.2047   5.48
     7892       0.2058   5.48
     7893       0.2050   5.48
     7894       0.2047   5.48
     7895       0.2054   5.48
     7896       0.2047   5.47
     7897       0.2054   5.47
     7898       0.2047   5.48
     7899       0.2048   5.48
     7900       0.2055   5.48
     7901       0.2048   5.48
     7902       0.2053   5.48
     7903       0.2047   5.47
     7904       0.2054   5.47
     7905       0.2047   5.48
     7906       0.2047   5.48
     7907       0.2055   5.48
     7908       0.2047   5.48
     7909       0.2055   5.48
     7910       0.2049   5.47
     7911       0.2046   5.47
     7912       0.2054   5.47
     7913       0.2048   5.48
     7914       0.2056   5.48
     7915       0.2049   5.48
     7916       0.2046   5.48
     7917       0.2053   5.48
     7918       0.2047   5.47
     7919       0.2054   5.47
     7920       0.2047   5.48
     7921       0.2053   5.48
     7922       0.2046   5.48
     7923       0.2046   5.48
     7924       0.2053   5.48
     7925       0.2048   5.48
     7926       0.2055   5.48
     7927       0.2049   5.48
     7928       0.2046   5.48
     7929       0.2053   5.48
     7930       0.2046   5.47
     7931       0.2053   5.47
     7932       0.2047   5.48
     7933       0.2047   5.48
     7934       0.2053   5.48
     7935       0.2047   5.48
     7936       0.2056   5.48
     7937       0.2050   5.48
     7938       0.2056   5.48
     7939       0.2049   5.47
     7940       0.2049   5.47
     7941       0.2057   5.47
     7942       0.2049   5.47
     7943       0.2054   5.47
     7944       0.2047   5.48
     7945       0.2047   5.48
     7946       0.2056   5.48
     7947       0.2048   5.48
     7948       0.2053   5.48
     7949       0.2047   5.47
     7950       0.2049   5.47
     7951       0.2060   5.47
     7952       0.2047   5.48
     7953       0.2056   5.48
     7954       0.2047   5.48
     7955       0.2054   5.48
     7956       0.2046   5.48
     7957       0.2047   5.48
     7958       0.2053   5.48
     7959       0.2047   5.48
     7960       0.2054   5.48
     7961       0.2049   5.48
     7962       0.2045   5.48
     7963       0.2054   5.48
     7964       0.2048   5.48
     7965       0.2055   5.48
     7966       0.2050   5.48
     7967       0.2050   5.48
     7968       0.2056   5.48
     7969       0.2047   5.47
     7970       0.2055   5.47
     7971       0.2047   5.47
     7972       0.2053   5.47
     7973       0.2047   5.48
     7974       0.2047   5.48
     7975       0.2053   5.48
     7976       0.2048   5.48
     7977       0.2055   5.48
     7978       0.2049   5.48
     7979       0.2047   5.48
     7980       0.2054   5.48
     7981       0.2047   5.47
     7982       0.2056   5.47
     7983       0.2050   5.48
     7984       0.2045   5.48
     7985       0.2054   5.48
     7986       0.2047   5.47
     7987       0.2055   5.47
     7988       0.2049   5.48
     7989       0.2051   5.48
     7990       0.2046   5.47
     7991       0.2047   5.47
     7992       0.2053   5.47
     7993       0.2046   5.48
     7994       0.2054   5.48
     7995       0.2046   5.48
     7996       0.2047   5.48
     7997       0.2055   5.48
     7998       0.2048   5.48
     7999       0.2053   5.48
     8000       0.2047   5.47
     8001       0.2049   5.47
     8002       0.2059   5.47
     8003       0.2049   5.48
     8004       0.2058   5.48
     8005       0.2050   5.47
     8006       0.2053   5.47
     8007       0.2046   5.47
     8008       0.2047   5.47
     8009       0.2054   5.47
     8010       0.2047   5.48
     8011       0.2057   5.48
     8012       0.2047   5.48
     8013       0.2047   5.48
     8014       0.2056   5.48
     8015       0.2047   5.48
     8016       0.2054   5.48
     8017       0.2047   5.48
     8018       0.2046   5.48
     8019       0.2053   5.48
     8020       0.2047   5.48
     8021       0.2054   5.48
     8022       0.2047   5.48
     8023       0.2056   5.48
     8024       0.2050   5.48
     8025       0.2050   5.48
     8026       0.2056   5.48
     8027       0.2049   5.47
     8028       0.2053   5.47
     8029       0.2047   5.47
     8030       0.2047   5.47
     8031       0.2056   5.47
     8032       0.2049   5.48
     8033       0.2057   5.48
     8034       0.2049   5.47
     8035       0.2049   5.47
     8036       0.2057   5.47
     8037       0.2048   5.47
     8038       0.2053   5.47
     8039       0.2047   5.47
     8040       0.2054   5.47
     8041       0.2047   5.48
     8042       0.2047   5.48
     8043       0.2056   5.48
     8044       0.2049   5.48
     8045       0.2053   5.48
     8046       0.2046   5.47
     8047       0.2048   5.47
     8048       0.2055   5.47
     8049       0.2049   5.48
     8050       0.2053   5.48
     8051       0.2047   5.47
     8052       0.2047   5.47
     8053       0.2054   5.47
     8054       0.2047   5.48
     8055       0.2053   5.48
     8056       0.2047   5.48
     8057       0.2053   5.48
     8058       0.2048   5.48
     8059       0.2046   5.48
     8060       0.2055   5.48
     8061       0.2047   5.48
     8062       0.2056   5.48
     8063       0.2047   5.48
     8064       0.2048   5.48
     8065       0.2057   5.48
     8066       0.2049   5.48
     8067       0.2057   5.48
     8068       0.2050   5.47
     8069       0.2046   5.47
     8070       0.2058   5.47
     8071       0.2047   5.47
     8072       0.2057   5.47
     8073       0.2046   5.48
     8074       0.2053   5.48
     8075       0.2047   5.48
     8076       0.2048   5.48
     8077       0.2057   5.48
     8078       0.2050   5.48
     8079       0.2053   5.48
     8080       0.2047   5.47
     8081       0.2046   5.47
     8082       0.2054   5.47
     8083       0.2047   5.48
     8084       0.2052   5.48
     8085       0.2047   5.48
     8086       0.2046   5.48
     8087       0.2054   5.48
     8088       0.2047   5.48
     8089       0.2055   5.48
     8090       0.2050   5.48
     8091       0.2056   5.48
     8092       0.2049   5.47
     8093       0.2049   5.47
     8094       0.2056   5.47
     8095       0.2050   5.47
     8096       0.2055   5.47
     8097       0.2049   5.47
     8098       0.2048   5.47
     8099       0.2054   5.47
     8100       0.2047   5.47
     8101       0.2055   5.47
     8102       0.2050   5.48
     8103       0.2051   5.48
     8104       0.2055   5.48
     8105       0.2049   5.47
     8106       0.2052   5.47
     8107       0.2047   5.47
     8108       0.2055   5.47
     8109       0.2051   5.48
     8110       0.2050   5.48
     8111       0.2056   5.48
     8112       0.2049   5.47
     8113       0.2052   5.47
     8114       0.2047   5.47
     8115       0.2047   5.47
     8116       0.2053   5.47
     8117       0.2047   5.48
     8118       0.2056   5.48
     8119       0.2050   5.48
     8120       0.2052   5.48
     8121       0.2050   5.47
     8122       0.2049   5.47
     8123       0.2054   5.47
     8124       0.2047   5.47
     8125       0.2054   5.47
     8126       0.2049   5.48
     8127       0.2050   5.48
     8128       0.2057   5.48
     8129       0.2049   5.47
     8130       0.2058   5.47
     8131       0.2047   5.47
     8132       0.2048   5.47
     8133       0.2054   5.47
     8134       0.2046   5.48
     8135       0.2053   5.48
     8136       0.2046   5.48
     8137       0.2054   5.48
     8138       0.2049   5.48
     8139       0.2049   5.48
     8140       0.2053   5.48
     8141       0.2048   5.47
     8142       0.2054   5.47
     8143       0.2047   5.48
     8144       0.2047   5.48
     8145       0.2052   5.48
     8146       0.2047   5.48
     8147       0.2054   5.48
     8148       0.2047   5.48
     8149       0.2047   5.48
     8150       0.2053   5.48
     8151       0.2047   5.48
     8152       0.2052   5.48
     8153       0.2046   5.48
     8154       0.2053   5.48
     8155       0.2046   5.48
     8156       0.2047   5.48
     8157       0.2055   5.48
     8158       0.2049   5.48
     8159       0.2055   5.48
     8160       0.2048   5.47
     8161       0.2047   5.47
     8162       0.2052   5.47
     8163       0.2047   5.48
     8164       0.2053   5.48
     8165       0.2046   5.48
     8166       0.2047   5.48
     8167       0.2054   5.48
     8168       0.2047   5.48
     8169       0.2055   5.48
     8170       0.2049   5.48
     8171       0.2052   5.48
     8172       0.2047   5.47
     8173       0.2047   5.47
     8174       0.2054   5.47
     8175       0.2048   5.48
     8176       0.2054   5.48
     8177       0.2049   5.48
     8178       0.2050   5.48
     8179       0.2056   5.48
     8180       0.2049   5.47
     8181       0.2055   5.47
     8182       0.2047   5.47
     8183       0.2048   5.47
     8184       0.2059   5.47
     8185       0.2049   5.48
     8186       0.2056   5.48
     8187       0.2050   5.47
     8188       0.2055   5.47
     8189       0.2046   5.47
     8190       0.2047   5.47
     8191       0.2057   5.47
     8192       0.2047   5.48
     8193       0.2057   5.48
     8194       0.2048   5.48
     8195       0.2046   5.48
     8196       0.2054   5.48
     8197       0.2047   5.48
     8198       0.2055   5.48
     8199       0.2050   5.48
     8200       0.2047   5.48
     8201       0.2054   5.48
     8202       0.2046   5.47
     8203       0.2055   5.47
     8204       0.2050   5.48
     8205       0.2056   5.48
     8206       0.2047   5.47
     8207       0.2048   5.47
     8208       0.2053   5.47
     8209       0.2047   5.48
     8210       0.2054   5.48
     8211       0.2047   5.48
     8212       0.2047   5.48
     8213       0.2053   5.48
     8214       0.2047   5.48
     8215       0.2054   5.48
     8216       0.2049   5.48
     8217       0.2048   5.48
     8218       0.2052   5.48
     8219       0.2046   5.47
     8220       0.2052   5.47
     8221       0.2045   5.48
     8222       0.2054   5.48
     8223       0.2048   5.48
     8224       0.2049   5.48
     8225       0.2052   5.48
     8226       0.2047   5.47
     8227       0.2054   5.47
     8228       0.2046   5.48
     8229       0.2047   5.48
     8230       0.2052   5.48
     8231       0.2046   5.48
     8232       0.2055   5.48
     8233       0.2049   5.48
     8234       0.2050   5.48
     8235       0.2056   5.48
     8236       0.2050   5.47
     8237       0.2051   5.47
     8238       0.2047   5.47
     8239       0.2053   5.47
     8240       0.2046   5.48
     8241       0.2047   5.48
     8242       0.2056   5.48
     8243       0.2047   5.48
     8244       0.2055   5.48
     8245       0.2047   5.48
     8246       0.2047   5.48
     8247       0.2053   5.48
     8248       0.2047   5.48
     8249       0.2055   5.48
     8250       0.2047   5.48
     8251       0.2048   5.48
     8252       0.2059   5.48
     8253       0.2050   5.48
     8254       0.2055   5.48
     8255       0.2047   5.47
     8256       0.2054   5.47
     8257       0.2049   5.48
     8258       0.2050   5.48
     8259       0.2056   5.48
     8260       0.2050   5.47
     8261       0.2054   5.47
     8262       0.2047   5.47
     8263       0.2047   5.47
     8264       0.2055   5.47
     8265       0.2049   5.48
     8266       0.2057   5.48
     8267       0.2049   5.47
     8268       0.2048   5.47
     8269       0.2053   5.47
     8270       0.2046   5.47
     8271       0.2053   5.47
     8272       0.2047   5.48
     8273       0.2055   5.48
     8274       0.2048   5.48
     8275       0.2046   5.48
     8276       0.2055   5.48
     8277       0.2050   5.48
     8278       0.2055   5.48
     8279       0.2049   5.47
     8280       0.2049   5.47
     8281       0.2052   5.47
     8282       0.2047   5.47
     8283       0.2054   5.47
     8284       0.2046   5.48
     8285       0.2047   5.48
     8286       0.2055   5.48
     8287       0.2050   5.48
     8288       0.2052   5.48
     8289       0.2047   5.47
     8290       0.2053   5.47
     8291       0.2046   5.48
     8292       0.2047   5.48
     8293       0.2053   5.48
     8294       0.2047   5.48
     8295       0.2053   5.48
     8296       0.2046   5.48
     8297       0.2048   5.48
     8298       0.2056   5.48
     8299       0.2049   5.48
     8300       0.2056   5.48
     8301       0.2047   5.47
     8302       0.2045   5.47
     8303       0.2055   5.47
     8304       0.2047   5.48
     8305       0.2054   5.48
     8306       0.2046   5.48
     8307       0.2054   5.48
     8308       0.2049   5.48
     8309       0.2050   5.48
     8310       0.2060   5.48
     8311       0.2050   5.47
     8312       0.2056   5.47
     8313       0.2047   5.47
     8314       0.2047   5.47
     8315       0.2062   5.47
     8316       0.2047   5.48
     8317       0.2055   5.48
     8318       0.2050   5.48
     8319       0.2048   5.48
     8320       0.2053   5.48
     8321       0.2047   5.47
     8322       0.2054   5.47
     8323       0.2047   5.48
     8324       0.2054   5.48
     8325       0.2049   5.48
     8326       0.2049   5.48
     8327       0.2055   5.48
     8328       0.2050   5.47
     8329       0.2055   5.47
     8330       0.2047   5.47
     8331       0.2047   5.47
     8332       0.2053   5.47
     8333       0.2047   5.48
     8334       0.2055   5.48
     8335       0.2050   5.48
     8336       0.2049   5.48
     8337       0.2055   5.48
     8338       0.2050   5.47
     8339       0.2053   5.47
     8340       0.2047   5.47
     8341       0.2054   5.47
     8342       0.2046   5.48
     8343       0.2047   5.48
     8344       0.2054   5.48
     8345       0.2048   5.48
     8346       0.2054   5.48
     8347       0.2050   5.48
     8348       0.2050   5.48
     8349       0.2052   5.48
     8350       0.2047   5.47
     8351       0.2054   5.47
     8352       0.2049   5.48
     8353       0.2048   5.48
     8354       0.2053   5.48
     8355       0.2047   5.47
     8356       0.2053   5.47
     8357       0.2046   5.48
     8358       0.2052   5.48
     8359       0.2047   5.48
     8360       0.2046   5.48
     8361       0.2056   5.48
     8362       0.2047   5.48
     8363       0.2056   5.48
     8364       0.2047   5.48
     8365       0.2047   5.48
     8366       0.2054   5.48
     8367       0.2047   5.48
     8368       0.2053   5.48
     8369       0.2047   5.48
     8370       0.2047   5.48
     8371       0.2058   5.48
     8372       0.2050   5.48
     8373       0.2055   5.48
     8374       0.2047   5.47
     8375       0.2053   5.47
     8376       0.2047   5.48
     8377       0.2047   5.48
     8378       0.2054   5.48
     8379       0.2047   5.48
     8380       0.2054   5.48
     8381       0.2047   5.48
     8382       0.2048   5.48
     8383       0.2054   5.48
     8384       0.2047   5.48
     8385       0.2053   5.48
     8386       0.2046   5.48
     8387       0.2048   5.48
     8388       0.2052   5.48
     8389       0.2047   5.48
     8390       0.2054   5.48
     8391       0.2047   5.48
     8392       0.2054   5.48
     8393       0.2050   5.48
     8394       0.2050   5.48
     8395       0.2053   5.48
     8396       0.2048   5.47
     8397       0.2054   5.47
     8398       0.2049   5.48
     8399       0.2049   5.48
     8400       0.2056   5.48
     8401       0.2049   5.47
     8402       0.2053   5.47
     8403       0.2046   5.47
     8404       0.2049   5.47
     8405       0.2051   5.47
     8406       0.2047   5.48
     8407       0.2054   5.48
     8408       0.2050   5.48
     8409       0.2057   5.48
     8410       0.2050   5.47
     8411       0.2050   5.47
     8412       0.2054   5.47
     8413       0.2046   5.47
     8414       0.2054   5.47
     8415       0.2050   5.48
     8416       0.2050   5.48
     8417       0.2052   5.48
     8418       0.2047   5.47
     8419       0.2054   5.47
     8420       0.2047   5.48
     8421       0.2048   5.48
     8422       0.2048   5.48
     8423       0.2050   5.48
     8424       0.2056   5.48
     8425       0.2047   5.47
     8426       0.2054   5.47
     8427       0.2047   5.48
     8428       0.2047   5.48
     8429       0.2053   5.48
     8430       0.2047   5.48
     8431       0.2057   5.48
     8432       0.2047   5.48
     8433       0.2047   5.48
     8434       0.2057   5.48
     8435       0.2047   5.48
     8436       0.2054   5.48
     8437       0.2050   5.48
     8438       0.2055   5.48
     8439       0.2046   5.47
     8440       0.2047   5.47
     8441       0.2053   5.47
     8442       0.2048   5.48
     8443       0.2054   5.48
     8444       0.2047   5.48
     8445       0.2047   5.48
     8446       0.2054   5.48
     8447       0.2047   5.48
     8448       0.2054   5.48
     8449       0.2049   5.48
     8450       0.2050   5.48
     8451       0.2053   5.48
     8452       0.2046   5.47
     8453       0.2053   5.47
     8454       0.2048   5.48
     8455       0.2053   5.48
     8456       0.2045   5.48
     8457       0.2046   5.48
     8458       0.2053   5.48
     8459       0.2047   5.48
     8460       0.2053   5.48
     8461       0.2047   5.48
     8462       0.2046   5.48
     8463       0.2054   5.48
     8464       0.2047   5.48
     8465       0.2053   5.48
     8466       0.2046   5.48
     8467       0.2046   5.48
     8468       0.2054   5.48
     8469       0.2047   5.48
     8470       0.2054   5.48
     8471       0.2047   5.48
     8472       0.2054   5.48
     8473       0.2049   5.48
     8474       0.2050   5.48
     8475       0.2054   5.48
     8476       0.2047   5.47
     8477       0.2053   5.47
     8478       0.2047   5.48
     8479       0.2047   5.48
     8480       0.2056   5.48
     8481       0.2047   5.48
     8482       0.2056   5.48
     8483       0.2047   5.48
     8484       0.2046   5.48
     8485       0.2054   5.48
     8486       0.2050   5.48
     8487       0.2055   5.48
     8488       0.2047   5.47
     8489       0.2058   5.47
     8490       0.2047   5.48
     8491       0.2046   5.48
     8492       0.2056   5.48
     8493       0.2048   5.48
     8494       0.2055   5.48
     8495       0.2047   5.48
     8496       0.2047   5.48
     8497       0.2053   5.48
     8498       0.2047   5.48
     8499       0.2053   5.48
     8500       0.2047   5.48
     8501       0.2046   5.48
     8502       0.2053   5.48
     8503       0.2047   5.48
     8504       0.2054   5.48
     8505       0.2049   5.48
     8506       0.2056   5.48
     8507       0.2046   5.47
     8508       0.2046   5.47
     8509       0.2054   5.47
     8510       0.2048   5.48
     8511       0.2054   5.48
     8512       0.2048   5.48
     8513       0.2047   5.48
     8514       0.2052   5.48
     8515       0.2045   5.48
     8516       0.2053   5.48
     8517       0.2047   5.48
     8518       0.2046   5.48
     8519       0.2055   5.48
     8520       0.2050   5.48
     8521       0.2054   5.48
     8522       0.2046   5.47
     8523       0.2054   5.47
     8524       0.2048   5.48
     8525       0.2047   5.48
     8526       0.2053   5.48
     8527       0.2050   5.48
     8528       0.2056   5.48
     8529       0.2046   5.47
     8530       0.2047   5.47
     8531       0.2052   5.47
     8532       0.2047   5.48
     8533       0.2053   5.48
     8534       0.2048   5.48
     8535       0.2049   5.48
     8536       0.2056   5.48
     8537       0.2049   5.47
     8538       0.2055   5.47
     8539       0.2046   5.47
     8540       0.2056   5.47
     8541       0.2048   5.48
     8542       0.2050   5.48
     8543       0.2058   5.48
     8544       0.2050   5.47
     8545       0.2057   5.47
     8546       0.2046   5.47
     8547       0.2047   5.47
     8548       0.2054   5.47
     8549       0.2048   5.48
     8550       0.2058   5.48
     8551       0.2047   5.48
     8552       0.2048   5.48
     8553       0.2056   5.48
     8554       0.2047   5.48
     8555       0.2053   5.48
     8556       0.2047   5.48
     8557       0.2054   5.48
     8558       0.2047   5.48
     8559       0.2050   5.48
     8560       0.2054   5.48
     8561       0.2046   5.47
     8562       0.2054   5.47
     8563       0.2047   5.48
     8564       0.2047   5.48
     8565       0.2054   5.48
     8566       0.2046   5.48
     8567       0.2057   5.48
     8568       0.2047   5.48
     8569       0.2047   5.48
     8570       0.2056   5.48
     8571       0.2046   5.48
     8572       0.2053   5.48
     8573       0.2046   5.48
     8574       0.2054   5.48
     8575       0.2046   5.48
     8576       0.2047   5.48
     8577       0.2053   5.48
     8578       0.2047   5.48
     8579       0.2052   5.48
     8580       0.2047   5.48
     8581       0.2046   5.48
     8582       0.2053   5.48
     8583       0.2047   5.48
     8584       0.2053   5.48
     8585       0.2047   5.48
     8586       0.2047   5.48
     8587       0.2054   5.48
     8588       0.2050   5.48
     8589       0.2055   5.48
     8590       0.2047   5.47
     8591       0.2053   5.47
     8592       0.2048   5.48
     8593       0.2050   5.48
     8594       0.2056   5.48
     8595       0.2049   5.47
     8596       0.2057   5.47
     8597       0.2050   5.47
     8598       0.2049   5.47
     8599       0.2053   5.47
     8600       0.2047   5.47
     8601       0.2056   5.47
     8602       0.2048   5.48
     8603       0.2050   5.48
     8604       0.2055   5.48
     8605       0.2047   5.47
     8606       0.2053   5.47
     8607       0.2047   5.48
     8608       0.2053   5.48
     8609       0.2046   5.48
     8610       0.2047   5.48
     8611       0.2058   5.48
     8612       0.2047   5.48
     8613       0.2055   5.48
     8614       0.2047   5.48
     8615       0.2048   5.48
     8616       0.2053   5.48
     8617       0.2047   5.48
     8618       0.2054   5.48
     8619       0.2047   5.48
     8620       0.2047   5.48
     8621       0.2055   5.48
     8622       0.2047   5.48
     8623       0.2053   5.48
     8624       0.2046   5.48
     8625       0.2056   5.48
     8626       0.2047   5.48
     8627       0.2047   5.48
     8628       0.2053   5.48
     8629       0.2047   5.48
     8630       0.2053   5.48
     8631       0.2049   5.48
     8632       0.2050   5.48
     8633       0.2054   5.48
     8634       0.2047   5.47
     8635       0.2055   5.47
     8636       0.2045   5.48
     8637       0.2045   5.48
     8638       0.2052   5.48
     8639       0.2046   5.48
     8640       0.2053   5.48
     8641       0.2047   5.48
     8642       0.2054   5.48
     8643       0.2047   5.48
     8644       0.2047   5.48
     8645       0.2053   5.48
     8646       0.2045   5.48
     8647       0.2054   5.48
     8648       0.2046   5.48
     8649       0.2047   5.48
     8650       0.2054   5.48
     8651       0.2047   5.48
     8652       0.2051   5.48
     8653       0.2047   5.48
     8654       0.2047   5.48
     8655       0.2052   5.48
     8656       0.2047   5.48
     8657       0.2053   5.48
     8658       0.2048   5.48
     8659       0.2055   5.48
     8660       0.2046   5.47
     8661       0.2047   5.47
     8662       0.2056   5.47
     8663       0.2046   5.48
     8664       0.2056   5.48
     8665       0.2047   5.48
     8666       0.2047   5.48
     8667       0.2054   5.48
     8668       0.2049   5.48
     8669       0.2057   5.48
     8670       0.2046   5.47
     8671       0.2047   5.47
     8672       0.2058   5.47
     8673       0.2047   5.48
     8674       0.2056   5.48
     8675       0.2047   5.48
     8676       0.2053   5.48
     8677       0.2047   5.48
     8678       0.2050   5.48
     8679       0.2055   5.48
     8680       0.2046   5.47
     8681       0.2053   5.47
     8682       0.2046   5.48
     8683       0.2047   5.48
     8684       0.2054   5.48
     8685       0.2047   5.48
     8686       0.2053   5.48
     8687       0.2045   5.48
     8688       0.2046   5.48
     8689       0.2052   5.48
     8690       0.2049   5.48
     8691       0.2056   5.48
     8692       0.2050   5.47
     8693       0.2056   5.47
     8694       0.2047   5.47
     8695       0.2046   5.47
     8696       0.2053   5.47
     8697       0.2047   5.48
     8698       0.2053   5.48
     8699       0.2048   5.48
     8700       0.2049   5.48
     8701       0.2055   5.48
     8702       0.2046   5.47
     8703       0.2054   5.47
     8704       0.2047   5.48
     8705       0.2047   5.48
     8706       0.2053   5.48
     8707       0.2048   5.48
     8708       0.2053   5.48
     8709       0.2049   5.48
     8710       0.2056   5.48
     8711       0.2047   5.47
     8712       0.2047   5.47
     8713       0.2054   5.47
     8714       0.2047   5.48
     8715       0.2054   5.48
     8716       0.2047   5.48
     8717       0.2046   5.48
     8718       0.2053   5.48
     8719       0.2048   5.48
     8720       0.2055   5.48
     8721       0.2047   5.48
     8722       0.2046   5.48
     8723       0.2056   5.48
     8724       0.2047   5.48
     8725       0.2054   5.48
     8726       0.2047   5.48
     8727       0.2054   5.48
     8728       0.2047   5.48
     8729       0.2047   5.48
     8730       0.2058   5.48
     8731       0.2047   5.48
     8732       0.2059   5.48
     8733       0.2046   5.47
     8734       0.2047   5.47
     8735       0.2053   5.47
     8736       0.2046   5.48
     8737       0.2052   5.48
     8738       0.2049   5.48
     8739       0.2049   5.48
     8740       0.2056   5.48
     8741       0.2047   5.47
     8742       0.2053   5.47
     8743       0.2045   5.47
     8744       0.2054   5.47
     8745       0.2046   5.48
     8746       0.2047   5.48
     8747       0.2053   5.48
     8748       0.2047   5.48
     8749       0.2054   5.48
     8750       0.2047   5.48
     8751       0.2047   5.48
     8752       0.2054   5.48
     8753       0.2045   5.48
     8754       0.2051   5.48
     8755       0.2046   5.48
     8756       0.2047   5.48
     8757       0.2052   5.48
     8758       0.2047   5.48
     8759       0.2054   5.48
     8760       0.2047   5.48
     8761       0.2053   5.48
     8762       0.2047   5.48
     8763       0.2047   5.48
     8764       0.2054   5.48
     8765       0.2047   5.48
     8766       0.2053   5.48
     8767       0.2046   5.48
     8768       0.2047   5.48
     8769       0.2054   5.48
     8770       0.2047   5.48
     8771       0.2054   5.48
     8772       0.2047   5.48
     8773       0.2047   5.48
     8774       0.2053   5.48
     8775       0.2047   5.48
     8776       0.2148   5.48
     8777       0.2047   5.48
     8778       0.2054   5.48
     8779       0.2047   5.48
     8780       0.2046   5.48
     8781       0.2056   5.48
     8782       0.2045   5.48
     8783       0.2053   5.48
     8784       0.2047   5.48
     8785       0.2048   5.48
     8786       0.2054   5.48
     8787       0.2045   5.48
     8788       0.2053   5.48
     8789       0.2047   5.48
     8790       0.2058   5.48
     8791       0.2047   5.48
     8792       0.2046   5.48
     8793       0.2056   5.48
     8794       0.2047   5.48
     8795       0.2053   5.48
     8796       0.2047   5.48
     8797       0.2047   5.48
     8798       0.2054   5.48
     8799       0.2047   5.48
     8800       0.2055   5.48
     8801       0.2046   5.48
     8802       0.2047   5.48
     8803       0.2052   5.48
     8804       0.2046   5.48
     8805       0.2053   5.48
     8806       0.2047   5.48
     8807       0.2056   5.48
     8808       0.2049   5.47
     8809       0.2050   5.47
     8810       0.2057   5.47
     8811       0.2046   5.47
     8812       0.2054   5.47
     8813       0.2046   5.48
     8814       0.2046   5.48
     8815       0.2053   5.48
     8816       0.2047   5.48
     8817       0.2053   5.48
     8818       0.2046   5.48
     8819       0.2045   5.48
     8820       0.2052   5.48
     8821       0.2046   5.48
     8822       0.2053   5.48
     8823       0.2046   5.48
     8824       0.2054   5.48
     8825       0.2046   5.48
     8826       0.2046   5.48
     8827       0.2054   5.48
     8828       0.2047   5.48
     8829       0.2052   5.48
     8830       0.2047   5.48
     8831       0.2047   5.48
     8832       0.2052   5.48
     8833       0.2047   5.48
     8834       0.2053   5.48
     8835       0.2047   5.48
     8836       0.2047   5.48
     8837       0.2054   5.48
     8838       0.2048   5.48
     8839       0.2056   5.48
     8840       0.2046   5.47
     8841       0.2056   5.47
     8842       0.2046   5.48
     8843       0.2047   5.48
     8844       0.2056   5.48
     8845       0.2047   5.48
     8846       0.2054   5.48
     8847       0.2047   5.48
     8848       0.2047   5.48
     8849       0.2053   5.48
     8850       0.2046   5.48
     8851       0.2057   5.48
     8852       0.2047   5.48
     8853       0.2047   5.48
     8854       0.2055   5.48
     8855       0.2047   5.48
     8856       0.2053   5.48
     8857       0.2048   5.48
     8858       0.2053   5.48
     8859       0.2047   5.48
     8860       0.2046   5.48
     8861       0.2052   5.48
     8862       0.2048   5.48
     8863       0.2056   5.48
     8864       0.2049   5.48
     8865       0.2049   5.48
     8866       0.2055   5.48
     8867       0.2046   5.47
     8868       0.2053   5.47
     8869       0.2047   5.48
     8870       0.2047   5.48
     8871       0.2054   5.48
     8872       0.2047   5.48
     8873       0.2054   5.48
     8874       0.2047   5.48
     8875       0.2054   5.48
     8876       0.2047   5.48
     8877       0.2047   5.48
     8878       0.2053   5.48
     8879       0.2047   5.48
     8880       0.2053   5.48
     8881       0.2047   5.48
     8882       0.2047   5.48
     8883       0.2054   5.48
     8884       0.2047   5.48
     8885       0.2053   5.48
     8886       0.2047   5.48
     8887       0.2047   5.48
     8888       0.2054   5.48
     8889       0.2046   5.48
     8890       0.2052   5.48
     8891       0.2046   5.48
     8892       0.2053   5.48
     8893       0.2047   5.48
     8894       0.2047   5.48
     8895       0.2053   5.48
     8896       0.2046   5.48
     8897       0.2052   5.48
     8898       0.2046   5.48
     8899       0.2047   5.48
     8900       0.2054   5.48
     8901       0.2047   5.48
     8902       0.2056   5.48
     8903       0.2047   5.48
     8904       0.2047   5.48
     8905       0.2054   5.48
     8906       0.2047   5.48
     8907       0.2053   5.48
     8908       0.2047   5.48
     8909       0.2058   5.48
     8910       0.2046   5.48
     8911       0.2047   5.48
     8912       0.2056   5.48
     8913       0.2047   5.48
     8914       0.2054   5.48
     8915       0.2047   5.48
     8916       0.2048   5.48
     8917       0.2055   5.48
     8918       0.2047   5.48
     8919       0.2052   5.48
     8920       0.2046   5.48
     8921       0.2046   5.48
     8922       0.2052   5.48
     8923       0.2047   5.48
     8924       0.2052   5.48
     8925       0.2047   5.48
     8926       0.2054   5.48
     8927       0.2047   5.48
     8928       0.2046   5.48
     8929       0.2053   5.48
     8930       0.2046   5.48
     8931       0.2053   5.48
     8932       0.2047   5.48
     8933       0.2046   5.48
     8934       0.2052   5.48
     8935       0.2048   5.48
     8936       0.2286   5.48
     8937       0.2048   5.47
     8938       0.2048   5.47
     8939       0.2051   5.47
     8940       0.2046   5.48
     8941       0.2054   5.48
     8942       0.2047   5.48
     8943       0.2053   5.48
     8944       0.2047   5.48
     8945       0.2047   5.48
     8946       0.2053   5.48
     8947       0.2047   5.48
     8948       0.2053   5.48
     8949       0.2047   5.48
     8950       0.2046   5.48
     8951       0.2053   5.48
     8952       0.2047   5.48
     8953       0.2054   5.48
     8954       0.2046   5.48
     8955       0.2048   5.48
     8956       0.2051   5.48
     8957       0.2047   5.48
     8958       0.2054   5.48
     8959       0.2047   5.48
     8960       0.2057   5.48
     8961       0.2048   5.47
     8962       0.2045   5.47
     8963       0.2055   5.47
     8964       0.2047   5.48
     8965       0.2053   5.48
     8966       0.2046   5.48
     8967       0.2047   5.48
     8968       0.2053   5.48
     8969       0.2046   5.48
     8970       0.2059   5.48
     8971       0.2047   5.48
     8972       0.2048   5.48
     8973       0.2055   5.48
     8974       0.2047   5.48
     8975       0.2053   5.48
     8976       0.2046   5.48
     8977       0.2053   5.48
     8978       0.2046   5.48
     8979       0.2047   5.48
     8980       0.2051   5.48
     8981       0.2047   5.48
     8982       0.2053   5.48
     8983       0.2045   5.48
     8984       0.2046   5.48
     8985       0.2054   5.48
     8986       0.2048   5.48
     8987       0.2055   5.48
     8988       0.2047   5.47
     8989       0.2049   5.47
     8990       0.2051   5.47
     8991       0.2046   5.48
     8992       0.2053   5.48
     8993       0.2047   5.48
     8994       0.2054   5.48
     8995       0.2047   5.48
     8996       0.2046   5.48
     8997       0.2053   5.48
     8998       0.2047   5.48
     8999       0.2055   5.48
     9000       0.2048   5.48
     9001       0.2047   5.48
     9002       0.2053   5.48
     9003       0.2047   5.48
     9004       0.2056   5.48
     9005       0.2048   5.48
     9006       0.2048   5.48
     9007       0.2051   5.48
     9008       0.2048   5.48
     9009       0.2053   5.48
     9010       0.2047   5.48
     9011       0.2054   5.48
     9012       0.2047   5.48
     9013       0.2047   5.48
     9014       0.2053   5.48
     9015       0.2047   5.48
     9016       0.2056   5.48
     9017       0.2049   5.47
     9018       0.2047   5.47
     9019       0.2054   5.47
     9020       0.2047   5.48
     9021       0.2055   5.48
     9022       0.2047   5.48
     9023       0.2049   5.48
     9024       0.2048   5.48
     9025       0.2048   5.48
     9026       0.2056   5.48
     9027       0.2049   5.47
     9028       0.2056   5.47
     9029       0.2048   5.47
     9030       0.2046   5.47
     9031       0.2059   5.47
     9032       0.2047   5.48
     9033       0.2055   5.48
     9034       0.2047   5.48
     9035       0.2048   5.48
     9036       0.2053   5.48
     9037       0.2047   5.48
     9038       0.2052   5.48
     9039       0.2047   5.48
     9040       0.2053   5.48
     9041       0.2047   5.48
     9042       0.2047   5.48
     9043       0.2054   5.48
     9044       0.2047   5.48
     9045       0.2053   5.48
     9046       0.2046   5.48
     9047       0.2046   5.48
     9048       0.2051   5.48
     9049       0.2046   5.48
     9050       0.2053   5.48
     9051       0.2047   5.48
     9052       0.2046   5.48
     9053       0.2053   5.48
     9054       0.2048   5.48
     9055       0.2055   5.48
     9056       0.2047   5.48
     9057       0.2054   5.48
     9058       0.2049   5.48
     9059       0.2046   5.48
     9060       0.2053   5.48
     9061       0.2047   5.48
     9062       0.2053   5.48
     9063       0.2047   5.48
     9064       0.2048   5.48
     9065       0.2055   5.48
     9066       0.2046   5.48
     9067       0.2053   5.48
     9068       0.2047   5.48
     9069       0.2049   5.48
     9070       0.2056   5.48
     9071       0.2046   5.48
     9072       0.2053   5.48
     9073       0.2046   5.48
     9074       0.2053   5.48
     9075       0.2047   5.48
     9076       0.2046   5.48
     9077       0.2053   5.48
     9078       0.2047   5.48
     9079       0.2053   5.48
     9080       0.2046   5.48
     9081       0.2047   5.48
     9082       0.2056   5.48
     9083       0.2047   5.48
     9084       0.2057   5.48
     9085       0.2049   5.48
     9086       0.2046   5.48
     9087       0.2053   5.48
     9088       0.2047   5.48
     9089       0.2056   5.48
     9090       0.2047   5.48
     9091       0.2058   5.48
     9092       0.2047   5.48
     9093       0.2046   5.48
     9094       0.2056   5.48
     9095       0.2047   5.48
     9096       0.2052   5.48
     9097       0.2046   5.48
     9098       0.2047   5.48
     9099       0.2053   5.48
     9100       0.2047   5.48
     9101       0.2054   5.48
     9102       0.2047   5.48
     9103       0.2047   5.48
     9104       0.2053   5.48
     9105       0.2046   5.48
     9106       0.2054   5.48
     9107       0.2047   5.48
     9108       0.2053   5.48
     9109       0.2047   5.48
     9110       0.2046   5.48
     9111       0.2054   5.48
     9112       0.2047   5.48
     9113       0.2052   5.48
     9114       0.2045   5.48
     9115       0.2047   5.48
     9116       0.2053   5.48
     9117       0.2047   5.48
     9118       0.2053   5.48
     9119       0.2048   5.48
     9120       0.2047   5.48
     9121       0.2053   5.48
     9122       0.2046   5.48
     9123       0.2053   5.48
     9124       0.2047   5.48
     9125       0.2053   5.48
     9126       0.2047   5.48
     9127       0.2047   5.48
     9128       0.2054   5.48
     9129       0.2047   5.48
     9130       0.2055   5.48
     9131       0.2047   5.48
     9132       0.2046   5.48
     9133       0.2053   5.48
     9134       0.2047   5.48
     9135       0.2055   5.48
     9136       0.2049   5.48
     9137       0.2045   5.48
     9138       0.2053   5.48
     9139       0.2047   5.48
     9140       0.2055   5.48
     9141       0.2046   5.48
     9142       0.2055   5.48
     9143       0.2046   5.48
     9144       0.2047   5.48
     9145       0.2054   5.48
     9146       0.2047   5.48
     9147       0.2053   5.48
     9148       0.2046   5.48
     9149       0.2048   5.48
     9150       0.2059   5.48
     9151       0.2049   5.48
     9152       0.2058   5.48
     9153       0.2050   5.47
     9154       0.2049   5.47
     9155       0.2055   5.47
     9156       0.2047   5.47
     9157       0.2053   5.47
     9158       0.2047   5.48
     9159       0.2055   5.48
     9160       0.2049   5.48
     9161       0.2050   5.48
     9162       0.2057   5.48
     9163       0.2049   5.47
     9164       0.2054   5.47
     9165       0.2048   5.47
     9166       0.2046   5.47
     9167       0.2054   5.47
     9168       0.2047   5.48
     9169       0.2056   5.48
     9170       0.2049   5.48
     9171       0.2049   5.48
     9172       0.2056   5.48
     9173       0.2047   5.47
     9174       0.2053   5.47
     9175       0.2047   5.47
     9176       0.2053   5.47
     9177       0.2047   5.48
     9178       0.2047   5.48
     9179       0.2053   5.48
     9180       0.2047   5.48
     9181       0.2052   5.48
     9182       0.2047   5.48
     9183       0.2047   5.48
     9184       0.2053   5.48
     9185       0.2047   5.48
     9186       0.2053   5.48
     9187       0.2047   5.48
     9188       0.2047   5.48
     9189       0.2053   5.48
     9190       0.2047   5.48
     9191       0.2053   5.48
     9192       0.2047   5.48
     9193       0.2054   5.48
     9194       0.2047   5.48
     9195       0.2047   5.48
     9196       0.2054   5.48
     9197       0.2048   5.48
     9198       0.2056   5.48
     9199       0.2049   5.48
     9200       0.2048   5.48
     9201       0.2056   5.48
     9202       0.2047   5.47
     9203       0.2055   5.47
     9204       0.2046   5.48
     9205       0.2047   5.48
     9206       0.2053   5.48
     9207       0.2047   5.48
     9208       0.2054   5.48
     9209       0.2046   5.48
     9210       0.2058   5.48
     9211       0.2049   5.48
     9212       0.2047   5.48
     9213       0.2055   5.48
     9214       0.2048   5.48
     9215       0.2053   5.48
     9216       0.2047   5.48
     9217       0.2047   5.48
     9218       0.2053   5.48
     9219       0.2047   5.48
     9220       0.2053   5.48
     9221       0.2047   5.48
     9222       0.2046   5.48
     9223       0.2052   5.48
     9224       0.2047   5.48
     9225       0.2052   5.48
     9226       0.2046   5.48
     9227       0.2055   5.48
     9228       0.2050   5.48
     9229       0.2049   5.48
     9230       0.2056   5.48
     9231       0.2049   5.47
     9232       0.2052   5.47
     9233       0.2047   5.47
     9234       0.2048   5.47
     9235       0.2055   5.47
     9236       0.2048   5.48
     9237       0.2053   5.48
     9238       0.2046   5.47
     9239       0.2047   5.47
     9240       0.2053   5.47
     9241       0.2048   5.48
     9242       0.2053   5.48
     9243       0.2046   5.48
     9244       0.2053   5.48
     9245       0.2048   5.48
     9246       0.2047   5.48
     9247       0.2056   5.48
     9248       0.2049   5.48
     9249       0.2052   5.48
     9250       0.2047   5.47
     9251       0.2046   5.47
     9252       0.2053   5.47
     9253       0.2046   5.48
     9254       0.2053   5.48
     9255       0.2047   5.48
     9256       0.2047   5.48
     9257       0.2053   5.48
     9258       0.2047   5.48
     9259       0.2056   5.48
     9260       0.2049   5.48
     9261       0.2148   5.48
     9262       0.2046   5.48
     9263       0.2046   5.48
     9264       0.2056   5.48
     9265       0.2047   5.48
     9266       0.2053   5.48
     9267       0.2046   5.48
     9268       0.2047   5.48
     9269       0.2053   5.48
     9270       0.2047   5.48
     9271       0.2056   5.48
     9272       0.2047   5.48
     9273       0.2047   5.48
     9274       0.2059   5.48
     9275       0.2050   5.48
     9276       0.2056   5.48
     9277       0.2049   5.47
     9278       0.2053   5.47
     9279       0.2047   5.47
     9280       0.2048   5.47
     9281       0.2056   5.47
     9282       0.2050   5.48
     9283       0.2056   5.48
     9284       0.2049   5.47
     9285       0.2047   5.47
     9286       0.2053   5.47
     9287       0.2047   5.47
     9288       0.2053   5.47
     9289       0.2047   5.48
     9290       0.2048   5.48
     9291       0.2054   5.48
     9292       0.2050   5.48
     9293       0.2057   5.48
     9294       0.2050   5.47
     9295       0.2052   5.47
     9296       0.2047   5.47
     9297       0.2046   5.47
     9298       0.2053   5.47
     9299       0.2047   5.48
     9300       0.2054   5.48
     9301       0.2050   5.48
     9302       0.2050   5.48
     9303       0.2056   5.48
     9304       0.2049   5.47
     9305       0.2053   5.47
     9306       0.2047   5.47
     9307       0.2050   5.47
     9308       0.2055   5.47
     9309       0.2047   5.48
     9310       0.2053   5.48
     9311       0.2047   5.47
     9312       0.2054   5.47
     9313       0.2047   5.48
     9314       0.2048   5.48
     9315       0.2053   5.48
     9316       0.2047   5.48
     9317       0.2054   5.48
     9318       0.2050   5.48
     9319       0.2047   5.48
     9320       0.2054   5.48
     9321       0.2047   5.47
     9322       0.2056   5.47
     9323       0.2047   5.48
     9324       0.2049   5.48
     9325       0.2052   5.48
     9326       0.2047   5.48
     9327       0.2053   5.48
     9328       0.2046   5.48
     9329       0.2057   5.48
     9330       0.2047   5.48
     9331       0.2047   5.48
     9332       0.2056   5.48
     9333       0.2047   5.48
     9334       0.2053   5.48
     9335       0.2047   5.48
     9336       0.2047   5.48
     9337       0.2054   5.48
     9338       0.2049   5.48
     9339       0.2051   5.48
     9340       0.2047   5.47
     9341       0.2050   5.47
     9342       0.2055   5.47
     9343       0.2050   5.48
     9344       0.2057   5.48
     9345       0.2049   5.47
     9346       0.2053   5.47
     9347       0.2047   5.47
     9348       0.2047   5.47
     9349       0.2053   5.47
     9350       0.2047   5.48
     9351       0.2054   5.48
     9352       0.2047   5.48
     9353       0.2047   5.48
     9354       0.2053   5.48
     9355       0.2047   5.48
     9356       0.2052   5.48
     9357       0.2047   5.48
     9358       0.2053   5.48
     9359       0.2047   5.48
     9360       0.2047   5.48
     9361       0.2053   5.48
     9362       0.2047   5.48
     9363       0.2054   5.48
     9364       0.2048   5.48
     9365       0.2048   5.48
     9366       0.2053   5.48
     9367       0.2047   5.48
     9368       0.2054   5.48
     9369       0.2047   5.48
     9370       0.2047   5.48
     9371       0.2054   5.48
     9372       0.2047   5.48
     9373       0.2055   5.48
     9374       0.2049   5.48
     9375       0.2053   5.48
     9376       0.2045   5.47
     9377       0.2046   5.47
     9378       0.2054   5.47
     9379       0.2047   5.48
     9380       0.2056   5.48
     9381       0.2047   5.48
     9382       0.2047   5.48
     9383       0.2056   5.48
     9384       0.2047   5.48
     9385       0.2053   5.48
     9386       0.2047   5.48
     9387       0.2046   5.48
     9388       0.2053   5.48
     9389       0.2047   5.48
     9390       0.2057   5.48
     9391       0.2046   5.48
     9392       0.2057   5.48
     9393       0.2046   5.48
     9394       0.2047   5.48
     9395       0.2052   5.48
     9396       0.2046   5.48
     9397       0.2053   5.48
     9398       0.2046   5.48
     9399       0.2047   5.48
     9400       0.2056   5.48
     9401       0.2049   5.48
     9402       0.2053   5.48
     9403       0.2047   5.47
     9404       0.2048   5.47
     9405       0.2054   5.47
     9406       0.2046   5.48
     9407       0.2054   5.48
     9408       0.2046   5.48
     9409       0.2053   5.48
     9410       0.2046   5.48
     9411       0.2047   5.48
     9412       0.2056   5.48
     9413       0.2049   5.48
     9414       0.2057   5.48
     9415       0.2050   5.47
     9416       0.2048   5.47
     9417       0.2052   5.47
     9418       0.2046   5.47
     9419       0.2053   5.47
     9420       0.2047   5.48
     9421       0.2047   5.48
     9422       0.2054   5.48
     9423       0.2048   5.48
     9424       0.2055   5.48
     9425       0.2050   5.48
     9426       0.2055   5.48
     9427       0.2050   5.47
     9428       0.2049   5.47
     9429       0.2053   5.47
     9430       0.2047   5.47
     9431       0.2053   5.47
     9432       0.2046   5.48
     9433       0.2047   5.48
     9434       0.2052   5.48
     9435       0.2047   5.48
     9436       0.2055   5.48
     9437       0.2050   5.48
     9438       0.2047   5.48
     9439       0.2054   5.48
     9440       0.2047   5.47
     9441       0.2056   5.47
     9442       0.2047   5.48
     9443       0.2056   5.48
     9444       0.2048   5.48
     9445       0.2049   5.48
     9446       0.2056   5.48
     9447       0.2050   5.47
     9448       0.2053   5.47
     9449       0.2047   5.47
     9450       0.2047   5.47
     9451       0.2059   5.47
     9452       0.2050   5.48
     9453       0.2055   5.48
     9454       0.2047   5.47
     9455       0.2048   5.47
     9456       0.2053   5.47
     9457       0.2047   5.48
     9458       0.2055   5.48
     9459       0.2046   5.48
     9460       0.2054   5.48
     9461       0.2048   5.48
     9462       0.2050   5.48
     9463       0.2056   5.48
     9464       0.2050   5.47
     9465       0.2054   5.47
     9466       0.2047   5.47
     9467       0.2047   5.47
     9468       0.2054   5.47
     9469       0.2046   5.48
     9470       0.2053   5.48
     9471       0.2046   5.48
     9472       0.2047   5.48
     9473       0.2053   5.48
     9474       0.2046   5.48
     9475       0.2056   5.48
     9476       0.2049   5.48
     9477       0.2055   5.48
     9478       0.2047   5.47
     9479       0.2047   5.47
     9480       0.2055   5.47
     9481       0.2047   5.48
     9482       0.2053   5.48
     9483       0.2047   5.48
     9484       0.2047   5.48
     9485       0.2054   5.48
     9486       0.2047   5.48
     9487       0.2054   5.48
     9488       0.2046   5.48
     9489       0.2047   5.48
     9490       0.2053   5.48
     9491       0.2047   5.48
     9492       0.2054   5.48
     9493       0.2047   5.48
     9494       0.2054   5.48
     9495       0.2047   5.48
     9496       0.2047   5.48
     9497       0.2053   5.48
     9498       0.2048   5.48
     9499       0.2053   5.48
     9500       0.2047   5.48
     9501       0.2047   5.48
     9502       0.2056   5.48
     9503       0.2050   5.48
     9504       0.2054   5.48
     9505       0.2046   5.47
     9506       0.2046   5.47
     9507       0.2053   5.47
     9508       0.2047   5.48
     9509       0.2054   5.48
     9510       0.2047   5.48
     9511       0.2058   5.48
     9512       0.2046   5.48
     9513       0.2046   5.48
     9514       0.2056   5.48
     9515       0.2047   5.48
     9516       0.2054   5.48
     9517       0.2047   5.48
     9518       0.2047   5.48
     9519       0.2055   5.48
     9520       0.2050   5.48
     9521       0.2052   5.48
     9522       0.2046   5.47
     9523       0.2046   5.47
     9524       0.2053   5.47
     9525       0.2047   5.48
     9526       0.2053   5.48
     9527       0.2047   5.48
     9528       0.2053   5.48
     9529       0.2047   5.48
     9530       0.2046   5.48
     9531       0.2053   5.48
     9532       0.2047   5.48
     9533       0.2054   5.48
     9534       0.2047   5.48
     9535       0.2047   5.48
     9536       0.2054   5.48
     9537       0.2047   5.48
     9538       0.2054   5.48
     9539       0.2049   5.48
     9540       0.2048   5.48
     9541       0.2054   5.48
     9542       0.2047   5.47
     9543       0.2054   5.47
     9544       0.2050   5.48
     9545       0.2056   5.48
     9546       0.2050   5.47
     9547       0.2050   5.47
     9548       0.2052   5.47
     9549       0.2047   5.47
     9550       0.2052   5.47
     9551       0.2046   5.48
     9552       0.2047   5.48
     9553       0.2053   5.48
     9554       0.2047   5.48
     9555       0.2053   5.48
     9556       0.2046   5.48
     9557       0.2047   5.48
     9558       0.2054   5.48
     9559       0.2047   5.48
     9560       0.2056   5.48
     9561       0.2049   5.48
     9562       0.2059   5.48
     9563       0.2049   5.47
     9564       0.2049   5.47
     9565       0.2057   5.47
     9566       0.2049   5.47
     9567       0.2055   5.47
     9568       0.2046   5.47
     9569       0.2047   5.47
     9570       0.2056   5.47
     9571       0.2047   5.48
     9572       0.2055   5.48
     9573       0.2046   5.48
     9574       0.2046   5.48
     9575       0.2052   5.48
     9576       0.2046   5.48
     9577       0.2055   5.48
     9578       0.2049   5.48
     9579       0.2055   5.48
     9580       0.2047   5.47
     9581       0.2046   5.47
     9582       0.2053   5.47
     9583       0.2047   5.48
     9584       0.2053   5.48
     9585       0.2047   5.48
     9586       0.2047   5.48
     9587       0.2053   5.48
     9588       0.2047   5.48
     9589       0.2052   5.48
     9590       0.2046   5.48
     9591       0.2047   5.48
     9592       0.2053   5.48
     9593       0.2046   5.48
     9594       0.2054   5.48
     9595       0.2047   5.48
     9596       0.2054   5.48
     9597       0.2045   5.48
     9598       0.2045   5.48
     9599       0.2053   5.48
     9600       0.2048   5.48
     9601       0.2054   5.48
     9602       0.2047   5.48
     9603       0.2047   5.48
     9604       0.2053   5.48
     9605       0.2047   5.48
     9606       0.2053   5.48
     9607       0.2047   5.48
     9608       0.2046   5.48
     9609       0.2053   5.48
     9610       0.2047   5.48
     9611       0.2053   5.48
     9612       0.2046   5.48
     9613       0.2053   5.48
     9614       0.2047   5.48
     9615       0.2048   5.48
     9616       0.2052   5.48
     9617       0.2046   5.48
     9618       0.2052   5.48
     9619       0.2046   5.48
     9620       0.2047   5.48
     9621       0.2054   5.48
     9622       0.2047   5.48
     9623       0.2056   5.48
     9624       0.2045   5.48
     9625       0.2047   5.48
     9626       0.2055   5.48
     9627       0.2049   5.48
     9628       0.2053   5.48
     9629       0.2047   5.47
     9630       0.2057   5.47
     9631       0.2048   5.48
     9632       0.2049   5.48
     9633       0.2055   5.48
     9634       0.2047   5.47
     9635       0.2057   5.47
     9636       0.2045   5.48
     9637       0.2045   5.48
     9638       0.2053   5.48
     9639       0.2047   5.48
     9640       0.2053   5.48
     9641       0.2046   5.48
     9642       0.2046   5.48
     9643       0.2053   5.48
     9644       0.2046   5.48
     9645       0.2054   5.48
     9646       0.2046   5.48
     9647       0.2054   5.48
     9648       0.2047   5.48
     9649       0.2046   5.48
     9650       0.2053   5.48
     9651       0.2048   5.48
     9652       0.2053   5.48
     9653       0.2047   5.48
     9654       0.2047   5.48
     9655       0.2054   5.48
     9656       0.2047   5.48
     9657       0.2053   5.48
     9658       0.2047   5.48
     9659       0.2047   5.48
     9660       0.2054   5.48
     9661       0.2047   5.48
     9662       0.2053   5.48
     9663       0.2046   5.48
     9664       0.2054   5.48
     9665       0.2046   5.48
     9666       0.2047   5.48
     9667       0.2053   5.48
     9668       0.2049   5.48
     9669       0.2055   5.48
     9670       0.2046   5.47
     9671       0.2047   5.47
     9672       0.2054   5.47
     9673       0.2047   5.48
     9674       0.2055   5.48
     9675       0.2047   5.48
     9676       0.2047   5.48
     9677       0.2052   5.48
     9678       0.2047   5.48
     9679       0.2054   5.48
     9680       0.2049   5.48
     9681       0.2058   5.48
     9682       0.2048   5.47
     9683       0.2050   5.47
     9684       0.2056   5.47
     9685       0.2047   5.47
     9686       0.2053   5.47
     9687       0.2045   5.48
     9688       0.2046   5.48
     9689       0.2055   5.48
     9690       0.2046   5.48
     9691       0.2058   5.48
     9692       0.2047   5.48
     9693       0.2048   5.48
     9694       0.2056   5.48
     9695       0.2047   5.48
     9696       0.2053   5.48
     9697       0.2047   5.48
     9698       0.2053   5.48
     9699       0.2047   5.48
     9700       0.2047   5.48
     9701       0.2054   5.48
     9702       0.2047   5.48
     9703       0.2055   5.48
     9704       0.2045   5.48
     9705       0.2046   5.48
     9706       0.2053   5.48
     9707       0.2047   5.48
     9708       0.2053   5.48
     9709       0.2046   5.48
     9710       0.2046   5.48
     9711       0.2055   5.48
     9712       0.2047   5.48
     9713       0.2054   5.48
     9714       0.2048   5.48
     9715       0.2054   5.48
     9716       0.2048   5.48
     9717       0.2049   5.48
     9718       0.2054   5.48
     9719       0.2046   5.47
     9720       0.2053   5.47
     9721       0.2046   5.48
     9722       0.2047   5.48
     9723       0.2053   5.48
     9724       0.2047   5.48
     9725       0.2053   5.48
     9726       0.2047   5.48
     9727       0.2046   5.48
     9728       0.2053   5.48
     9729       0.2048   5.48
     9730       0.2053   5.48
     9731       0.2047   5.48
     9732       0.2053   5.48
     9733       0.2047   5.48
     9734       0.2047   5.48
     9735       0.2053   5.48
     9736       0.2047   5.48
     9737       0.2053   5.48
     9738       0.2047   5.48
     9739       0.2047   5.48
     9740       0.2056   5.48
     9741       0.2047   5.48
     9742       0.2057   5.48
     9743       0.2049   5.48
     9744       0.2049   5.48
     9745       0.2054   5.48
     9746       0.2047   5.47
     9747       0.2052   5.47
     9748       0.2046   5.48
     9749       0.2056   5.48
     9750       0.2047   5.48
     9751       0.2047   5.48
     9752       0.2056   5.48
     9753       0.2046   5.48
     9754       0.2054   5.48
     9755       0.2049   5.48
     9756       0.2049   5.48
     9757       0.2052   5.48
     9758       0.2046   5.47
     9759       0.2055   5.47
     9760       0.2050   5.48
     9761       0.2050   5.48
     9762       0.2053   5.48
     9763       0.2047   5.47
     9764       0.2053   5.47
     9765       0.2047   5.48
     9766       0.2053   5.48
     9767       0.2047   5.48
     9768       0.2046   5.48
     9769       0.2054   5.48
     9770       0.2046   5.48
     9771       0.2054   5.48
     9772       0.2048   5.48
     9773       0.2049   5.48
     9774       0.2055   5.48
     9775       0.2049   5.47
     9776       0.2055   5.47
     9777       0.2050   5.47
     9778       0.2050   5.47
     9779       0.2052   5.47
     9780       0.2046   5.47
     9781       0.2054   5.47
     9782       0.2047   5.48
     9783       0.2053   5.48
     9784       0.2047   5.48
     9785       0.2047   5.48
     9786       0.2054   5.48
     9787       0.2047   5.48
     9788       0.2146   5.48
     9789       0.2048   5.48
     9790       0.2050   5.48
     9791       0.2058   5.48
     9792       0.2047   5.47
     9793       0.2055   5.47
     9794       0.2047   5.48
     9795       0.2053   5.48
     9796       0.2046   5.48
     9797       0.2046   5.48
     9798       0.2053   5.48
     9799       0.2046   5.48
     9800       0.2056   5.48
     9801       0.2047   5.48
     9802       0.2046   5.48
     9803       0.2055   5.48
     9804       0.2047   5.48
     9805       0.2053   5.48
     9806       0.2049   5.48
     9807       0.2050   5.48
     9808       0.2054   5.48
     9809       0.2047   5.47
     9810       0.2058   5.47
     9811       0.2047   5.48
     9812       0.2055   5.48
     9813       0.2046   5.48
     9814       0.2047   5.48
     9815       0.2053   5.48
     9816       0.2047   5.48
     9817       0.2053   5.48
     9818       0.2047   5.48
     9819       0.2046   5.48
     9820       0.2053   5.48
     9821       0.2047   5.48
     9822       0.2052   5.48
     9823       0.2047   5.48
     9824       0.2047   5.48
     9825       0.2054   5.48
     9826       0.2049   5.48
     9827       0.2054   5.48
     9828       0.2047   5.47
     9829       0.2055   5.47
     9830       0.2048   5.48
     9831       0.2046   5.48
     9832       0.2054   5.48
     9833       0.2047   5.48
     9834       0.2054   5.48
     9835       0.2049   5.48
     9836       0.2049   5.48
     9837       0.2057   5.48
     9838       0.2050   5.47
     9839       0.2057   5.47
     9840       0.2046   5.47
     9841       0.2047   5.47
     9842       0.2053   5.47
     9843       0.2047   5.48
     9844       0.2053   5.48
     9845       0.2047   5.48
     9846       0.2053   5.48
     9847       0.2047   5.48
     9848       0.2047   5.48
     9849       0.2054   5.48
     9850       0.2047   5.48
     9851       0.2053   5.48
     9852       0.2048   5.48
     9853       0.2050   5.48
     9854       0.2054   5.48
     9855       0.2047   5.47
     9856       0.2053   5.47
     9857       0.2047   5.48
     9858       0.2046   5.48
     9859       0.2054   5.48
     9860       0.2050   5.48
     9861       0.2058   5.48
     9862       0.2049   5.47
     9863       0.2058   5.47
     9864       0.2046   5.47
     9865       0.2048   5.47
     9866       0.2054   5.47
     9867       0.2047   5.48
     9868       0.2054   5.48
     9869       0.2047   5.48
     9870       0.2047   5.48
     9871       0.2059   5.48
     9872       0.2047   5.48
     9873       0.2057   5.48
     9874       0.2047   5.48
     9875       0.2047   5.48
     9876       0.2055   5.48
     9877       0.2047   5.48
     9878       0.2053   5.48
     9879       0.2047   5.48
     9880       0.2053   5.48
     9881       0.2048   5.48
     9882       0.2049   5.48
     9883       0.2055   5.48
     9884       0.2046   5.47
     9885       0.2054   5.47
     9886       0.2048   5.48
     9887       0.2047   5.48
     9888       0.2053   5.48
     9889       0.2047   5.48
     9890       0.2053   5.48
     9891       0.2048   5.48
     9892       0.2050   5.48
     9893       0.2055   5.48
     9894       0.2049   5.47
     9895       0.2056   5.47
     9896       0.2046   5.47
     9897       0.2053   5.47
     9898       0.2047   5.48
     9899       0.2047   5.48
     9900       0.2054   5.48
     9901       0.2047   5.48
     9902       0.2053   5.48
     9903       0.2047   5.48
     9904       0.2047   5.48
     9905       0.2053   5.48
     9906       0.2047   5.48
     9907       0.2053   5.48
     9908       0.2048   5.48
     9909       0.2049   5.48
     9910       0.2056   5.48
     9911       0.2049   5.47
     9912       0.2054   5.47
     9913       0.2045   5.47
     9914       0.2053   5.47
     9915       0.2046   5.48
     9916       0.2046   5.48
     9917       0.2054   5.48
     9918       0.2048   5.48
     9919       0.2056   5.48
     9920       0.2049   5.47
     9921       0.2050   5.47
     9922       0.2055   5.47
     9923       0.2047   5.47
     9924       0.2055   5.47
     9925       0.2048   5.48
     9926       0.2050   5.48
     9927       0.2058   5.48
     9928       0.2049   5.47
     9929       0.2056   5.47
     9930       0.2045   5.47
     9931       0.2057   5.47
     9932       0.2045   5.48
     9933       0.2046   5.48
     9934       0.2054   5.48
     9935       0.2047   5.48
     9936       0.2054   5.48
     9937       0.2046   5.48
     9938       0.2046   5.48
     9939       0.2053   5.48
     9940       0.2046   5.48
     9941       0.2054   5.48
     9942       0.2046   5.48
     9943       0.2047   5.48
     9944       0.2053   5.48
     9945       0.2046   5.48
     9946       0.2053   5.48
     9947       0.2047   5.48
     9948       0.2054   5.48
     9949       0.2048   5.48
     9950       0.2049   5.48
     9951       0.2055   5.48
     9952       0.2046   5.47
     9953       0.2054   5.47
     9954       0.2047   5.48
     9955       0.2047   5.48
     9956       0.2052   5.48
     9957       0.2047   5.48
     9958       0.2051   5.48
     9959       0.2046   5.48
     9960       0.2047   5.48
     9961       0.2054   5.48
     9962       0.2049   5.48
     9963       0.2056   5.48
     9964       0.2049   5.47
     9965       0.2056   5.47
     9966       0.2049   5.47
     9967       0.2048   5.47
     9968       0.2056   5.47
     9969       0.2050   5.47
     9970       0.2055   5.47
     9971       0.2046   5.47
     9972       0.2047   5.47
     9973       0.2054   5.47
     9974       0.2047   5.48
     9975       0.2055   5.48
     9976       0.2047   5.48
     9977       0.2047   5.48
     9978       0.2054   5.48
     9979       0.2049   5.48
     9980       0.2057   5.48
     9981       0.2046   5.47
     9982       0.2056   5.47
     9983       0.2048   5.48
     9984       0.2049   5.48
     9985       0.2056   5.48
     9986       0.2047   5.47
     9987       0.2053   5.47
     9988       0.2047   5.48
     9989       0.2047   5.48
     9990       0.2057   5.48
     9991       0.2047   5.48
     9992       0.2056   5.48
     9993       0.2047   5.48
     9994       0.2047   5.48
     9995       0.2054   5.48
     9996       0.2046   5.48
     9997       0.2053   5.48
     9998       0.2048   5.48
     9999       0.2057   5.48
    10000       0.2050   5.47
    10001       0.2050   5.47
    10002       0.2056   5.47
    10003       0.2046   5.47
    10004       0.2053   5.47
    10005       0.2047   5.48
    10006       0.2049   5.48
    10007       0.2054   5.48
    10008       0.2045   5.47
    10009       0.2054   5.47
    10010       0.2048   5.48
    10011       0.2048   5.48
    10012       0.2053   5.48
    10013       0.2047   5.48
    10014       0.2053   5.48
    10015       0.2048   5.48
    10016       0.2057   5.48
    10017       0.2047   5.47
    10018       0.2047   5.47
    10019       0.2054   5.47
    10020       0.2047   5.48
    10021       0.2053   5.48
    10022       0.2047   5.48
    10023       0.2047   5.48
    10024       0.2064   5.48
    10025       0.2047   5.48
    10026       0.2054   5.48
    10027       0.2047   5.48
    10028       0.2047   5.48
    10029       0.2052   5.48
    10030       0.2047   5.48
    10031       0.2052   5.48
    10032       0.2046   5.48
    10033       0.2053   5.48
    10034       0.2047   5.48
    10035       0.2047   5.48
    10036       0.2054   5.48
    10037       0.2048   5.48
    10038       0.2055   5.48
    10039       0.2046   5.47
    10040       0.2046   5.47
    10041       0.2055   5.47
    10042       0.2047   5.48
    10043       0.2055   5.48
    10044       0.2048   5.48
    10045       0.2049   5.48
    10046       0.2053   5.48
    10047       0.2048   5.47
    10048       0.2054   5.47
    10049       0.2049   5.48
    10050       0.2060   5.48
    10051       0.2048   5.47
    10052       0.2047   5.47
    10053       0.2057   5.47
    10054       0.2047   5.48
    10055       0.2054   5.48
    10056       0.2047   5.48
    10057       0.2047   5.48
    10058       0.2055   5.48
    10059       0.2049   5.48
    10060       0.2057   5.48
    10061       0.2050   5.47
    10062       0.2051   5.47
    10063       0.2053   5.47
    10064       0.2046   5.47
    10065       0.2054   5.47
    10066       0.2048   5.48
    10067       0.2057   5.48
    10068       0.2047   5.47
    10069       0.2046   5.47
    10070       0.2053   5.47
    10071       0.2048   5.48
    10072       0.2054   5.48
    10073       0.2048   5.48
    10074       0.2047   5.48
    10075       0.2053   5.48
    10076       0.2047   5.48
    10077       0.2054   5.48
    10078       0.2048   5.48
    10079       0.2052   5.48
    10080       0.2055   5.48
    10081       0.2050   5.47
    10082       0.2056   5.47
    10083       0.2047   5.47
    10084       0.2053   5.47
    10085       0.2047   5.48
    10086       0.2048   5.48
    10087       0.2053   5.48
    10088       0.2047   5.48
    10089       0.2054   5.48
    10090       0.2048   5.48
    10091       0.2050   5.48
    10092       0.2057   5.48
    10093       0.2049   5.47
    10094       0.2056   5.47
    10095       0.2046   5.47
    10096       0.2054   5.47
    10097       0.2047   5.48
    10098       0.2049   5.48
    10099       0.2056   5.48
    10100       0.2046   5.47
    10101       0.2056   5.47
    10102       0.2047   5.48
    10103       0.2047   5.48
    10104       0.2056   5.48
    10105       0.2047   5.48
    10106       0.2054   5.48
    10107       0.2048   5.48
    10108       0.2047   5.48
    10109       0.2054   5.48
    10110       0.2047   5.48
    10111       0.2057   5.48
    10112       0.2047   5.48
    10113       0.2059   5.48
    10114       0.2048   5.47
    10115       0.2046   5.47
    10116       0.2054   5.47
    10117       0.2048   5.48
    10118       0.2054   5.48
    10119       0.2047   5.48
    10120       0.2049   5.48
    10121       0.2056   5.48
    10122       0.2046   5.47
    10123       0.2052   5.47
    10124       0.2047   5.48
    10125       0.2050   5.48
    10126       0.2055   5.48
    10127       0.2046   5.48
    10128       0.2053   5.48
    10129       0.2046   5.48
    10130       0.2054   5.48
    10131       0.2046   5.48
    10132       0.2046   5.48
    10133       0.2054   5.48
    10134       0.2046   5.48
    10135       0.2052   5.48
    10136       0.2047   5.48
    10137       0.2047   5.48
    10138       0.2054   5.48
    10139       0.2047   5.48
    10140       0.2056   5.48
    10141       0.2047   5.48
    10142       0.2046   5.48
    10143       0.2054   5.48
    10144       0.2047   5.48
    10145       0.2053   5.48
    10146       0.2046   5.48
    10147       0.2053   5.48
    10148       0.2048   5.48
    10149       0.2046   5.48
    10150       0.2054   5.48
    10151       0.2047   5.48
    10152       0.2053   5.48
    10153       0.2048   5.48
    10154       0.2049   5.48
    10155       0.2056   5.48
    10156       0.2046   5.47
    10157       0.2054   5.47
    10158       0.2047   5.48
    10159       0.2047   5.48
    10160       0.2055   5.48
    10161       0.2047   5.48
    10162       0.2055   5.48
    10163       0.2047   5.48
    10164       0.2054   5.48
    10165       0.2047   5.48
    10166       0.2047   5.48
    10167       0.2054   5.48
    10168       0.2048   5.48
    10169       0.2059   5.48
    10170       0.2049   5.48
    10171       0.2049   5.48
    10172       0.2058   5.48
    10173       0.2046   5.47
    10174       0.2053   5.47
    10175       0.2048   5.48
    10176       0.2047   5.48
    10177       0.2054   5.48
    10178       0.2049   5.48
    10179       0.2057   5.48
    10180       0.2050   5.47
    10181       0.2056   5.47
    10182       0.2049   5.47
    10183       0.2046   5.47
    10184       0.2055   5.47
    10185       0.2047   5.48
    10186       0.2054   5.48
    10187       0.2047   5.48
    10188       0.2047   5.48
    10189       0.2054   5.48
    10190       0.2047   5.48
    10191       0.2053   5.48
    10192       0.2047   5.48
    10193       0.2047   5.48
    10194       0.2053   5.48
    10195       0.2047   5.48
    10196       0.2054   5.48
    10197       0.2047   5.48
    10198       0.2054   5.48
    10199       0.2047   5.48
    10200       0.2047   5.48
    10201       0.2053   5.48
    10202       0.2047   5.48
    10203       0.2053   5.48
    10204       0.2047   5.48
    10205       0.2049   5.48
    10206       0.2056   5.48
    10207       0.2046   5.47
    10208       0.2054   5.47
    10209       0.2047   5.48
    10210       0.2047   5.48
    10211       0.2052   5.48
    10212       0.2047   5.48
    10213       0.2054   5.48
    10214       0.2047   5.48
    10215       0.2056   5.48
    10216       0.2050   5.47
    10217       0.2050   5.47
    10218       0.2057   5.47
    10219       0.2047   5.47
    10220       0.2055   5.47
    10221       0.2047   5.48
    10222       0.2048   5.48
    10223       0.2058   5.48
    10224       0.2049   5.47
    10225       0.2057   5.47
    10226       0.2048   5.47
    10227       0.2047   5.47
    10228       0.2054   5.47
    10229       0.2047   5.48
    10230       0.2058   5.48
    10231       0.2048   5.48
    10232       0.2058   5.48
    10233       0.2049   5.47
    10234       0.2045   5.47
    10235       0.2054   5.47
    10236       0.2046   5.48
    10237       0.2054   5.48
    10238       0.2048   5.48
    10239       0.2046   5.48
    10240       0.2053   5.48
    10241       0.2048   5.48
    10242       0.2055   5.48
    10243       0.2050   5.47
    10244       0.2050   5.47
    10245       0.2057   5.47
    10246       0.2049   5.47
    10247       0.2057   5.47
    10248       0.2047   5.47
    10249       0.2053   5.47
    10250       0.2047   5.48
    10251       0.2049   5.48
    10252       0.2056   5.48
    10253       0.2046   5.47
    10254       0.2053   5.47
    10255       0.2047   5.48
    10256       0.2047   5.48
    10257       0.2053   5.48
    10258       0.2048   5.48
    10259       0.2056   5.48
    10260       0.2048   5.47
    10261       0.2045   5.47
    10262       0.2053   5.47
    10263       0.2047   5.48
    10264       0.2052   5.48
    10265       0.2046   5.48
    10266       0.2054   5.48
    10267       0.2047   5.48
    10268       0.2046   5.48
    10269       0.2052   5.48
    10270       0.2048   5.48
    10271       0.2056   5.48
    10272       0.2050   5.48
    10273       0.2049   5.48
    10274       0.2150   5.48
    10275       0.2047   5.47
    10276       0.2054   5.47
    10277       0.2047   5.47
    10278       0.2048   5.47
    10279       0.2051   5.47
    10280       0.2047   5.48
    10281       0.2055   5.48
    10282       0.2047   5.48
    10283       0.2055   5.48
    10284       0.2047   5.48
    10285       0.2048   5.48
    10286       0.2057   5.48
    10287       0.2049   5.47
    10288       0.2056   5.47
    10289       0.2049   5.47
    10290       0.2048   5.47
    10291       0.2058   5.47
    10292       0.2048   5.47
    10293       0.2059   5.47
    10294       0.2050   5.47
    10295       0.2057   5.47
    10296       0.2050   5.47
    10297       0.2046   5.47
    10298       0.2054   5.47
    10299       0.2047   5.47
    10300       0.2053   5.47
    10301       0.2048   5.48
    10302       0.2048   5.48
    10303       0.2054   5.48
    10304       0.2046   5.48
    10305       0.2055   5.48
    10306       0.2047   5.48
    10307       0.2048   5.48
    10308       0.2054   5.48
    10309       0.2047   5.48
    10310       0.2054   5.48
    10311       0.2047   5.48
    10312       0.2054   5.48
    10313       0.2048   5.48
    10314       0.2047   5.48
    10315       0.2054   5.48
    10316       0.2047   5.48
    10317       0.2053   5.48
    10318       0.2046   5.48
    10319       0.2048   5.48
    10320       0.2056   5.48
    10321       0.2050   5.48
    10322       0.2056   5.48
    10323       0.2050   5.47
    10324       0.2049   5.47
    10325       0.2056   5.47
    10326       0.2047   5.47
    10327       0.2054   5.47
    10328       0.2047   5.47
    10329       0.2054   5.47
    10330       0.2046   5.48
    10331       0.2048   5.48
    10332       0.2056   5.48
    10333       0.2048   5.48
    10334       0.2073   5.48
    10335       0.2048   5.47
    10336       0.2047   5.47
    10337       0.2053   5.47
    10338       0.2047   5.48
    10339       0.2053   5.48
    10340       0.2048   5.48
    10341       0.2047   5.48
    10342       0.2055   5.48
    10343       0.2048   5.48
    10344       0.2058   5.48
    10345       0.2049   5.48
    10346       0.2056   5.48
    10347       0.2049   5.47
    10348       0.2047   5.47
    10349       0.2054   5.47
    10350       0.2047   5.48
    10351       0.2057   5.48
    10352       0.2047   5.48
    10353       0.2047   5.48
    10354       0.2056   5.48
    10355       0.2048   5.48
    10356       0.2053   5.48
    10357       0.2046   5.48
    10358       0.2047   5.48
    10359       0.2053   5.48
    10360       0.2047   5.48
    10361       0.2055   5.48
    10362       0.2049   5.48
    10363       0.2055   5.48
    10364       0.2050   5.47
    10365       0.2047   5.47
    10366       0.2053   5.47
    10367       0.2047   5.47
    10368       0.2053   5.47
    10369       0.2047   5.48
    10370       0.2048   5.48
    10371       0.2054   5.48
    10372       0.2047   5.48
    10373       0.2054   5.48
    10374       0.2047   5.48
    10375       0.2047   5.48
    10376       0.2054   5.48
    10377       0.2047   5.48
    10378       0.2054   5.48
    10379       0.2047   5.48
    10380       0.2053   5.48
    10381       0.2046   5.48
    10382       0.2048   5.48
    10383       0.2053   5.48
    10384       0.2047   5.48
    10385       0.2052   5.48
    10386       0.2046   5.48
    10387       0.2047   5.48
    10388       0.2053   5.48
    10389       0.2047   5.48
    10390       0.2055   5.48
    10391       0.2049   5.48
    10392       0.2047   5.48
    10393       0.2053   5.48
    10394       0.2047   5.47
    10395       0.2053   5.47
    10396       0.2048   5.48
    10397       0.2053   5.48
    10398       0.2047   5.48
    10399       0.2048   5.48
    10400       0.2059   5.48
    10401       0.2048   5.48
    10402       0.2056   5.48
    10403       0.2046   5.47
    10404       0.2047   5.47
    10405       0.2053   5.47
    10406       0.2048   5.48
    10407       0.2056   5.48
    10408       0.2050   5.48
    10409       0.2046   5.48
    10410       0.2058   5.48
    10411       0.2046   5.47
    10412       0.2057   5.47
    10413       0.2048   5.48
    10414       0.2052   5.48
    10415       0.2046   5.48
    10416       0.2047   5.48
    10417       0.2054   5.48
    10418       0.2047   5.48
    10419       0.2054   5.48
    10420       0.2048   5.48
    10421       0.2048   5.48
    10422       0.2057   5.48
    10423       0.2047   5.48
    10424       0.2052   5.48
    10425       0.2047   5.47
    10426       0.2047   5.47
    10427       0.2053   5.47
    10428       0.2047   5.48
    10429       0.2053   5.48
    10430       0.2047   5.48
    10431       0.2056   5.48
    10432       0.2046   5.48
    10433       0.2047   5.48
    10434       0.2054   5.48
    10435       0.2048   5.48
    10436       0.2054   5.48
    10437       0.2047   5.48
    10438       0.2048   5.48
    10439       0.2058   5.48
    10440       0.2048   5.48
    10441       0.2053   5.48
    10442       0.2047   5.48
    10443       0.2047   5.48
    10444       0.2053   5.48
    10445       0.2048   5.48
    10446       0.2057   5.48
    10447       0.2047   5.48
    10448       0.2056   5.48
    10449       0.2049   5.48
    10450       0.2047   5.48
    10451       0.2054   5.48
    10452       0.2047   5.47
    10453       0.2054   5.47
    10454       0.2046   5.48
    10455       0.2047   5.48
    10456       0.2058   5.48
    10457       0.2047   5.48
    10458       0.2054   5.48
    10459       0.2046   5.48
    10460       0.2047   5.48
    10461       0.2056   5.48
    10462       0.2047   5.48
    10463       0.2055   5.48
    10464       0.2047   5.48
    10465       0.2054   5.48
    10466       0.2046   5.48
    10467       0.2047   5.48
    10468       0.2054   5.48
    10469       0.2047   5.48
    10470       0.2056   5.48
    10471       0.2045   5.48
    10472       0.2047   5.48
    10473       0.2056   5.48
    10474       0.2047   5.48
    10475       0.2055   5.48
    10476       0.2047   5.48
    10477       0.2048   5.48
    10478       0.2054   5.48
    10479       0.2047   5.48
    10480       0.2054   5.48
    10481       0.2047   5.48
    10482       0.2056   5.48
    10483       0.2049   5.48
    10484       0.2047   5.48
    10485       0.2054   5.48
    10486       0.2047   5.47
    10487       0.2054   5.47
    10488       0.2047   5.48
    10489       0.2047   5.48
    10490       0.2053   5.48
    10491       0.2047   5.48
    10492       0.2053   5.48
    10493       0.2046   5.48
    10494       0.2047   5.48
    10495       0.2053   5.48
    10496       0.2047   5.48
    10497       0.2055   5.48
    10498       0.2049   5.48
    10499       0.2055   5.48
    10500       0.2049   5.47
    10501       0.2047   5.47
    10502       0.2052   5.47
    10503       0.2046   5.47
    10504       0.2054   5.47
    10505       0.2047   5.48
    10506       0.2047   5.48
    10507       0.2054   5.48
    10508       0.2047   5.48
    10509       0.2053   5.48
    10510       0.2046   5.48
    10511       0.2047   5.48
    10512       0.2054   5.48
    10513       0.2046   5.48
    10514       0.2054   5.48
    10515       0.2047   5.48
    10516       0.2054   5.48
    10517       0.2049   5.48
    10518       0.2047   5.48
    10519       0.2054   5.48
    10520       0.2048   5.47
    10521       0.2055   5.47
    10522       0.2046   5.48
    10523       0.2048   5.48
    10524       0.2059   5.48
    10525       0.2048   5.48
    10526       0.2054   5.48
    10527       0.2047   5.47
    10528       0.2048   5.47
    10529       0.2056   5.47
    10530       0.2047   5.48
    10531       0.2056   5.48
    10532       0.2048   5.47
    10533       0.2056   5.47
    10534       0.2047   5.48
    10535       0.2048   5.48
    10536       0.2056   5.48
    10537       0.2048   5.48
    10538       0.2053   5.48
    10539       0.2047   5.47
    10540       0.2046   5.47
    10541       0.2051   5.47
    10542       0.2046   5.48
    10543       0.2055   5.48
    10544       0.2049   5.48
    10545       0.2049   5.48
    10546       0.2056   5.48
    10547       0.2048   5.47
    10548       0.2054   5.47
    10549       0.2047   5.47
    10550       0.2054   5.47
    10551       0.2047   5.48
    10552       0.2047   5.48
    10553       0.2052   5.48
    10554       0.2046   5.48
    10555       0.2053   5.48
    10556       0.2046   5.48
    10557       0.2046   5.48
    10558       0.2054   5.48
    10559       0.2046   5.48
    10560       0.2053   5.48
    10561       0.2047   5.48
    10562       0.2047   5.48
    10563       0.2052   5.48
    10564       0.2047   5.48
    10565       0.2055   5.48
    10566       0.2048   5.48
    10567       0.2052   5.48
    10568       0.2047   5.47
    10569       0.2046   5.47
    10570       0.2053   5.47
    10571       0.2046   5.48
    10572       0.2054   5.48
    10573       0.2049   5.48
    10574       0.2047   5.48
    10575       0.2054   5.48
    10576       0.2047   5.47
    10577       0.2055   5.47
    10578       0.2049   5.48
    10579       0.2047   5.48
    10580       0.2054   5.48
    10581       0.2047   5.47
    10582       0.2057   5.47
    10583       0.2049   5.48
    10584       0.2053   5.48
    10585       0.2048   5.47
    10586       0.2047   5.47
    10587       0.2053   5.47
    10588       0.2046   5.48
    10589       0.2058   5.48
    10590       0.2046   5.48
    10591       0.2047   5.48
    10592       0.2057   5.48
    10593       0.2047   5.48
    10594       0.2053   5.48
    10595       0.2046   5.48
    10596       0.2047   5.48
    10597       0.2052   5.48
    10598       0.2047   5.48
    10599       0.2052   5.48
    10600       0.2047   5.48
    10601       0.2054   5.48
    10602       0.2047   5.48
    10603       0.2046   5.48
    10604       0.2053   5.48
    10605       0.2046   5.48
    10606       0.2053   5.48
    10607       0.2047   5.48
    10608       0.2046   5.48
    10609       0.2053   5.48
    10610       0.2047   5.48
    10611       0.2053   5.48
    10612       0.2047   5.48
    10613       0.2046   5.48
    10614       0.2051   5.48
    10615       0.2046   5.48
    10616       0.2053   5.48
    10617       0.2046   5.48
    10618       0.2052   5.48
    10619       0.2046   5.48
    10620       0.2047   5.48
    10621       0.2053   5.48
    10622       0.2047   5.48
    10623       0.2053   5.48
    10624       0.2047   5.48
    10625       0.2047   5.48
    10626       0.2054   5.48
    10627       0.2047   5.48
    10628       0.2053   5.48
    10629       0.2047   5.48
    10630       0.2047   5.48
    10631       0.2053   5.48
    10632       0.2047   5.48
    10633       0.2056   5.48
    10634       0.2049   5.48
    10635       0.2054   5.48
    10636       0.2047   5.47
    10637       0.2047   5.47
    10638       0.2053   5.47
    10639       0.2046   5.48
    10640       0.2055   5.48
    10641       0.2047   5.48
    10642       0.2047   5.48
    10643       0.2055   5.48
    10644       0.2047   5.48
    10645       0.2060   5.48
    10646       0.2047   5.48
    10647       0.2050   5.48
    10648       0.2053   5.48
    10649       0.2049   5.48
    10650       0.2056   5.48
    10651       0.2047   5.47
    10652       0.2056   5.47
    10653       0.2049   5.48
    10654       0.2048   5.48
    10655       0.2052   5.48
    10656       0.2047   5.47
    10657       0.2053   5.47
    10658       0.2046   5.48
    10659       0.2047   5.48
    10660       0.2053   5.48
    10661       0.2046   5.48
    10662       0.2054   5.48
    10663       0.2048   5.48
    10664       0.2048   5.48
    10665       0.2052   5.48
    10666       0.2047   5.48
    10667       0.2052   5.48
    10668       0.2046   5.48
    10669       0.2054   5.48
    10670       0.2048   5.48
    10671       0.2049   5.48
    10672       0.2056   5.48
    10673       0.2049   5.47
    10674       0.2052   5.47
    10675       0.2046   5.47
    10676       0.2047   5.47
    10677       0.2052   5.47
    10678       0.2045   5.48
    10679       0.2055   5.48
    10680       0.2049   5.48
    10681       0.2048   5.48
    10682       0.2051   5.48
    10683       0.2046   5.47
    10684       0.2055   5.47
    10685       0.2047   5.48
    10686       0.2055   5.48
    10687       0.2048   5.48
    10688       0.2048   5.48
    10689       0.2053   5.48
    10690       0.2047   5.47
    10691       0.2053   5.47
    10692       0.2047   5.48
    10693       0.2047   5.48
    10694       0.2053   5.48
    10695       0.2047   5.48
    10696       0.2053   5.48
    10697       0.2047   5.48
    10698       0.2048   5.48
    10699       0.2052   5.48
    10700       0.2047   5.48
    10701       0.2055   5.48
    10702       0.2047   5.48
    10703       0.2056   5.48
    10704       0.2046   5.48
    10705       0.2047   5.48
    10706       0.2055   5.48
    10707       0.2049   5.48
    10708       0.2053   5.48
    10709       0.2046   5.47
    10710       0.2048   5.47
    10711       0.2060   5.47
    10712       0.2050   5.48
    10713       0.2056   5.48
    10714       0.2047   5.47
    10715       0.2047   5.47
    10716       0.2047   5.48
    10717       0.2047   5.48
    10718       0.2053   5.48
    10719       0.2048   5.48
    10720       0.2053   5.48
    10721       0.2047   5.48
    10722       0.2047   5.48
    10723       0.2053   5.48
    10724       0.2047   5.48
    10725       0.2054   5.48
    10726       0.2047   5.48
    10727       0.2046   5.48
    10728       0.2053   5.48
    10729       0.2047   5.48
    10730       0.2052   5.48
    10731       0.2046   5.48
    10732       0.2048   5.48
    10733       0.2046   5.48
    10734       0.2047   5.48
    10735       0.2053   5.48
    10736       0.2047   5.48
    10737       0.2052   5.48
    10738       0.2046   5.48
    10739       0.2047   5.48
    10740       0.2054   5.48
    10741       0.2047   5.48
    10742       0.2053   5.48
    10743       0.2048   5.48
    10744       0.2047   5.48
    10745       0.2053   5.48
    10746       0.2047   5.48
    10747       0.2052   5.48
    10748       0.2046   5.48
    10749       0.2049   5.48
    10750       0.2049   5.48
    10751       0.2049   5.48
    10752       0.2056   5.48
    10753       0.2050   5.47
    10754       0.2053   5.47
    10755       0.2046   5.47
    10756       0.2047   5.47
    10757       0.2051   5.47
    10758       0.2047   5.48
    10759       0.2053   5.48
    10760       0.2047   5.48
    10761       0.2047   5.48
    10762       0.2056   5.48
    10763       0.2047   5.48
    10764       0.2056   5.48
    10765       0.2046   5.48
    10766       0.2053   5.48
    10767       0.2046   5.48
    10768       0.2047   5.48
    10769       0.2054   5.48
    10770       0.2047   5.48
    10771       0.2058   5.48
    10772       0.2047   5.48
    10773       0.2048   5.48
    10774       0.2056   5.48
    10775       0.2047   5.48
    10776       0.2054   5.48
    10777       0.2048   5.48
    10778       0.2047   5.48
    10779       0.2052   5.48
    10780       0.2047   5.48
    10781       0.2054   5.48
    10782       0.2049   5.48
    10783       0.2056   5.48
    10784       0.2048   5.47
    10785       0.2050   5.47
    10786       0.2051   5.47
    10787       0.2048   5.47
    10788       0.2054   5.47
    10789       0.2047   5.48
    10790       0.2046   5.48
    10791       0.2055   5.48
    10792       0.2051   5.48
    10793       0.2053   5.48
    10794       0.2047   5.47
    10795       0.2048   5.47
    10796       0.2053   5.47
    10797       0.2046   5.48
    10798       0.2150   5.48
    10799       0.2049   5.48
    10800       0.2053   5.48
    10801       0.2046   5.47
    10802       0.2047   5.47
    10803       0.2053   5.47
    10804       0.2046   5.48
    10805       0.2053   5.48
    10806       0.2047   5.48
    10807       0.2047   5.48
    10808       0.2055   5.48
    10809       0.2049   5.48
    10810       0.2054   5.48
    10811       0.2047   5.47
    10812       0.2047   5.47
    10813       0.2054   5.47
    10814       0.2048   5.48
    10815       0.2054   5.48
    10816       0.2046   5.48
    10817       0.2054   5.48
    10818       0.2046   5.48
    10819       0.2047   5.48
    10820       0.2057   5.48
    10821       0.2050   5.48
    10822       0.2056   5.48
    10823       0.2046   5.47
    10824       0.2047   5.47
    10825       0.2054   5.47
    10826       0.2046   5.48
    10827       0.2054   5.48
    10828       0.2047   5.48
    10829       0.2047   5.48
    10830       0.2058   5.48
    10831       0.2046   5.48
    10832       0.2057   5.48
    10833       0.2049   5.48
    10834       0.2055   5.48
    10835       0.2047   5.47
    10836       0.2047   5.47
    10837       0.2054   5.47
    10838       0.2046   5.48
    10839       0.2054   5.48
    10840       0.2047   5.48
    10841       0.2047   5.48
    10842       0.2051   5.48
    10843       0.2046   5.48
    10844       0.2054   5.48
    10845       0.2049   5.48
    10846       0.2048   5.48
    10847       0.2053   5.48
    10848       0.2047   5.47
    10849       0.2054   5.47
    10850       0.2047   5.48
    10851       0.2054   5.48
    10852       0.2048   5.48
    10853       0.2049   5.48
    10854       0.2053   5.48
    10855       0.2047   5.47
    10856       0.2053   5.47
    10857       0.2047   5.48
    10858       0.2046   5.48
    10859       0.2055   5.48
    10860       0.2049   5.48
    10861       0.2055   5.48
    10862       0.2050   5.47
    10863       0.2049   5.47
    10864       0.2053   5.47
    10865       0.2047   5.47
    10866       0.2054   5.47
    10867       0.2047   5.48
    10868       0.2053   5.48
    10869       0.2047   5.48
    10870       0.2047   5.48
    10871       0.2052   5.48
    10872       0.2047   5.48
    10873       0.2053   5.48
    10874       0.2047   5.48
    10875       0.2048   5.48
    10876       0.2053   5.48
    10877       0.2047   5.48
    10878       0.2053   5.48
    10879       0.2047   5.48
    10880       0.2046   5.48
    10881       0.2054   5.48
    10882       0.2047   5.48
    10883       0.2056   5.48
    10884       0.2047   5.48
    10885       0.2055   5.48
    10886       0.2049   5.48
    10887       0.2050   5.48
    10888       0.2053   5.48
    10889       0.2047   5.47
    10890       0.2057   5.47
    10891       0.2046   5.48
    10892       0.2046   5.48
    10893       0.2056   5.48
    10894       0.2047   5.48
    10895       0.2053   5.48
    10896       0.2046   5.48
    10897       0.2048   5.48
    10898       0.2054   5.48
    10899       0.2047   5.48
    10900       0.2053   5.48
    10901       0.2047   5.48
    10902       0.2053   5.48
    10903       0.2046   5.48
    10904       0.2047   5.48
    10905       0.2053   5.48
    10906       0.2047   5.48
    10907       0.2053   5.48
    10908       0.2047   5.48
    10909       0.2047   5.48
    10910       0.2053   5.48
    10911       0.2047   5.48
    10912       0.2053   5.48
    10913       0.2047   5.48
    10914       0.2047   5.48
    10915       0.2052   5.48
    10916       0.2047   5.48
    10917       0.2054   5.48
    10918       0.2049   5.48
    10919       0.2054   5.48
    10920       0.2046   5.47
    10921       0.2046   5.47
    10922       0.2054   5.47
    10923       0.2047   5.48
    10924       0.2053   5.48
    10925       0.2049   5.48
    10926       0.2050   5.48
    10927       0.2053   5.48
    10928       0.2047   5.47
    10929       0.2054   5.47
    10930       0.2047   5.48
    10931       0.2047   5.48
    10932       0.2053   5.48
    10933       0.2047   5.48
    10934       0.2054   5.48
    10935       0.2047   5.48
    10936       0.2054   5.48
    10937       0.2046   5.48
    10938       0.2047   5.48
    10939       0.2052   5.48
    10940       0.2047   5.48
    10941       0.2056   5.48
    10942       0.2046   5.48
    10943       0.2047   5.48
    10944       0.2055   5.48
    10945       0.2046   5.48
    10946       0.2053   5.48
    10947       0.2047   5.48
    10948       0.2047   5.48
    10949       0.2053   5.48
    10950       0.2047   5.48
    10951       0.2059   5.48
    10952       0.2049   5.48
    10953       0.2058   5.48
    10954       0.2050   5.47
    10955       0.2049   5.47
    10956       0.2053   5.47
    10957       0.2046   5.47
    10958       0.2052   5.47
    10959       0.2046   5.48
    10960       0.2047   5.48
    10961       0.2052   5.48
    10962       0.2047   5.48
    10963       0.2053   5.48
    10964       0.2046   5.48
    10965       0.2046   5.48
    10966       0.2053   5.48
    10967       0.2047   5.48
    10968       0.2053   5.48
    10969       0.2047   5.48
    10970       0.2052   5.48
    10971       0.2047   5.48
    10972       0.2047   5.48
    10973       0.2053   5.48
    10974       0.2047   5.48
    10975       0.2053   5.48
    10976       0.2046   5.48
    10977       0.2046   5.48
    10978       0.2055   5.48
    10979       0.2049   5.48
    10980       0.2054   5.48
    10981       0.2047   5.47
    10982       0.2046   5.47
    10983       0.2055   5.47
    10984       0.2050   5.48
    10985       0.2054   5.48
    10986       0.2046   5.47
    10987       0.2053   5.47
    10988       0.2046   5.48
    10989       0.2047   5.48
    10990       0.2054   5.48
    10991       0.2046   5.48
    10992       0.2054   5.48
    10993       0.2048   5.48
    10994       0.2050   5.48
    10995       0.2056   5.48
    10996       0.2049   5.47
    10997       0.2054   5.47
    10998       0.2046   5.47
    10999       0.2047   5.47
    11000       0.2055   5.47
    11001       0.2046   5.48
    11002       0.2056   5.48
    11003       0.2046   5.48
    11004       0.2054   5.48
    11005       0.2048   5.48
    11006       0.2050   5.48
    11007       0.2054   5.48
    11008       0.2046   5.47
    11009       0.2058   5.47
    11010       0.2046   5.48
    11011       0.2047   5.48
    11012       0.2056   5.48
    11013       0.2047   5.48
    11014       0.2058   5.48
    11015       0.2046   5.48
    11016       0.2049   5.48
    11017       0.2053   5.48
    11018       0.2046   5.48
    11019       0.2053   5.48
    11020       0.2047   5.48
    11021       0.2054   5.48
    11022       0.2046   5.48
    11023       0.2046   5.48
    11024       0.2052   5.48
    11025       0.2047   5.48
    11026       0.2053   5.48
    11027       0.2048   5.48
    11028       0.2050   5.48
    11029       0.2053   5.48
    11030       0.2046   5.47
    11031       0.2052   5.47
    11032       0.2046   5.48
    11033       0.2049   5.48
    11034       0.2052   5.48
    11035       0.2048   5.48
    11036       0.2053   5.48
    11037       0.2047   5.48
    11038       0.2053   5.48
    11039       0.2046   5.48
    11040       0.2047   5.48
    11041       0.2054   5.48
    11042       0.2047   5.48
    11043       0.2053   5.48
    11044       0.2046   5.48
    11045       0.2047   5.48
    11046       0.2053   5.48
    11047       0.2045   5.48
    11048       0.2053   5.48
    11049       0.2047   5.48
    11050       0.2048   5.48
    11051       0.2051   5.48
    11052       0.2046   5.48
    11053       0.2054   5.48
    11054       0.2047   5.48
    11055       0.2053   5.48
    11056       0.2047   5.48
    11057       0.2047   5.48
    11058       0.2053   5.48
    11059       0.2046   5.48
    11060       0.2055   5.48
    11061       0.2047   5.48
    11062       0.2046   5.48
    11063       0.2055   5.48
    11064       0.2046   5.48
    11065       0.2054   5.48
    11066       0.2048   5.48
    11067       0.2052   5.48
    11068       0.2054   5.48
    11069       0.2049   5.47
    11070       0.2060   5.47
    11071       0.2046   5.47
    11072       0.2056   5.47
    11073       0.2047   5.48
    11074       0.2047   5.48
    11075       0.2054   5.48
    11076       0.2046   5.48
    11077       0.2054   5.48
    11078       0.2048   5.48
    11079       0.2050   5.48
    11080       0.2053   5.48
    11081       0.2047   5.47
    11082       0.2053   5.47
    11083       0.2047   5.48
    11084       0.2048   5.48
    11085       0.2051   5.48
    11086       0.2047   5.48
    11087       0.2052   5.48
    11088       0.2046   5.48
    11089       0.2054   5.48
    11090       0.2048   5.48
    11091       0.2049   5.48
    11092       0.2054   5.48
    11093       0.2046   5.47
    11094       0.2054   5.47
    11095       0.2047   5.48
    11096       0.2047   5.48
    11097       0.2052   5.48
    11098       0.2047   5.48
    11099       0.2054   5.48
    11100       0.2049   5.48
    11101       0.2050   5.48
    11102       0.2054   5.48
    11103       0.2049   5.47
    11104       0.2054   5.47
    11105       0.2046   5.47
    11106       0.2054   5.47
    11107       0.2047   5.48
    11108       0.2046   5.48
    11109       0.2054   5.48
    11110       0.2047   5.48
    11111       0.2062   5.48
    11112       0.2050   5.48
    11113       0.2049   5.48
    11114       0.2056   5.48
    11115       0.2049   5.47
    11116       0.2056   5.47
    11117       0.2050   5.47
    11118       0.2056   5.47
    11119       0.2050   5.47
    11120       0.2050   5.47
    11121       0.2059   5.47
    11122       0.2049   5.47
    11123       0.2059   5.47
    11124       0.2047   5.47
    11125       0.2047   5.47
    11126       0.2054   5.47
    11127       0.2046   5.48
    11128       0.2053   5.48
    11129       0.2047   5.48
    11130       0.2047   5.48
    11131       0.2058   5.48
    11132       0.2049   5.48
    11133       0.2057   5.48
    11134       0.2045   5.47
    11135       0.2054   5.47
    11136       0.2046   5.48
    11137       0.2050   5.48
    11138       0.2055   5.48
    11139       0.2047   5.47
    11140       0.2054   5.47
    11141       0.2047   5.48
    11142       0.2047   5.48
    11143       0.2053   5.48
    11144       0.2047   5.48
    11145       0.2053   5.48
    11146       0.2048   5.48
    11147       0.2050   5.48
    11148       0.2054   5.48
    11149       0.2047   5.47
    11150       0.2056   5.47
    11151       0.2047   5.48
    11152       0.2053   5.48
    11153       0.2046   5.48
    11154       0.2050   5.48
    11155       0.2055   5.48
    11156       0.2046   5.47
    11157       0.2053   5.47
    11158       0.2047   5.48
    11159       0.2047   5.48
    11160       0.2054   5.48
    11161       0.2047   5.48
    11162       0.2053   5.48
    11163       0.2046   5.48
    11164       0.2046   5.48
    11165       0.2055   5.48
    11166       0.2049   5.48
    11167       0.2056   5.48
    11168       0.2046   5.47
    11169       0.2053   5.47
    11170       0.2048   5.48
    11171       0.2049   5.48
    11172       0.2054   5.48
    11173       0.2046   5.47
    11174       0.2054   5.47
    11175       0.2047   5.48
    11176       0.2047   5.48
    11177       0.2054   5.48
    11178       0.2047   5.48
    11179       0.2053   5.48
    11180       0.2048   5.48
    11181       0.2050   5.48
    11182       0.2056   5.48
    11183       0.2046   5.47
    11184       0.2055   5.47
    11185       0.2046   5.48
    11186       0.2053   5.48
    11187       0.2047   5.48
    11188       0.2046   5.48
    11189       0.2055   5.48
    11190       0.2046   5.48
    11191       0.2057   5.48
    11192       0.2047   5.48
    11193       0.2049   5.48
    11194       0.2056   5.48
    11195       0.2046   5.47
    11196       0.2053   5.47
    11197       0.2047   5.48
    11198       0.2047   5.48
    11199       0.2053   5.48
    11200       0.2047   5.48
    11201       0.2052   5.48
    11202       0.2048   5.48
    11203       0.2055   5.48
    11204       0.2048   5.47
    11205       0.2047   5.47
    11206       0.2054   5.47
    11207       0.2046   5.47
    11208       0.2053   5.47
    11209       0.2046   5.48
    11210       0.2046   5.48
    11211       0.2053   5.48
    11212       0.2045   5.48
    11213       0.2051   5.48
    11214       0.2046   5.48
    11215       0.2046   5.48
    11216       0.2054   5.48
    11217       0.2046   5.48
    11218       0.2053   5.48
    11219       0.2046   5.48
    11220       0.2053   5.48
    11221       0.2046   5.48
    11222       0.2047   5.48
    11223       0.2054   5.48
    11224       0.2048   5.48
    11225       0.2056   5.48
    11226       0.2047   5.47
    11227       0.2046   5.47
    11228       0.2054   5.47
    11229       0.2046   5.48
    11230       0.2052   5.48
    11231       0.2046   5.48
    11232       0.2047   5.48
    11233       0.2052   5.48
    11234       0.2047   5.48
    11235       0.2054   5.48
    11236       0.2045   5.48
    11237       0.2052   5.48
    11238       0.2047   5.48
    11239       0.2049   5.48
    11240       0.2057   5.48
    11241       0.2049   5.47
    11242       0.2058   5.47
    11243       0.2049   5.47
    11244       0.2049   5.47
    11245       0.2055   5.47
    11246       0.2046   5.47
    11247       0.2054   5.47
    11248       0.2047   5.48
    11249       0.2047   5.48
    11250       0.2056   5.48
    11251       0.2047   5.48
    11252       0.2055   5.48
    11253       0.2046   5.48
    11254       0.2053   5.48
    11255       0.2047   5.48
    11256       0.2049   5.48
    11257       0.2056   5.48
    11258       0.2049   5.47
    11259       0.2056   5.47
    11260       0.2047   5.47
    11261       0.2047   5.47
    11262       0.2052   5.47
    11263       0.2047   5.48
    11264       0.2054   5.48
    11265       0.2046   5.48
    11266       0.2047   5.48
    11267       0.2053   5.48
    11268       0.2047   5.48
    11269       0.2053   5.48
    11270       0.2047   5.48
    11271       0.2054   5.48
    11272       0.2047   5.48
    11273       0.2048   5.48
    11274       0.2053   5.48
    11275       0.2047   5.48
    11276       0.2053   5.48
    11277       0.2046   5.48
    11278       0.2047   5.48
    11279       0.2054   5.48
    11280       0.2046   5.48
    11281       0.2053   5.48
    11282       0.2046   5.48
    11283       0.2045   5.48
    11284       0.2149   5.48
    11285       0.2047   5.48
    11286       0.2053   5.48
    11287       0.2047   5.48
    11288       0.2053   5.48
    11289       0.2046   5.48
    11290       0.2048   5.48
    11291       0.2054   5.48
    11292       0.2045   5.48
    11293       0.2052   5.48
    11294       0.2046   5.48
    11295       0.2048   5.48
    11296       0.2053   5.48
    11297       0.2046   5.48
    11298       0.2053   5.48
    11299       0.2048   5.48
    11300       0.2049   5.48
    11301       0.2059   5.48
    11302       0.2049   5.47
    11303       0.2059   5.47
    11304       0.2046   5.47
    11305       0.2053   5.47
    11306       0.2046   5.48
    11307       0.2047   5.48
    11308       0.2053   5.48
    11309       0.2047   5.48
    11310       0.2057   5.48
    11311       0.2047   5.48
    11312       0.2049   5.48
    11313       0.2058   5.48
    11314       0.2049   5.47
    11315       0.2056   5.47
    11316       0.2049   5.47
    11317       0.2049   5.47
    11318       0.2052   5.47
    11319       0.2047   5.47
    11320       0.2054   5.47
    11321       0.2047   5.48
    11322       0.2053   5.48
    11323       0.2047   5.48
    11324       0.2047   5.48
    11325       0.2052   5.48
    11326       0.2047   5.48
    11327       0.2053   5.48
    11328       0.2047   5.48
    11329       0.2049   5.48
    11330       0.2055   5.48
    11331       0.2046   5.47
    11332       0.2053   5.47
    11333       0.2047   5.48
    11334       0.2046   5.48
    11335       0.2052   5.48
    11336       0.2047   5.48
    11337       0.2054   5.48
    11338       0.2046   5.48
    11339       0.2054   5.48
    11340       0.2046   5.48
    11341       0.2047   5.48
    11342       0.2054   5.48
    11343       0.2048   5.48
    11344       0.2056   5.48
    11345       0.2049   5.47
    11346       0.2050   5.47
    11347       0.2056   5.47
    11348       0.2050   5.47
    11349       0.2056   5.47
    11350       0.2046   5.47
    11351       0.2047   5.47
    11352       0.2051   5.47
    11353       0.2046   5.48
    11354       0.2054   5.48
    11355       0.2048   5.48
    11356       0.2056   5.48
    11357       0.2050   5.47
    11358       0.2052   5.47
    11359       0.2058   5.47
    11360       0.2051   5.47
    11361       0.2059   5.47
    11362       0.2048   5.47
    11363       0.2047   5.47
    11364       0.2055   5.47
    11365       0.2047   5.48
    11366       0.2053   5.48
    11367       0.2046   5.48
    11368       0.2048   5.48
    11369       0.2051   5.48
    11370       0.2046   5.48
    11371       0.2057   5.48
    11372       0.2046   5.48
    11373       0.2055   5.48
    11374       0.2046   5.48
    11375       0.2048   5.48
    11376       0.2055   5.48
    11377       0.2046   5.47
    11378       0.2053   5.47
    11379       0.2048   5.48
    11380       0.2047   5.48
    11381       0.2053   5.48
    11382       0.2046   5.48
    11383       0.2053   5.48
    11384       0.2047   5.48
    11385       0.2048   5.48
    11386       0.2046   5.48
    11387       0.2046   5.48
    11388       0.2053   5.48
    11389       0.2046   5.48
    11390       0.2053   5.48
    11391       0.2047   5.48
    11392       0.2046   5.48
    11393       0.2053   5.48
    11394       0.2047   5.48
    11395       0.2053   5.48
    11396       0.2047   5.48
    11397       0.2047   5.48
    11398       0.2054   5.48
    11399       0.2047   5.48
    11400       0.2054   5.48
    11401       0.2047   5.48
    11402       0.2048   5.48
    11403       0.2046   5.48
    11404       0.2048   5.48
    11405       0.2055   5.48
    11406       0.2046   5.47
    11407       0.2054   5.47
    11408       0.2047   5.48
    11409       0.2048   5.48
    11410       0.2055   5.48
    11411       0.2046   5.47
    11412       0.2054   5.47
    11413       0.2047   5.48
    11414       0.2047   5.48
    11415       0.2053   5.48
    11416       0.2046   5.48
    11417       0.2052   5.48
    11418       0.2046   5.48
    11419       0.2048   5.48
    11420       0.2054   5.48
    11421       0.2047   5.48
    11422       0.2344   5.48
    11423       0.2048   5.48
    11424       0.2056   5.48
    11425       0.2049   5.47
    11426       0.2049   5.47
    11427       0.2055   5.47
    11428       0.2049   5.47
    11429       0.2060   5.47
    11430       0.2047   5.47
    11431       0.2055   5.47
    11432       0.2046   5.48
    11433       0.2047   5.48
    11434       0.2052   5.48
    11435       0.2047   5.48
    11436       0.2053   5.48
    11437       0.2046   5.48
    11438       0.2047   5.48
    11439       0.2054   5.48
    11440       0.2047   5.48
    11441       0.2054   5.48
    11442       0.2046   5.48
    11443       0.2046   5.48
    11444       0.2053   5.48
    11445       0.2047   5.48
    11446       0.2056   5.48
    11447       0.2047   5.47
    11448       0.2053   5.47
    11449       0.2047   5.48
    11450       0.2047   5.48
    11451       0.2053   5.48
    11452       0.2048   5.48
    11453       0.2056   5.48
    11454       0.2048   5.47
    11455       0.2046   5.47
    11456       0.2053   5.47
    11457       0.2047   5.48
    11458       0.2052   5.48
    11459       0.2047   5.48
    11460       0.2046   5.48
    11461       0.2053   5.48
    11462       0.2047   5.48
    11463       0.2053   5.48
    11464       0.2047   5.48
    11465       0.2053   5.48
    11466       0.2047   5.48
    11467       0.2046   5.48
    11468       0.2053   5.48
    11469       0.2046   5.48
    11470       0.2053   5.48
    11471       0.2048   5.48
    11472       0.2047   5.48
    11473       0.2052   5.48
    11474       0.2046   5.48
    11475       0.2052   5.48
    11476       0.2047   5.48
    11477       0.2047   5.48
    11478       0.2053   5.48
    11479       0.2049   5.48
    11480       0.2058   5.48
    11481       0.2047   5.47
    11482       0.2056   5.47
    11483       0.2046   5.48
    11484       0.2047   5.48
    11485       0.2052   5.48
    11486       0.2047   5.48
    11487       0.2052   5.48
    11488       0.2047   5.48
    11489       0.2046   5.48
    11490       0.2058   5.48
    11491       0.2047   5.48
    11492       0.2056   5.48
    11493       0.2046   5.48
    11494       0.2047   5.48
    11495       0.2054   5.48
    11496       0.2046   5.48
    11497       0.2054   5.48
    11498       0.2046   5.48
    11499       0.2053   5.48
    11500       0.2047   5.48
    11501       0.2047   5.48
    11502       0.2053   5.48
    11503       0.2046   5.48
    11504       0.2052   5.48
    11505       0.2045   5.48
    11506       0.2046   5.48
    11507       0.2053   5.48
    11508       0.2047   5.48
    11509       0.2054   5.48
    11510       0.2047   5.48
    11511       0.2046   5.48
    11512       0.2052   5.48
    11513       0.2046   5.48
    11514       0.2051   5.48
    11515       0.2046   5.48
    11516       0.2055   5.48
    11517       0.2049   5.48
    11518       0.2046   5.48
    11519       0.2053   5.48
    11520       0.2047   5.48
    11521       0.2056   5.48
    11522       0.2049   5.48
    11523       0.2048   5.48
    11524       0.2056   5.48
    11525       0.2047   5.47
    11526       0.2053   5.47
    11527       0.2047   5.48
    11528       0.2045   5.48
    11529       0.2053   5.48
    11530       0.2048   5.48
    11531       0.2056   5.48
    11532       0.2048   5.48
    11533       0.2053   5.48
    11534       0.2047   5.48
    11535       0.2047   5.48
    11536       0.2053   5.48
    11537       0.2047   5.48
    11538       0.2054   5.48
    11539       0.2046   5.48
    11540       0.2048   5.48
    11541       0.2056   5.48
    11542       0.2047   5.48
    11543       0.2055   5.48
    11544       0.2047   5.48
    11545       0.2047   5.48
    11546       0.2053   5.48
    11547       0.2046   5.48
    11548       0.2054   5.48
    11549       0.2047   5.48
    11550       0.2056   5.48
    11551       0.2046   5.48
    11552       0.2048   5.48
    11553       0.2059   5.48
    11554       0.2047   5.48
    11555       0.2053   5.48
    11556       0.2046   5.48
    11557       0.2047   5.48
    11558       0.2053   5.48
    11559       0.2047   5.48
    11560       0.2053   5.48
    11561       0.2047   5.48
    11562       0.2048   5.48
    11563       0.2056   5.48
    11564       0.2050   5.48
    11565       0.2057   5.48
    11566       0.2049   5.47
    11567       0.2056   5.47
    11568       0.2049   5.47
    11569       0.2046   5.47
    11570       0.2052   5.47
    11571       0.2047   5.48
    11572       0.2054   5.48
    11573       0.2048   5.48
    11574       0.2046   5.48
    11575       0.2054   5.48
    11576       0.2047   5.48
    11577       0.2060   5.48
    11578       0.2048   5.48
    11579       0.2045   5.48
    11580       0.2053   5.48
    11581       0.2047   5.48
    11582       0.2053   5.48
    11583       0.2047   5.48
    11584       0.2053   5.48
    11585       0.2047   5.48
    11586       0.2046   5.48
    11587       0.2053   5.48
    11588       0.2046   5.48
    11589       0.2053   5.48
    11590       0.2046   5.48
    11591       0.2048   5.48
    11592       0.2055   5.48
    11593       0.2050   5.48
    11594       0.2056   5.48
    11595       0.2049   5.47
    11596       0.2045   5.47
    11597       0.2052   5.47
    11598       0.2046   5.48
    11599       0.2051   5.48
    11600       0.2046   5.48
    11601       0.2055   5.48
    11602       0.2046   5.48
    11603       0.2046   5.48
    11604       0.2055   5.48
    11605       0.2047   5.48
    11606       0.2056   5.48
    11607       0.2049   5.48
    11608       0.2045   5.48
    11609       0.2053   5.48
    11610       0.2047   5.48
    11611       0.2057   5.48
    11612       0.2046   5.48
    11613       0.2047   5.48
    11614       0.2056   5.48
    11615       0.2047   5.48
    11616       0.2056   5.48
    11617       0.2048   5.48
    11618       0.2052   5.48
    11619       0.2046   5.48
    11620       0.2047   5.48
    11621       0.2055   5.48
    11622       0.2047   5.48
    11623       0.2053   5.48
    11624       0.2047   5.48
    11625       0.2047   5.48
    11626       0.2053   5.48
    11627       0.2047   5.48
    11628       0.2053   5.48
    11629       0.2047   5.48
    11630       0.2048   5.48
    11631       0.2056   5.48
    11632       0.2047   5.48
    11633       0.2053   5.48
    11634       0.2048   5.48
    11635       0.2053   5.48
    11636       0.2046   5.48
    11637       0.2046   5.48
    11638       0.2051   5.48
    11639       0.2045   5.48
    11640       0.2053   5.48
    11641       0.2046   5.48
    11642       0.2048   5.48
    11643       0.2053   5.48
    11644       0.2046   5.48
    11645       0.2054   5.48
    11646       0.2047   5.48
    11647       0.2047   5.48
    11648       0.2053   5.48
    11649       0.2047   5.48
    11650       0.2053   5.48
    11651       0.2046   5.48
    11652       0.2053   5.48
    11653       0.2046   5.48
    11654       0.2047   5.48
    11655       0.2058   5.48
    11656       0.2047   5.48
    11657       0.2052   5.48
    11658       0.2047   5.48
    11659       0.2046   5.48
    11660       0.2054   5.48
    11661       0.2045   5.48
    11662       0.2055   5.48
    11663       0.2046   5.48
    11664       0.2048   5.48
    11665       0.2055   5.48
    11666       0.2048   5.48
    11667       0.2053   5.48
    11668       0.2046   5.48
    11669       0.2056   5.48
    11670       0.2044   5.48
    11671       0.2046   5.48
    11672       0.2055   5.48
    11673       0.2047   5.48
    11674       0.2053   5.48
    11675       0.2047   5.48
    11676       0.2046   5.48
    11677       0.2053   5.48
    11678       0.2046   5.48
    11679       0.2053   5.48
    11680       0.2048   5.48
    11681       0.2046   5.48
    11682       0.2053   5.48
    11683       0.2046   5.48
    11684       0.2053   5.48
    11685       0.2046   5.48
    11686       0.2054   5.48
    11687       0.2046   5.48
    11688       0.2047   5.48
    11689       0.2052   5.48
    11690       0.2046   5.48
    11691       0.2054   5.48
    11692       0.2049   5.48
    11693       0.2049   5.48
    11694       0.2056   5.48
    11695       0.2048   5.47
    11696       0.2053   5.47
    11697       0.2048   5.48
    11698       0.2048   5.48
    11699       0.2055   5.48
    11700       0.2049   5.48
    11701       0.2057   5.48
    11702       0.2049   5.47
    11703       0.2051   5.47
    11704       0.2047   5.48
    11705       0.2047   5.48
    11706       0.2054   5.48
    11707       0.2046   5.48
    11708       0.2054   5.48
    11709       0.2046   5.48
    11710       0.2046   5.48
    11711       0.2053   5.48
    11712       0.2047   5.48
    11713       0.2053   5.48
    11714       0.2047   5.48
    11715       0.2046   5.48
    11716       0.2051   5.48
    11717       0.2047   5.48
    11718       0.2052   5.48
    11719       0.2046   5.48
    11720       0.2056   5.48
    11721       0.2045   5.48
    11722       0.2047   5.48
    11723       0.2058   5.48
    11724       0.2049   5.48
    11725       0.2052   5.48
    11726       0.2046   5.48
    11727       0.2048   5.48
    11728       0.2055   5.48
    11729       0.2047   5.48
    11730       0.2056   5.48
    11731       0.2046   5.48
    11732       0.2046   5.48
    11733       0.2056   5.48
    11734       0.2047   5.48
    11735       0.2052   5.48
    11736       0.2047   5.48
    11737       0.2053   5.48
    11738       0.2046   5.48
    11739       0.2047   5.48
    11740       0.2053   5.48
    11741       0.2047   5.48
    11742       0.2054   5.48
    11743       0.2049   5.48
    11744       0.2049   5.48
    11745       0.2054   5.48
    11746       0.2048   5.47
    11747       0.2052   5.47
    11748       0.2048   5.48
    11749       0.2046   5.48
    11750       0.2052   5.48
    11751       0.2046   5.48
    11752       0.2055   5.48
    11753       0.2050   5.48
    11754       0.2052   5.48
    11755       0.2046   5.48
    11756       0.2047   5.48
    11757       0.2054   5.48
    11758       0.2046   5.48
    11759       0.2053   5.48
    11760       0.2046   5.48
    11761       0.2046   5.48
    11762       0.2052   5.48
    11763       0.2046   5.48
    11764       0.2052   5.48
    11765       0.2046   5.48
    11766       0.2048   5.48
    11767       0.2056   5.48
    11768       0.2047   5.48
    11769       0.2053   5.48
    11770       0.2046   5.48
    11771       0.2052   5.48
    11772       0.2047   5.48
    11773       0.2046   5.48
    11774       0.2053   5.48
    11775       0.2046   5.48
    11776       0.2053   5.48
    11777       0.2048   5.48
    11778       0.2046   5.48
    11779       0.2052   5.48
    11780       0.2046   5.48
    11781       0.2056   5.48
    11782       0.2047   5.48
    11783       0.2046   5.48
    11784       0.2055   5.48
    11785       0.2047   5.48
    11786       0.2054   5.48
    11787       0.2047   5.48
    11788       0.2053   5.48
    11789       0.2046   5.48
    11790       0.2046   5.48
    11791       0.2057   5.48
    11792       0.2048   5.48
    11793       0.2055   5.48
    11794       0.2046   5.48
    11795       0.2046   5.48
    11796       0.2053   5.48
    11797       0.2047   5.48
    11798       0.2054   5.48
    11799       0.2049   5.48
    11800       0.2046   5.48
    11801       0.2052   5.48
    11802       0.2047   5.47
    11803       0.2055   5.47
    11804       0.2049   5.48
    11805       0.2052   5.48
    11806       0.2047   5.48
    11807       0.2047   5.48
    11808       0.2053   5.48
    11809       0.2047   5.48
    11810       0.2147   5.48
    11811       0.2046   5.48
    11812       0.2047   5.48
    11813       0.2054   5.48
    11814       0.2047   5.48
    11815       0.2054   5.48
    11816       0.2047   5.48
    11817       0.2047   5.48
    11818       0.2053   5.48
    11819       0.2046   5.48
    11820       0.2053   5.48
    11821       0.2047   5.48
    11822       0.2053   5.48
    11823       0.2046   5.48
    11824       0.2047   5.48
    11825       0.2053   5.48
    11826       0.2047   5.48
    11827       0.2055   5.48
    11828       0.2049   5.48
    11829       0.2049   5.48
    11830       0.2056   5.48
    11831       0.2050   5.47
    11832       0.2052   5.47
    11833       0.2046   5.47
    11834       0.2048   5.47
    11835       0.2056   5.47
    11836       0.2047   5.48
    11837       0.2053   5.48
    11838       0.2046   5.47
    11839       0.2053   5.47
    11840       0.2046   5.48
    11841       0.2048   5.48
    11842       0.2057   5.48
    11843       0.2050   5.48
    11844       0.2055   5.48
    11845       0.2046   5.48
    11846       0.2047   5.48
    11847       0.2054   5.48
    11848       0.2046   5.48
    11849       0.2054   5.48
    11850       0.2049   5.48
    11851       0.2049   5.48
    11852       0.2060   5.48
    11853       0.2048   5.47
    11854       0.2055   5.47
    11855       0.2047   5.48
    11856       0.2053   5.48
    11857       0.2046   5.48
    11858       0.2047   5.48
    11859       0.2056   5.48
    11860       0.2049   5.48
    11861       0.2052   5.48
    11862       0.2047   5.48
    11863       0.2047   5.48
    11864       0.2054   5.48
    11865       0.2049   5.48
    11866       0.2053   5.48
    11867       0.2046   5.47
    11868       0.2046   5.47
    11869       0.2053   5.47
    11870       0.2047   5.48
    11871       0.2052   5.48
    11872       0.2046   5.48
    11873       0.2053   5.48
    11874       0.2049   5.48
    11875       0.2047   5.48
    11876       0.2052   5.48
    11877       0.2047   5.48
    11878       0.2056   5.48
    11879       0.2046   5.48
    11880       0.2046   5.48
    11881       0.2052   5.48
    11882       0.2047   5.48
    11883       0.2053   5.48
    11884       0.2046   5.48
    11885       0.2047   5.48
    11886       0.2053   5.48
    11887       0.2047   5.48
    11888       0.2069   5.48
    11889       0.2046   5.48
    11890       0.2054   5.48
    11891       0.2046   5.48
    11892       0.2046   5.48
    11893       0.2052   5.48
    11894       0.2046   5.48
    11895       0.2053   5.48
    11896       0.2046   5.48
    11897       0.2046   5.48
    11898       0.2052   5.48
    11899       0.2047   5.48
    11900       0.2054   5.48
    11901       0.2047   5.48
    11902       0.2048   5.48
    11903       0.2055   5.48
    11904       0.2049   5.48
    11905       0.2056   5.48
    11906       0.2050   5.47
    11907       0.2053   5.47
    11908       0.2046   5.47
    11909       0.2047   5.47
    11910       0.2057   5.47
    11911       0.2046   5.48
    11912       0.2056   5.48
    11913       0.2046   5.48
    11914       0.2047   5.48
    11915       0.2054   5.48
    11916       0.2047   5.48
    11917       0.2053   5.48
    11918       0.2046   5.48
    11919       0.2048   5.48
    11920       0.2054   5.48
    11921       0.2049   5.48
    11922       0.2055   5.48
    11923       0.2049   5.47
    11924       0.2052   5.47
    11925       0.2046   5.47
    11926       0.2047   5.47
    11927       0.2052   5.47
    11928       0.2063   5.48
    11929       0.2054   5.48
    11930       0.2049   5.48
    11931       0.2047   5.48
    11932       0.2053   5.48
    11933       0.2046   5.47
    11934       0.2053   5.47
    11935       0.2046   5.48
    11936       0.2049   5.48
    11937       0.2052   5.48
    11938       0.2046   5.48
    11939       0.2052   5.48
    11940       0.2046   5.48
    11941       0.2054   5.48
    11942       0.2049   5.48
    11943       0.2049   5.48
    11944       0.2055   5.48
    11945       0.2050   5.47
    11946       0.2053   5.47
    11947       0.2046   5.47
    11948       0.2046   5.47
    11949       0.2053   5.47
    11950       0.2047   5.48
    11951       0.2054   5.48
    11952       0.2048   5.48
    11953       0.2048   5.48
    11954       0.2051   5.48
    11955       0.2047   5.47
    11956       0.2051   5.47
    11957       0.2045   5.48
    11958       0.2053   5.48
    11959       0.2049   5.48
    11960       0.2049   5.48
    11961       0.2055   5.48
    11962       0.2047   5.47
    11963       0.2055   5.47
    11964       0.2046   5.48
    11965       0.2048   5.48
    11966       0.2054   5.48
    11967       0.2046   5.48
    11968       0.2054   5.48
    11969       0.2047   5.48
    11970       0.2049   5.48
    11971       0.2046   5.48
    11972       0.2047   5.48
    11973       0.2055   5.48
    11974       0.2046   5.48
    11975       0.2053   5.48
    11976       0.2046   5.48
    11977       0.2046   5.48
    11978       0.2053   5.48
    11979       0.2047   5.48
    11980       0.2054   5.48
    11981       0.2049   5.48
    11982       0.2048   5.48
    11983       0.2052   5.48
    11984       0.2047   5.47
    11985       0.2053   5.47
    11986       0.2047   5.48
    11987       0.2049   5.48
    11988       0.2047   5.48
    11989       0.2046   5.48
    11990       0.2053   5.48
    11991       0.2047   5.48
    11992       0.2053   5.48
    11993       0.2046   5.48
    11994       0.2046   5.48
    11995       0.2053   5.48
    11996       0.2047   5.48
    11997       0.2053   5.48
    11998       0.2046   5.48
    11999       0.2047   5.48
    12000       0.2052   5.48
    12001       0.2046   5.48
    12002       0.2052   5.48
    12003       0.2045   5.48
    12004       0.2047   5.48
    12005       0.2047   5.48
    12006       0.2047   5.48
    12007       0.2052   5.48
    12008       0.2046   5.48
    12009       0.2053   5.48
    12010       0.2046   5.48
    12011       0.2046   5.48
    12012       0.2055   5.48
    12013       0.2049   5.48
    12014       0.2053   5.48
    12015       0.2047   5.47
    12016       0.2048   5.47
    12017       0.2054   5.47
    12018       0.2046   5.48
    12019       0.2053   5.48
    12020       0.2047   5.48
    12021       0.2049   5.48
    12022       0.2046   5.48
    12023       0.2047   5.48
    12024       0.2056   5.48
    12025       0.2047   5.48
    12026       0.2054   5.48
    12027       0.2046   5.48
    12028       0.2047   5.48
    12029       0.2052   5.48
    12030       0.2046   5.48
    12031       0.2058   5.48
    12032       0.2047   5.48
    12033       0.2047   5.48
    12034       0.2056   5.48
    12035       0.2048   5.48
    12036       0.2054   5.48
    12037       0.2049   5.48
    12038       0.2054   5.48
    12039       0.2047   5.47
    12040       0.2047   5.47
    12041       0.2053   5.47
    12042       0.2047   5.48
    12043       0.2053   5.48
    12044       0.2047   5.48
    12045       0.2047   5.48
    12046       0.2052   5.48
    12047       0.2046   5.48
    12048       0.2053   5.48
    12049       0.2046   5.48
    12050       0.2047   5.48
    12051       0.2054   5.48
    12052       0.2048   5.48
    12053       0.2053   5.48
    12054       0.2047   5.48
    12055       0.2053   5.48
    12056       0.2048   5.48
    12057       0.2047   5.48
    12058       0.2052   5.48
    12059       0.2046   5.48
    12060       0.2053   5.48
    12061       0.2047   5.48
    12062       0.2047   5.48
    12063       0.2052   5.48
    12064       0.2046   5.48
    12065       0.2053   5.48
    12066       0.2047   5.48
    12067       0.2048   5.48
    12068       0.2055   5.48
    12069       0.2049   5.48
    12070       0.2052   5.48
    12071       0.2047   5.47
    12072       0.2054   5.47
    12073       0.2046   5.48
    12074       0.2047   5.48
    12075       0.2053   5.48
    12076       0.2047   5.48
    12077       0.2052   5.48
    12078       0.2047   5.48
    12079       0.2048   5.48
    12080       0.2054   5.48
    12081       0.2046   5.48
    12082       0.2056   5.48
    12083       0.2047   5.48
    12084       0.2046   5.48
    12085       0.2052   5.48
    12086       0.2046   5.48
    12087       0.2053   5.48
    12088       0.2047   5.48
    12089       0.2058   5.48
    12090       0.2048   5.48
    12091       0.2049   5.48
    12092       0.2055   5.48
    12093       0.2047   5.47
    12094       0.2053   5.47
    12095       0.2046   5.48
    12096       0.2047   5.48
    12097       0.2054   5.48
    12098       0.2047   5.48
    12099       0.2053   5.48
    12100       0.2047   5.48
    12101       0.2047   5.48
    12102       0.2054   5.48
    12103       0.2050   5.48
    12104       0.2053   5.48
    12105       0.2046   5.47
    12106       0.2054   5.47
    12107       0.2046   5.48
    12108       0.2046   5.48
    12109       0.2054   5.48
    12110       0.2046   5.48
    12111       0.2054   5.48
    12112       0.2047   5.48
    12113       0.2047   5.48
    12114       0.2052   5.48
    12115       0.2047   5.48
    12116       0.2054   5.48
    12117       0.2047   5.48
    12118       0.2047   5.48
    12119       0.2053   5.48
    12120       0.2047   5.48
    12121       0.2053   5.48
    12122       0.2046   5.48
    12123       0.2053   5.48
    12124       0.2045   5.48
    12125       0.2045   5.48
    12126       0.2051   5.48
    12127       0.2045   5.48
    12128       0.2052   5.48
    12129       0.2047   5.48
    12130       0.2047   5.48
    12131       0.2053   5.48
    12132       0.2047   5.48
    12133       0.2054   5.48
    12134       0.2047   5.48
    12135       0.2047   5.48
    12136       0.2054   5.48
    12137       0.2047   5.48
    12138       0.2054   5.48
    12139       0.2046   5.48
    12140       0.2056   5.48
    12141       0.2047   5.48
    12142       0.2047   5.48
    12143       0.2055   5.48
    12144       0.2047   5.48
    12145       0.2053   5.48
    12146       0.2047   5.48
    12147       0.2046   5.48
    12148       0.2053   5.48
    12149       0.2047   5.48
    12150       0.2058   5.48
    12151       0.2047   5.48
    12152       0.2047   5.48
    12153       0.2055   5.48
    12154       0.2047   5.48
    12155       0.2053   5.48
    12156       0.2046   5.48
    12157       0.2054   5.48
    12158       0.2046   5.48
    12159       0.2046   5.48
    12160       0.2054   5.48
    12161       0.2045   5.48
    12162       0.2052   5.48
    12163       0.2047   5.48
    12164       0.2047   5.48
    12165       0.2054   5.48
    12166       0.2047   5.48
    12167       0.2053   5.48
    12168       0.2047   5.48
    12169       0.2047   5.48
    12170       0.2053   5.48
    12171       0.2047   5.48
    12172       0.2052   5.48
    12173       0.2046   5.48
    12174       0.2053   5.48
    12175       0.2045   5.48
    12176       0.2046   5.48
    12177       0.2052   5.48
    12178       0.2047   5.48
    12179       0.2054   5.48
    12180       0.2046   5.48
    12181       0.2046   5.48
    12182       0.2053   5.48
    12183       0.2046   5.48
    12184       0.2053   5.48
    12185       0.2046   5.48
    12186       0.2047   5.48
    12187       0.2052   5.48
    12188       0.2047   5.48
    12189       0.2054   5.48
    12190       0.2045   5.48
    12191       0.2049   5.48
    12192       0.2048   5.48
    12193       0.2049   5.48
    12194       0.2056   5.48
    12195       0.2049   5.47
    12196       0.2054   5.47
    12197       0.2046   5.47
    12198       0.2047   5.47
    12199       0.2053   5.47
    12200       0.2047   5.48
    12201       0.2055   5.48
    12202       0.2045   5.48
    12203       0.2047   5.48
    12204       0.2056   5.48
    12205       0.2049   5.48
    12206       0.2054   5.48
    12207       0.2047   5.47
    12208       0.2054   5.47
    12209       0.2047   5.48
    12210       0.2047   5.48
    12211       0.2058   5.48
    12212       0.2049   5.48
    12213       0.2056   5.48
    12214       0.2049   5.47
    12215       0.2049   5.47
    12216       0.2052   5.47
    12217       0.2047   5.47
    12218       0.2053   5.47
    12219       0.2046   5.48
    12220       0.2047   5.48
    12221       0.2053   5.48
    12222       0.2047   5.48
    12223       0.2053   5.48
    12224       0.2047   5.48
    12225       0.2053   5.48
    12226       0.2047   5.48
    12227       0.2047   5.48
    12228       0.2054   5.48
    12229       0.2049   5.48
    12230       0.2055   5.48
    12231       0.2047   5.47
    12232       0.2047   5.47
    12233       0.2053   5.47
    12234       0.2047   5.48
    12235       0.2054   5.48
    12236       0.2047   5.48
    12237       0.2047   5.48
    12238       0.2059   5.48
    12239       0.2050   5.48
    12240       0.2056   5.48
    12241       0.2046   5.47
    12242       0.2053   5.47
    12243       0.2046   5.48
    12244       0.2047   5.48
    12245       0.2053   5.48
    12246       0.2047   5.48
    12247       0.2053   5.48
    12248       0.2047   5.48
    12249       0.2047   5.48
    12250       0.2052   5.48
    12251       0.2047   5.48
    12252       0.2054   5.48
    12253       0.2047   5.48
    12254       0.2047   5.48
    12255       0.2053   5.48
    12256       0.2046   5.48
    12257       0.2053   5.48
    12258       0.2048   5.48
    12259       0.2053   5.48
    12260       0.2046   5.48
    12261       0.2047   5.48
    12262       0.2055   5.48
    12263       0.2048   5.48
    12264       0.2056   5.48
    12265       0.2049   5.48
    12266       0.2049   5.48
    12267       0.2054   5.48
    12268       0.2047   5.47
    12269       0.2053   5.47
    12270       0.2045   5.48
    12271       0.2044   5.48
    12272       0.2057   5.48
    12273       0.2046   5.48
    12274       0.2056   5.48
    12275       0.2046   5.48
    12276       0.2053   5.48
    12277       0.2047   5.48
    12278       0.2047   5.48
    12279       0.2053   5.48
    12280       0.2045   5.48
    12281       0.2052   5.48
    12282       0.2045   5.48
    12283       0.2045   5.48
    12284       0.2053   5.48
    12285       0.2047   5.48
    12286       0.2052   5.48
    12287       0.2046   5.48
    12288       0.2048   5.48
    12289       0.2052   5.48
    12290       0.2046   5.48
    12291       0.2053   5.48
    12292       0.2046   5.48
    12293       0.2053   5.48
    12294       0.2046   5.48
    12295       0.2046   5.48
    12296       0.2146   5.48
    12297       0.2047   5.48
    12298       0.2054   5.48
    12299       0.2046   5.48
    12300       0.2046   5.48
    12301       0.2052   5.48
    12302       0.2046   5.48
    12303       0.2052   5.48
    12304       0.2046   5.48
    12305       0.2047   5.48
    12306       0.2053   5.48
    12307       0.2047   5.48
    12308       0.2053   5.48
    12309       0.2046   5.48
    12310       0.2053   5.48
    12311       0.2047   5.48
    12312       0.2047   5.48
    12313       0.2053   5.48
    12314       0.2047   5.48
    12315       0.2053   5.48
    12316       0.2047   5.48
    12317       0.2047   5.48
    12318       0.2054   5.48
    12319       0.2047   5.48
    12320       0.2055   5.48
    12321       0.2047   5.48
    12322       0.2047   5.48
    12323       0.2055   5.48
    12324       0.2046   5.48
    12325       0.2054   5.48
    12326       0.2047   5.48
    12327       0.2054   5.48
    12328       0.2048   5.48
    12329       0.2050   5.48
    12330       0.2059   5.48
    12331       0.2047   5.47
    12332       0.2055   5.47
    12333       0.2046   5.48
    12334       0.2047   5.48
    12335       0.2054   5.48
    12336       0.2049   5.48
    12337       0.2056   5.48
    12338       0.2046   5.47
    12339       0.2047   5.47
    12340       0.2053   5.47
    12341       0.2046   5.48
    12342       0.2053   5.48
    12343       0.2049   5.48
    12344       0.2056   5.48
    12345       0.2046   5.47
    12346       0.2046   5.47
    12347       0.2052   5.47
    12348       0.2046   5.48
    12349       0.2054   5.48
    12350       0.2046   5.48
    12351       0.2047   5.48
    12352       0.2054   5.48
    12353       0.2048   5.48
    12354       0.2054   5.48
    12355       0.2046   5.48
    12356       0.2046   5.48
    12357       0.2053   5.48
    12358       0.2046   5.48
    12359       0.2052   5.48
    12360       0.2047   5.48
    12361       0.2053   5.48
    12362       0.2046   5.48
    12363       0.2046   5.48
    12364       0.2054   5.48
    12365       0.2049   5.48
    12366       0.2056   5.48
    12367       0.2049   5.47
    12368       0.2050   5.47
    12369       0.2053   5.47
    12370       0.2047   5.47
    12371       0.2054   5.47
    12372       0.2049   5.48
    12373       0.2050   5.48
    12374       0.2053   5.48
    12375       0.2047   5.47
    12376       0.2053   5.47
    12377       0.2047   5.48
    12378       0.2052   5.48
    12379       0.2048   5.48
    12380       0.2049   5.48
    12381       0.2056   5.48
    12382       0.2046   5.47
    12383       0.2057   5.47
    12384       0.2049   5.48
    12385       0.2049   5.48
    12386       0.2054   5.48
    12387       0.2046   5.47
    12388       0.2053   5.47
    12389       0.2047   5.48
    12390       0.2047   5.48
    12391       0.2058   5.48
    12392       0.2046   5.48
    12393       0.2056   5.48
    12394       0.2048   5.48
    12395       0.2056   5.48
    12396       0.2046   5.47
    12397       0.2046   5.47
    12398       0.2054   5.47
    12399       0.2047   5.48
    12400       0.2054   5.48
    12401       0.2047   5.48
    12402       0.2047   5.48
    12403       0.2054   5.48
    12404       0.2047   5.48
    12405       0.2054   5.48
    12406       0.2046   5.48
    12407       0.2046   5.48
    12408       0.2054   5.48
    12409       0.2049   5.48
    12410       0.2056   5.48
    12411       0.2049   5.47
    12412       0.2055   5.47
    12413       0.2047   5.47
    12414       0.2047   5.47
    12415       0.2054   5.47
    12416       0.2047   5.48
    12417       0.2052   5.48
    12418       0.2047   5.48
    12419       0.2047   5.48
    12420       0.2054   5.48
    12421       0.2049   5.48
    12422       0.2057   5.48
    12423       0.2046   5.47
    12424       0.2046   5.47
    12425       0.2055   5.47
    12426       0.2049   5.48
    12427       0.2057   5.48
    12428       0.2049   5.47
    12429       0.2056   5.47
    12430       0.2047   5.47
    12431       0.2046   5.47
    12432       0.2054   5.47
    12433       0.2046   5.48
    12434       0.2057   5.48
    12435       0.2047   5.48
    12436       0.2047   5.48
    12437       0.2054   5.48
    12438       0.2046   5.48
    12439       0.2054   5.48
    12440       0.2047   5.48
    12441       0.2047   5.48
    12442       0.2056   5.48
    12443       0.2049   5.48
    12444       0.2058   5.48
    12445       0.2046   5.47
    12446       0.2054   5.47
    12447       0.2046   5.48
    12448       0.2047   5.48
    12449       0.2054   5.48
    12450       0.2046   5.48
    12451       0.2059   5.48
    12452       0.2049   5.48
    12453       0.2050   5.48
    12454       0.2056   5.48
    12455       0.2047   5.47
    12456       0.2054   5.47
    12457       0.2046   5.48
    12458       0.2047   5.48
    12459       0.2052   5.48
    12460       0.2047   5.48
    12461       0.2054   5.48
    12462       0.2047   5.48
    12463       0.2053   5.48
    12464       0.2047   5.48
    12465       0.2049   5.48
    12466       0.2057   5.48
    12467       0.2051   5.47
    12468       0.2056   5.47
    12469       0.2046   5.47
    12470       0.2046   5.47
    12471       0.2054   5.47
    12472       0.2047   5.48
    12473       0.2053   5.48
    12474       0.2047   5.48
    12475       0.2047   5.48
    12476       0.2050   5.48
    12477       0.2046   5.48
    12478       0.2053   5.48
    12479       0.2047   5.48
    12480       0.2053   5.48
    12481       0.2047   5.48
    12482       0.2048   5.48
    12483       0.2055   5.48
    12484       0.2046   5.47
    12485       0.2052   5.47
    12486       0.2047   5.48
    12487       0.2047   5.48
    12488       0.2054   5.48
    12489       0.2049   5.48
    12490       0.2056   5.48
    12491       0.2046   5.47
    12492       0.2046   5.47
    12493       0.2052   5.47
    12494       0.2047   5.48
    12495       0.2053   5.48
    12496       0.2047   5.48
    12497       0.2053   5.48
    12498       0.2048   5.48
    12499       0.2049   5.48
    12500       0.2058   5.48
    12501       0.2049   5.47
    12502       0.2058   5.47
    12503       0.2047   5.47
    12504       0.2046   5.47
    12505       0.2054   5.47
    12506       0.2047   5.48
    12507       0.2054   5.48
    12508       0.2047   5.48
    12509       0.2048   5.48
    12510       0.2055   5.48
    12511       0.2046   5.48
    12512       0.2056   5.48
    12513       0.2046   5.48
    12514       0.2053   5.48
    12515       0.2047   5.48
    12516       0.2046   5.48
    12517       0.2054   5.48
    12518       0.2047   5.48
    12519       0.2054   5.48
    12520       0.2047   5.48
    12521       0.2046   5.48
    12522       0.2052   5.48
    12523       0.2046   5.48
    12524       0.2053   5.48
    12525       0.2047   5.48
    12526       0.2049   5.48
    12527       0.2050   5.48
    12528       0.2046   5.48
    12529       0.2053   5.48
    12530       0.2046   5.48
    12531       0.2054   5.48
    12532       0.2047   5.48
    12533       0.2049   5.48
    12534       0.2054   5.48
    12535       0.2047   5.47
    12536       0.2053   5.47
    12537       0.2047   5.48
    12538       0.2047   5.48
    12539       0.2053   5.48
    12540       0.2046   5.48
    12541       0.2052   5.48
    12542       0.2048   5.48
    12543       0.2051   5.48
    12544       0.2053   5.48
    12545       0.2049   5.48
    12546       0.2056   5.48
    12547       0.2046   5.47
    12548       0.2053   5.47
    12549       0.2047   5.48
    12550       0.2050   5.48
    12551       0.2054   5.48
    12552       0.2048   5.47
    12553       0.2056   5.47
    12554       0.2049   5.47
    12555       0.2050   5.47
    12556       0.2055   5.47
    12557       0.2046   5.47
    12558       0.2054   5.47
    12559       0.2046   5.48
    12560       0.2048   5.48
    12561       0.2046   5.48
    12562       0.2047   5.48
    12563       0.2055   5.48
    12564       0.2048   5.48
    12565       0.2057   5.48
    12566       0.2047   5.47
    12567       0.2046   5.47
    12568       0.2054   5.47
    12569       0.2047   5.48
    12570       0.2057   5.48
    12571       0.2046   5.48
    12572       0.2047   5.48
    12573       0.2055   5.48
    12574       0.2047   5.48
    12575       0.2056   5.48
    12576       0.2049   5.48
    12577       0.2055   5.48
    12578       0.2047   5.47
    12579       0.2046   5.47
    12580       0.2053   5.47
    12581       0.2047   5.48
    12582       0.2053   5.48
    12583       0.2047   5.48
    12584       0.2049   5.48
    12585       0.2056   5.48
    12586       0.2047   5.47
    12587       0.2054   5.47
    12588       0.2046   5.48
    12589       0.2047   5.48
    12590       0.2053   5.48
    12591       0.2047   5.48
    12592       0.2052   5.48
    12593       0.2046   5.48
    12594       0.2053   5.48
    12595       0.2045   5.48
    12596       0.2047   5.48
    12597       0.2053   5.48
    12598       0.2047   5.48
    12599       0.2054   5.48
    12600       0.2046   5.48
    12601       0.2047   5.48
    12602       0.2053   5.48
    12603       0.2047   5.48
    12604       0.2053   5.48
    12605       0.2047   5.48
    12606       0.2050   5.48
    12607       0.2056   5.48
    12608       0.2050   5.47
    12609       0.2054   5.47
    12610       0.2046   5.47
    12611       0.2053   5.47
    12612       0.2047   5.48
    12613       0.2048   5.48
    12614       0.2056   5.48
    12615       0.2049   5.47
    12616       0.2056   5.47
    12617       0.2048   5.47
    12618       0.2046   5.47
    12619       0.2053   5.47
    12620       0.2047   5.48
    12621       0.2055   5.48
    12622       0.2046   5.48
    12623       0.2047   5.48
    12624       0.2057   5.48
    12625       0.2047   5.48
    12626       0.2060   5.48
    12627       0.2049   5.47
    12628       0.2056   5.47
    12629       0.2047   5.47
    12630       0.2046   5.47
    12631       0.2056   5.47
    12632       0.2047   5.48
    12633       0.2056   5.48
    12634       0.2047   5.48
    12635       0.2047   5.48
    12636       0.2054   5.48
    12637       0.2048   5.48
    12638       0.2053   5.48
    12639       0.2047   5.48
    12640       0.2047   5.48
    12641       0.2054   5.48
    12642       0.2047   5.48
    12643       0.2055   5.48
    12644       0.2046   5.48
    12645       0.2053   5.48
    12646       0.2047   5.48
    12647       0.2047   5.48
    12648       0.2053   5.48
    12649       0.2047   5.48
    12650       0.2053   5.48
    12651       0.2046   5.48
    12652       0.2046   5.48
    12653       0.2053   5.48
    12654       0.2047   5.48
    12655       0.2054   5.48
    12656       0.2047   5.48
    12657       0.2049   5.48
    12658       0.2056   5.48
    12659       0.2045   5.47
    12660       0.2053   5.47
    12661       0.2047   5.48
    12662       0.2053   5.48
    12663       0.2047   5.48
    12664       0.2047   5.48
    12665       0.2056   5.48
    12666       0.2047   5.48
    12667       0.2053   5.48
    12668       0.2047   5.48
    12669       0.2049   5.48
    12670       0.2056   5.48
    12671       0.2047   5.47
    12672       0.2053   5.47
    12673       0.2046   5.47
    12674       0.2047   5.47
    12675       0.2054   5.47
    12676       0.2047   5.48
    12677       0.2053   5.48
    12678       0.2047   5.48
    12679       0.2053   5.48
    12680       0.2046   5.48
    12681       0.2048   5.48
    12682       0.2058   5.48
    12683       0.2046   5.47
    12684       0.2056   5.47
    12685       0.2046   5.48
    12686       0.2046   5.48
    12687       0.2053   5.48
    12688       0.2046   5.48
    12689       0.2052   5.48
    12690       0.2046   5.48
    12691       0.2047   5.48
    12692       0.2058   5.48
    12693       0.2048   5.48
    12694       0.2057   5.48
    12695       0.2047   5.48
    12696       0.2052   5.48
    12697       0.2046   5.48
    12698       0.2047   5.48
    12699       0.2056   5.48
    12700       0.2050   5.48
    12701       0.2058   5.48
    12702       0.2050   5.47
    12703       0.2049   5.47
    12704       0.2057   5.47
    12705       0.2046   5.47
    12706       0.2054   5.47
    12707       0.2048   5.48
    12708       0.2049   5.48
    12709       0.2055   5.48
    12710       0.2046   5.47
    12711       0.2054   5.47
    12712       0.2046   5.48
    12713       0.2053   5.48
    12714       0.2047   5.48
    12715       0.2046   5.48
    12716       0.2053   5.48
    12717       0.2047   5.48
    12718       0.2054   5.48
    12719       0.2047   5.48
    12720       0.2049   5.48
    12721       0.2056   5.48
    12722       0.2046   5.48
    12723       0.2053   5.48
    12724       0.2047   5.48
    12725       0.2049   5.48
    12726       0.2056   5.48
    12727       0.2046   5.48
    12728       0.2053   5.48
    12729       0.2047   5.48
    12730       0.2053   5.48
    12731       0.2047   5.48
    12732       0.2047   5.48
    12733       0.2053   5.48
    12734       0.2048   5.48
    12735       0.2056   5.48
    12736       0.2048   5.47
    12737       0.2046   5.47
    12738       0.2053   5.47
    12739       0.2046   5.48
    12740       0.2056   5.48
    12741       0.2046   5.48
    12742       0.2046   5.48
    12743       0.2054   5.48
    12744       0.2047   5.48
    12745       0.2054   5.48
    12746       0.2046   5.48
    12747       0.2052   5.48
    12748       0.2045   5.48
    12749       0.2047   5.48
    12750       0.2058   5.48
    12751       0.2046   5.48
    12752       0.2056   5.48
    12753       0.2047   5.48
    12754       0.2046   5.48
    12755       0.2053   5.48
    12756       0.2048   5.48
    12757       0.2056   5.48
    12758       0.2047   5.48
    12759       0.2046   5.48
    12760       0.2053   5.48
    12761       0.2047   5.48
    12762       0.2053   5.48
    12763       0.2047   5.48
    12764       0.2053   5.48
    12765       0.2046   5.48
    12766       0.2047   5.48
    12767       0.2053   5.48
    12768       0.2047   5.48
    12769       0.2055   5.48
    12770       0.2049   5.48
    12771       0.2051   5.48
    12772       0.2056   5.48
    12773       0.2049   5.47
    12774       0.2057   5.47
    12775       0.2048   5.47
    12776       0.2046   5.47
    12777       0.2054   5.47
    12778       0.2047   5.48
    12779       0.2053   5.48
    12780       0.2047   5.48
    12781       0.2053   5.48
    12782       0.2046   5.48
    12783       0.2046   5.48
    12784       0.2052   5.48
    12785       0.2046   5.48
    12786       0.2054   5.48
    12787       0.2046   5.48
    12788       0.2047   5.48
    12789       0.2054   5.48
    12790       0.2046   5.48
    12791       0.2052   5.48
    12792       0.2045   5.48
    12793       0.2046   5.48
    12794       0.2053   5.48
    12795       0.2046   5.48
    12796       0.2052   5.48
    12797       0.2046   5.48
    12798       0.2054   5.48
    12799       0.2047   5.48
    12800       0.2048   5.48
    12801       0.2059   5.48
    12802       0.2048   5.48
    12803       0.2055   5.48
    12804       0.2047   5.47
    12805       0.2044   5.47
    12806       0.2051   5.47
    12807       0.2045   5.48
    12808       0.2051   5.48
    12809       0.2046   5.48
    12810       0.2046   5.48
    12811       0.2058   5.48
    12812       0.2047   5.48
    12813       0.2055   5.48
    12814       0.2047   5.48
    12815       0.2052   5.48
    12816       0.2047   5.48
    12817       0.2047   5.48
    12818       0.2053   5.48
    12819       0.2046   5.48
    12820       0.2069   5.48
    12821       0.2050   5.48
    12822       0.2045   5.48
    12823       0.2054   5.48
    12824       0.2047   5.47
    12825       0.2056   5.47
    12826       0.2047   5.48
    12827       0.2047   5.48
    12828       0.2055   5.48
    12829       0.2047   5.47
    12830       0.2053   5.47
    12831       0.2046   5.48
    12832       0.2053   5.48
    12833       0.2046   5.48
    12834       0.2046   5.48
    12835       0.2053   5.48
    12836       0.2047   5.48
    12837       0.2056   5.48
    12838       0.2050   5.48
    12839       0.2046   5.48
    12840       0.2053   5.48
    12841       0.2047   5.48
    12842       0.2053   5.48
    12843       0.2047   5.48
    12844       0.2047   5.48
    12845       0.2053   5.48
    12846       0.2047   5.48
    12847       0.2053   5.48
    12848       0.2047   5.48
    12849       0.2053   5.48
    12850       0.2047   5.48
    12851       0.2046   5.48
    12852       0.2052   5.48
    12853       0.2047   5.48
    12854       0.2055   5.48
    12855       0.2050   5.48
    12856       0.2046   5.48
    12857       0.2053   5.48
    12858       0.2047   5.48
    12859       0.2053   5.48
    12860       0.2047   5.48
    12861       0.2046   5.48
    12862       0.2056   5.48
    12863       0.2047   5.48
    12864       0.2055   5.48
    12865       0.2047   5.48
    12866       0.2053   5.48
    12867       0.2047   5.48
    12868       0.2046   5.48
    12869       0.2052   5.48
    12870       0.2047   5.48
    12871       0.2059   5.48
    12872       0.2049   5.48
    12873       0.2046   5.48
    12874       0.2056   5.48
    12875       0.2047   5.48
    12876       0.2056   5.48
    12877       0.2049   5.48
    12878       0.2049   5.48
    12879       0.2058   5.48
    12880       0.2047   5.47
    12881       0.2053   5.47
    12882       0.2046   5.48
    12883       0.2053   5.48
    12884       0.2046   5.48
    12885       0.2048   5.48
    12886       0.2055   5.48
    12887       0.2047   5.48
    12888       0.2053   5.48
    12889       0.2046   5.48
    12890       0.2048   5.48
    12891       0.2055   5.48
    12892       0.2049   5.48
    12893       0.2055   5.48
    12894       0.2049   5.47
    12895       0.2045   5.47
    12896       0.2053   5.47
    12897       0.2048   5.48
    12898       0.2055   5.48
    12899       0.2048   5.48
    12900       0.2052   5.48
    12901       0.2047   5.48
    12902       0.2047   5.48
    12903       0.2053   5.48
    12904       0.2047   5.48
    12905       0.2054   5.48
    12906       0.2046   5.48
    12907       0.2048   5.48
    12908       0.2055   5.48
    12909       0.2048   5.48
    12910       0.2053   5.48
    12911       0.2046   5.48
    12912       0.2046   5.48
    12913       0.2053   5.48
    12914       0.2046   5.48
    12915       0.2053   5.48
    12916       0.2047   5.48
    12917       0.2054   5.48
    12918       0.2050   5.48
    12919       0.2046   5.48
    12920       0.2054   5.48
    12921       0.2046   5.48
    12922       0.2055   5.48
    12923       0.2046   5.48
    12924       0.2046   5.48
    12925       0.2054   5.48
    12926       0.2046   5.48
    12927       0.2053   5.48
    12928       0.2046   5.48
    12929       0.2048   5.48
    12930       0.2059   5.48
    12931       0.2047   5.48
    12932       0.2056   5.48
    12933       0.2047   5.48
    12934       0.2054   5.48
    12935       0.2046   5.48
    12936       0.2046   5.48
    12937       0.2052   5.48
    12938       0.2047   5.48
    12939       0.2055   5.48
    12940       0.2050   5.48
    12941       0.2050   5.48
    12942       0.2056   5.48
    12943       0.2047   5.47
    12944       0.2053   5.47
    12945       0.2046   5.48
    12946       0.2046   5.48
    12947       0.2053   5.48
    12948       0.2047   5.48
    12949       0.2056   5.48
    12950       0.2049   5.48
    12951       0.2052   5.48
    12952       0.2046   5.48
    12953       0.2047   5.48
    12954       0.2054   5.48
    12955       0.2046   5.48
    12956       0.2056   5.48
    12957       0.2049   5.48
    12958       0.2045   5.48
    12959       0.2052   5.48
    12960       0.2046   5.48
    12961       0.2054   5.48
    12962       0.2049   5.48
    12963       0.2049   5.48
    12964       0.2056   5.48
    12965       0.2047   5.47
    12966       0.2052   5.47
    12967       0.2046   5.47
    12968       0.2053   5.47
    12969       0.2046   5.48
    12970       0.2046   5.48
    12971       0.2053   5.48
    12972       0.2046   5.48
    12973       0.2055   5.48
    12974       0.2049   5.48
    12975       0.2049   5.48
    12976       0.2055   5.48
    12977       0.2048   5.47
    12978       0.2053   5.47
    12979       0.2046   5.47
    12980       0.2047   5.47
    12981       0.2055   5.47
    12982       0.2047   5.48
    12983       0.2055   5.48
    12984       0.2046   5.48
    12985       0.2054   5.48
    12986       0.2047   5.48
    12987       0.2048   5.48
    12988       0.2055   5.48
    12989       0.2049   5.48
    12990       0.2060   5.48
    12991       0.2049   5.47
    12992       0.2045   5.47
    12993       0.2055   5.47
    12994       0.2047   5.47
    12995       0.2053   5.47
    12996       0.2047   5.48
    12997       0.2047   5.48
    12998       0.2053   5.48
    12999       0.2046   5.48
    13000       0.2053   5.48
    13001       0.2047   5.48
    13002       0.2054   5.48
    13003       0.2050   5.48
    13004       0.2049   5.48
    13005       0.2056   5.48
    13006       0.2049   5.47
    13007       0.2052   5.47
    13008       0.2047   5.47
    13009       0.2047   5.47
    13010       0.2054   5.47
    13011       0.2046   5.48
    13012       0.2054   5.48
    13013       0.2046   5.48
    13014       0.2047   5.48
    13015       0.2053   5.48
    13016       0.2046   5.48
    13017       0.2052   5.48
    13018       0.2046   5.48
    13019       0.2053   5.48
    13020       0.2046   5.48
    13021       0.2047   5.48
    13022       0.2053   5.48
    13023       0.2047   5.48
    13024       0.2052   5.48
    13025       0.2046   5.48
    13026       0.2047   5.48
    13027       0.2053   5.48
    13028       0.2047   5.48
    13029       0.2053   5.48
    13030       0.2046   5.48
    13031       0.2048   5.48
    13032       0.2057   5.48
    13033       0.2047   5.48
    13034       0.2053   5.48
    13035       0.2046   5.47
    13036       0.2053   5.47
    13037       0.2046   5.48
    13038       0.2046   5.48
    13039       0.2053   5.48
    13040       0.2047   5.48
    13041       0.2056   5.48
    13042       0.2048   5.48
    13043       0.2049   5.48
    13044       0.2058   5.48
    13045       0.2048   5.47
    13046       0.2053   5.47
    13047       0.2047   5.47
    13048       0.2047   5.47
    13049       0.2051   5.47
    13050       0.2047   5.48
    13051       0.2057   5.48
    13052       0.2047   5.48
    13053       0.2055   5.48
    13054       0.2046   5.48
    13055       0.2047   5.48
    13056       0.2056   5.48
    13057       0.2050   5.48
    13058       0.2052   5.48
    13059       0.2046   5.47
    13060       0.2047   5.47
    13061       0.2052   5.47
    13062       0.2047   5.48
    13063       0.2054   5.48
    13064       0.2046   5.48
    13065       0.2049   5.48
    13066       0.2054   5.48
    13067       0.2049   5.48
    13068       0.2056   5.48
    13069       0.2050   5.47
    13070       0.2052   5.47
    13071       0.2047   5.47
    13072       0.2047   5.47
    13073       0.2056   5.47
    13074       0.2047   5.48
    13075       0.2054   5.48
    13076       0.2047   5.48
    13077       0.2045   5.48
    13078       0.2053   5.48
    13079       0.2047   5.48
    13080       0.2053   5.48
    13081       0.2047   5.48
    13082       0.2048   5.48
    13083       0.2052   5.48
    13084       0.2046   5.48
    13085       0.2053   5.48
    13086       0.2046   5.48
    13087       0.2054   5.48
    13088       0.2047   5.48
    13089       0.2047   5.48
    13090       0.2053   5.48
    13091       0.2047   5.48
    13092       0.2053   5.48
    13093       0.2047   5.48
    13094       0.2047   5.48
    13095       0.2053   5.48
    13096       0.2047   5.48
    13097       0.2054   5.48
    13098       0.2050   5.48
    13099       0.2047   5.48
    13100       0.2053   5.48
    13101       0.2046   5.47
    13102       0.2054   5.47
    13103       0.2047   5.48
    13104       0.2053   5.48
    13105       0.2045   5.48
    13106       0.2046   5.48
    13107       0.2054   5.48
    13108       0.2046   5.48
    13109       0.2058   5.48
    13110       0.2047   5.48
    13111       0.2046   5.48
    13112       0.2056   5.48
    13113       0.2047   5.48
    13114       0.2053   5.48
    13115       0.2046   5.48
    13116       0.2048   5.48
    13117       0.2051   5.48
    13118       0.2047   5.48
    13119       0.2054   5.48
    13120       0.2046   5.48
    13121       0.2054   5.48
    13122       0.2049   5.48
    13123       0.2048   5.48
    13124       0.2053   5.48
    13125       0.2046   5.47
    13126       0.2053   5.47
    13127       0.2047   5.48
    13128       0.2048   5.48
    13129       0.2056   5.48
    13130       0.2049   5.48
    13131       0.2052   5.48
    13132       0.2047   5.47
    13133       0.2048   5.47
    13134       0.2052   5.47
    13135       0.2047   5.48
    13136       0.2055   5.48
    13137       0.2050   5.48
    13138       0.2053   5.48
    13139       0.2047   5.47
    13140       0.2047   5.47
    13141       0.2053   5.47
    13142       0.2047   5.48
    13143       0.2054   5.48
    13144       0.2049   5.48
    13145       0.2048   5.48
    13146       0.2053   5.48
    13147       0.2046   5.47
    13148       0.2054   5.47
    13149       0.2046   5.48
    13150       0.2048   5.48
    13151       0.2052   5.48
    13152       0.2046   5.48
    13153       0.2053   5.48
    13154       0.2046   5.48
    13155       0.2054   5.48
    13156       0.2050   5.48
    13157       0.2048   5.48
    13158       0.2052   5.48
    13159       0.2046   5.47
    13160       0.2057   5.47
    13161       0.2049   5.48
    13162       0.2049   5.48
    13163       0.2059   5.48
    13164       0.2050   5.47
    13165       0.2052   5.47
    13166       0.2047   5.47
    13167       0.2048   5.47
    13168       0.2047   5.48
    13169       0.2046   5.48
    13170       0.2059   5.48
    13171       0.2047   5.48
    13172       0.2055   5.48
    13173       0.2046   5.48
    13174       0.2047   5.48
    13175       0.2053   5.48
    13176       0.2046   5.48
    13177       0.2053   5.48
    13178       0.2046   5.48
    13179       0.2046   5.48
    13180       0.2056   5.48
    13181       0.2047   5.48
    13182       0.2055   5.48
    13183       0.2046   5.48
    13184       0.2053   5.48
    13185       0.2046   5.48
    13186       0.2047   5.48
    13187       0.2052   5.48
    13188       0.2047   5.48
    13189       0.2053   5.48
    13190       0.2046   5.48
    13191       0.2047   5.48
    13192       0.2053   5.48
    13193       0.2047   5.48
    13194       0.2054   5.48
    13195       0.2046   5.48
    13196       0.2047   5.48
    13197       0.2054   5.48
    13198       0.2047   5.48
    13199       0.2054   5.48
    13200       0.2047   5.48
    13201       0.2054   5.48
    13202       0.2046   5.48
    13203       0.2047   5.48
    13204       0.2054   5.48
    13205       0.2046   5.48
    13206       0.2053   5.48
    13207       0.2047   5.48
    13208       0.2047   5.48
    13209       0.2054   5.48
    13210       0.2047   5.48
    13211       0.2053   5.48
    13212       0.2046   5.48
    13213       0.2046   5.48
    13214       0.2052   5.48
    13215       0.2047   5.48
    13216       0.2054   5.48
    13217       0.2049   5.48
    13218       0.2053   5.48
    13219       0.2047   5.47
    13220       0.2046   5.47
    13221       0.2054   5.47
    13222       0.2046   5.48
    13223       0.2056   5.48
    13224       0.2045   5.48
    13225       0.2046   5.48
    13226       0.2055   5.48
    13227       0.2050   5.48
    13228       0.2057   5.48
    13229       0.2049   5.47
    13230       0.2048   5.47
    13231       0.2056   5.47
    13232       0.2047   5.47
    13233       0.2057   5.47
    13234       0.2049   5.48
    13235       0.2057   5.48
    13236       0.2049   5.47
    13237       0.2049   5.47
    13238       0.2053   5.47
    13239       0.2046   5.47
    13240       0.2054   5.47
    13241       0.2046   5.48
    13242       0.2047   5.48
    13243       0.2053   5.48
    13244       0.2046   5.48
    13245       0.2052   5.48
    13246       0.2047   5.48
    13247       0.2048   5.48
    13248       0.2052   5.48
    13249       0.2048   5.48
    13250       0.2053   5.48
    13251       0.2047   5.48
    13252       0.2054   5.48
    13253       0.2049   5.48
    13254       0.2049   5.48
    13255       0.2056   5.48
    13256       0.2050   5.47
    13257       0.2053   5.47
    13258       0.2046   5.47
    13259       0.2047   5.47
    13260       0.2052   5.47
    13261       0.2046   5.48
    13262       0.2052   5.48
    13263       0.2046   5.48
    13264       0.2046   5.48
    13265       0.2054   5.48
    13266       0.2047   5.48
    13267       0.2053   5.48
    13268       0.2047   5.48
    13269       0.2054   5.48
    13270       0.2047   5.48
    13271       0.2047   5.48
    13272       0.2053   5.48
    13273       0.2047   5.48
    13274       0.2053   5.48
    13275       0.2047   5.48
    13276       0.2046   5.48
    13277       0.2053   5.48
    13278       0.2047   5.48
    13279       0.2053   5.48
    13280       0.2046   5.48
    13281       0.2047   5.48
    13282       0.2055   5.48
    13283       0.2047   5.48
    13284       0.2057   5.48
    13285       0.2049   5.48
    13286       0.2062   5.48
    13287       0.2047   5.47
    13288       0.2048   5.47
    13289       0.2053   5.47
    13290       0.2046   5.48
    13291       0.2059   5.48
    13292       0.2049   5.48
    13293       0.2049   5.48
    13294       0.2055   5.48
    13295       0.2046   5.47
    13296       0.2054   5.47
    13297       0.2047   5.48
    13298       0.2048   5.48
    13299       0.2055   5.48
    13300       0.2049   5.48
    13301       0.2056   5.48
    13302       0.2049   5.47
    13303       0.2054   5.47
    13304       0.2046   5.47
    13305       0.2047   5.47
    13306       0.2053   5.47
    13307       0.2047   5.48
    13308       0.2146   5.48
    13309       0.2046   5.48
    13310       0.2047   5.48
    13311       0.2051   5.48
    13312       0.2045   5.48
    13313       0.2053   5.48
    13314       0.2047   5.48
    13315       0.2047   5.48
    13316       0.2053   5.48
    13317       0.2047   5.48
    13318       0.2054   5.48
    13319       0.2050   5.48
    13320       0.2053   5.48
    13321       0.2046   5.47
    13322       0.2047   5.47
    13323       0.2054   5.47
    13324       0.2047   5.48
    13325       0.2056   5.48
    13326       0.2048   5.48
    13327       0.2047   5.48
    13328       0.2053   5.48
    13329       0.2046   5.48
    13330       0.2052   5.48
    13331       0.2047   5.48
    13332       0.2046   5.48
    13333       0.2054   5.48
    13334       0.2046   5.48
    13335       0.2053   5.48
    13336       0.2047   5.48
    13337       0.2054   5.48
    13338       0.2046   5.48
    13339       0.2047   5.48
    13340       0.2056   5.48
    13341       0.2049   5.48
    13342       0.2057   5.48
    13343       0.2046   5.47
    13344       0.2047   5.47
    13345       0.2053   5.47
    13346       0.2048   5.48
    13347       0.2054   5.48
    13348       0.2049   5.48
    13349       0.2050   5.48
    13350       0.2059   5.48
    13351       0.2050   5.47
    13352       0.2055   5.47
    13353       0.2046   5.47
    13354       0.2054   5.47
    13355       0.2047   5.48
    13356       0.2047   5.48
    13357       0.2054   5.48
    13358       0.2049   5.48
    13359       0.2054   5.48
    13360       0.2046   5.47
    13361       0.2047   5.47
    13362       0.2054   5.47
    13363       0.2050   5.48
    13364       0.2054   5.48
    13365       0.2047   5.47
    13366       0.2046   5.47
    13367       0.2053   5.47
    13368       0.2047   5.48
    13369       0.2055   5.48
    13370       0.2049   5.48
    13371       0.2055   5.48
    13372       0.2049   5.47
    13373       0.2049   5.47
    13374       0.2056   5.47
    13375       0.2050   5.47
    13376       0.2054   5.47
    13377       0.2046   5.47
    13378       0.2047   5.47
    13379       0.2053   5.47
    13380       0.2047   5.48
    13381       0.2053   5.48
    13382       0.2047   5.48
    13383       0.2047   5.48
    13384       0.2056   5.48
    13385       0.2049   5.48
    13386       0.2053   5.48
    13387       0.2047   5.47
    13388       0.2054   5.47
    13389       0.2046   5.48
    13390       0.2048   5.48
    13391       0.2054   5.48
    13392       0.2049   5.48
    13393       0.2056   5.48
    13394       0.2049   5.47
    13395       0.2050   5.47
    13396       0.2052   5.47
    13397       0.2047   5.47
    13398       0.2054   5.47
    13399       0.2047   5.48
    13400       0.2047   5.48
    13401       0.2055   5.48
    13402       0.2046   5.48
    13403       0.2056   5.48
    13404       0.2050   5.48
    13405       0.2054   5.48
    13406       0.2046   5.47
    13407       0.2046   5.47
    13408       0.2052   5.47
    13409       0.2046   5.48
    13410       0.2058   5.48
    13411       0.2047   5.48
    13412       0.2047   5.48
    13413       0.2057   5.48
    13414       0.2050   5.48
    13415       0.2055   5.48
    13416       0.2049   5.47
    13417       0.2051   5.47
    13418       0.2051   5.47
    13419       0.2047   5.47
    13420       0.2053   5.47
    13421       0.2046   5.48
    13422       0.2053   5.48
    13423       0.2046   5.48
    13424       0.2047   5.48
    13425       0.2054   5.48
    13426       0.2049   5.48
    13427       0.2055   5.48
    13428       0.2047   5.47
    13429       0.2046   5.47
    13430       0.2053   5.47
    13431       0.2047   5.48
    13432       0.2053   5.48
    13433       0.2047   5.48
    13434       0.2048   5.48
    13435       0.2052   5.48
    13436       0.2047   5.48
    13437       0.2052   5.48
    13438       0.2046   5.48
    13439       0.2053   5.48
    13440       0.2046   5.48
    13441       0.2048   5.48
    13442       0.2053   5.48
    13443       0.2046   5.48
    13444       0.2053   5.48
    13445       0.2046   5.48
    13446       0.2047   5.48
    13447       0.2055   5.48
    13448       0.2050   5.48
    13449       0.2055   5.48
    13450       0.2046   5.47
    13451       0.2048   5.47
    13452       0.2051   5.47
    13453       0.2047   5.48
    13454       0.2052   5.48
    13455       0.2046   5.48
    13456       0.2054   5.48
    13457       0.2049   5.48
    13458       0.2049   5.48
    13459       0.2056   5.48
    13460       0.2049   5.47
    13461       0.2062   5.47
    13462       0.2049   5.47
    13463       0.2050   5.47
    13464       0.2055   5.47
    13465       0.2047   5.47
    13466       0.2053   5.47
    13467       0.2047   5.48
    13468       0.2048   5.48
    13469       0.2050   5.48
    13470       0.2046   5.48
    13471       0.2058   5.48
    13472       0.2049   5.48
    13473       0.2058   5.48
    13474       0.2046   5.47
    13475       0.2047   5.47
    13476       0.2053   5.47
    13477       0.2046   5.48
    13478       0.2054   5.48
    13479       0.2049   5.48
    13480       0.2049   5.48
    13481       0.2056   5.48
    13482       0.2050   5.47
    13483       0.2054   5.47
    13484       0.2046   5.47
    13485       0.2053   5.47
    13486       0.2046   5.48
    13487       0.2046   5.48
    13488       0.2054   5.48
    13489       0.2044   5.48
    13490       0.2052   5.48
    13491       0.2047   5.48
    13492       0.2047   5.48
    13493       0.2054   5.48
    13494       0.2047   5.48
    13495       0.2054   5.48
    13496       0.2046   5.48
    13497       0.2047   5.48
    13498       0.2053   5.48
    13499       0.2046   5.48
    13500       0.2053   5.48
    13501       0.2048   5.48
    13502       0.2048   5.48
    13503       0.2046   5.48
    13504       0.2047   5.48
    13505       0.2053   5.48
    13506       0.2047   5.48
    13507       0.2054   5.48
    13508       0.2047   5.48
    13509       0.2047   5.48
    13510       0.2054   5.48
    13511       0.2046   5.48
    13512       0.2053   5.48
    13513       0.2048   5.48
    13514       0.2050   5.48
    13515       0.2052   5.48
    13516       0.2046   5.47
    13517       0.2053   5.47
    13518       0.2047   5.48
    13519       0.2054   5.48
    13520       0.2048   5.48
    13521       0.2047   5.48
    13522       0.2055   5.48
    13523       0.2047   5.48
    13524       0.2056   5.48
    13525       0.2046   5.48
    13526       0.2047   5.48
    13527       0.2052   5.48
    13528       0.2047   5.48
    13529       0.2054   5.48
    13530       0.2046   5.48
    13531       0.2047   5.48
    13532       0.2057   5.48
    13533       0.2047   5.48
    13534       0.2057   5.48
    13535       0.2048   5.48
    13536       0.2056   5.48
    13537       0.2048   5.47
    13538       0.2049   5.47
    13539       0.2055   5.47
    13540       0.2047   5.47
    13541       0.2054   5.47
    13542       0.2047   5.48
    13543       0.2047   5.48
    13544       0.2054   5.48
    13545       0.2046   5.48
    13546       0.2053   5.48
    13547       0.2047   5.48
    13548       0.2047   5.48
    13549       0.2055   5.48
    13550       0.2049   5.48
    13551       0.2054   5.48
    13552       0.2046   5.47
    13553       0.2053   5.47
    13554       0.2045   5.48
    13555       0.2045   5.48
    13556       0.2053   5.48
    13557       0.2047   5.48
    13558       0.2053   5.48
    13559       0.2048   5.48
    13560       0.2048   5.48
    13561       0.2053   5.48
    13562       0.2047   5.47
    13563       0.2053   5.47
    13564       0.2046   5.48
    13565       0.2047   5.48
    13566       0.2053   5.48
    13567       0.2046   5.48
    13568       0.2054   5.48
    13569       0.2047   5.48
    13570       0.2053   5.48
    13571       0.2049   5.48
    13572       0.2049   5.48
    13573       0.2054   5.48
    13574       0.2047   5.47
    13575       0.2053   5.47
    13576       0.2047   5.48
    13577       0.2047   5.48
    13578       0.2055   5.48
    13579       0.2047   5.48
    13580       0.2055   5.48
    13581       0.2046   5.48
    13582       0.2047   5.48
    13583       0.2054   5.48
    13584       0.2046   5.48
    13585       0.2053   5.48
    13586       0.2047   5.48
    13587       0.2054   5.48
    13588       0.2047   5.48
    13589       0.2049   5.48
    13590       0.2059   5.48
    13591       0.2046   5.47
    13592       0.2055   5.47
    13593       0.2047   5.48
    13594       0.2047   5.48
    13595       0.2054   5.48
    13596       0.2046   5.48
    13597       0.2053   5.48
    13598       0.2047   5.48
    13599       0.2047   5.48
    13600       0.2052   5.48
    13601       0.2047   5.48
    13602       0.2055   5.48
    13603       0.2048   5.48
    13604       0.2057   5.48
    13605       0.2050   5.47
    13606       0.2049   5.47
    13607       0.2054   5.47
    13608       0.2047   5.47
    13609       0.2053   5.47
    13610       0.2046   5.48
    13611       0.2047   5.48
    13612       0.2053   5.48
    13613       0.2046   5.48
    13614       0.2053   5.48
    13615       0.2047   5.48
    13616       0.2047   5.48
    13617       0.2053   5.48
    13618       0.2046   5.48
    13619       0.2053   5.48
    13620       0.2047   5.48
    13621       0.2053   5.48
    13622       0.2048   5.48
    13623       0.2049   5.48
    13624       0.2055   5.48
    13625       0.2046   5.47
    13626       0.2054   5.47
    13627       0.2047   5.48
    13628       0.2047   5.48
    13629       0.2053   5.48
    13630       0.2047   5.48
    13631       0.2053   5.48
    13632       0.2048   5.48
    13633       0.2046   5.48
    13634       0.2054   5.48
    13635       0.2050   5.48
    13636       0.2056   5.48
    13637       0.2049   5.47
    13638       0.2056   5.47
    13639       0.2049   5.47
    13640       0.2050   5.47
    13641       0.2057   5.47
    13642       0.2045   5.47
    13643       0.2055   5.47
    13644       0.2046   5.48
    13645       0.2048   5.48
    13646       0.2053   5.48
    13647       0.2047   5.48
    13648       0.2053   5.48
    13649       0.2048   5.48
    13650       0.2050   5.48
    13651       0.2058   5.48
    13652       0.2047   5.47
    13653       0.2056   5.47
    13654       0.2047   5.48
    13655       0.2054   5.48
    13656       0.2047   5.48
    13657       0.2046   5.48
    13658       0.2053   5.48
    13659       0.2047   5.48
    13660       0.2054   5.48
    13661       0.2046   5.48
    13662       0.2047   5.48
    13663       0.2054   5.48
    13664       0.2047   5.48
    13665       0.2054   5.48
    13666       0.2048   5.48
    13667       0.2050   5.48
    13668       0.2053   5.48
    13669       0.2047   5.47
    13670       0.2054   5.47
    13671       0.2048   5.48
    13672       0.2056   5.48
    13673       0.2047   5.47
    13674       0.2047   5.47
    13675       0.2055   5.47
    13676       0.2046   5.48
    13677       0.2052   5.48
    13678       0.2047   5.48
    13679       0.2047   5.48
    13680       0.2055   5.48
    13681       0.2049   5.48
    13682       0.2056   5.48
    13683       0.2046   5.47
    13684       0.2047   5.47
    13685       0.2054   5.47
    13686       0.2050   5.48
    13687       0.2056   5.48
    13688       0.2046   5.47
    13689       0.2053   5.47
    13690       0.2047   5.48
    13691       0.2046   5.48
    13692       0.2054   5.48
    13693       0.2045   5.48
    13694       0.2053   5.48
    13695       0.2047   5.48
    13696       0.2047   5.48
    13697       0.2052   5.48
    13698       0.2047   5.48
    13699       0.2053   5.48
    13700       0.2047   5.48
    13701       0.2047   5.48
    13702       0.2055   5.48
    13703       0.2047   5.48
    13704       0.2055   5.48
    13705       0.2048   5.48
    13706       0.2056   5.48
    13707       0.2047   5.47
    13708       0.2046   5.47
    13709       0.2053   5.47
    13710       0.2046   5.48
    13711       0.2057   5.48
    13712       0.2047   5.48
    13713       0.2045   5.48
    13714       0.2055   5.48
    13715       0.2047   5.48
    13716       0.2052   5.48
    13717       0.2047   5.48
    13718       0.2046   5.48
    13719       0.2053   5.48
    13720       0.2047   5.48
    13721       0.2052   5.48
    13722       0.2048   5.48
    13723       0.2057   5.48
    13724       0.2046   5.47
    13725       0.2047   5.47
    13726       0.2053   5.47
    13727       0.2046   5.48
    13728       0.2053   5.48
    13729       0.2047   5.48
    13730       0.2047   5.48
    13731       0.2052   5.48
    13732       0.2048   5.48
    13733       0.2053   5.48
    13734       0.2046   5.48
    13735       0.2047   5.48
    13736       0.2054   5.48
    13737       0.2049   5.48
    13738       0.2055   5.48
    13739       0.2045   5.47
    13740       0.2053   5.47
    13741       0.2047   5.48
    13742       0.2047   5.48
    13743       0.2053   5.48
    13744       0.2049   5.48
    13745       0.2057   5.48
    13746       0.2047   5.47
    13747       0.2047   5.47
    13748       0.2053   5.47
    13749       0.2047   5.48
    13750       0.2052   5.48
    13751       0.2047   5.48
    13752       0.2047   5.48
    13753       0.2219   5.48
    13754       0.2046   5.48
    13755       0.2052   5.48
    13756       0.2047   5.48
    13757       0.2054   5.48
    13758       0.2046   5.48
    13759       0.2047   5.48
    13760       0.2055   5.48
    13761       0.2045   5.48
    13762       0.2055   5.48
    13763       0.2047   5.48
    13764       0.2047   5.48
    13765       0.2054   5.48
    13766       0.2049   5.48
    13767       0.2056   5.48
    13768       0.2049   5.47
    13769       0.2051   5.47
    13770       0.2059   5.47
    13771       0.2049   5.47
    13772       0.2058   5.47
    13773       0.2046   5.47
    13774       0.2054   5.47
    13775       0.2046   5.48
    13776       0.2047   5.48
    13777       0.2053   5.48
    13778       0.2046   5.48
    13779       0.2054   5.48
    13780       0.2047   5.48
    13781       0.2046   5.48
    13782       0.2053   5.48
    13783       0.2047   5.48
    13784       0.2052   5.48
    13785       0.2047   5.48
    13786       0.2048   5.48
    13787       0.2047   5.48
    13788       0.2049   5.48
    13789       0.2057   5.48
    13790       0.2045   5.47
    13791       0.2054   5.47
    13792       0.2047   5.48
    13793       0.2046   5.48
    13794       0.2052   5.48
    13795       0.2047   5.48
    13796       0.2053   5.48
    13797       0.2048   5.48
    13798       0.2050   5.48
    13799       0.2055   5.48
    13800       0.2046   5.47
    13801       0.2054   5.47
    13802       0.2046   5.48
    13803       0.2053   5.48
    13804       0.2047   5.48
    13805       0.2048   5.48
    13806       0.2055   5.48
    13807       0.2049   5.47
    13808       0.2056   5.47
    13809       0.2048   5.47
    13810       0.2049   5.47
    13811       0.2056   5.47
    13812       0.2045   5.47
    13813       0.2053   5.47
    13814       0.2046   5.48
    13815       0.2047   5.48
    13816       0.2052   5.48
    13817       0.2048   5.48
    13818       0.2054   5.48
    13819       0.2046   5.47
    13820       0.2056   5.47
    13821       0.2047   5.48
    13822       0.2048   5.48
    13823       0.2057   5.48
    13824       0.2046   5.47
    13825       0.2053   5.47
    13826       0.2047   5.48
    13827       0.2049   5.48
    13828       0.2056   5.48
    13829       0.2047   5.47
    13830       0.2059   5.47
    13831       0.2047   5.48
    13832       0.2047   5.48
    13833       0.2150   5.48
    13834       0.2046   5.48
    13835       0.2053   5.48
    13836       0.2047   5.48
    13837       0.2053   5.48
    13838       0.2046   5.48
    13839       0.2047   5.48
    13840       0.2054   5.48
    13841       0.2046   5.48
    13842       0.2052   5.48
    13843       0.2045   5.48
    13844       0.2046   5.48
    13845       0.2052   5.48
    13846       0.2047   5.48
    13847       0.2055   5.48
    13848       0.2047   5.48
    13849       0.2046   5.48
    13850       0.2054   5.48
    13851       0.2049   5.48
    13852       0.2056   5.48
    13853       0.2046   5.47
    13854       0.2054   5.47
    13855       0.2046   5.48
    13856       0.2047   5.48
    13857       0.2053   5.48
    13858       0.2048   5.48
    13859       0.2053   5.48
    13860       0.2047   5.48
    13861       0.2047   5.48
    13862       0.2052   5.48
    13863       0.2047   5.48
    13864       0.2053   5.48
    13865       0.2048   5.48
    13866       0.2050   5.48
    13867       0.2055   5.48
    13868       0.2046   5.47
    13869       0.2053   5.47
    13870       0.2047   5.48
    13871       0.2053   5.48
    13872       0.2047   5.48
    13873       0.2047   5.48
    13874       0.2053   5.48
    13875       0.2047   5.48
    13876       0.2053   5.48
    13877       0.2046   5.48
    13878       0.2047   5.48
    13879       0.2053   5.48
    13880       0.2047   5.48
    13881       0.2055   5.48
    13882       0.2046   5.48
    13883       0.2047   5.48
    13884       0.2056   5.48
    13885       0.2047   5.48
    13886       0.2054   5.48
    13887       0.2048   5.48
    13888       0.2054   5.48
    13889       0.2047   5.48
    13890       0.2046   5.48
    13891       0.2057   5.48
    13892       0.2046   5.48
    13893       0.2056   5.48
    13894       0.2047   5.48
    13895       0.2047   5.48
    13896       0.2054   5.48
    13897       0.2047   5.48
    13898       0.2053   5.48
    13899       0.2046   5.48
    13900       0.2047   5.48
    13901       0.2054   5.48
    13902       0.2047   5.48
    13903       0.2053   5.48
    13904       0.2046   5.48
    13905       0.2054   5.48
    13906       0.2047   5.48
    13907       0.2047   5.48
    13908       0.2114   5.48
    13909       0.2047   5.48
    13910       0.2053   5.48
    13911       0.2047   5.48
    13912       0.2047   5.48
    13913       0.2053   5.48
    13914       0.2046   5.48
    13915       0.2053   5.48
    13916       0.2047   5.48
    13917       0.2047   5.48
    13918       0.2054   5.48
    13919       0.2048   5.48
    13920       0.2054   5.48
    13921       0.2047   5.48
    13922       0.2053   5.48
    13923       0.2047   5.48
    13924       0.2048   5.48
    13925       0.2053   5.48
    13926       0.2046   5.48
    13927       0.2053   5.48
    13928       0.2047   5.48
    13929       0.2046   5.48
    13930       0.2053   5.48
    13931       0.2047   5.48
    13932       0.2053   5.48
    13933       0.2046   5.48
    13934       0.2048   5.48
    13935       0.2053   5.48
    13936       0.2047   5.48
    13937       0.2053   5.48
    13938       0.2047   5.48
    13939       0.2056   5.48
    13940       0.2049   5.47
    13941       0.2046   5.47
    13942       0.2055   5.47
    13943       0.2046   5.48
    13944       0.2055   5.48
    13945       0.2047   5.48
    13946       0.2047   5.48
    13947       0.2054   5.48
    13948       0.2047   5.48
    13949       0.2053   5.48
    13950       0.2047   5.48
    13951       0.2049   5.48
    13952       0.2060   5.48
    13953       0.2046   5.47
    13954       0.2057   5.47
    13955       0.2047   5.48
    13956       0.2056   5.48
    13957       0.2049   5.47
    13958       0.2050   5.47
    13959       0.2056   5.47
    13960       0.2046   5.47
    13961       0.2054   5.47
    13962       0.2047   5.48
    13963       0.2047   5.48
    13964       0.2054   5.48
    13965       0.2048   5.48
    13966       0.2054   5.48
    13967       0.2047   5.48
    13968       0.2047   5.48
    13969       0.2051   5.48
    13970       0.2046   5.48
    13971       0.2053   5.48
    13972       0.2046   5.48
    13973       0.2053   5.48
    13974       0.2047   5.48
    13975       0.2047   5.48
    13976       0.2053   5.48
    13977       0.2046   5.48
    13978       0.2053   5.48
    13979       0.2049   5.48
    13980       0.2048   5.48
    13981       0.2055   5.48
    13982       0.2047   5.47
    13983       0.2054   5.47
    13984       0.2046   5.48
    13985       0.2047   5.48
    13986       0.2051   5.48
    13987       0.2047   5.48
    13988       0.2054   5.48
    13989       0.2047   5.48
    13990       0.2053   5.48
    13991       0.2045   5.48
    13992       0.2048   5.48
    13993       0.2056   5.48
    13994       0.2046   5.48
    13995       0.2052   5.48
    13996       0.2047   5.48
    13997       0.2047   5.48
    13998       0.2053   5.48
    13999       0.2047   5.48
    14000       0.2057   5.48
    14001       0.2046   5.48
    14002       0.2047   5.48
    14003       0.2054   5.48
    14004       0.2049   5.48
    14005       0.2056   5.48
    14006       0.2047   5.47
    14007       0.2053   5.47
    14008       0.2047   5.48
    14009       0.2046   5.48
    14010       0.2058   5.48
    14011       0.2046   5.48
    14012       0.2056   5.48
    14013       0.2047   5.48
    14014       0.2046   5.48
    14015       0.2053   5.48
    14016       0.2048   5.48
    14017       0.2056   5.48
    14018       0.2048   5.47
    14019       0.2048   5.47
    14020       0.2052   5.47
    14021       0.2048   5.48
    14022       0.2057   5.48
    14023       0.2047   5.47
    14024       0.2054   5.47
    14025       0.2047   5.48
    14026       0.2047   5.48
    14027       0.2054   5.48
    14028       0.2047   5.48
    14029       0.2053   5.48
    14030       0.2046   5.48
    14031       0.2047   5.48
    14032       0.2054   5.48
    14033       0.2046   5.48
    14034       0.2054   5.48
    14035       0.2046   5.48
    14036       0.2048   5.48
    14037       0.2050   5.48
    14038       0.2048   5.48
    14039       0.2056   5.48
    14040       0.2050   5.48
    14041       0.2055   5.48
    14042       0.2049   5.47
    14043       0.2045   5.47
    14044       0.2052   5.47
    14045       0.2047   5.48
    14046       0.2053   5.48
    14047       0.2046   5.48
    14048       0.2046   5.48
    14049       0.2052   5.48
    14050       0.2046   5.48
    14051       0.2053   5.48
    14052       0.2046   5.48
    14053       0.2048   5.48
    14054       0.2052   5.48
    14055       0.2047   5.48
    14056       0.2053   5.48
    14057       0.2047   5.48
    14058       0.2055   5.48
    14059       0.2048   5.48
    14060       0.2046   5.48
    14061       0.2055   5.48
    14062       0.2046   5.48
    14063       0.2060   5.48
    14064       0.2046   5.48
    14065       0.2046   5.48
    14066       0.2052   5.48
    14067       0.2046   5.48
    14068       0.2053   5.48
    14069       0.2047   5.48
    14070       0.2048   5.48
    14071       0.2055   5.48
    14072       0.2047   5.48
    14073       0.2056   5.48
    14074       0.2046   5.48
    14075       0.2051   5.48
    14076       0.2046   5.48
    14077       0.2046   5.48
    14078       0.2053   5.48
    14079       0.2047   5.48
    14080       0.2053   5.48
    14081       0.2047   5.48
    14082       0.2046   5.48
    14083       0.2055   5.48
    14084       0.2047   5.48
    14085       0.2053   5.48
    14086       0.2047   5.48
    14087       0.2049   5.48
    14088       0.2052   5.48
    14089       0.2047   5.48
    14090       0.2052   5.48
    14091       0.2046   5.48
    14092       0.2053   5.48
    14093       0.2048   5.48
    14094       0.2047   5.48
    14095       0.2054   5.48
    14096       0.2047   5.48
    14097       0.2056   5.48
    14098       0.2049   5.48
    14099       0.2046   5.48
    14100       0.2053   5.48
    14101       0.2046   5.48
    14102       0.2054   5.48
    14103       0.2047   5.48
    14104       0.2049   5.48
    14105       0.2051   5.48
    14106       0.2046   5.48
    14107       0.2052   5.48
    14108       0.2047   5.48
    14109       0.2053   5.48
    14110       0.2047   5.48
    14111       0.2046   5.48
    14112       0.2053   5.48
    14113       0.2046   5.48
    14114       0.2052   5.48
    14115       0.2045   5.48
    14116       0.2047   5.48
    14117       0.2053   5.48
    14118       0.2047   5.48
    14119       0.2056   5.48
    14120       0.2049   5.48
    14121       0.2047   5.48
    14122       0.2054   5.48
    14123       0.2047   5.48
    14124       0.2055   5.48
    14125       0.2046   5.48
    14126       0.2055   5.48
    14127       0.2046   5.48
    14128       0.2046   5.48
    14129       0.2053   5.48
    14130       0.2046   5.48
    14131       0.2057   5.48
    14132       0.2046   5.48
    14133       0.2047   5.48
    14134       0.2055   5.48
    14135       0.2046   5.48
    14136       0.2054   5.48
    14137       0.2046   5.48
    14138       0.2048   5.48
    14139       0.2051   5.48
    14140       0.2046   5.48
    14141       0.2053   5.48
    14142       0.2046   5.48
    14143       0.2053   5.48
    14144       0.2047   5.48
    14145       0.2046   5.48
    14146       0.2053   5.48
    14147       0.2046   5.48
    14148       0.2053   5.48
    14149       0.2047   5.48
    14150       0.2048   5.48
    14151       0.2055   5.48
    14152       0.2046   5.48
    14153       0.2053   5.48
    14154       0.2047   5.48
    14155       0.2050   5.48
    14156       0.2054   5.48
    14157       0.2046   5.48
    14158       0.2053   5.48
    14159       0.2047   5.48
    14160       0.2051   5.48
    14161       0.2045   5.48
    14162       0.2047   5.48
    14163       0.2053   5.48
    14164       0.2047   5.48
    14165       0.2053   5.48
    14166       0.2046   5.48
    14167       0.2046   5.48
    14168       0.2053   5.48
    14169       0.2047   5.48
    14170       0.2052   5.48
    14171       0.2047   5.48
    14172       0.2050   5.48
    14173       0.2053   5.48
    14174       0.2047   5.48
    14175       0.2057   5.48
    14176       0.2046   5.48
    14177       0.2056   5.48
    14178       0.2046   5.48
    14179       0.2046   5.48
    14180       0.2055   5.48
    14181       0.2047   5.48
    14182       0.2053   5.48
    14183       0.2047   5.48
    14184       0.2048   5.48
    14185       0.2060   5.48
    14186       0.2047   5.48
    14187       0.2055   5.48
    14188       0.2047   5.48
    14189       0.2049   5.48
    14190       0.2046   5.48
    14191       0.2047   5.48
    14192       0.2054   5.48
    14193       0.2047   5.48
    14194       0.2058   5.48
    14195       0.2048   5.48
    14196       0.2046   5.48
    14197       0.2055   5.48
    14198       0.2045   5.48
    14199       0.2053   5.48
    14200       0.2047   5.48
    14201       0.2049   5.48
    14202       0.2055   5.48
    14203       0.2047   5.48
    14204       0.2056   5.48
    14205       0.2046   5.48
    14206       0.2055   5.48
    14207       0.2048   5.48
    14208       0.2047   5.48
    14209       0.2053   5.48
    14210       0.2046   5.48
    14211       0.2053   5.48
    14212       0.2046   5.48
    14213       0.2047   5.48
    14214       0.2053   5.48
    14215       0.2046   5.48
    14216       0.2054   5.48
    14217       0.2047   5.48
    14218       0.2048   5.48
    14219       0.2056   5.48
    14220       0.2048   5.48
    14221       0.2052   5.48
    14222       0.2046   5.48
    14223       0.2054   5.48
    14224       0.2047   5.48
    14225       0.2047   5.48
    14226       0.2052   5.48
    14227       0.2047   5.48
    14228       0.2054   5.48
    14229       0.2046   5.48
    14230       0.2046   5.48
    14231       0.2053   5.48
    14232       0.2047   5.48
    14233       0.2054   5.48
    14234       0.2047   5.48
    14235       0.2048   5.48
    14236       0.2057   5.48
    14237       0.2048   5.48
    14238       0.2056   5.48
    14239       0.2049   5.47
    14240       0.2055   5.47
    14241       0.2046   5.48
    14242       0.2046   5.48
    14243       0.2055   5.48
    14244       0.2048   5.48
    14245       0.2055   5.48
    14246       0.2049   5.48
    14247       0.2046   5.48
    14248       0.2052   5.48
    14249       0.2046   5.48
    14250       0.2059   5.48
    14251       0.2049   5.48
    14252       0.2045   5.48
    14253       0.2056   5.48
    14254       0.2047   5.48
    14255       0.2054   5.48
    14256       0.2047   5.48
    14257       0.2053   5.48
    14258       0.2047   5.48
    14259       0.2046   5.48
    14260       0.2052   5.48
    14261       0.2047   5.48
    14262       0.2054   5.48
    14263       0.2047   5.48
    14264       0.2047   5.48
    14265       0.2053   5.48
    14266       0.2047   5.48
    14267       0.2054   5.48
    14268       0.2047   5.48
    14269       0.2047   5.48
    14270       0.2052   5.48
    14271       0.2046   5.48
    14272       0.2052   5.48
    14273       0.2046   5.48
    14274       0.2054   5.48
    14275       0.2047   5.48
    14276       0.2046   5.48
    14277       0.2051   5.48
    14278       0.2046   5.48
    14279       0.2054   5.48
    14280       0.2046   5.48
    14281       0.2048   5.48
    14282       0.2054   5.48
    14283       0.2049   5.48
    14284       0.2052   5.48
    14285       0.2047   5.48
    14286       0.2047   5.48
    14287       0.2053   5.48
    14288       0.2046   5.48
    14289       0.2053   5.48
    14290       0.2047   5.48
    14291       0.2053   5.48
    14292       0.2046   5.48
    14293       0.2047   5.48
    14294       0.2054   5.48
    14295       0.2049   5.48
    14296       0.2056   5.48
    14297       0.2048   5.47
    14298       0.2047   5.47
    14299       0.2053   5.47
    14300       0.2047   5.48
    14301       0.2055   5.48
    14302       0.2046   5.48
    14303       0.2047   5.48
    14304       0.2055   5.48
    14305       0.2046   5.48
    14306       0.2056   5.48
    14307       0.2047   5.48
    14308       0.2053   5.48
    14309       0.2046   5.48
    14310       0.2047   5.48
    14311       0.2057   5.48
    14312       0.2047   5.48
    14313       0.2056   5.48
    14314       0.2047   5.48
    14315       0.2048   5.48
    14316       0.2056   5.48
    14317       0.2050   5.48
    14318       0.2152   5.48
    14319       0.2049   5.47
    14320       0.2046   5.47
    14321       0.2053   5.47
    14322       0.2047   5.47
    14323       0.2053   5.47
    14324       0.2047   5.48
    14325       0.2054   5.48
    14326       0.2047   5.48
    14327       0.2047   5.48
    14328       0.2053   5.48
    14329       0.2046   5.48
    14330       0.2054   5.48
    14331       0.2048   5.48
    14332       0.2049   5.48
    14333       0.2056   5.48
    14334       0.2049   5.47
    14335       0.2057   5.47
    14336       0.2050   5.47
    14337       0.2047   5.47
    14338       0.2053   5.47
    14339       0.2048   5.47
    14340       0.2054   5.47
    14341       0.2049   5.48
    14342       0.2052   5.48
    14343       0.2045   5.48
    14344       0.2048   5.48
    14345       0.2054   5.48
    14346       0.2050   5.48
    14347       0.2055   5.48
    14348       0.2049   5.47
    14349       0.2046   5.47
    14350       0.2053   5.47
    14351       0.2047   5.48
    14352       0.2055   5.48
    14353       0.2048   5.48
    14354       0.2047   5.48
    14355       0.2053   5.48
    14356       0.2047   5.48
    14357       0.2052   5.48
    14358       0.2047   5.48
    14359       0.2052   5.48
    14360       0.2045   5.48
    14361       0.2045   5.48
    14362       0.2056   5.48
    14363       0.2047   5.48
    14364       0.2056   5.48
    14365       0.2046   5.48
    14366       0.2047   5.48
    14367       0.2053   5.48
    14368       0.2047   5.48
    14369       0.2052   5.48
    14370       0.2046   5.48
    14371       0.2046   5.48
    14372       0.2057   5.48
    14373       0.2047   5.48
    14374       0.2058   5.48
    14375       0.2047   5.48
    14376       0.2054   5.48
    14377       0.2048   5.48
    14378       0.2047   5.48
    14379       0.2052   5.48
    14380       0.2046   5.48
    14381       0.2054   5.48
    14382       0.2046   5.48
    14383       0.2046   5.48
    14384       0.2053   5.48
    14385       0.2047   5.48
    14386       0.2052   5.48
    14387       0.2046   5.48
    14388       0.2046   5.48
    14389       0.2053   5.48
    14390       0.2048   5.48
    14391       0.2054   5.48
    14392       0.2047   5.48
    14393       0.2053   5.48
    14394       0.2046   5.48
    14395       0.2046   5.48
    14396       0.2054   5.48
    14397       0.2047   5.48
    14398       0.2055   5.48
    14399       0.2049   5.48
    14400       0.2047   5.48
    14401       0.2052   5.48
    14402       0.2047   5.47
    14403       0.2057   5.47
    14404       0.2047   5.48
    14405       0.2047   5.48
    14406       0.2054   5.48
    14407       0.2047   5.48
    14408       0.2054   5.48
    14409       0.2046   5.48
    14410       0.2054   5.48
    14411       0.2049   5.48
    14412       0.2048   5.48
    14413       0.2056   5.48
    14414       0.2047   5.47
    14415       0.2054   5.47
    14416       0.2046   5.48
    14417       0.2047   5.48
    14418       0.2054   5.48
    14419       0.2047   5.48
    14420       0.2055   5.48
    14421       0.2047   5.48
    14422       0.2047   5.48
    14423       0.2054   5.48
    14424       0.2047   5.48
    14425       0.2053   5.48
    14426       0.2047   5.48
    14427       0.2054   5.48
    14428       0.2046   5.48
    14429       0.2046   5.48
    14430       0.2057   5.48
    14431       0.2047   5.48
    14432       0.2055   5.48
    14433       0.2046   5.48
    14434       0.2047   5.48
    14435       0.2053   5.48
    14436       0.2046   5.48
    14437       0.2055   5.48
    14438       0.2050   5.48
    14439       0.2048   5.48
    14440       0.2052   5.48
    14441       0.2046   5.47
    14442       0.2054   5.47
    14443       0.2047   5.48
    14444       0.2054   5.48
    14445       0.2046   5.48
    14446       0.2047   5.48
    14447       0.2054   5.48
    14448       0.2047   5.48
    14449       0.2054   5.48
    14450       0.2049   5.48
    14451       0.2047   5.48
    14452       0.2052   5.48
    14453       0.2047   5.47
    14454       0.2053   5.47
    14455       0.2049   5.48
    14456       0.2049   5.48
    14457       0.2057   5.48
    14458       0.2049   5.47
    14459       0.2053   5.47
    14460       0.2047   5.47
    14461       0.2052   5.47
    14462       0.2047   5.48
    14463       0.2046   5.48
    14464       0.2051   5.48
    14465       0.2047   5.48
    14466       0.2054   5.48
    14467       0.2047   5.48
    14468       0.2047   5.48
    14469       0.2052   5.48
    14470       0.2047   5.48
    14471       0.2053   5.48
    14472       0.2046   5.48
    14473       0.2047   5.48
    14474       0.2054   5.48
    14475       0.2047   5.48
    14476       0.2053   5.48
    14477       0.2047   5.48
    14478       0.2054   5.48
    14479       0.2047   5.48
    14480       0.2046   5.48
    14481       0.2055   5.48
    14482       0.2046   5.48
    14483       0.2054   5.48
    14484       0.2047   5.48
    14485       0.2046   5.48
    14486       0.2053   5.48
    14487       0.2047   5.48
    14488       0.2052   5.48
    14489       0.2046   5.48
    14490       0.2047   5.48
    14491       0.2057   5.48
    14492       0.2047   5.48
    14493       0.2054   5.48
    14494       0.2047   5.48
    14495       0.2054   5.48
    14496       0.2047   5.48
    14497       0.2046   5.48
    14498       0.2054   5.48
    14499       0.2047   5.48
    14500       0.2053   5.48
    14501       0.2046   5.48
    14502       0.2047   5.48
    14503       0.2052   5.48
    14504       0.2047   5.48
    14505       0.2054   5.48
    14506       0.2047   5.48
    14507       0.2047   5.48
    14508       0.2055   5.48
    14509       0.2049   5.48
    14510       0.2052   5.48
    14511       0.2046   5.47
    14512       0.2053   5.47
    14513       0.2049   5.48
    14514       0.2049   5.48
    14515       0.2052   5.48
    14516       0.2046   5.47
    14517       0.2052   5.47
    14518       0.2046   5.48
    14519       0.2047   5.48
    14520       0.2052   5.48
    14521       0.2047   5.48
    14522       0.2052   5.48
    14523       0.2047   5.48
    14524       0.2047   5.48
    14525       0.2053   5.48
    14526       0.2047   5.48
    14527       0.2054   5.48
    14528       0.2049   5.48
    14529       0.2052   5.48
    14530       0.2047   5.47
    14531       0.2047   5.47
    14532       0.2054   5.47
    14533       0.2048   5.48
    14534       0.2053   5.48
    14535       0.2047   5.47
    14536       0.2047   5.47
    14537       0.2055   5.47
    14538       0.2049   5.48
    14539       0.2052   5.48
    14540       0.2047   5.47
    14541       0.2046   5.47
    14542       0.2054   5.47
    14543       0.2046   5.48
    14544       0.2056   5.48
    14545       0.2048   5.48
    14546       0.2053   5.48
    14547       0.2046   5.47
    14548       0.2046   5.47
    14549       0.2052   5.47
    14550       0.2046   5.48
    14551       0.2056   5.48
    14552       0.2046   5.48
    14553       0.2047   5.48
    14554       0.2055   5.48
    14555       0.2047   5.48
    14556       0.2052   5.48
    14557       0.2046   5.48
    14558       0.2046   5.48
    14559       0.2054   5.48
    14560       0.2049   5.48
    14561       0.2058   5.48
    14562       0.2050   5.47
    14563       0.2056   5.47
    14564       0.2046   5.47
    14565       0.2047   5.47
    14566       0.2053   5.47
    14567       0.2049   5.48
    14568       0.2052   5.48
    14569       0.2047   5.47
    14570       0.2047   5.47
    14571       0.2052   5.47
    14572       0.2047   5.48
    14573       0.2054   5.48
    14574       0.2047   5.48
    14575       0.2047   5.48
    14576       0.2052   5.48
    14577       0.2047   5.48
    14578       0.2053   5.48
    14579       0.2049   5.48
    14580       0.2056   5.48
    14581       0.2050   5.47
    14582       0.2049   5.47
    14583       0.2052   5.47
    14584       0.2047   5.47
    14585       0.2053   5.47
    14586       0.2048   5.48
    14587       0.2049   5.48
    14588       0.2051   5.48
    14589       0.2047   5.47
    14590       0.2053   5.47
    14591       0.2046   5.48
    14592       0.2047   5.48
    14593       0.2054   5.48
    14594       0.2049   5.48
    14595       0.2052   5.48
    14596       0.2046   5.47
    14597       0.2052   5.47
    14598       0.2046   5.48
    14599       0.2047   5.48
    14600       0.2055   5.48
    14601       0.2048   5.48
    14602       0.2054   5.48
    14603       0.2045   5.47
    14604       0.2046   5.47
    14605       0.2055   5.47
    14606       0.2049   5.48
    14607       0.2055   5.48
    14608       0.2050   5.47
    14609       0.2048   5.47
    14610       0.2055   5.47
    14611       0.2046   5.47
    14612       0.2057   5.47
    14613       0.2049   5.48
    14614       0.2053   5.48
    14615       0.2046   5.47
    14616       0.2046   5.47
    14617       0.2051   5.47
    14618       0.2047   5.48
    14619       0.2056   5.48
    14620       0.2046   5.48
    14621       0.2047   5.48
    14622       0.2055   5.48
    14623       0.2047   5.48
    14624       0.2054   5.48
    14625       0.2049   5.48
    14626       0.2049   5.48
    14627       0.2054   5.48
    14628       0.2046   5.47
    14629       0.2052   5.47
    14630       0.2047   5.48
    14631       0.2053   5.48
    14632       0.2046   5.48
    14633       0.2047   5.48
    14634       0.2054   5.48
    14635       0.2049   5.48
    14636       0.2054   5.48
    14637       0.2047   5.47
    14638       0.2047   5.47
    14639       0.2052   5.47
    14640       0.2046   5.48
    14641       0.2052   5.48
    14642       0.2046   5.48
    14643       0.2048   5.48
    14644       0.2053   5.48
    14645       0.2047   5.48
    14646       0.2052   5.48
    14647       0.2046   5.48
    14648       0.2053   5.48
    14649       0.2049   5.48
    14650       0.2049   5.48
    14651       0.2053   5.48
    14652       0.2047   5.47
    14653       0.2054   5.47
    14654       0.2049   5.48
    14655       0.2049   5.48
    14656       0.2051   5.48
    14657       0.2047   5.47
    14658       0.2053   5.47
    14659       0.2046   5.48
    14660       0.2047   5.48
    14661       0.2056   5.48
    14662       0.2049   5.48
    14663       0.2054   5.48
    14664       0.2046   5.47
    14665       0.2052   5.47
    14666       0.2048   5.48
    14667       0.2050   5.48
    14668       0.2052   5.48
    14669       0.2047   5.47
    14670       0.2057   5.47
    14671       0.2046   5.48
    14672       0.2046   5.48
    14673       0.2054   5.48
    14674       0.2046   5.48
    14675       0.2051   5.48
    14676       0.2046   5.48
    14677       0.2046   5.48
    14678       0.2053   5.48
    14679       0.2047   5.48
    14680       0.2056   5.48
    14681       0.2047   5.48
    14682       0.2055   5.48
    14683       0.2047   5.48
    14684       0.2046   5.48
    14685       0.2059   5.48
    14686       0.2048   5.48
    14687       0.2054   5.48
    14688       0.2046   5.47
    14689       0.2047   5.47
    14690       0.2051   5.47
    14691       0.2045   5.48
    14692       0.2051   5.48
    14693       0.2046   5.48
    14694       0.2046   5.48
    14695       0.2051   5.48
    14696       0.2046   5.48
    14697       0.2053   5.48
    14698       0.2047   5.48
    14699       0.2051   5.48
    14700       0.2047   5.48
    14701       0.2046   5.48
    14702       0.2053   5.48
    14703       0.2046   5.48
    14704       0.2051   5.48
    14705       0.2046   5.48
    14706       0.2046   5.48
    14707       0.2053   5.48
    14708       0.2049   5.48
    14709       0.2053   5.48
    14710       0.2046   5.47
    14711       0.2046   5.47
    14712       0.2051   5.47
    14713       0.2046   5.48
    14714       0.2052   5.48
    14715       0.2047   5.48
    14716       0.2053   5.48
    14717       0.2046   5.48
    14718       0.2047   5.48
    14719       0.2052   5.48
    14720       0.2047   5.48
    14721       0.2054   5.48
    14722       0.2047   5.48
    14723       0.2046   5.48
    14724       0.2054   5.48
    14725       0.2046   5.48
    14726       0.2053   5.48
    14727       0.2047   5.48
    14728       0.2047   5.48
    14729       0.2054   5.48
    14730       0.2049   5.48
    14731       0.2057   5.48
    14732       0.2047   5.47
    14733       0.2054   5.47
    14734       0.2045   5.48
    14735       0.2047   5.48
    14736       0.2053   5.48
    14737       0.2047   5.48
    14738       0.2052   5.48
    14739       0.2046   5.48
    14740       0.2046   5.48
    14741       0.2055   5.48
    14742       0.2046   5.48
    14743       0.2054   5.48
    14744       0.2047   5.48
    14745       0.2048   5.48
    14746       0.2054   5.48
    14747       0.2050   5.48
    14748       0.2052   5.48
    14749       0.2046   5.47
    14750       0.2053   5.47
    14751       0.2046   5.48
    14752       0.2047   5.48
    14753       0.2053   5.48
    14754       0.2049   5.48
    14755       0.2056   5.48
    14756       0.2049   5.47
    14757       0.2048   5.47
    14758       0.2053   5.47
    14759       0.2046   5.47
    14760       0.2052   5.47
    14761       0.2047   5.48
    14762       0.2047   5.48
    14763       0.2052   5.48
    14764       0.2047   5.48
    14765       0.2053   5.48
    14766       0.2047   5.48
    14767       0.2053   5.48
    14768       0.2046   5.48
    14769       0.2046   5.48
    14770       0.2052   5.48
    14771       0.2046   5.48
    14772       0.2052   5.48
    14773       0.2048   5.48
    14774       0.2050   5.48
    14775       0.2053   5.48
    14776       0.2046   5.47
    14777       0.2053   5.47
    14778       0.2046   5.48
    14779       0.2047   5.48
    14780       0.2054   5.48
    14781       0.2046   5.48
    14782       0.2055   5.48
    14783       0.2047   5.48
    14784       0.2053   5.48
    14785       0.2046   5.48
    14786       0.2046   5.48
    14787       0.2052   5.48
    14788       0.2047   5.48
    14789       0.2056   5.48
    14790       0.2046   5.48
    14791       0.2046   5.48
    14792       0.2055   5.48
    14793       0.2047   5.48
    14794       0.2052   5.48
    14795       0.2045   5.48
    14796       0.2047   5.48
    14797       0.2053   5.48
    14798       0.2046   5.48
    14799       0.2056   5.48
    14800       0.2047   5.48
    14801       0.2054   5.48
    14802       0.2047   5.48
    14803       0.2047   5.48
    14804       0.2052   5.48
    14805       0.2046   5.48
    14806       0.2053   5.48
    14807       0.2048   5.48
    14808       0.2048   5.48
    14809       0.2052   5.48
    14810       0.2046   5.47
    14811       0.2051   5.47
    14812       0.2047   5.48
    14813       0.2047   5.48
    14814       0.2052   5.48
    14815       0.2046   5.48
    14816       0.2053   5.48
    14817       0.2046   5.48
    14818       0.2052   5.48
    14819       0.2046   5.48
    14820       0.2046   5.48
    14821       0.2052   5.48
    14822       0.2044   5.48
    14823       0.2051   5.48
    14824       0.2045   5.48
    14825       0.2045   5.48
    14826       0.2052   5.48
    14827       0.2045   5.48
    14828       0.2051   5.48
    14829       0.2047   5.48
    14830       0.2046   5.48
    14831       0.2052   5.48
    14832       0.2047   5.48
    14833       0.2052   5.48
    14834       0.2047   5.48
    14835       0.2052   5.48
    14836       0.2046   5.48
    14837       0.2046   5.48
    14838       0.2053   5.48
    14839       0.2047   5.48
    14840       0.2062   5.48
    14841       0.2047   5.48
    14842       0.2046   5.48
    14843       0.2054   5.48
    14844       0.2046   5.48
    14845       0.2148   5.48
    14846       0.2046   5.48
    14847       0.2048   5.48
    14848       0.2051   5.48
    14849       0.2046   5.48
    14850       0.2055   5.48
    14851       0.2046   5.48
    14852       0.2054   5.48
    14853       0.2046   5.48
    14854       0.2047   5.48
    14855       0.2052   5.48
    14856       0.2045   5.48
    14857       0.2052   5.48
    14858       0.2046   5.48
    14859       0.2046   5.48
    14860       0.2051   5.48
    14861       0.2046   5.48
    14862       0.2053   5.48
    14863       0.2045   5.48
    14864       0.2046   5.48
    14865       0.2050   5.48
    14866       0.2046   5.48
    14867       0.2052   5.48
    14868       0.2046   5.48
    14869       0.2053   5.48
    14870       0.2047   5.48
    14871       0.2046   5.48
    14872       0.2051   5.48
    14873       0.2046   5.48
    14874       0.2053   5.48
    14875       0.2048   5.48
    14876       0.2049   5.48
    14877       0.2052   5.48
    14878       0.2047   5.47
    14879       0.2052   5.47
    14880       0.2046   5.48
    14881       0.2046   5.48
    14882       0.2052   5.48
    14883       0.2046   5.48
    14884       0.2053   5.48
    14885       0.2046   5.48
    14886       0.2052   5.48
    14887       0.2046   5.48
    14888       0.2047   5.48
    14889       0.2051   5.48
    14890       0.2049   5.48
    14891       0.2056   5.48
    14892       0.2045   5.47
    14893       0.2046   5.47
    14894       0.2053   5.47
    14895       0.2046   5.48
    14896       0.2053   5.48
    14897       0.2046   5.48
    14898       0.2046   5.48
    14899       0.2052   5.48
    14900       0.2046   5.48
    14901       0.2053   5.48
    14902       0.2046   5.48
    14903       0.2055   5.48
    14904       0.2046   5.48
    14905       0.2047   5.48
    14906       0.2053   5.48
    14907       0.2046   5.48
    14908       0.2052   5.48
    14909       0.2046   5.48
    14910       0.2046   5.48
    14911       0.2056   5.48
    14912       0.2046   5.48
    14913       0.2055   5.48
    14914       0.2047   5.48
    14915       0.2047   5.48
    14916       0.2052   5.48
    14917       0.2045   5.48
    14918       0.2051   5.48
    14919       0.2047   5.48
    14920       0.2056   5.48
    14921       0.2046   5.48
    14922       0.2047   5.48
    14923       0.2055   5.48
    14924       0.2048   5.48
    14925       0.2055   5.48
    14926       0.2045   5.47
    14927       0.2047   5.47
    14928       0.2052   5.47
    14929       0.2046   5.48
    14930       0.2052   5.48
    14931       0.2047   5.48
    14932       0.2046   5.48
    14933       0.2053   5.48
    14934       0.2047   5.48
    14935       0.2053   5.48
    14936       0.2046   5.48
    14937       0.2051   5.48
    14938       0.2047   5.48
    14939       0.2047   5.48
    14940       0.2052   5.48
    14941       0.2046   5.48
    14942       0.2053   5.48
    14943       0.2046   5.48
    14944       0.2046   5.48
    14945       0.2053   5.48
    14946       0.2046   5.48
    14947       0.2051   5.48
    14948       0.2047   5.48
    14949       0.2046   5.48
    14950       0.2052   5.48
    14951       0.2046   5.48
    14952       0.2052   5.48
    14953       0.2046   5.48
    14954       0.2052   5.48
    14955       0.2045   5.48
    14956       0.2046   5.48
    14957       0.2051   5.48
    14958       0.2047   5.48
    14959       0.2052   5.48
    14960       0.2046   5.48
    14961       0.2046   5.48
    14962       0.2054   5.48
    14963       0.2046   5.48
    14964       0.2055   5.48
    14965       0.2046   5.48
    14966       0.2047   5.48
    14967       0.2052   5.48
    14968       0.2047   5.48
    14969       0.2051   5.48
    14970       0.2046   5.48
    14971       0.2056   5.48
    14972       0.2046   5.48
    14973       0.2047   5.48
    14974       0.2055   5.48
    14975       0.2046   5.48
    14976       0.2053   5.48
    14977       0.2047   5.48
    14978       0.2046   5.48
    14979       0.2053   5.48
    14980       0.2048   5.48
    14981       0.2058   5.48
    14982       0.2045   5.47
    14983       0.2047   5.47
    14984       0.2055   5.47
    14985       0.2048   5.48
    14986       0.2055   5.48
    14987       0.2046   5.47
    14988       0.2053   5.47
    14989       0.2046   5.48
    14990       0.2046   5.48
    14991       0.2053   5.48
    14992       0.2046   5.48
    14993       0.2052   5.48
    14994       0.2047   5.48
    14995       0.2046   5.48
    14996       0.2059   5.48
    14997       0.2046   5.48
    14998       0.2053   5.48
    14999       0.2046   5.48
    15000       0.2046   5.48
    15001       0.2052   5.48
    15002       0.2046   5.48
    15003       0.2052   5.48
    15004       0.2046   5.48
    15005       0.2051   5.48
    15006       0.2047   5.48
    15007       0.2046   5.48
    15008       0.2053   5.48
    15009       0.2046   5.48
    15010       0.2053   5.48
    15011       0.2049   5.48
    15012       0.2049   5.48
    15013       0.2054   5.48
    15014       0.2049   5.47
    15015       0.2054   5.47
    15016       0.2045   5.47
    15017       0.2047   5.47
    15018       0.2052   5.47
    15019       0.2046   5.48
    15020       0.2054   5.48
    15021       0.2046   5.48
    15022       0.2055   5.48
    15023       0.2046   5.48
    15024       0.2047   5.48
    15025       0.2052   5.48
    15026       0.2045   5.48
    15027       0.2052   5.48
    15028       0.2047   5.48
    15029       0.2046   5.48
    15030       0.2056   5.48
    15031       0.2048   5.48
    15032       0.2058   5.48
    15033       0.2046   5.48
    15034       0.2046   5.48
    15035       0.2051   5.48
    15036       0.2045   5.48
    15037       0.2050   5.48
    15038       0.2046   5.48
    15039       0.2056   5.48
    15040       0.2046   5.48
    15041       0.2046   5.48
    15042       0.2053   5.48
    15043       0.2046   5.48
    15044       0.2051   5.48
    15045       0.2046   5.48
    15046       0.2047   5.48
    15047       0.2052   5.48
    15048       0.2045   5.48
    15049       0.2052   5.48
    15050       0.2047   5.48
    15051       0.2046   5.48
    15052       0.2053   5.48
    15053       0.2047   5.48
    15054       0.2052   5.48
    15055       0.2046   5.48
    15056       0.2053   5.48
    15057       0.2046   5.48
    15058       0.2046   5.48
    15059       0.2052   5.48
    15060       0.2047   5.48
    15061       0.2052   5.48
    15062       0.2047   5.48
    15063       0.2046   5.48
    15064       0.2052   5.48
    15065       0.2045   5.48
    15066       0.2050   5.48
    15067       0.2046   5.48
    15068       0.2047   5.48
    15069       0.2053   5.48
    15070       0.2046   5.48
    15071       0.2052   5.48
    15072       0.2046   5.48
    15073       0.2051   5.48
    15074       0.2046   5.48
    15075       0.2045   5.48
    15076       0.2052   5.48
    15077       0.2047   5.48
    15078       0.2052   5.48
    15079       0.2046   5.48
    15080       0.2046   5.48
    15081       0.2053   5.48
    15082       0.2047   5.48
    15083       0.2054   5.48
    15084       0.2047   5.48
    15085       0.2049   5.48
    15086       0.2056   5.48
    15087       0.2049   5.48
    15088       0.2055   5.48
    15089       0.2046   5.47
    15090       0.2057   5.47
    15091       0.2045   5.48
    15092       0.2045   5.48
    15093       0.2052   5.48
    15094       0.2047   5.48
    15095       0.2052   5.48
    15096       0.2046   5.48
    15097       0.2047   5.48
    15098       0.2051   5.48
    15099       0.2046   5.48
    15100       0.2055   5.48
    15101       0.2047   5.48
    15102       0.2049   5.48
    15103       0.2056   5.48
    15104       0.2047   5.48
    15105       0.2053   5.48
    15106       0.2046   5.48
    15107       0.2053   5.48
    15108       0.2046   5.48
    15109       0.2046   5.48
    15110       0.2051   5.48
    15111       0.2046   5.48
    15112       0.2052   5.48
    15113       0.2047   5.48
    15114       0.2047   5.48
    15115       0.2053   5.48
    15116       0.2048   5.48
    15117       0.2055   5.48
    15118       0.2047   5.48
    15119       0.2047   5.48
    15120       0.2052   5.48
    15121       0.2046   5.48
    15122       0.2051   5.48
    15123       0.2046   5.48
    15124       0.2053   5.48
    15125       0.2046   5.48
    15126       0.2048   5.48
    15127       0.2054   5.48
    15128       0.2047   5.48
    15129       0.2053   5.48
    15130       0.2045   5.48
    15131       0.2045   5.48
    15132       0.2050   5.48
    15133       0.2047   5.48
    15134       0.2052   5.48
    15135       0.2046   5.48
    15136       0.2046   5.48
    15137       0.2052   5.48
    15138       0.2045   5.48
    15139       0.2051   5.48
    15140       0.2046   5.48
    15141       0.2053   5.48
    15142       0.2047   5.48
    15143       0.2046   5.48
    15144       0.2055   5.48
    15145       0.2046   5.48
    15146       0.2053   5.48
    15147       0.2047   5.48
    15148       0.2050   5.48
    15149       0.2054   5.48
    15150       0.2049   5.47
    15151       0.2065   5.47
    15152       0.2047   5.47
    15153       0.2047   5.47
    15154       0.2055   5.47
    15155       0.2046   5.48
    15156       0.2051   5.48
    15157       0.2046   5.48
    15158       0.2052   5.48
    15159       0.2046   5.48
    15160       0.2045   5.48
    15161       0.2051   5.48
    15162       0.2047   5.48
    15163       0.2055   5.48
    15164       0.2048   5.48
    15165       0.2049   5.48
    15166       0.2055   5.48
    15167       0.2046   5.47
    15168       0.2053   5.47
    15169       0.2047   5.48
    15170       0.2046   5.48
    15171       0.2052   5.48
    15172       0.2046   5.48
    15173       0.2053   5.48
    15174       0.2047   5.48
    15175       0.2052   5.48
    15176       0.2046   5.48
    15177       0.2047   5.48
    15178       0.2053   5.48
    15179       0.2046   5.48
    15180       0.2052   5.48
    15181       0.2046   5.48
    15182       0.2047   5.48
    15183       0.2053   5.48
    15184       0.2046   5.48
    15185       0.2053   5.48
    15186       0.2046   5.48
    15187       0.2047   5.48
    15188       0.2053   5.48
    15189       0.2047   5.48
    15190       0.2054   5.48
    15191       0.2047   5.48
    15192       0.2055   5.48
    15193       0.2048   5.48
    15194       0.2046   5.48
    15195       0.2052   5.48
    15196       0.2046   5.48
    15197       0.2051   5.48
    15198       0.2047   5.48
    15199       0.2049   5.48
    15200       0.2057   5.48
    15201       0.2046   5.48
    15202       0.2054   5.48
    15203       0.2046   5.48
    15204       0.2045   5.48
    15205       0.2052   5.48
    15206       0.2049   5.48
    15207       0.2055   5.48
    15208       0.2048   5.48
    15209       0.2059   5.48
    15210       0.2045   5.47
    15211       0.2046   5.47
    15212       0.2055   5.47
    15213       0.2047   5.48
    15214       0.2053   5.48
    15215       0.2047   5.48
    15216       0.2047   5.48
    15217       0.2052   5.48
    15218       0.2047   5.48
    15219       0.2058   5.48
    15220       0.2048   5.48
    15221       0.2046   5.48
    15222       0.2055   5.48
    15223       0.2047   5.48
    15224       0.2056   5.48
    15225       0.2047   5.48
    15226       0.2052   5.48
    15227       0.2046   5.48
    15228       0.2047   5.48
    15229       0.2053   5.48
    15230       0.2046   5.48
    15231       0.2052   5.48
    15232       0.2046   5.48
    15233       0.2046   5.48
    15234       0.2053   5.48
    15235       0.2046   5.48
    15236       0.2051   5.48
    15237       0.2045   5.48
    15238       0.2046   5.48
    15239       0.2053   5.48
    15240       0.2048   5.48
    15241       0.2056   5.48
    15242       0.2047   5.48
    15243       0.2054   5.48
    15244       0.2046   5.48
    15245       0.2046   5.48
    15246       0.2052   5.48
    15247       0.2046   5.48
    15248       0.2050   5.48
    15249       0.2046   5.48
    15250       0.2046   5.48
    15251       0.2053   5.48
    15252       0.2047   5.48
    15253       0.2053   5.48
    15254       0.2046   5.48
    15255       0.2046   5.48
    15256       0.2052   5.48
    15257       0.2047   5.48
    15258       0.2052   5.48
    15259       0.2047   5.48
    15260       0.2055   5.48
    15261       0.2045   5.48
    15262       0.2047   5.48
    15263       0.2054   5.48
    15264       0.2047   5.48
    15265       0.2053   5.48
    15266       0.2046   5.48
    15267       0.2047   5.48
    15268       0.2051   5.48
    15269       0.2047   5.48
    15270       0.2057   5.48
    15271       0.2046   5.48
    15272       0.2046   5.48
    15273       0.2055   5.48
    15274       0.2047   5.48
    15275       0.2053   5.48
    15276       0.2047   5.48
    15277       0.2052   5.48
    15278       0.2047   5.48
    15279       0.2047   5.48
    15280       0.2056   5.48
    15281       0.2047   5.48
    15282       0.2056   5.48
    15283       0.2047   5.48
    15284       0.2045   5.48
    15285       0.2051   5.48
    15286       0.2047   5.48
    15287       0.2052   5.48
    15288       0.2046   5.48
    15289       0.2046   5.48
    15290       0.2053   5.48
    15291       0.2046   5.48
    15292       0.2052   5.48
    15293       0.2046   5.48
    15294       0.2053   5.48
    15295       0.2047   5.48
    15296       0.2047   5.48
    15297       0.2051   5.48
    15298       0.2046   5.48
    15299       0.2052   5.48
    15300       0.2047   5.48
    15301       0.2047   5.48
    15302       0.2053   5.48
    15303       0.2048   5.48
    15304       0.2055   5.48
    15305       0.2048   5.48
    15306       0.2046   5.48
    15307       0.2055   5.48
    15308       0.2047   5.48
    15309       0.2052   5.48
    15310       0.2046   5.48
    15311       0.2052   5.48
    15312       0.2047   5.48
    15313       0.2047   5.48
    15314       0.2053   5.48
    15315       0.2047   5.48
    15316       0.2051   5.48
    15317       0.2046   5.48
    15318       0.2046   5.48
    15319       0.2052   5.48
    15320       0.2047   5.48
    15321       0.2057   5.48
    15322       0.2048   5.48
    15323       0.2046   5.48
    15324       0.2054   5.48
    15325       0.2046   5.48
    15326       0.2052   5.48
    15327       0.2046   5.48
    15328       0.2052   5.48
    15329       0.2046   5.48
    15330       0.2047   5.48
    15331       0.2153   5.48
    15332       0.2046   5.48
    15333       0.2053   5.48
    15334       0.2046   5.48
    15335       0.2047   5.48
    15336       0.2053   5.48
    15337       0.2047   5.48
    15338       0.2052   5.48
    15339       0.2046   5.48
    15340       0.2046   5.48
    15341       0.2054   5.48
    15342       0.2047   5.48
    15343       0.2055   5.48
    15344       0.2047   5.48
    15345       0.2051   5.48
    15346       0.2046   5.48
    15347       0.2046   5.48
    15348       0.2052   5.48
    15349       0.2046   5.48
    15350       0.2052   5.48
    15351       0.2047   5.48
    15352       0.2046   5.48
    15353       0.2053   5.48
    15354       0.2047   5.48
    15355       0.2052   5.48
    15356       0.2046   5.48
    15357       0.2046   5.48
    15358       0.2052   5.48
    15359       0.2046   5.48
    15360       0.2052   5.48
    15361       0.2047   5.48
    15362       0.2052   5.48
    15363       0.2046   5.48
    15364       0.2046   5.48
    15365       0.2052   5.48
    15366       0.2047   5.48
    15367       0.2053   5.48
    15368       0.2046   5.48
    15369       0.2046   5.48
    15370       0.2052   5.48
    15371       0.2046   5.48
    15372       0.2053   5.48
    15373       0.2047   5.48
    15374       0.2047   5.48
    15375       0.2052   5.48
    15376       0.2047   5.48
    15377       0.2053   5.48
    15378       0.2047   5.48
    15379       0.2053   5.48
    15380       0.2046   5.48
    15381       0.2047   5.48
    15382       0.2055   5.48
    15383       0.2046   5.48
    15384       0.2054   5.48
    15385       0.2046   5.48
    15386       0.2047   5.48
    15387       0.2052   5.48
    15388       0.2046   5.48
    15389       0.2051   5.48
    15390       0.2046   5.48
    15391       0.2047   5.48
    15392       0.2056   5.48
    15393       0.2046   5.48
    15394       0.2053   5.48
    15395       0.2047   5.48
    15396       0.2052   5.48
    15397       0.2046   5.48
    15398       0.2046   5.48
    15399       0.2053   5.48
    15400       0.2046   5.48
    15401       0.2056   5.48
    15402       0.2046   5.48
    15403       0.2047   5.48
    15404       0.2054   5.48
    15405       0.2046   5.48
    15406       0.2053   5.48
    15407       0.2046   5.48
    15408       0.2046   5.48
    15409       0.2053   5.48
    15410       0.2046   5.48
    15411       0.2053   5.48
    15412       0.2047   5.48
    15413       0.2051   5.48
    15414       0.2046   5.48
    15415       0.2047   5.48
    15416       0.2052   5.48
    15417       0.2047   5.48
    15418       0.2053   5.48
    15419       0.2046   5.48
    15420       0.2046   5.48
    15421       0.2052   5.48
    15422       0.2047   5.48
    15423       0.2052   5.48
    15424       0.2047   5.48
    15425       0.2047   5.48
    15426       0.2053   5.48
    15427       0.2046   5.48
    15428       0.2053   5.48
    15429       0.2047   5.48
    15430       0.2053   5.48
    15431       0.2046   5.48
    15432       0.2046   5.48
    15433       0.2052   5.48
    15434       0.2047   5.48
    15435       0.2053   5.48
    15436       0.2047   5.48
    15437       0.2046   5.48
    15438       0.2052   5.48
    15439       0.2047   5.48
    15440       0.2054   5.48
    15441       0.2046   5.48
    15442       0.2047   5.48
    15443       0.2054   5.48
    15444       0.2046   5.48
    15445       0.2053   5.48
    15446       0.2046   5.48
    15447       0.2052   5.48
    15448       0.2046   5.48
    15449       0.2046   5.48
    15450       0.2055   5.48
    15451       0.2045   5.48
    15452       0.2055   5.48
    15453       0.2046   5.48
    15454       0.2047   5.48
    15455       0.2050   5.48
    15456       0.2047   5.48
    15457       0.2053   5.48
    15458       0.2047   5.48
    15459       0.2046   5.48
    15460       0.2054   5.48
    15461       0.2046   5.48
    15462       0.2056   5.48
    15463       0.2047   5.48
    15464       0.2053   5.48
    15465       0.2046   5.48
    15466       0.2047   5.48
    15467       0.2053   5.48
    15468       0.2046   5.48
    15469       0.2053   5.48
    15470       0.2047   5.48
    15471       0.2047   5.48
    15472       0.2051   5.48
    15473       0.2046   5.48
    15474       0.2051   5.48
    15475       0.2045   5.48
    15476       0.2046   5.48
    15477       0.2052   5.48
    15478       0.2046   5.48
    15479       0.2052   5.48
    15480       0.2047   5.48
    15481       0.2051   5.48
    15482       0.2045   5.48
    15483       0.2047   5.48
    15484       0.2054   5.48
    15485       0.2048   5.48
    15486       0.2051   5.48
    15487       0.2047   5.48
    15488       0.2047   5.48
    15489       0.2052   5.48
    15490       0.2046   5.48
    15491       0.2052   5.48
    15492       0.2047   5.48
    15493       0.2047   5.48
    15494       0.2051   5.48
    15495       0.2047   5.48
    15496       0.2051   5.48
    15497       0.2045   5.48
    15498       0.2053   5.48
    15499       0.2047   5.48
    15500       0.2047   5.48
    15501       0.2054   5.48
    15502       0.2046   5.48
    15503       0.2055   5.48
    15504       0.2046   5.48
    15505       0.2046   5.48
    15506       0.2052   5.48
    15507       0.2046   5.48
    15508       0.2053   5.48
    15509       0.2047   5.48
    15510       0.2047   5.48
    15511       0.2056   5.48
    15512       0.2047   5.48
    15513       0.2054   5.48
    15514       0.2046   5.48
    15515       0.2052   5.48
    15516       0.2047   5.48
    15517       0.2046   5.48
    15518       0.2051   5.48
    15519       0.2046   5.48
    15520       0.2052   5.48
    15521       0.2046   5.48
    15522       0.2047   5.48
    15523       0.2053   5.48
    15524       0.2046   5.48
    15525       0.2053   5.48
    15526       0.2046   5.48
    15527       0.2046   5.48
    15528       0.2050   5.48
    15529       0.2046   5.48
    15530       0.2053   5.48
    15531       0.2046   5.48
    15532       0.2052   5.48
    15533       0.2046   5.48
    15534       0.2046   5.48
    15535       0.2052   5.48
    15536       0.2047   5.48
    15537       0.2053   5.48
    15538       0.2047   5.48
    15539       0.2045   5.48
    15540       0.2052   5.48
    15541       0.2046   5.48
    15542       0.2053   5.48
    15543       0.2046   5.48
    15544       0.2046   5.48
    15545       0.2053   5.48
    15546       0.2046   5.48
    15547       0.2051   5.48
    15548       0.2047   5.48
    15549       0.2048   5.48
    15550       0.2046   5.48
    15551       0.2046   5.48
    15552       0.2052   5.48
    15553       0.2047   5.48
    15554       0.2052   5.48
    15555       0.2046   5.48
    15556       0.2047   5.48
    15557       0.2055   5.48
    15558       0.2048   5.48
    15559       0.2050   5.48
    15560       0.2047   5.47
    15561       0.2047   5.47
    15562       0.2054   5.47
    15563       0.2046   5.48
    15564       0.2054   5.48
    15565       0.2047   5.48
    15566       0.2048   5.48
    15567       0.2050   5.48
    15568       0.2047   5.48
    15569       0.2055   5.48
    15570       0.2049   5.48
    15571       0.2055   5.48
    15572       0.2046   5.48
    15573       0.2046   5.48
    15574       0.2055   5.48
    15575       0.2046   5.48
    15576       0.2052   5.48
    15577       0.2047   5.48
    15578       0.2046   5.48
    15579       0.2054   5.48
    15580       0.2049   5.48
    15581       0.2059   5.48
    15582       0.2049   5.47
    15583       0.2048   5.47
    15584       0.2046   5.48
    15585       0.2046   5.48
    15586       0.2052   5.48
    15587       0.2046   5.48
    15588       0.2052   5.48
    15589       0.2046   5.48
    15590       0.2046   5.48
    15591       0.2052   5.48
    15592       0.2048   5.48
    15593       0.2051   5.48
    15594       0.2046   5.48
    15595       0.2047   5.48
    15596       0.2052   5.48
    15597       0.2046   5.48
    15598       0.2052   5.48
    15599       0.2047   5.48
    15600       0.2049   5.48
    15601       0.2052   5.48
    15602       0.2047   5.48
    15603       0.2053   5.48
    15604       0.2047   5.48
    15605       0.2053   5.48
    15606       0.2047   5.48
    15607       0.2046   5.48
    15608       0.2052   5.48
    15609       0.2047   5.48
    15610       0.2052   5.48
    15611       0.2046   5.48
    15612       0.2046   5.48
    15613       0.2052   5.48
    15614       0.2046   5.48
    15615       0.2053   5.48
    15616       0.2047   5.48
    15617       0.2048   5.48
    15618       0.2051   5.48
    15619       0.2047   5.48
    15620       0.2055   5.48
    15621       0.2046   5.48
    15622       0.2055   5.48
    15623       0.2047   5.48
    15624       0.2046   5.48
    15625       0.2052   5.48
    15626       0.2047   5.48
    15627       0.2051   5.48
    15628       0.2047   5.48
    15629       0.2046   5.48
    15630       0.2056   5.48
    15631       0.2046   5.48
    15632       0.2054   5.48
    15633       0.2046   5.48
    15634       0.2048   5.48
    15635       0.2051   5.48
    15636       0.2046   5.48
    15637       0.2051   5.48
    15638       0.2046   5.48
    15639       0.2056   5.48
    15640       0.2046   5.48
    15641       0.2047   5.48
    15642       0.2057   5.48
    15643       0.2048   5.48
    15644       0.2052   5.48
    15645       0.2046   5.48
    15646       0.2047   5.48
    15647       0.2051   5.48
    15648       0.2046   5.48
    15649       0.2053   5.48
    15650       0.2046   5.48
    15651       0.2049   5.48
    15652       0.2051   5.48
    15653       0.2046   5.48
    15654       0.2053   5.48
    15655       0.2047   5.48
    15656       0.2051   5.48
    15657       0.2046   5.48
    15658       0.2046   5.48
    15659       0.2052   5.48
    15660       0.2046   5.48
    15661       0.2053   5.48
    15662       0.2046   5.48
    15663       0.2046   5.48
    15664       0.2052   5.48
    15665       0.2046   5.48
    15666       0.2052   5.48
    15667       0.2046   5.48
    15668       0.2046   5.48
    15669       0.2052   5.48
    15670       0.2046   5.48
    15671       0.2052   5.48
    15672       0.2046   5.48
    15673       0.2052   5.48
    15674       0.2046   5.48
    15675       0.2047   5.48
    15676       0.2052   5.48
    15677       0.2049   5.48
    15678       0.2052   5.48
    15679       0.2046   5.47
    15680       0.2047   5.47
    15681       0.2054   5.47
    15682       0.2047   5.48
    15683       0.2055   5.48
    15684       0.2046   5.48
    15685       0.2047   5.48
    15686       0.2052   5.48
    15687       0.2046   5.48
    15688       0.2053   5.48
    15689       0.2046   5.48
    15690       0.2056   5.48
    15691       0.2046   5.48
    15692       0.2047   5.48
    15693       0.2054   5.48
    15694       0.2047   5.48
    15695       0.2055   5.48
    15696       0.2047   5.48
    15697       0.2046   5.48
    15698       0.2052   5.48
    15699       0.2045   5.48
    15700       0.2058   5.48
    15701       0.2049   5.48
    15702       0.2047   5.48
    15703       0.2054   5.48
    15704       0.2046   5.47
    15705       0.2052   5.47
    15706       0.2046   5.48
    15707       0.2052   5.48
    15708       0.2046   5.48
    15709       0.2047   5.48
    15710       0.2052   5.48
    15711       0.2046   5.48
    15712       0.2053   5.48
    15713       0.2046   5.48
    15714       0.2046   5.48
    15715       0.2052   5.48
    15716       0.2047   5.48
    15717       0.2052   5.48
    15718       0.2046   5.48
    15719       0.2046   5.48
    15720       0.2053   5.48
    15721       0.2046   5.48
    15722       0.2052   5.48
    15723       0.2047   5.48
    15724       0.2052   5.48
    15725       0.2046   5.48
    15726       0.2046   5.48
    15727       0.2053   5.48
    15728       0.2046   5.48
    15729       0.2053   5.48
    15730       0.2049   5.48
    15731       0.2047   5.48
    15732       0.2052   5.48
    15733       0.2046   5.47
    15734       0.2054   5.47
    15735       0.2048   5.48
    15736       0.2049   5.48
    15737       0.2053   5.48
    15738       0.2048   5.47
    15739       0.2050   5.47
    15740       0.2046   5.48
    15741       0.2056   5.48
    15742       0.2046   5.48
    15743       0.2046   5.48
    15744       0.2054   5.48
    15745       0.2047   5.48
    15746       0.2052   5.48
    15747       0.2046   5.48
    15748       0.2046   5.48
    15749       0.2051   5.48
    15750       0.2047   5.48
    15751       0.2057   5.48
    15752       0.2047   5.48
    15753       0.2047   5.48
    15754       0.2053   5.48
    15755       0.2047   5.48
    15756       0.2053   5.48
    15757       0.2048   5.48
    15758       0.2054   5.48
    15759       0.2047   5.48
    15760       0.2046   5.48
    15761       0.2056   5.48
    15762       0.2046   5.48
    15763       0.2055   5.48
    15764       0.2047   5.48
    15765       0.2047   5.48
    15766       0.2054   5.48
    15767       0.2047   5.48
    15768       0.2052   5.48
    15769       0.2046   5.48
    15770       0.2047   5.48
    15771       0.2054   5.48
    15772       0.2046   5.48
    15773       0.2051   5.48
    15774       0.2046   5.48
    15775       0.2052   5.48
    15776       0.2046   5.48
    15777       0.2047   5.48
    15778       0.2053   5.48
    15779       0.2049   5.48
    15780       0.2055   5.48
    15781       0.2049   5.47
    15782       0.2049   5.47
    15783       0.2050   5.47
    15784       0.2046   5.47
    15785       0.2053   5.47
    15786       0.2047   5.48
    15787       0.2047   5.48
    15788       0.2051   5.48
    15789       0.2046   5.48
    15790       0.2054   5.48
    15791       0.2049   5.48
    15792       0.2052   5.48
    15793       0.2046   5.47
    15794       0.2047   5.47
    15795       0.2052   5.47
    15796       0.2046   5.48
    15797       0.2053   5.48
    15798       0.2046   5.48
    15799       0.2047   5.48
    15800       0.2054   5.48
    15801       0.2046   5.48
    15802       0.2055   5.48
    15803       0.2047   5.48
    15804       0.2047   5.48
    15805       0.2052   5.48
    15806       0.2046   5.48
    15807       0.2053   5.48
    15808       0.2046   5.48
    15809       0.2056   5.48
    15810       0.2046   5.48
    15811       0.2047   5.48
    15812       0.2054   5.48
    15813       0.2046   5.48
    15814       0.2053   5.48
    15815       0.2046   5.48
    15816       0.2045   5.48
    15817       0.2054   5.48
    15818       0.2047   5.48
    15819       0.2057   5.48
    15820       0.2045   5.48
    15821       0.2047   5.48
    15822       0.2054   5.48
    15823       0.2046   5.48
    15824       0.2051   5.48
    15825       0.2046   5.48
    15826       0.2051   5.48
    15827       0.2046   5.48
    15828       0.2046   5.48
    15829       0.2053   5.48
    15830       0.2047   5.48
    15831       0.2051   5.48
    15832       0.2046   5.48
    15833       0.2046   5.48
    15834       0.2052   5.48
    15835       0.2046   5.48
    15836       0.2055   5.48
    15837       0.2049   5.48
    15838       0.2049   5.48
    15839       0.2055   5.48
    15840       0.2049   5.47
    15841       0.2051   5.47
    15842       0.2046   5.47
    15843       0.2052   5.47
    15844       0.2046   5.48
    15845       0.2046   5.48
    15846       0.2054   5.48
    15847       0.2049   5.48
    15848       0.2053   5.48
    15849       0.2046   5.47
    15850       0.2047   5.47
    15851       0.2052   5.47
    15852       0.2046   5.48
    15853       0.2053   5.48
    15854       0.2049   5.48
    15855       0.2048   5.48
    15856       0.2051   5.48
    15857       0.2046   5.47
    15858       0.2145   5.47
    15859       0.2046   5.48
    15860       0.2056   5.48
    15861       0.2046   5.48
    15862       0.2046   5.48
    15863       0.2055   5.48
    15864       0.2047   5.48
    15865       0.2052   5.48
    15866       0.2046   5.48
    15867       0.2048   5.48
    15868       0.2053   5.48
    15869       0.2047   5.48
    15870       0.2057   5.48
    15871       0.2047   5.48
    15872       0.2049   5.48
    15873       0.2052   5.48
    15874       0.2045   5.48
    15875       0.2053   5.48
    15876       0.2047   5.48
    15877       0.2053   5.48
    15878       0.2047   5.48
    15879       0.2047   5.48
    15880       0.2053   5.48
    15881       0.2049   5.48
    15882       0.2052   5.48
    15883       0.2046   5.47
    15884       0.2046   5.47
    15885       0.2053   5.47
    15886       0.2047   5.48
    15887       0.2052   5.48
    15888       0.2048   5.48
    15889       0.2048   5.48
    15890       0.2051   5.48
    15891       0.2047   5.48
    15892       0.2052   5.48
    15893       0.2046   5.48
    15894       0.2052   5.48
    15895       0.2047   5.48
    15896       0.2046   5.48
    15897       0.2050   5.48
    15898       0.2046   5.48
    15899       0.2052   5.48
    15900       0.2046   5.48
    15901       0.2046   5.48
    15902       0.2052   5.48
    15903       0.2047   5.48
    15904       0.2052   5.48
    15905       0.2046   5.48
    15906       0.2047   5.48
    15907       0.2052   5.48
    15908       0.2046   5.48
    15909       0.2056   5.48
    15910       0.2048   5.48
    15911       0.2056   5.48
    15912       0.2046   5.47
    15913       0.2047   5.47
    15914       0.2052   5.47
    15915       0.2046   5.48
    15916       0.2052   5.48
    15917       0.2047   5.48
    15918       0.2047   5.48
    15919       0.2053   5.48
    15920       0.2047   5.48
    15921       0.2055   5.48
    15922       0.2049   5.48
    15923       0.2049   5.48
    15924       0.2054   5.48
    15925       0.2046   5.47
    15926       0.2052   5.47
    15927       0.2046   5.48
    15928       0.2052   5.48
    15929       0.2045   5.48
    15930       0.2045   5.48
    15931       0.2056   5.48
    15932       0.2047   5.48
    15933       0.2055   5.48
    15934       0.2046   5.48
    15935       0.2047   5.48
    15936       0.2052   5.48
    15937       0.2047   5.48
    15938       0.2051   5.48
    15939       0.2048   5.48
    15940       0.2049   5.48
    15941       0.2055   5.48
    15942       0.2047   5.47
    15943       0.2055   5.47
    15944       0.2049   5.48
    15945       0.2055   5.48
    15946       0.2045   5.47
    15947       0.2047   5.47
    15948       0.2052   5.47
    15949       0.2047   5.48
    15950       0.2053   5.48
    15951       0.2048   5.48
    15952       0.2049   5.48
    15953       0.2052   5.48
    15954       0.2047   5.47
    15955       0.2053   5.47
    15956       0.2046   5.48
    15957       0.2046   5.48
    15958       0.2052   5.48
    15959       0.2046   5.48
    15960       0.2052   5.48
    15961       0.2046   5.48
    15962       0.2054   5.48
    15963       0.2045   5.48
    15964       0.2046   5.48
    15965       0.2053   5.48
    15966       0.2047   5.48
    15967       0.2052   5.48
    15968       0.2047   5.48
    15969       0.2047   5.48
    15970       0.2052   5.48
    15971       0.2047   5.48
    15972       0.2053   5.48
    15973       0.2047   5.48
    15974       0.2046   5.48
    15975       0.2052   5.48
    15976       0.2047   5.48
    15977       0.2052   5.48
    15978       0.2047   5.48
    15979       0.2053   5.48
    15980       0.2047   5.48
    15981       0.2047   5.48
    15982       0.2054   5.48
    15983       0.2047   5.48
    15984       0.2054   5.48
    15985       0.2046   5.48
    15986       0.2046   5.48
    15987       0.2053   5.48
    15988       0.2046   5.48
    15989       0.2053   5.48
    15990       0.2046   5.48
    15991       0.2045   5.48
    15992       0.2056   5.48
    15993       0.2047   5.48
    15994       0.2055   5.48
    15995       0.2047   5.48
    15996       0.2052   5.48
    15997       0.2047   5.48
    15998       0.2049   5.48
    15999       0.2053   5.48
    16000       0.2046   5.47
    16001       0.2057   5.47
    16002       0.2047   5.48
    16003       0.2046   5.48
    16004       0.2054   5.48
    16005       0.2046   5.48
    16006       0.2052   5.48
    16007       0.2047   5.48
    16008       0.2046   5.48
    16009       0.2053   5.48
    16010       0.2047   5.48
    16011       0.2051   5.48
    16012       0.2046   5.48
    16013       0.2053   5.48
    16014       0.2046   5.48
    16015       0.2046   5.48
    16016       0.2052   5.48
    16017       0.2047   5.48
    16018       0.2052   5.48
    16019       0.2046   5.48
    16020       0.2046   5.48
    16021       0.2053   5.48
    16022       0.2046   5.48
    16023       0.2051   5.48
    16024       0.2047   5.48
    16025       0.2046   5.48
    16026       0.2052   5.48
    16027       0.2047   5.48
    16028       0.2053   5.48
    16029       0.2049   5.48
    16030       0.2056   5.48
    16031       0.2046   5.47
    16032       0.2047   5.47
    16033       0.2051   5.47
    16034       0.2047   5.48
    16035       0.2053   5.48
    16036       0.2046   5.48
    16037       0.2047   5.48
    16038       0.2053   5.48
    16039       0.2046   5.48
    16040       0.2055   5.48
    16041       0.2046   5.48
    16042       0.2047   5.48
    16043       0.2054   5.48
    16044       0.2046   5.48
    16045       0.2052   5.48
    16046       0.2047   5.48
    16047       0.2053   5.48
    16048       0.2046   5.48
    16049       0.2045   5.48
    16050       0.2056   5.48
    16051       0.2046   5.48
    16052       0.2054   5.48
    16053       0.2047   5.48
    16054       0.2047   5.48
    16055       0.2052   5.48
    16056       0.2047   5.48
    16057       0.2052   5.48
    16058       0.2046   5.48
    16059       0.2046   5.48
    16060       0.2055   5.48
    16061       0.2046   5.48
    16062       0.2056   5.48
    16063       0.2048   5.48
    16064       0.2054   5.48
    16065       0.2049   5.47
    16066       0.2049   5.47
    16067       0.2053   5.47
    16068       0.2047   5.47
    16069       0.2052   5.47
    16070       0.2046   5.48
    16071       0.2047   5.48
    16072       0.2053   5.48
    16073       0.2047   5.48
    16074       0.2052   5.48
    16075       0.2047   5.48
    16076       0.2047   5.48
    16077       0.2051   5.48
    16078       0.2047   5.48
    16079       0.2052   5.48
    16080       0.2047   5.48
    16081       0.2052   5.48
    16082       0.2046   5.48
    16083       0.2047   5.48
    16084       0.2060   5.48
    16085       0.2046   5.48
    16086       0.2052   5.48
    16087       0.2046   5.48
    16088       0.2046   5.48
    16089       0.2052   5.48
    16090       0.2047   5.48
    16091       0.2053   5.48
    16092       0.2047   5.48
    16093       0.2047   5.48
    16094       0.2052   5.48
    16095       0.2046   5.48
    16096       0.2053   5.48
    16097       0.2047   5.48
    16098       0.2053   5.48
    16099       0.2046   5.48
    16100       0.2045   5.48
    16101       0.2052   5.48
    16102       0.2045   5.48
    16103       0.2052   5.48
    16104       0.2047   5.48
    16105       0.2046   5.48
    16106       0.2053   5.48
    16107       0.2047   5.48
    16108       0.2052   5.48
    16109       0.2045   5.48
    16110       0.2045   5.48
    16111       0.2055   5.48
    16112       0.2046   5.48
    16113       0.2053   5.48
    16114       0.2047   5.48
    16115       0.2052   5.48
    16116       0.2046   5.48
    16117       0.2047   5.48
    16118       0.2052   5.48
    16119       0.2046   5.48
    16120       0.2056   5.48
    16121       0.2046   5.48
    16122       0.2047   5.48
    16123       0.2055   5.48
    16124       0.2047   5.48
    16125       0.2053   5.48
    16126       0.2048   5.48
    16127       0.2049   5.48
    16128       0.2054   5.48
    16129       0.2046   5.47
    16130       0.2053   5.47
    16131       0.2046   5.48
    16132       0.2052   5.48
    16133       0.2048   5.48
    16134       0.2049   5.48
    16135       0.2053   5.48
    16136       0.2046   5.47
    16137       0.2054   5.47
    16138       0.2047   5.48
    16139       0.2046   5.48
    16140       0.2054   5.48
    16141       0.2049   5.48
    16142       0.2055   5.48
    16143       0.2046   5.47
    16144       0.2047   5.47
    16145       0.2053   5.47
    16146       0.2049   5.48
    16147       0.2054   5.48
    16148       0.2046   5.47
    16149       0.2053   5.47
    16150       0.2046   5.48
    16151       0.2046   5.48
    16152       0.2053   5.48
    16153       0.2047   5.48
    16154       0.2053   5.48
    16155       0.2046   5.48
    16156       0.2047   5.48
    16157       0.2053   5.48
    16158       0.2047   5.48
    16159       0.2053   5.48
    16160       0.2047   5.48
    16161       0.2046   5.48
    16162       0.2054   5.48
    16163       0.2047   5.48
    16164       0.2054   5.48
    16165       0.2046   5.48
    16166       0.2052   5.48
    16167       0.2048   5.48
    16168       0.2049   5.48
    16169       0.2053   5.48
    16170       0.2046   5.47
    16171       0.2056   5.47
    16172       0.2046   5.48
    16173       0.2047   5.48
    16174       0.2055   5.48
    16175       0.2046   5.48
    16176       0.2052   5.48
    16177       0.2047   5.48
    16178       0.2046   5.48
    16179       0.2052   5.48
    16180       0.2045   5.48
    16181       0.2052   5.48
    16182       0.2048   5.48
    16183       0.2056   5.48
    16184       0.2047   5.47
    16185       0.2046   5.47
    16186       0.2053   5.47
    16187       0.2046   5.48
    16188       0.2052   5.48
    16189       0.2047   5.48
    16190       0.2047   5.48
    16191       0.2052   5.48
    16192       0.2047   5.48
    16193       0.2052   5.48
    16194       0.2046   5.48
    16195       0.2046   5.48
    16196       0.2053   5.48
    16197       0.2046   5.48
    16198       0.2054   5.48
    16199       0.2046   5.48
    16200       0.2054   5.48
    16201       0.2046   5.48
    16202       0.2047   5.48
    16203       0.2052   5.48
    16204       0.2046   5.48
    16205       0.2053   5.48
    16206       0.2047   5.48
    16207       0.2049   5.48
    16208       0.2053   5.48
    16209       0.2046   5.47
    16210       0.2051   5.47
    16211       0.2047   5.48
    16212       0.2046   5.48
    16213       0.2053   5.48
    16214       0.2047   5.48
    16215       0.2053   5.48
    16216       0.2048   5.48
    16217       0.2055   5.48
    16218       0.2048   5.47
    16219       0.2047   5.47
    16220       0.2054   5.47
    16221       0.2046   5.48
    16222       0.2054   5.48
    16223       0.2045   5.48
    16224       0.2045   5.48
    16225       0.2050   5.48
    16226       0.2044   5.48
    16227       0.2051   5.48
    16228       0.2047   5.48
    16229       0.2047   5.48
    16230       0.2056   5.48
    16231       0.2045   5.48
    16232       0.2054   5.48
    16233       0.2045   5.48
    16234       0.2051   5.48
    16235       0.2046   5.48
    16236       0.2047   5.48
    16237       0.2052   5.48
    16238       0.2046   5.48
    16239       0.2206   5.48
    16240       0.2046   5.48
    16241       0.2046   5.48
    16242       0.2053   5.48
    16243       0.2045   5.48
    16244       0.2052   5.48
    16245       0.2046   5.48
    16246       0.2048   5.48
    16247       0.2051   5.48
    16248       0.2046   5.48
    16249       0.2051   5.48
    16250       0.2047   5.48
    16251       0.2052   5.48
    16252       0.2046   5.48
    16253       0.2046   5.48
    16254       0.2052   5.48
    16255       0.2046   5.48
    16256       0.2052   5.48
    16257       0.2046   5.48
    16258       0.2046   5.48
    16259       0.2052   5.48
    16260       0.2046   5.48
    16261       0.2052   5.48
    16262       0.2047   5.48
    16263       0.2050   5.48
    16264       0.2051   5.48
    16265       0.2046   5.47
    16266       0.2054   5.47
    16267       0.2046   5.48
    16268       0.2052   5.48
    16269       0.2045   5.48
    16270       0.2047   5.48
    16271       0.2053   5.48
    16272       0.2047   5.48
    16273       0.2053   5.48
    16274       0.2047   5.48
    16275       0.2046   5.48
    16276       0.2052   5.48
    16277       0.2047   5.48
    16278       0.2052   5.48
    16279       0.2047   5.48
    16280       0.2047   5.48
    16281       0.2055   5.48
    16282       0.2047   5.48
    16283       0.2055   5.48
    16284       0.2046   5.48
    16285       0.2052   5.48
    16286       0.2047   5.48
    16287       0.2049   5.48
    16288       0.2053   5.48
    16289       0.2045   5.47
    16290       0.2057   5.47
    16291       0.2046   5.48
    16292       0.2046   5.48
    16293       0.2055   5.48
    16294       0.2046   5.48
    16295       0.2053   5.48
    16296       0.2046   5.48
    16297       0.2047   5.48
    16298       0.2052   5.48
    16299       0.2048   5.48
    16300       0.2059   5.48
    16301       0.2046   5.47
    16302       0.2055   5.47
    16303       0.2048   5.48
    16304       0.2049   5.48
    16305       0.2056   5.48
    16306       0.2046   5.47
    16307       0.2052   5.47
    16308       0.2046   5.48
    16309       0.2046   5.48
    16310       0.2052   5.48
    16311       0.2047   5.48
    16312       0.2053   5.48
    16313       0.2048   5.48
    16314       0.2049   5.48
    16315       0.2051   5.48
    16316       0.2046   5.47
    16317       0.2052   5.47
    16318       0.2047   5.48
    16319       0.2052   5.48
    16320       0.2047   5.48
    16321       0.2047   5.48
    16322       0.2053   5.48
    16323       0.2046   5.48
    16324       0.2052   5.48
    16325       0.2046   5.48
    16326       0.2047   5.48
    16327       0.2052   5.48
    16328       0.2048   5.48
    16329       0.2053   5.48
    16330       0.2047   5.48
    16331       0.2046   5.48
    16332       0.2053   5.48
    16333       0.2047   5.48
    16334       0.2053   5.48
    16335       0.2046   5.48
    16336       0.2052   5.48
    16337       0.2046   5.48
    16338       0.2047   5.48
    16339       0.2053   5.48
    16340       0.2047   5.48
    16341       0.2054   5.48
    16342       0.2046   5.48
    16343       0.2046   5.48
    16344       0.2151   5.48
    16345       0.2048   5.48
    16346       0.2054   5.48
    16347       0.2046   5.48
    16348       0.2052   5.48
    16349       0.2046   5.48
    16350       0.2047   5.48
    16351       0.2057   5.48
    16352       0.2047   5.48
    16353       0.2055   5.48
    16354       0.2046   5.48
    16355       0.2047   5.48
    16356       0.2052   5.48
    16357       0.2048   5.48
    16358       0.2057   5.48
    16359       0.2046   5.47
    16360       0.2046   5.47
    16361       0.2056   5.47
    16362       0.2047   5.48
    16363       0.2055   5.48
    16364       0.2048   5.48
    16365       0.2054   5.48
    16366       0.2048   5.48
    16367       0.2047   5.48
    16368       0.2052   5.48
    16369       0.2048   5.48
    16370       0.2055   5.48
    16371       0.2047   5.47
    16372       0.2046   5.47
    16373       0.2052   5.47
    16374       0.2046   5.48
    16375       0.2052   5.48
    16376       0.2047   5.48
    16377       0.2047   5.48
    16378       0.2053   5.48
    16379       0.2045   5.48
    16380       0.2051   5.48
    16381       0.2047   5.48
    16382       0.2053   5.48
    16383       0.2046   5.48
    16384       0.2048   5.48
    16385       0.2052   5.48
    16386       0.2047   5.48
    16387       0.2051   5.48
    16388       0.2046   5.48
    16389       0.2046   5.48
    16390       0.2053   5.48
    16391       0.2047   5.48
    16392       0.2053   5.48
    16393       0.2045   5.48
    16394       0.2046   5.48
    16395       0.2112   5.48
    16396       0.2047   5.48
    16397       0.2053   5.48
    16398       0.2047   5.48
    16399       0.2052   5.48
    16400       0.2047   5.48
    16401       0.2046   5.48
    16402       0.2054   5.48
    16403       0.2047   5.48
    16404       0.2055   5.48
    16405       0.2047   5.48
    16406       0.2049   5.48
    16407       0.2055   5.48
    16408       0.2046   5.47
    16409       0.2052   5.47
    16410       0.2046   5.48
    16411       0.2047   5.48
    16412       0.2056   5.48
    16413       0.2046   5.48
    16414       0.2052   5.48
    16415       0.2046   5.48
    16416       0.2053   5.48
    16417       0.2046   5.48
    16418       0.2048   5.48
    16419       0.2055   5.48
    16420       0.2046   5.48
    16421       0.2055   5.48
    16422       0.2045   5.48
    16423       0.2047   5.48
    16424       0.2055   5.48
    16425       0.2047   5.48
    16426       0.2052   5.48
    16427       0.2046   5.48
    16428       0.2045   5.48
    16429       0.2051   5.48
    16430       0.2045   5.48
    16431       0.2051   5.48
    16432       0.2046   5.48
    16433       0.2051   5.48
    16434       0.2047   5.48
    16435       0.2046   5.48
    16436       0.2053   5.48
    16437       0.2047   5.48
    16438       0.2053   5.48
    16439       0.2045   5.48
    16440       0.2046   5.48
    16441       0.2052   5.48
    16442       0.2047   5.48
    16443       0.2052   5.48
    16444       0.2047   5.48
    16445       0.2047   5.48
    16446       0.2052   5.48
    16447       0.2046   5.48
    16448       0.2054   5.48
    16449       0.2047   5.48
    16450       0.2053   5.48
    16451       0.2047   5.48
    16452       0.2048   5.48
    16453       0.2054   5.48
    16454       0.2049   5.48
    16455       0.2054   5.48
    16456       0.2048   5.47
    16457       0.2045   5.47
    16458       0.2054   5.47
    16459       0.2047   5.48
    16460       0.2057   5.48
    16461       0.2047   5.47
    16462       0.2046   5.47
    16463       0.2055   5.47
    16464       0.2048   5.48
    16465       0.2055   5.48
    16466       0.2046   5.47
    16467       0.2052   5.47
    16468       0.2047   5.48
    16469       0.2046   5.48
    16470       0.2055   5.48
    16471       0.2047   5.48
    16472       0.2054   5.48
    16473       0.2047   5.48
    16474       0.2047   5.48
    16475       0.2052   5.48
    16476       0.2046   5.48
    16477       0.2053   5.48
    16478       0.2046   5.48
    16479       0.2046   5.48
    16480       0.2056   5.48
    16481       0.2048   5.48
    16482       0.2057   5.48
    16483       0.2046   5.48
    16484       0.2053   5.48
    16485       0.2046   5.48
    16486       0.2046   5.48
    16487       0.2051   5.48
    16488       0.2046   5.48
    16489       0.2051   5.48
    16490       0.2045   5.48
    16491       0.2045   5.48
    16492       0.2052   5.48
    16493       0.2045   5.48
    16494       0.2051   5.48
    16495       0.2045   5.48
    16496       0.2045   5.48
    16497       0.2050   5.48
    16498       0.2045   5.48
    16499       0.2051   5.48
    16500       0.2046   5.48
    16501       0.2053   5.48
    16502       0.2046   5.48
    16503       0.2047   5.48
    16504       0.2052   5.48
    16505       0.2046   5.48
    16506       0.2053   5.48
    16507       0.2046   5.48
    16508       0.2047   5.48
    16509       0.2052   5.48
    16510       0.2046   5.48
    16511       0.2052   5.48
    16512       0.2046   5.48
    16513       0.2046   5.48
    16514       0.2053   5.48
    16515       0.2046   5.48
    16516       0.2051   5.48
    16517       0.2046   5.48
    16518       0.2052   5.48
    16519       0.2047   5.48
    16520       0.2046   5.48
    16521       0.2053   5.48
    16522       0.2047   5.48
    16523       0.2055   5.48
    16524       0.2046   5.48
    16525       0.2047   5.48
    16526       0.2054   5.48
    16527       0.2046   5.48
    16528       0.2053   5.48
    16529       0.2047   5.48
    16530       0.2047   5.48
    16531       0.2056   5.48
    16532       0.2049   5.48
    16533       0.2059   5.48
    16534       0.2049   5.47
    16535       0.2053   5.47
    16536       0.2047   5.47
    16537       0.2046   5.47
    16538       0.2053   5.47
    16539       0.2046   5.48
    16540       0.2052   5.48
    16541       0.2047   5.48
    16542       0.2047   5.48
    16543       0.2053   5.48
    16544       0.2046   5.48
    16545       0.2052   5.48
    16546       0.2046   5.48
    16547       0.2045   5.48
    16548       0.2051   5.48
    16549       0.2047   5.48
    16550       0.2054   5.48
    16551       0.2047   5.48
    16552       0.2053   5.48
    16553       0.2045   5.48
    16554       0.2047   5.48
    16555       0.2052   5.48
    16556       0.2047   5.48
    16557       0.2053   5.48
    16558       0.2046   5.48
    16559       0.2046   5.48
    16560       0.2052   5.48
    16561       0.2047   5.48
    16562       0.2051   5.48
    16563       0.2045   5.48
    16564       0.2047   5.48
    16565       0.2052   5.48
    16566       0.2047   5.48
    16567       0.2053   5.48
    16568       0.2047   5.48
    16569       0.2048   5.48
    16570       0.2051   5.48
    16571       0.2047   5.48
    16572       0.2053   5.48
    16573       0.2047   5.48
    16574       0.2052   5.48
    16575       0.2047   5.48
    16576       0.2047   5.48
    16577       0.2052   5.48
    16578       0.2046   5.48
    16579       0.2052   5.48
    16580       0.2047   5.48
    16581       0.2046   5.48
    16582       0.2053   5.48
    16583       0.2046   5.48
    16584       0.2054   5.48
    16585       0.2046   5.48
    16586       0.2051   5.48
    16587       0.2054   5.48
    16588       0.2047   5.48
    16589       0.2052   5.48
    16590       0.2047   5.48
    16591       0.2057   5.48
    16592       0.2046   5.48
    16593       0.2047   5.48
    16594       0.2055   5.48
    16595       0.2046   5.48
    16596       0.2053   5.48
    16597       0.2047   5.48
    16598       0.2048   5.48
    16599       0.2052   5.48
    16600       0.2045   5.48
    16601       0.2056   5.48
    16602       0.2046   5.48
    16603       0.2048   5.48
    16604       0.2053   5.48
    16605       0.2047   5.48
    16606       0.2053   5.48
    16607       0.2046   5.48
    16608       0.2052   5.48
    16609       0.2046   5.48
    16610       0.2046   5.48
    16611       0.2053   5.48
    16612       0.2045   5.48
    16613       0.2051   5.48
    16614       0.2046   5.48
    16615       0.2047   5.48
    16616       0.2052   5.48
    16617       0.2047   5.48
    16618       0.2053   5.48
    16619       0.2047   5.48
    16620       0.2048   5.48
    16621       0.2049   5.48
    16622       0.2046   5.48
    16623       0.2051   5.48
    16624       0.2046   5.48
    16625       0.2053   5.48
    16626       0.2046   5.48
    16627       0.2047   5.48
    16628       0.2051   5.48
    16629       0.2046   5.48
    16630       0.2052   5.48
    16631       0.2046   5.48
    16632       0.2047   5.48
    16633       0.2053   5.48
    16634       0.2048   5.48
    16635       0.2053   5.48
    16636       0.2046   5.48
    16637       0.2049   5.48
    16638       0.2050   5.48
    16639       0.2046   5.48
    16640       0.2054   5.48
    16641       0.2047   5.48
    16642       0.2055   5.48
    16643       0.2047   5.48
    16644       0.2047   5.48
    16645       0.2053   5.48
    16646       0.2047   5.48
    16647       0.2052   5.48
    16648       0.2046   5.48
    16649       0.2047   5.48
    16650       0.2057   5.48
    16651       0.2046   5.48
    16652       0.2053   5.48
    16653       0.2045   5.48
    16654       0.2045   5.48
    16655       0.2050   5.48
    16656       0.2046   5.48
    16657       0.2051   5.48
    16658       0.2047   5.48
    16659       0.2058   5.48
    16660       0.2046   5.48
    16661       0.2046   5.48
    16662       0.2053   5.48
    16663       0.2045   5.48
    16664       0.2052   5.48
    16665       0.2047   5.48
    16666       0.2047   5.48
    16667       0.2052   5.48
    16668       0.2046   5.48
    16669       0.2052   5.48
    16670       0.2046   5.48
    16671       0.2047   5.48
    16672       0.2053   5.48
    16673       0.2046   5.48
    16674       0.2053   5.48
    16675       0.2046   5.48
    16676       0.2053   5.48
    16677       0.2046   5.48
    16678       0.2047   5.48
    16679       0.2052   5.48
    16680       0.2045   5.48
    16681       0.2051   5.48
    16682       0.2046   5.48
    16683       0.2047   5.48
    16684       0.2053   5.48
    16685       0.2047   5.48
    16686       0.2050   5.48
    16687       0.2046   5.48
    16688       0.2047   5.48
    16689       0.2052   5.48
    16690       0.2047   5.48
    16691       0.2052   5.48
    16692       0.2046   5.48
    16693       0.2053   5.48
    16694       0.2047   5.48
    16695       0.2047   5.48
    16696       0.2052   5.48
    16697       0.2046   5.48
    16698       0.2053   5.48
    16699       0.2047   5.48
    16700       0.2047   5.48
    16701       0.2057   5.48
    16702       0.2047   5.48
    16703       0.2054   5.48
    16704       0.2046   5.48
    16705       0.2045   5.48
    16706       0.2056   5.48
    16707       0.2047   5.48
    16708       0.2052   5.48
    16709       0.2046   5.48
    16710       0.2058   5.48
    16711       0.2045   5.48
    16712       0.2048   5.48
    16713       0.2056   5.48
    16714       0.2049   5.48
    16715       0.2053   5.48
    16716       0.2047   5.48
    16717       0.2046   5.48
    16718       0.2053   5.48
    16719       0.2046   5.48
    16720       0.2058   5.48
    16721       0.2046   5.48
    16722       0.2046   5.48
    16723       0.2057   5.48
    16724       0.2048   5.48
    16725       0.2057   5.48
    16726       0.2049   5.48
    16727       0.2053   5.48
    16728       0.2045   5.47
    16729       0.2046   5.47
    16730       0.2059   5.47
    16731       0.2047   5.48
    16732       0.2054   5.48
    16733       0.2047   5.48
    16734       0.2046   5.48
    16735       0.2054   5.48
    16736       0.2046   5.48
    16737       0.2054   5.48
    16738       0.2046   5.48
    16739       0.2046   5.48
    16740       0.2058   5.48
    16741       0.2046   5.48
    16742       0.2057   5.48
    16743       0.2049   5.48
    16744       0.2053   5.48
    16745       0.2046   5.48
    16746       0.2046   5.48
    16747       0.2053   5.48
    16748       0.2046   5.48
    16749       0.2050   5.48
    16750       0.2045   5.48
    16751       0.2046   5.48
    16752       0.2052   5.48
    16753       0.2046   5.48
    16754       0.2052   5.48
    16755       0.2047   5.48
    16756       0.2046   5.48
    16757       0.2053   5.48
    16758       0.2047   5.48
    16759       0.2051   5.48
    16760       0.2046   5.48
    16761       0.2054   5.48
    16762       0.2045   5.48
    16763       0.2047   5.48
    16764       0.2058   5.48
    16765       0.2048   5.48
    16766       0.2053   5.48
    16767       0.2046   5.47
    16768       0.2046   5.47
    16769       0.2052   5.47
    16770       0.2046   5.48
    16771       0.2058   5.48
    16772       0.2049   5.48
    16773       0.2046   5.48
    16774       0.2054   5.48
    16775       0.2047   5.48
    16776       0.2053   5.48
    16777       0.2046   5.48
    16778       0.2053   5.48
    16779       0.2047   5.48
    16780       0.2046   5.48
    16781       0.2056   5.48
    16782       0.2046   5.48
    16783       0.2055   5.48
    16784       0.2047   5.48
    16785       0.2047   5.48
    16786       0.2052   5.48
    16787       0.2046   5.48
    16788       0.2053   5.48
    16789       0.2047   5.48
    16790       0.2046   5.48
    16791       0.2052   5.48
    16792       0.2047   5.48
    16793       0.2052   5.48
    16794       0.2046   5.48
    16795       0.2054   5.48
    16796       0.2049   5.48
    16797       0.2047   5.48
    16798       0.2052   5.48
    16799       0.2046   5.48
    16800       0.2053   5.48
    16801       0.2046   5.48
    16802       0.2047   5.48
    16803       0.2053   5.48
    16804       0.2047   5.48
    16805       0.2052   5.48
    16806       0.2048   5.48
    16807       0.2046   5.48
    16808       0.2053   5.48
    16809       0.2047   5.48
    16810       0.2053   5.48
    16811       0.2046   5.48
    16812       0.2053   5.48
    16813       0.2047   5.48
    16814       0.2047   5.48
    16815       0.2053   5.48
    16816       0.2047   5.48
    16817       0.2052   5.48
    16818       0.2046   5.48
    16819       0.2046   5.48
    16820       0.2054   5.48
    16821       0.2046   5.48
    16822       0.2054   5.48
    16823       0.2047   5.48
    16824       0.2047   5.48
    16825       0.2052   5.48
    16826       0.2047   5.48
    16827       0.2052   5.48
    16828       0.2047   5.48
    16829       0.2056   5.48
    16830       0.2046   5.48
    16831       0.2047   5.48
    16832       0.2057   5.48
    16833       0.2049   5.48
    16834       0.2056   5.48
    16835       0.2050   5.47
    16836       0.2047   5.47
    16837       0.2053   5.47
    16838       0.2046   5.47
    16839       0.2055   5.47
    16840       0.2046   5.48
    16841       0.2045   5.48
    16842       0.2054   5.48
    16843       0.2047   5.48
    16844       0.2053   5.48
    16845       0.2047   5.48
    16846       0.2052   5.48
    16847       0.2046   5.48
    16848       0.2047   5.48
    16849       0.2053   5.48
    16850       0.2047   5.48
    16851       0.2052   5.48
    16852       0.2046   5.48
    16853       0.2047   5.48
    16854       0.2052   5.48
    16855       0.2046   5.48
    16856       0.2052   5.48
    16857       0.2047   5.48
    16858       0.2047   5.48
    16859       0.2054   5.48
    16860       0.2047   5.48
    16861       0.2052   5.48
    16862       0.2047   5.48
    16863       0.2054   5.48
    16864       0.2048   5.48
    16865       0.2048   5.48
    16866       0.2052   5.48
    16867       0.2046   5.47
    16868       0.2053   5.47
    16869       0.2046   5.48
    16870       0.2047   5.48
    16871       0.2123   5.48
    16872       0.2049   5.48
    16873       0.2050   5.48
    16874       0.2047   5.47
    16875       0.2049   5.47
    16876       0.2054   5.47
    16877       0.2049   5.48
    16878       0.2052   5.48
    16879       0.2047   5.47
    16880       0.2053   5.47
    16881       0.2046   5.48
    16882       0.2046   5.48
    16883       0.2053   5.48
    16884       0.2046   5.48
    16885       0.2053   5.48
    16886       0.2047   5.48
    16887       0.2046   5.48
    16888       0.2053   5.48
    16889       0.2047   5.48
    16890       0.2056   5.48
    16891       0.2046   5.48
    16892       0.2048   5.48
    16893       0.2052   5.48
    16894       0.2046   5.48
    16895       0.2053   5.48
    16896       0.2047   5.48
    16897       0.2052   5.48
    16898       0.2046   5.48
    16899       0.2047   5.48
    16900       0.2052   5.48
    16901       0.2047   5.48
    16902       0.2053   5.48
    16903       0.2047   5.48
    16904       0.2047   5.48
    16905       0.2055   5.48
    16906       0.2050   5.48
    16907       0.2053   5.48
    16908       0.2047   5.47
    16909       0.2049   5.47
    16910       0.2050   5.47
    16911       0.2048   5.48
    16912       0.2054   5.48
    16913       0.2048   5.48
    16914       0.2053   5.48
    16915       0.2048   5.47
    16916       0.2048   5.47
    16917       0.2054   5.47
    16918       0.2050   5.48
    16919       0.2052   5.48
    16920       0.2047   5.47
    16921       0.2047   5.47
    16922       0.2053   5.47
    16923       0.2046   5.48
    16924       0.2052   5.48
    16925       0.2046   5.48
    16926       0.2048   5.48
    16927       0.2051   5.48
    16928       0.2047   5.48
    16929       0.2052   5.48
    16930       0.2047   5.48
    16931       0.2052   5.48
    16932       0.2047   5.48
    16933       0.2048   5.48
    16934       0.2054   5.48
    16935       0.2050   5.48
    16936       0.2052   5.48
    16937       0.2046   5.47
    16938       0.2047   5.47
    16939       0.2052   5.47
    16940       0.2048   5.48
    16941       0.2054   5.48
    16942       0.2047   5.48
    16943       0.2049   5.48
    16944       0.2053   5.48
    16945       0.2048   5.48
    16946       0.2053   5.48
    16947       0.2046   5.48
    16948       0.2051   5.48
    16949       0.2047   5.48
    16950       0.2047   5.48
    16951       0.2056   5.48
    16952       0.2046   5.48
    16953       0.2055   5.48
    16954       0.2046   5.48
    16955       0.2046   5.48
    16956       0.2053   5.48
    16957       0.2047   5.48
    16958       0.2052   5.48
    16959       0.2045   5.48
    16960       0.2048   5.48
    16961       0.2053   5.48
    16962       0.2046   5.48
    16963       0.2056   5.48
    16964       0.2046   5.48
    16965       0.2053   5.48
    16966       0.2046   5.48
    16967       0.2047   5.48
    16968       0.2052   5.48
    16969       0.2046   5.48
    16970       0.2052   5.48
    16971       0.2046   5.48
    16972       0.2046   5.48
    16973       0.2052   5.48
    16974       0.2047   5.48
    16975       0.2052   5.48
    16976       0.2047   5.48
    16977       0.2048   5.48
    16978       0.2050   5.48
    16979       0.2046   5.48
    16980       0.2053   5.48
    16981       0.2047   5.48
    16982       0.2053   5.48
    16983       0.2046   5.48
    16984       0.2046   5.48
    16985       0.2051   5.48
    16986       0.2047   5.48
    16987       0.2051   5.48
    16988       0.2045   5.48
    16989       0.2046   5.48
    16990       0.2051   5.48
    16991       0.2047   5.48
    16992       0.2052   5.48
    16993       0.2047   5.48
    16994       0.2046   5.48
    16995       0.2051   5.48
    16996       0.2046   5.48
    16997       0.2054   5.48
    16998       0.2049   5.48
    16999       0.2052   5.48
    17000       0.2047   5.47
    17001       0.2046   5.47
    17002       0.2055   5.47
    17003       0.2046   5.48
    17004       0.2056   5.48
    17005       0.2048   5.48
    17006       0.2047   5.48
    17007       0.2051   5.48
    17008       0.2046   5.47
    17009       0.2053   5.47
    17010       0.2046   5.48
    17011       0.2047   5.48
    17012       0.2055   5.48
    17013       0.2046   5.48
    17014       0.2055   5.48
    17015       0.2046   5.48
    17016       0.2051   5.48
    17017       0.2045   5.48
    17018       0.2045   5.48
    17019       0.2053   5.48
    17020       0.2047   5.48
    17021       0.2055   5.48
    17022       0.2044   5.48
    17023       0.2045   5.48
    17024       0.2054   5.48
    17025       0.2046   5.48
    17026       0.2052   5.48
    17027       0.2046   5.48
    17028       0.2047   5.48
    17029       0.2054   5.48
    17030       0.2049   5.48
    17031       0.2051   5.48
    17032       0.2046   5.47
    17033       0.2052   5.47
    17034       0.2047   5.48
    17035       0.2047   5.48
    17036       0.2052   5.48
    17037       0.2046   5.48
    17038       0.2053   5.48
    17039       0.2047   5.48
    17040       0.2047   5.48
    17041       0.2052   5.48
    17042       0.2046   5.48
    17043       0.2053   5.48
    17044       0.2047   5.48
    17045       0.2047   5.48
    17046       0.2052   5.48
    17047       0.2047   5.48
    17048       0.2052   5.48
    17049       0.2047   5.48
    17050       0.2052   5.48
    17051       0.2046   5.48
    17052       0.2047   5.48
    17053       0.2050   5.48
    17054       0.2045   5.48
    17055       0.2050   5.48
    17056       0.2046   5.48
    17057       0.2046   5.48
    17058       0.2051   5.48
    17059       0.2045   5.48
    17060       0.2055   5.48
    17061       0.2046   5.48
    17062       0.2047   5.48
    17063       0.2053   5.48
    17064       0.2045   5.48
    17065       0.2052   5.48
    17066       0.2046   5.48
    17067       0.2053   5.48
    17068       0.2046   5.48
    17069       0.2045   5.48
    17070       0.2056   5.48
    17071       0.2046   5.48
    17072       0.2055   5.48
    17073       0.2046   5.48
    17074       0.2046   5.48
    17075       0.2053   5.48
    17076       0.2046   5.48
    17077       0.2052   5.48
    17078       0.2046   5.48
    17079       0.2047   5.48
    17080       0.2056   5.48
    17081       0.2047   5.48
    17082       0.2055   5.48
    17083       0.2047   5.48
    17084       0.2052   5.48
    17085       0.2047   5.48
    17086       0.2046   5.48
    17087       0.2052   5.48
    17088       0.2046   5.48
    17089       0.2052   5.48
    17090       0.2046   5.48
    17091       0.2046   5.48
    17092       0.2052   5.48
    17093       0.2045   5.48
    17094       0.2050   5.48
    17095       0.2045   5.48
    17096       0.2045   5.48
    17097       0.2053   5.48
    17098       0.2045   5.48
    17099       0.2051   5.48
    17100       0.2046   5.48
    17101       0.2051   5.48
    17102       0.2047   5.48
    17103       0.2046   5.48
    17104       0.2052   5.48
    17105       0.2047   5.48
    17106       0.2053   5.48
    17107       0.2047   5.48
    17108       0.2047   5.48
    17109       0.2051   5.48
    17110       0.2045   5.48
    17111       0.2052   5.48
    17112       0.2046   5.48
    17113       0.2046   5.48
    17114       0.2052   5.48
    17115       0.2046   5.48
    17116       0.2053   5.48
    17117       0.2046   5.48
    17118       0.2051   5.48
    17119       0.2047   5.48
    17120       0.2047   5.48
    17121       0.2054   5.48
    17122       0.2046   5.48
    17123       0.2053   5.48
    17124       0.2046   5.48
    17125       0.2047   5.48
    17126       0.2052   5.48
    17127       0.2047   5.48
    17128       0.2053   5.48
    17129       0.2047   5.48
    17130       0.2047   5.48
    17131       0.2056   5.48
    17132       0.2047   5.48
    17133       0.2058   5.48
    17134       0.2045   5.48
    17135       0.2053   5.48
    17136       0.2046   5.48
    17137       0.2047   5.48
    17138       0.2053   5.48
    17139       0.2047   5.48
    17140       0.2056   5.48
    17141       0.2044   5.48
    17142       0.2045   5.48
    17143       0.2054   5.48
    17144       0.2046   5.48
    17145       0.2052   5.48
    17146       0.2046   5.48
    17147       0.2047   5.48
    17148       0.2052   5.48
    17149       0.2047   5.48
    17150       0.2053   5.48
    17151       0.2047   5.48
    17152       0.2052   5.48
    17153       0.2046   5.48
    17154       0.2046   5.48
    17155       0.2052   5.48
    17156       0.2047   5.48
    17157       0.2053   5.48
    17158       0.2047   5.48
    17159       0.2046   5.48
    17160       0.2052   5.48
    17161       0.2045   5.48
    17162       0.2052   5.48
    17163       0.2046   5.48
    17164       0.2046   5.48
    17165       0.2052   5.48
    17166       0.2047   5.48
    17167       0.2053   5.48
    17168       0.2047   5.48
    17169       0.2053   5.48
    17170       0.2054   5.48
    17171       0.2045   5.48
    17172       0.2052   5.48
    17173       0.2045   5.48
    17174       0.2052   5.48
    17175       0.2046   5.48
    17176       0.2051   5.48
    17177       0.2054   5.48
    17178       0.2047   5.48
    17179       0.2062   5.48
    17180       0.2048   5.48
    17181       0.2049   5.48
    17182       0.2054   5.48
    17183       0.2046   5.47
    17184       0.2053   5.47
    17185       0.2045   5.48
    17186       0.2051   5.48
    17187       0.2046   5.48
    17188       0.2046   5.48
    17189       0.2053   5.48
    17190       0.2047   5.48
    17191       0.2056   5.48
    17192       0.2046   5.48
    17193       0.2048   5.48
    17194       0.2055   5.48
    17195       0.2047   5.48
    17196       0.2052   5.48
    17197       0.2047   5.48
    17198       0.2047   5.48
    17199       0.2052   5.48
    17200       0.2046   5.48
    17201       0.2053   5.48
    17202       0.2047   5.48
    17203       0.2053   5.48
    17204       0.2047   5.48
    17205       0.2046   5.48
    17206       0.2052   5.48
    17207       0.2046   5.48
    17208       0.2053   5.48
    17209       0.2046   5.48
    17210       0.2046   5.48
    17211       0.2054   5.48
    17212       0.2046   5.48
    17213       0.2052   5.48
    17214       0.2045   5.48
    17215       0.2045   5.48
    17216       0.2054   5.48
    17217       0.2046   5.48
    17218       0.2053   5.48
    17219       0.2046   5.48
    17220       0.2051   5.48
    17221       0.2046   5.48
    17222       0.2047   5.48
    17223       0.2052   5.48
    17224       0.2047   5.48
    17225       0.2052   5.48
    17226       0.2046   5.48
    17227       0.2045   5.48
    17228       0.2053   5.48
    17229       0.2046   5.48
    17230       0.2053   5.48
    17231       0.2046   5.48
    17232       0.2047   5.48
    17233       0.2052   5.48
    17234       0.2045   5.48
    17235       0.2052   5.48
    17236       0.2045   5.48
    17237       0.2051   5.48
    17238       0.2047   5.48
    17239       0.2047   5.48
    17240       0.2053   5.48
    17241       0.2046   5.48
    17242       0.2055   5.48
    17243       0.2045   5.48
    17244       0.2046   5.48
    17245       0.2053   5.48
    17246       0.2046   5.48
    17247       0.2053   5.48
    17248       0.2049   5.48
    17249       0.2049   5.48
    17250       0.2057   5.48
    17251       0.2048   5.47
    17252       0.2055   5.47
    17253       0.2044   5.48
    17254       0.2051   5.48
    17255       0.2044   5.48
    17256       0.2046   5.48
    17257       0.2052   5.48
    17258       0.2047   5.48
    17259       0.2052   5.48
    17260       0.2046   5.48
    17261       0.2046   5.48
    17262       0.2053   5.48
    17263       0.2047   5.48
    17264       0.2051   5.48
    17265       0.2044   5.48
    17266       0.2045   5.48
    17267       0.2052   5.48
    17268       0.2047   5.48
    17269       0.2052   5.48
    17270       0.2045   5.48
    17271       0.2050   5.48
    17272       0.2047   5.48
    17273       0.2045   5.48
    17274       0.2052   5.48
    17275       0.2046   5.48
    17276       0.2053   5.48
    17277       0.2047   5.48
    17278       0.2046   5.48
    17279       0.2051   5.48
    17280       0.2045   5.48
    17281       0.2052   5.48
    17282       0.2046   5.48
    17283       0.2046   5.48
    17284       0.2051   5.48
    17285       0.2047   5.48
    17286       0.2053   5.48
    17287       0.2046   5.48
    17288       0.2052   5.48
    17289       0.2046   5.48
    17290       0.2047   5.48
    17291       0.2052   5.48
    17292       0.2048   5.48
    17293       0.2053   5.48
    17294       0.2046   5.48
    17295       0.2046   5.48
    17296       0.2054   5.48
    17297       0.2047   5.48
    17298       0.2051   5.48
    17299       0.2046   5.48
    17300       0.2046   5.48
    17301       0.2053   5.48
    17302       0.2045   5.48
    17303       0.2054   5.48
    17304       0.2044   5.48
    17305       0.2051   5.48
    17306       0.2046   5.48
    17307       0.2044   5.48
    17308       0.2052   5.48
    17309       0.2046   5.48
    17310       0.2057   5.48
    17311       0.2047   5.48
    17312       0.2046   5.48
    17313       0.2054   5.48
    17314       0.2045   5.48
    17315       0.2051   5.48
    17316       0.2047   5.48
    17317       0.2047   5.48
    17318       0.2052   5.48
    17319       0.2047   5.48
    17320       0.2057   5.48
    17321       0.2046   5.48
    17322       0.2055   5.48
    17323       0.2047   5.48
    17324       0.2047   5.48
    17325       0.2052   5.48
    17326       0.2045   5.48
    17327       0.2050   5.48
    17328       0.2047   5.48
    17329       0.2046   5.48
    17330       0.2052   5.48
    17331       0.2044   5.48
    17332       0.2052   5.48
    17333       0.2048   5.48
    17334       0.2047   5.48
    17335       0.2051   5.48
    17336       0.2046   5.48
    17337       0.2051   5.48
    17338       0.2047   5.48
    17339       0.2052   5.48
    17340       0.2045   5.48
    17341       0.2044   5.48
    17342       0.2050   5.48
    17343       0.2045   5.48
    17344       0.2051   5.48
    17345       0.2046   5.48
    17346       0.2046   5.48
    17347       0.2051   5.48
    17348       0.2046   5.48
    17349       0.2051   5.48
    17350       0.2047   5.48
    17351       0.2046   5.48
    17352       0.2052   5.48
    17353       0.2047   5.48
    17354       0.2053   5.48
    17355       0.2045   5.48
    17356       0.2047   5.48
    17357       0.2140   5.48
    17358       0.2046   5.48
    17359       0.2052   5.48
    17360       0.2045   5.48
    17361       0.2054   5.48
    17362       0.2044   5.48
    17363       0.2046   5.48
    17364       0.2054   5.48
    17365       0.2046   5.48
    17366       0.2053   5.48
    17367       0.2046   5.48
    17368       0.2046   5.48
    17369       0.2051   5.48
    17370       0.2045   5.48
    17371       0.2055   5.48
    17372       0.2047   5.48
    17373       0.2055   5.48
    17374       0.2046   5.48
    17375       0.2046   5.48
    17376       0.2052   5.48
    17377       0.2047   5.48
    17378       0.2052   5.48
    17379       0.2046   5.48
    17380       0.2046   5.48
    17381       0.2055   5.48
    17382       0.2047   5.48
    17383       0.2054   5.48
    17384       0.2046   5.48
    17385       0.2047   5.48
    17386       0.2051   5.48
    17387       0.2046   5.48
    17388       0.2053   5.48
    17389       0.2047   5.48
    17390       0.2052   5.48
    17391       0.2048   5.48
    17392       0.2047   5.48
    17393       0.2051   5.48
    17394       0.2046   5.48
    17395       0.2050   5.48
    17396       0.2047   5.48
    17397       0.2046   5.48
    17398       0.2052   5.48
    17399       0.2046   5.48
    17400       0.2052   5.48
    17401       0.2045   5.48
    17402       0.2045   5.48
    17403       0.2052   5.48
    17404       0.2047   5.48
    17405       0.2051   5.48
    17406       0.2047   5.48
    17407       0.2052   5.48
    17408       0.2047   5.48
    17409       0.2046   5.48
    17410       0.2052   5.48
    17411       0.2047   5.48
    17412       0.2052   5.48
    17413       0.2046   5.48
    17414       0.2046   5.48
    17415       0.2052   5.48
    17416       0.2047   5.48
    17417       0.2052   5.48
    17418       0.2047   5.48
    17419       0.2046   5.48
    17420       0.2054   5.48
    17421       0.2047   5.48
    17422       0.2055   5.48
    17423       0.2046   5.48
    17424       0.2052   5.48
    17425       0.2047   5.48
    17426       0.2046   5.48
    17427       0.2052   5.48
    17428       0.2047   5.48
    17429       0.2056   5.48
    17430       0.2046   5.48
    17431       0.2047   5.48
    17432       0.2054   5.48
    17433       0.2045   5.48
    17434       0.2051   5.48
    17435       0.2045   5.48
    17436       0.2045   5.48
    17437       0.2052   5.48
    17438       0.2046   5.48
    17439       0.2056   5.48
    17440       0.2046   5.48
    17441       0.2054   5.48
    17442       0.2046   5.48
    17443       0.2045   5.48
    17444       0.2050   5.48
    17445       0.2046   5.48
    17446       0.2051   5.48
    17447       0.2045   5.48
    17448       0.2047   5.48
    17449       0.2052   5.48
    17450       0.2047   5.48
    17451       0.2052   5.48
    17452       0.2046   5.48
    17453       0.2047   5.48
    17454       0.2051   5.48
    17455       0.2047   5.48
    17456       0.2052   5.48
    17457       0.2047   5.48
    17458       0.2048   5.48
    17459       0.2051   5.48
    17460       0.2047   5.48
    17461       0.2052   5.48
    17462       0.2046   5.48
    17463       0.2052   5.48
    17464       0.2047   5.48
    17465       0.2046   5.48
    17466       0.2052   5.48
    17467       0.2045   5.48
    17468       0.2051   5.48
    17469       0.2046   5.48
    17470       0.2046   5.48
    17471       0.2052   5.48
    17472       0.2047   5.48
    17473       0.2052   5.48
    17474       0.2047   5.48
    17475       0.2048   5.48
    17476       0.2050   5.48
    17477       0.2044   5.48
    17478       0.2052   5.48
    17479       0.2046   5.48
    17480       0.2054   5.48
    17481       0.2047   5.48
    17482       0.2047   5.48
    17483       0.2053   5.48
    17484       0.2045   5.48
    17485       0.2051   5.48
    17486       0.2046   5.48
    17487       0.2046   5.48
    17488       0.2052   5.48
    17489       0.2046   5.48
    17490       0.2056   5.48
    17491       0.2047   5.48
    17492       0.2050   5.48
    17493       0.2054   5.48
    17494       0.2046   5.47
    17495       0.2053   5.47
    17496       0.2048   5.48
    17497       0.2055   5.48
    17498       0.2047   5.47
    17499       0.2046   5.47
    17500       0.2057   5.47
    17501       0.2048   5.48
    17502       0.2056   5.48
    17503       0.2047   5.48
    17504       0.2048   5.48
    17505       0.2053   5.48
    17506       0.2046   5.48
    17507       0.2051   5.48
    17508       0.2047   5.48
    17509       0.2048   5.48
    17510       0.2051   5.48
    17511       0.2046   5.48
    17512       0.2052   5.48
    17513       0.2046   5.48
    17514       0.2051   5.48
    17515       0.2046   5.48
    17516       0.2047   5.48
    17517       0.2053   5.48
    17518       0.2046   5.48
    17519       0.2054   5.48
    17520       0.2047   5.48
    17521       0.2046   5.48
    17522       0.2052   5.48
    17523       0.2047   5.48
    17524       0.2053   5.48
    17525       0.2047   5.48
    17526       0.2049   5.48
    17527       0.2052   5.48
    17528       0.2047   5.47
    17529       0.2052   5.47
    17530       0.2047   5.48
    17531       0.2052   5.48
    17532       0.2047   5.48
    17533       0.2046   5.48
    17534       0.2053   5.48
    17535       0.2046   5.48
    17536       0.2052   5.48
    17537       0.2047   5.48
    17538       0.2047   5.48
    17539       0.2053   5.48
    17540       0.2047   5.48
    17541       0.2054   5.48
    17542       0.2047   5.48
    17543       0.2047   5.48
    17544       0.2055   5.48
    17545       0.2047   5.48
    17546       0.2053   5.48
    17547       0.2046   5.48
    17548       0.2053   5.48
    17549       0.2047   5.48
    17550       0.2046   5.48
    17551       0.2056   5.48
    17552       0.2047   5.48
    17553       0.2054   5.48
    17554       0.2047   5.48
    17555       0.2049   5.48
    17556       0.2054   5.48
    17557       0.2046   5.48
    17558       0.2052   5.48
    17559       0.2046   5.48
    17560       0.2047   5.48
    17561       0.2056   5.48
    17562       0.2047   5.48
    17563       0.2055   5.48
    17564       0.2048   5.48
    17565       0.2055   5.48
    17566       0.2047   5.47
    17567       0.2047   5.47
    17568       0.2053   5.47
    17569       0.2048   5.48
    17570       0.2054   5.48
    17571       0.2046   5.47
    17572       0.2046   5.47
    17573       0.2052   5.47
    17574       0.2046   5.48
    17575       0.2052   5.48
    17576       0.2048   5.48
    17577       0.2049   5.48
    17578       0.2052   5.48
    17579       0.2046   5.47
    17580       0.2052   5.47
    17581       0.2046   5.48
    17582       0.2053   5.48
    17583       0.2047   5.48
    17584       0.2047   5.48
    17585       0.2052   5.48
    17586       0.2046   5.48
    17587       0.2052   5.48
    17588       0.2047   5.48
    17589       0.2046   5.48
    17590       0.2052   5.48
    17591       0.2046   5.48
    17592       0.2053   5.48
    17593       0.2046   5.48
    17594       0.2046   5.48
    17595       0.2053   5.48
    17596       0.2047   5.48
    17597       0.2052   5.48
    17598       0.2047   5.48
    17599       0.2054   5.48
    17600       0.2049   5.47
    17601       0.2049   5.47
    17602       0.2057   5.47
    17603       0.2046   5.47
    17604       0.2053   5.47
    17605       0.2047   5.48
    17606       0.2047   5.48
    17607       0.2053   5.48
    17608       0.2045   5.48
    17609       0.2051   5.48
    17610       0.2046   5.48
    17611       0.2047   5.48
    17612       0.2056   5.48
    17613       0.2046   5.48
    17614       0.2054   5.48
    17615       0.2047   5.48
    17616       0.2052   5.48
    17617       0.2046   5.48
    17618       0.2049   5.48
    17619       0.2055   5.48
    17620       0.2045   5.48
    17621       0.2056   5.48
    17622       0.2046   5.48
    17623       0.2046   5.48
    17624       0.2054   5.48
    17625       0.2048   5.48
    17626       0.2055   5.48
    17627       0.2047   5.48
    17628       0.2046   5.48
    17629       0.2052   5.48
    17630       0.2045   5.48
    17631       0.2052   5.48
    17632       0.2047   5.48
    17633       0.2053   5.48
    17634       0.2046   5.48
    17635       0.2047   5.48
    17636       0.2051   5.48
    17637       0.2047   5.48
    17638       0.2051   5.48
    17639       0.2045   5.48
    17640       0.2046   5.48
    17641       0.2053   5.48
    17642       0.2047   5.48
    17643       0.2052   5.48
    17644       0.2047   5.48
    17645       0.2047   5.48
    17646       0.2053   5.48
    17647       0.2046   5.48
    17648       0.2051   5.48
    17649       0.2046   5.48
    17650       0.2053   5.48
    17651       0.2047   5.48
    17652       0.2046   5.48
    17653       0.2053   5.48
    17654       0.2046   5.48
    17655       0.2053   5.48
    17656       0.2047   5.48
    17657       0.2045   5.48
    17658       0.2051   5.48
    17659       0.2047   5.48
    17660       0.2054   5.48
    17661       0.2046   5.48
    17662       0.2046   5.48
    17663       0.2056   5.48
    17664       0.2047   5.48
    17665       0.2053   5.48
    17666       0.2047   5.48
    17667       0.2053   5.48
    17668       0.2046   5.48
    17669       0.2046   5.48
    17670       0.2056   5.48
    17671       0.2047   5.48
    17672       0.2056   5.48
    17673       0.2047   5.48
    17674       0.2047   5.48
    17675       0.2052   5.48
    17676       0.2046   5.48
    17677       0.2052   5.48
    17678       0.2047   5.48
    17679       0.2047   5.48
    17680       0.2056   5.48
    17681       0.2047   5.48
    17682       0.2054   5.48
    17683       0.2046   5.48
    17684       0.2052   5.48
    17685       0.2047   5.48
    17686       0.2046   5.48
    17687       0.2053   5.48
    17688       0.2047   5.48
    17689       0.2052   5.48
    17690       0.2046   5.48
    17691       0.2046   5.48
    17692       0.2053   5.48
    17693       0.2047   5.48
    17694       0.2053   5.48
    17695       0.2047   5.48
    17696       0.2047   5.48
    17697       0.2051   5.48
    17698       0.2046   5.48
    17699       0.2052   5.48
    17700       0.2046   5.48
    17701       0.2053   5.48
    17702       0.2047   5.48
    17703       0.2047   5.48
    17704       0.2053   5.48
    17705       0.2046   5.48
    17706       0.2051   5.48
    17707       0.2046   5.48
    17708       0.2047   5.48
    17709       0.2052   5.48
    17710       0.2046   5.48
    17711       0.2052   5.48
    17712       0.2046   5.48
    17713       0.2045   5.48
    17714       0.2051   5.48
    17715       0.2047   5.48
    17716       0.2055   5.48
    17717       0.2046   5.48
    17718       0.2053   5.48
    17719       0.2046   5.48
    17720       0.2046   5.48
    17721       0.2053   5.48
    17722       0.2047   5.48
    17723       0.2055   5.48
    17724       0.2047   5.48
    17725       0.2047   5.48
    17726       0.2052   5.48
    17727       0.2047   5.48
    17728       0.2052   5.48
    17729       0.2047   5.48
    17730       0.2046   5.48
    17731       0.2056   5.48
    17732       0.2047   5.48
    17733       0.2056   5.48
    17734       0.2046   5.48
    17735       0.2052   5.48
    17736       0.2046   5.48
    17737       0.2046   5.48
    17738       0.2053   5.48
    17739       0.2046   5.48
    17740       0.2055   5.48
    17741       0.2046   5.48
    17742       0.2047   5.48
    17743       0.2056   5.48
    17744       0.2047   5.48
    17745       0.2052   5.48
    17746       0.2046   5.48
    17747       0.2046   5.48
    17748       0.2052   5.48
    17749       0.2046   5.48
    17750       0.2052   5.48
    17751       0.2045   5.48
    17752       0.2053   5.48
    17753       0.2047   5.48
    17754       0.2046   5.48
    17755       0.2053   5.48
    17756       0.2047   5.48
    17757       0.2051   5.48
    17758       0.2046   5.48
    17759       0.2047   5.48
    17760       0.2053   5.48
    17761       0.2046   5.48
    17762       0.2052   5.48
    17763       0.2047   5.48
    17764       0.2047   5.48
    17765       0.2051   5.48
    17766       0.2046   5.48
    17767       0.2053   5.48
    17768       0.2047   5.48
    17769       0.2053   5.48
    17770       0.2046   5.48
    17771       0.2046   5.48
    17772       0.2052   5.48
    17773       0.2047   5.48
    17774       0.2052   5.48
    17775       0.2047   5.48
    17776       0.2047   5.48
    17777       0.2052   5.48
    17778       0.2046   5.48
    17779       0.2052   5.48
    17780       0.2046   5.48
    17781       0.2047   5.48
    17782       0.2054   5.48
    17783       0.2047   5.48
    17784       0.2055   5.48
    17785       0.2046   5.48
    17786       0.2054   5.48
    17787       0.2046   5.48
    17788       0.2047   5.48
    17789       0.2052   5.48
    17790       0.2047   5.48
    17791       0.2057   5.48
    17792       0.2046   5.48
    17793       0.2048   5.48
    17794       0.2067   5.48
    17795       0.2045   5.48
    17796       0.2052   5.48
    17797       0.2047   5.48
    17798       0.2047   5.48
    17799       0.2053   5.48
    17800       0.2046   5.48
    17801       0.2056   5.48
    17802       0.2047   5.48
    17803       0.2054   5.48
    17804       0.2046   5.48
    17805       0.2046   5.48
    17806       0.2051   5.48
    17807       0.2046   5.48
    17808       0.2053   5.48
    17809       0.2047   5.48
    17810       0.2046   5.48
    17811       0.2052   5.48
    17812       0.2046   5.48
    17813       0.2052   5.48
    17814       0.2047   5.48
    17815       0.2047   5.48
    17816       0.2052   5.48
    17817       0.2045   5.48
    17818       0.2051   5.48
    17819       0.2045   5.48
    17820       0.2053   5.48
    17821       0.2046   5.48
    17822       0.2047   5.48
    17823       0.2051   5.48
    17824       0.2046   5.48
    17825       0.2052   5.48
    17826       0.2045   5.48
    17827       0.2048   5.48
    17828       0.2052   5.48
    17829       0.2047   5.48
    17830       0.2052   5.48
    17831       0.2046   5.48
    17832       0.2047   5.48
    17833       0.2052   5.48
    17834       0.2046   5.48
    17835       0.2052   5.48
    17836       0.2046   5.48
    17837       0.2051   5.48
    17838       0.2044   5.48
    17839       0.2046   5.48
    17840       0.2054   5.48
    17841       0.2046   5.48
    17842       0.2123   5.48
    17843       0.2047   5.48
    17844       0.2046   5.48
    17845       0.2053   5.48
    17846       0.2047   5.48
    17847       0.2052   5.48
    17848       0.2046   5.48
    17849       0.2045   5.48
    17850       0.2055   5.48
    17851       0.2047   5.48
    17852       0.2054   5.48
    17853       0.2048   5.48
    17854       0.2053   5.48
    17855       0.2046   5.48
    17856       0.2046   5.48
    17857       0.2053   5.48
    17858       0.2047   5.48
    17859       0.2055   5.48
    17860       0.2044   5.48
    17861       0.2047   5.48
    17862       0.2054   5.48
    17863       0.2047   5.48
    17864       0.2052   5.48
    17865       0.2047   5.48
    17866       0.2047   5.48
    17867       0.2053   5.48
    17868       0.2046   5.48
    17869       0.2054   5.48
    17870       0.2047   5.48
    17871       0.2052   5.48
    17872       0.2046   5.48
    17873       0.2047   5.48
    17874       0.2053   5.48
    17875       0.2046   5.48
    17876       0.2052   5.48
    17877       0.2047   5.48
    17878       0.2047   5.48
    17879       0.2052   5.48
    17880       0.2046   5.48
    17881       0.2052   5.48
    17882       0.2047   5.48
    17883       0.2047   5.48
    17884       0.2052   5.48
    17885       0.2046   5.48
    17886       0.2052   5.48
    17887       0.2045   5.48
    17888       0.2053   5.48
    17889       0.2046   5.48
    17890       0.2046   5.48
    17891       0.2052   5.48
    17892       0.2047   5.48
    17893       0.2050   5.48
    17894       0.2045   5.48
    17895       0.2045   5.48
    17896       0.2053   5.48
    17897       0.2047   5.48
    17898       0.2052   5.48
    17899       0.2045   5.48
    17900       0.2047   5.48
    17901       0.2054   5.48
    17902       0.2046   5.48
    17903       0.2055   5.48
    17904       0.2046   5.48
    17905       0.2053   5.48
    17906       0.2046   5.48
    17907       0.2046   5.48
    17908       0.2052   5.48
    17909       0.2047   5.48
    17910       0.2056   5.48
    17911       0.2046   5.48
    17912       0.2046   5.48
    17913       0.2055   5.48
    17914       0.2047   5.48
    17915       0.2053   5.48
    17916       0.2046   5.48
    17917       0.2047   5.48
    17918       0.2053   5.48
    17919       0.2047   5.48
    17920       0.2052   5.48
    17921       0.2046   5.48
    17922       0.2053   5.48
    17923       0.2047   5.48
    17924       0.2047   5.48
    17925       0.2053   5.48
    17926       0.2047   5.48
    17927       0.2052   5.48
    17928       0.2047   5.48
    17929       0.2047   5.48
    17930       0.2052   5.48
    17931       0.2046   5.48
    17932       0.2053   5.48
    17933       0.2046   5.48
    17934       0.2047   5.48
    17935       0.2052   5.48
    17936       0.2046   5.48
    17937       0.2053   5.48
    17938       0.2047   5.48
    17939       0.2051   5.48
    17940       0.2047   5.48
    17941       0.2047   5.48
    17942       0.2051   5.48
    17943       0.2046   5.48
    17944       0.2052   5.48
    17945       0.2047   5.48
    17946       0.2047   5.48
    17947       0.2052   5.48
    17948       0.2047   5.48
    17949       0.2052   5.48
    17950       0.2047   5.48
    17951       0.2046   5.48
    17952       0.2051   5.48
    17953       0.2047   5.48
    17954       0.2052   5.48
    17955       0.2047   5.48
    17956       0.2054   5.48
    17957       0.2048   5.48
    17958       0.2046   5.48
    17959       0.2052   5.48
    17960       0.2047   5.48
    17961       0.2053   5.48
    17962       0.2044   5.48
    17963       0.2048   5.48
    17964       0.2057   5.48
    17965       0.2048   5.48
    17966       0.2057   5.48
    17967       0.2049   5.47
    17968       0.2046   5.47
    17969       0.2052   5.47
    17970       0.2047   5.47
    17971       0.2056   5.47
    17972       0.2046   5.48
    17973       0.2055   5.48
    17974       0.2047   5.48
    17975       0.2047   5.48
    17976       0.2053   5.48
    17977       0.2047   5.48
    17978       0.2052   5.48
    17979       0.2046   5.48
    17980       0.2046   5.48
    17981       0.2056   5.48
    17982       0.2047   5.48
    17983       0.2056   5.48
    17984       0.2046   5.48
    17985       0.2045   5.48
    17986       0.2051   5.48
    17987       0.2046   5.48
    17988       0.2051   5.48
    17989       0.2045   5.48
    17990       0.2052   5.48
    17991       0.2044   5.48
    17992       0.2046   5.48
    17993       0.2052   5.48
    17994       0.2047   5.48
    17995       0.2053   5.48
    17996       0.2047   5.48
    17997       0.2047   5.48
    17998       0.2052   5.48
    17999       0.2047   5.48
    18000       0.2053   5.48
    18001       0.2046   5.48
    18002       0.2046   5.48
    18003       0.2052   5.48
    18004       0.2047   5.48
    18005       0.2053   5.48
    18006       0.2047   5.48
    18007       0.2052   5.48
    18008       0.2046   5.48
    18009       0.2046   5.48
    18010       0.2052   5.48
    18011       0.2046   5.48
    18012       0.2052   5.48
    18013       0.2045   5.48
    18014       0.2046   5.48
    18015       0.2053   5.48
    18016       0.2047   5.48
    18017       0.2053   5.48
    18018       0.2046   5.48
    18019       0.2047   5.48
    18020       0.2054   5.48
    18021       0.2046   5.48
    18022       0.2055   5.48
    18023       0.2046   5.48
    18024       0.2052   5.48
    18025       0.2045   5.48
    18026       0.2047   5.48
    18027       0.2053   5.48
    18028       0.2046   5.48
    18029       0.2057   5.48
    18030       0.2046   5.48
    18031       0.2047   5.48
    18032       0.2054   5.48
    18033       0.2047   5.48
    18034       0.2053   5.48
    18035       0.2047   5.48
    18036       0.2046   5.48
    18037       0.2051   5.48
    18038       0.2047   5.48
    18039       0.2056   5.48
    18040       0.2047   5.48
    18041       0.2056   5.48
    18042       0.2046   5.48
    18043       0.2047   5.48
    18044       0.2052   5.48
    18045       0.2046   5.48
    18046       0.2052   5.48
    18047       0.2046   5.48
    18048       0.2046   5.48
    18049       0.2053   5.48
    18050       0.2046   5.48
    18051       0.2051   5.48
    18052       0.2045   5.48
    18053       0.2047   5.48
    18054       0.2053   5.48
    18055       0.2046   5.48
    18056       0.2054   5.48
    18057       0.2049   5.48
    18058       0.2055   5.48
    18059       0.2048   5.47
    18060       0.2048   5.47
    18061       0.2051   5.47
    18062       0.2047   5.48
    18063       0.2053   5.48
    18064       0.2047   5.48
    18065       0.2048   5.48
    18066       0.2052   5.48
    18067       0.2047   5.48
    18068       0.2052   5.48
    18069       0.2046   5.48
    18070       0.2046   5.48
    18071       0.2052   5.48
    18072       0.2047   5.48
    18073       0.2053   5.48
    18074       0.2047   5.48
    18075       0.2052   5.48
    18076       0.2047   5.48
    18077       0.2047   5.48
    18078       0.2053   5.48
    18079       0.2047   5.48
    18080       0.2053   5.48
    18081       0.2044   5.48
    18082       0.2046   5.48
    18083       0.2056   5.48
    18084       0.2047   5.48
    18085       0.2052   5.48
    18086       0.2047   5.48
    18087       0.2045   5.48
    18088       0.2052   5.48
    18089       0.2047   5.48
    18090       0.2056   5.48
    18091       0.2046   5.48
    18092       0.2054   5.48
    18093       0.2046   5.48
    18094       0.2047   5.48
    18095       0.2051   5.48
    18096       0.2045   5.48
    18097       0.2052   5.48
    18098       0.2047   5.48
    18099       0.2047   5.48
    18100       0.2056   5.48
    18101       0.2047   5.48
    18102       0.2056   5.48
    18103       0.2047   5.48
    18104       0.2048   5.48
    18105       0.2053   5.48
    18106       0.2047   5.48
    18107       0.2054   5.48
    18108       0.2047   5.48
    18109       0.2052   5.48
    18110       0.2046   5.48
    18111       0.2046   5.48
    18112       0.2051   5.48
    18113       0.2046   5.48
    18114       0.2053   5.48
    18115       0.2047   5.48
    18116       0.2046   5.48
    18117       0.2052   5.48
    18118       0.2047   5.48
    18119       0.2053   5.48
    18120       0.2046   5.48
    18121       0.2046   5.48
    18122       0.2052   5.48
    18123       0.2047   5.48
    18124       0.2052   5.48
    18125       0.2046   5.48
    18126       0.2052   5.48
    18127       0.2044   5.48
    18128       0.2046   5.48
    18129       0.2052   5.48
    18130       0.2047   5.48
    18131       0.2054   5.48
    18132       0.2047   5.48
    18133       0.2047   5.48
    18134       0.2052   5.48
    18135       0.2047   5.48
    18136       0.2053   5.48
    18137       0.2046   5.48
    18138       0.2047   5.48
    18139       0.2052   5.48
    18140       0.2047   5.48
    18141       0.2054   5.48
    18142       0.2046   5.48
    18143       0.2054   5.48
    18144       0.2048   5.48
    18145       0.2046   5.48
    18146       0.2052   5.48
    18147       0.2047   5.48
    18148       0.2053   5.48
    18149       0.2047   5.48
    18150       0.2047   5.48
    18151       0.2057   5.48
    18152       0.2047   5.48
    18153       0.2055   5.48
    18154       0.2048   5.48
    18155       0.2047   5.48
    18156       0.2052   5.48
    18157       0.2048   5.48
    18158       0.2052   5.48
    18159       0.2047   5.48
    18160       0.2056   5.48
    18161       0.2046   5.48
    18162       0.2048   5.48
    18163       0.2056   5.48
    18164       0.2049   5.48
    18165       0.2053   5.48
    18166       0.2047   5.47
    18167       0.2046   5.47
    18168       0.2053   5.47
    18169       0.2047   5.48
    18170       0.2052   5.48
    18171       0.2047   5.48
    18172       0.2047   5.48
    18173       0.2051   5.48
    18174       0.2046   5.48
    18175       0.2053   5.48
    18176       0.2047   5.48
    18177       0.2052   5.48
    18178       0.2047   5.48
    18179       0.2047   5.48
    18180       0.2054   5.48
    18181       0.2049   5.48
    18182       0.2054   5.48
    18183       0.2047   5.47
    18184       0.2046   5.47
    18185       0.2051   5.47
    18186       0.2046   5.48
    18187       0.2051   5.48
    18188       0.2046   5.48
    18189       0.2047   5.48
    18190       0.2053   5.48
    18191       0.2046   5.48
    18192       0.2052   5.48
    18193       0.2047   5.48
    18194       0.2053   5.48
    18195       0.2046   5.48
    18196       0.2046   5.48
    18197       0.2053   5.48
    18198       0.2047   5.48
    18199       0.2054   5.48
    18200       0.2047   5.48
    18201       0.2047   5.48
    18202       0.2055   5.48
    18203       0.2048   5.48
    18204       0.2055   5.48
    18205       0.2047   5.48
    18206       0.2047   5.48
    18207       0.2053   5.48
    18208       0.2047   5.48
    18209       0.2053   5.48
    18210       0.2047   5.48
    18211       0.2056   5.48
    18212       0.2046   5.48
    18213       0.2047   5.48
    18214       0.2054   5.48
    18215       0.2046   5.48
    18216       0.2053   5.48
    18217       0.2046   5.48
    18218       0.2047   5.48
    18219       0.2053   5.48
    18220       0.2047   5.48
    18221       0.2055   5.48
    18222       0.2046   5.48
    18223       0.2047   5.48
    18224       0.2053   5.48
    18225       0.2047   5.48
    18226       0.2051   5.48
    18227       0.2046   5.48
    18228       0.2052   5.48
    18229       0.2047   5.48
    18230       0.2048   5.48
    18231       0.2052   5.48
    18232       0.2047   5.48
    18233       0.2052   5.48
    18234       0.2047   5.48
    18235       0.2047   5.48
    18236       0.2054   5.48
    18237       0.2046   5.48
    18238       0.2052   5.48
    18239       0.2047   5.48
    18240       0.2047   5.48
    18241       0.2051   5.48
    18242       0.2046   5.48
    18243       0.2052   5.48
    18244       0.2046   5.48
    18245       0.2048   5.48
    18246       0.2045   5.48
    18247       0.2046   5.48
    18248       0.2052   5.48
    18249       0.2046   5.48
    18250       0.2053   5.48
    18251       0.2047   5.48
    18252       0.2047   5.48
    18253       0.2053   5.48
    18254       0.2047   5.48
    18255       0.2053   5.48
    18256       0.2047   5.48
    18257       0.2047   5.48
    18258       0.2052   5.48
    18259       0.2046   5.48
    18260       0.2062   5.48
    18261       0.2047   5.48
    18262       0.2048   5.48
    18263       0.2047   5.48
    18264       0.2046   5.48
    18265       0.2053   5.48
    18266       0.2047   5.48
    18267       0.2052   5.48
    18268       0.2046   5.48
    18269       0.2047   5.48
    18270       0.2056   5.48
    18271       0.2047   5.48
    18272       0.2054   5.48
    18273       0.2045   5.48
    18274       0.2046   5.48
    18275       0.2053   5.48
    18276       0.2047   5.48
    18277       0.2052   5.48
    18278       0.2046   5.48
    18279       0.2048   5.48
    18280       0.2050   5.48
    18281       0.2046   5.48
    18282       0.2052   5.48
    18283       0.2047   5.48
    18284       0.2054   5.48
    18285       0.2047   5.48
    18286       0.2047   5.48
    18287       0.2053   5.48
    18288       0.2047   5.48
    18289       0.2051   5.48
    18290       0.2047   5.48
    18291       0.2046   5.48
    18292       0.2052   5.48
    18293       0.2047   5.48
    18294       0.2052   5.48
    18295       0.2047   5.48
    18296       0.2049   5.48
    18297       0.2050   5.48
    18298       0.2046   5.48
    18299       0.2052   5.48
    18300       0.2047   5.48
    18301       0.2053   5.48
    18302       0.2046   5.48
    18303       0.2047   5.48
    18304       0.2052   5.48
    18305       0.2047   5.48
    18306       0.2053   5.48
    18307       0.2045   5.48
    18308       0.2047   5.48
    18309       0.2052   5.48
    18310       0.2047   5.48
    18311       0.2052   5.48
    18312       0.2047   5.48
    18313       0.2048   5.48
    18314       0.2050   5.48
    18315       0.2047   5.48
    18316       0.2053   5.48
    18317       0.2046   5.48
    18318       0.2051   5.48
    18319       0.2047   5.48
    18320       0.2048   5.48
    18321       0.2054   5.48
    18322       0.2046   5.48
    18323       0.2055   5.48
    18324       0.2046   5.48
    18325       0.2047   5.48
    18326       0.2053   5.48
    18327       0.2047   5.48
    18328       0.2052   5.48
    18329       0.2046   5.48
    18330       0.2048   5.48
    18331       0.2054   5.48
    18332       0.2047   5.48
    18333       0.2055   5.48
    18334       0.2048   5.48
    18335       0.2053   5.48
    18336       0.2047   5.48
    18337       0.2047   5.48
    18338       0.2054   5.48
    18339       0.2050   5.48
    18340       0.2057   5.48
    18341       0.2046   5.47
    18342       0.2048   5.47
    18343       0.2054   5.47
    18344       0.2047   5.48
    18345       0.2053   5.48
    18346       0.2046   5.48
    18347       0.2048   5.48
    18348       0.2049   5.48
    18349       0.2048   5.48
    18350       0.2052   5.48
    18351       0.2046   5.48
    18352       0.2052   5.48
    18353       0.2046   5.48
    18354       0.2047   5.48
    18355       0.2051   5.48
    18356       0.2047   5.48
    18357       0.2056   5.48
    18358       0.2047   5.48
    18359       0.2047   5.48
    18360       0.2055   5.48
    18361       0.2046   5.48
    18362       0.2051   5.48
    18363       0.2045   5.48
    18364       0.2045   5.48
    18365       0.2049   5.48
    18366       0.2045   5.48
    18367       0.2146   5.48
    18368       0.2045   5.48
    18369       0.2052   5.48
    18370       0.2046   5.48
    18371       0.2046   5.48
    18372       0.2053   5.48
    18373       0.2047   5.48
    18374       0.2052   5.48
    18375       0.2046   5.48
    18376       0.2046   5.48
    18377       0.2052   5.48
    18378       0.2046   5.48
    18379       0.2052   5.48
    18380       0.2046   5.48
    18381       0.2055   5.48
    18382       0.2046   5.48
    18383       0.2047   5.48
    18384       0.2054   5.48
    18385       0.2045   5.48
    18386       0.2051   5.48
    18387       0.2047   5.48
    18388       0.2047   5.48
    18389       0.2051   5.48
    18390       0.2045   5.48
    18391       0.2055   5.48
    18392       0.2045   5.48
    18393       0.2045   5.48
    18394       0.2055   5.48
    18395       0.2047   5.48
    18396       0.2052   5.48
    18397       0.2047   5.48
    18398       0.2053   5.48
    18399       0.2045   5.48
    18400       0.2045   5.48
    18401       0.2055   5.48
    18402       0.2046   5.48
    18403       0.2056   5.48
    18404       0.2048   5.48
    18405       0.2049   5.48
    18406       0.2051   5.48
    18407       0.2047   5.47
    18408       0.2053   5.47
    18409       0.2045   5.48
    18410       0.2046   5.48
    18411       0.2051   5.48
    18412       0.2046   5.48
    18413       0.2052   5.48
    18414       0.2047   5.48
    18415       0.2052   5.48
    18416       0.2047   5.48
    18417       0.2047   5.48
    18418       0.2052   5.48
    18419       0.2045   5.48
    18420       0.2052   5.48
    18421       0.2045   5.48
    18422       0.2046   5.48
    18423       0.2052   5.48
    18424       0.2046   5.48
    18425       0.2052   5.48
    18426       0.2049   5.48
    18427       0.2050   5.48
    18428       0.2056   5.48
    18429       0.2049   5.47
    18430       0.2053   5.47
    18431       0.2046   5.47
    18432       0.2054   5.47
    18433       0.2046   5.48
    18434       0.2046   5.48
    18435       0.2052   5.48
    18436       0.2046   5.48
    18437       0.2054   5.48
    18438       0.2046   5.48
    18439       0.2047   5.48
    18440       0.2055   5.48
    18441       0.2047   5.48
    18442       0.2056   5.48
    18443       0.2047   5.48
    18444       0.2047   5.48
    18445       0.2053   5.48
    18446       0.2046   5.48
    18447       0.2053   5.48
    18448       0.2047   5.48
    18449       0.2048   5.48
    18450       0.2046   5.48
    18451       0.2047   5.48
    18452       0.2055   5.48
    18453       0.2047   5.48
    18454       0.2052   5.48
    18455       0.2046   5.48
    18456       0.2047   5.48
    18457       0.2052   5.48
    18458       0.2047   5.48
    18459       0.2057   5.48
    18460       0.2046   5.48
    18461       0.2047   5.48
    18462       0.2054   5.48
    18463       0.2045   5.48
    18464       0.2052   5.48
    18465       0.2048   5.48
    18466       0.2055   5.48
    18467       0.2046   5.47
    18468       0.2046   5.47
    18469       0.2053   5.47
    18470       0.2046   5.48
    18471       0.2053   5.48
    18472       0.2046   5.48
    18473       0.2048   5.48
    18474       0.2051   5.48
    18475       0.2046   5.48
    18476       0.2051   5.48
    18477       0.2045   5.48
    18478       0.2046   5.48
    18479       0.2053   5.48
    18480       0.2046   5.48
    18481       0.2052   5.48
    18482       0.2046   5.48
    18483       0.2049   5.48
    18484       0.2051   5.48
    18485       0.2046   5.48
    18486       0.2052   5.48
    18487       0.2046   5.48
    18488       0.2053   5.48
    18489       0.2047   5.48
    18490       0.2047   5.48
    18491       0.2053   5.48
    18492       0.2047   5.48
    18493       0.2052   5.48
    18494       0.2047   5.48
    18495       0.2047   5.48
    18496       0.2053   5.48
    18497       0.2047   5.48
    18498       0.2053   5.48
    18499       0.2047   5.48
    18500       0.2049   5.48
    18501       0.2052   5.48
    18502       0.2047   5.48
    18503       0.2055   5.48
    18504       0.2048   5.48
    18505       0.2054   5.48
    18506       0.2046   5.48
    18507       0.2047   5.48
    18508       0.2051   5.48
    18509       0.2047   5.48
    18510       0.2056   5.48
    18511       0.2046   5.48
    18512       0.2046   5.48
    18513       0.2056   5.48
    18514       0.2047   5.48
    18515       0.2053   5.48
    18516       0.2047   5.48
    18517       0.2049   5.48
    18518       0.2051   5.48
    18519       0.2047   5.48
    18520       0.2056   5.48
    18521       0.2047   5.48
    18522       0.2056   5.48
    18523       0.2047   5.48
    18524       0.2047   5.48
    18525       0.2052   5.48
    18526       0.2046   5.48
    18527       0.2052   5.48
    18528       0.2047   5.48
    18529       0.2047   5.48
    18530       0.2054   5.48
    18531       0.2049   5.48
    18532       0.2053   5.48
    18533       0.2046   5.47
    18534       0.2048   5.47
    18535       0.2050   5.47
    18536       0.2047   5.48
    18537       0.2053   5.48
    18538       0.2047   5.48
    18539       0.2053   5.48
    18540       0.2047   5.48
    18541       0.2047   5.48
    18542       0.2051   5.48
    18543       0.2046   5.48
    18544       0.2052   5.48
    18545       0.2046   5.48
    18546       0.2046   5.48
    18547       0.2053   5.48
    18548       0.2049   5.48
    18549       0.2054   5.48
    18550       0.2046   5.47
    18551       0.2048   5.47
    18552       0.2050   5.47
    18553       0.2046   5.48
    18554       0.2051   5.48
    18555       0.2047   5.48
    18556       0.2053   5.48
    18557       0.2047   5.48
    18558       0.2046   5.48
    18559       0.2053   5.48
    18560       0.2046   5.48
    18561       0.2054   5.48
    18562       0.2046   5.48
    18563       0.2047   5.48
    18564       0.2054   5.48
    18565       0.2045   5.48
    18566       0.2052   5.48
    18567       0.2047   5.48
    18568       0.2048   5.48
    18569       0.2051   5.48
    18570       0.2046   5.48
    18571       0.2056   5.48
    18572       0.2046   5.48
    18573       0.2055   5.48
    18574       0.2046   5.48
    18575       0.2046   5.48
    18576       0.2052   5.48
    18577       0.2046   5.48
    18578       0.2052   5.48
    18579       0.2045   5.48
    18580       0.2046   5.48
    18581       0.2052   5.48
    18582       0.2047   5.48
    18583       0.2052   5.48
    18584       0.2047   5.48
    18585       0.2046   5.48
    18586       0.2051   5.48
    18587       0.2047   5.48
    18588       0.2053   5.48
    18589       0.2047   5.48
    18590       0.2052   5.48
    18591       0.2046   5.48
    18592       0.2047   5.48
    18593       0.2053   5.48
    18594       0.2047   5.48
    18595       0.2052   5.48
    18596       0.2046   5.48
    18597       0.2046   5.48
    18598       0.2053   5.48
    18599       0.2047   5.48
    18600       0.2053   5.48
    18601       0.2046   5.48
    18602       0.2046   5.48
    18603       0.2053   5.48
    18604       0.2047   5.48
    18605       0.2053   5.48
    18606       0.2047   5.48
    18607       0.2052   5.48
    18608       0.2047   5.48
    18609       0.2046   5.48
    18610       0.2052   5.48
    18611       0.2047   5.48
    18612       0.2053   5.48
    18613       0.2046   5.48
    18614       0.2046   5.48
    18615       0.2053   5.48
    18616       0.2046   5.48
    18617       0.2052   5.48
    18618       0.2045   5.48
    18619       0.2045   5.48
    18620       0.2054   5.48
    18621       0.2047   5.48
    18622       0.2055   5.48
    18623       0.2046   5.48
    18624       0.2053   5.48
    18625       0.2046   5.48
    18626       0.2047   5.48
    18627       0.2052   5.48
    18628       0.2046   5.48
    18629       0.2056   5.48
    18630       0.2046   5.48
    18631       0.2047   5.48
    18632       0.2055   5.48
    18633       0.2047   5.48
    18634       0.2052   5.48
    18635       0.2047   5.48
    18636       0.2047   5.48
    18637       0.2052   5.48
    18638       0.2047   5.48
    18639       0.2051   5.48
    18640       0.2048   5.48
    18641       0.2053   5.48
    18642       0.2046   5.48
    18643       0.2046   5.48
    18644       0.2053   5.48
    18645       0.2047   5.48
    18646       0.2052   5.48
    18647       0.2047   5.48
    18648       0.2047   5.48
    18649       0.2051   5.48
    18650       0.2047   5.48
    18651       0.2052   5.48
    18652       0.2046   5.48
    18653       0.2046   5.48
    18654       0.2052   5.48
    18655       0.2044   5.48
    18656       0.2050   5.48
    18657       0.2047   5.48
    18658       0.2052   5.48
    18659       0.2045   5.48
    18660       0.2046   5.48
    18661       0.2051   5.48
    18662       0.2045   5.48
    18663       0.2052   5.48
    18664       0.2047   5.48
    18665       0.2046   5.48
    18666       0.2052   5.48
    18667       0.2047   5.48
    18668       0.2052   5.48
    18669       0.2047   5.48
    18670       0.2047   5.48
    18671       0.2053   5.48
    18672       0.2044   5.48
    18673       0.2051   5.48
    18674       0.2046   5.48
    18675       0.2052   5.48
    18676       0.2046   5.48
    18677       0.2047   5.48
    18678       0.2051   5.48
    18679       0.2046   5.48
    18680       0.2055   5.48
    18681       0.2046   5.48
    18682       0.2047   5.48
    18683       0.2055   5.48
    18684       0.2047   5.48
    18685       0.2053   5.48
    18686       0.2045   5.48
    18687       0.2047   5.48
    18688       0.2052   5.48
    18689       0.2047   5.48
    18690       0.2056   5.48
    18691       0.2046   5.48
    18692       0.2055   5.48
    18693       0.2045   5.48
    18694       0.2046   5.48
    18695       0.2053   5.48
    18696       0.2047   5.48
    18697       0.2052   5.48
    18698       0.2047   5.48
    18699       0.2046   5.48
    18700       0.2056   5.48
    18701       0.2047   5.48
    18702       0.2056   5.48
    18703       0.2046   5.48
    18704       0.2046   5.48
    18705       0.2053   5.48
    18706       0.2046   5.48
    18707       0.2052   5.48
    18708       0.2046   5.48
    18709       0.2052   5.48
    18710       0.2047   5.48
    18711       0.2047   5.48
    18712       0.2052   5.48
    18713       0.2046   5.48
    18714       0.2051   5.48
    18715       0.2047   5.48
    18716       0.2047   5.48
    18717       0.2053   5.48
    18718       0.2046   5.48
    18719       0.2053   5.48
    18720       0.2047   5.48
    18721       0.2047   5.48
    18722       0.2053   5.48
    18723       0.2045   5.48
    18724       0.2052   5.48
    18725       0.2047   5.48
    18726       0.2116   5.48
    18727       0.2045   5.48
    18728       0.2047   5.48
    18729       0.2051   5.48
    18730       0.2044   5.48
    18731       0.2052   5.48
    18732       0.2047   5.48
    18733       0.2048   5.48
    18734       0.2054   5.48
    18735       0.2046   5.48
    18736       0.2052   5.48
    18737       0.2046   5.48
    18738       0.2046   5.48
    18739       0.2053   5.48
    18740       0.2047   5.48
    18741       0.2054   5.48
    18742       0.2046   5.48
    18743       0.2056   5.48
    18744       0.2047   5.48
    18745       0.2046   5.48
    18746       0.2052   5.48
    18747       0.2047   5.48
    18748       0.2051   5.48
    18749       0.2047   5.48
    18750       0.2046   5.48
    18751       0.2057   5.48
    18752       0.2046   5.48
    18753       0.2054   5.48
    18754       0.2045   5.48
    18755       0.2045   5.48
    18756       0.2052   5.48
    18757       0.2047   5.48
    18758       0.2053   5.48
    18759       0.2046   5.48
    18760       0.2056   5.48
    18761       0.2046   5.48
    18762       0.2047   5.48
    18763       0.2055   5.48
    18764       0.2047   5.48
    18765       0.2053   5.48
    18766       0.2047   5.48
    18767       0.2049   5.48
    18768       0.2054   5.48
    18769       0.2046   5.47
    18770       0.2051   5.47
    18771       0.2047   5.48
    18772       0.2046   5.48
    18773       0.2051   5.48
    18774       0.2047   5.48
    18775       0.2053   5.48
    18776       0.2047   5.48
    18777       0.2052   5.48
    18778       0.2047   5.48
    18779       0.2047   5.48
    18780       0.2052   5.48
    18781       0.2047   5.48
    18782       0.2052   5.48
    18783       0.2047   5.48
    18784       0.2046   5.48
    18785       0.2052   5.48
    18786       0.2047   5.48
    18787       0.2052   5.48
    18788       0.2046   5.48
    18789       0.2044   5.48
    18790       0.2052   5.48
    18791       0.2047   5.48
    18792       0.2052   5.48
    18793       0.2045   5.48
    18794       0.2050   5.48
    18795       0.2045   5.48
    18796       0.2046   5.48
    18797       0.2053   5.48
    18798       0.2047   5.48
    18799       0.2052   5.48
    18800       0.2046   5.48
    18801       0.2046   5.48
    18802       0.2055   5.48
    18803       0.2044   5.48
    18804       0.2052   5.48
    18805       0.2046   5.48
    18806       0.2047   5.48
    18807       0.2052   5.48
    18808       0.2047   5.48
    18809       0.2052   5.48
    18810       0.2046   5.48
    18811       0.2055   5.48
    18812       0.2045   5.48
    18813       0.2046   5.48
    18814       0.2054   5.48
    18815       0.2046   5.48
    18816       0.2053   5.48
    18817       0.2046   5.48
    18818       0.2046   5.48
    18819       0.2052   5.48
    18820       0.2045   5.48
    18821       0.2055   5.48
    18822       0.2045   5.48
    18823       0.2045   5.48
    18824       0.2053   5.48
    18825       0.2046   5.48
    18826       0.2051   5.48
    18827       0.2047   5.48
    18828       0.2053   5.48
    18829       0.2046   5.48
    18830       0.2046   5.48
    18831       0.2052   5.48
    18832       0.2046   5.48
    18833       0.2053   5.48
    18834       0.2046   5.48
    18835       0.2047   5.48
    18836       0.2053   5.48
    18837       0.2046   5.48
    18838       0.2052   5.48
    18839       0.2046   5.48
    18840       0.2045   5.48
    18841       0.2053   5.48
    18842       0.2046   5.48
    18843       0.2051   5.48
    18844       0.2047   5.48
    18845       0.2051   5.48
    18846       0.2046   5.48
    18847       0.2047   5.48
    18848       0.2053   5.48
    18849       0.2046   5.48
    18850       0.2051   5.48
    18851       0.2046   5.48
    18852       0.2048   5.48
    18853       0.2140   5.48
    18854       0.2046   5.48
    18855       0.2054   5.48
    18856       0.2047   5.48
    18857       0.2047   5.48
    18858       0.2052   5.48
    18859       0.2045   5.48
    18860       0.2053   5.48
    18861       0.2046   5.48
    18862       0.2054   5.48
    18863       0.2046   5.48
    18864       0.2047   5.48
    18865       0.2052   5.48
    18866       0.2046   5.48
    18867       0.2052   5.48
    18868       0.2045   5.48
    18869       0.2045   5.48
    18870       0.2056   5.48
    18871       0.2047   5.48
    18872       0.2053   5.48
    18873       0.2046   5.48
    18874       0.2048   5.48
    18875       0.2052   5.48
    18876       0.2045   5.48
    18877       0.2051   5.48
    18878       0.2047   5.48
    18879       0.2056   5.48
    18880       0.2046   5.48
    18881       0.2045   5.48
    18882       0.2111   5.48
    18883       0.2047   5.48
    18884       0.2053   5.48
    18885       0.2047   5.48
    18886       0.2046   5.48
    18887       0.2052   5.48
    18888       0.2047   5.48
    18889       0.2052   5.48
    18890       0.2046   5.48
    18891       0.2046   5.48
    18892       0.2052   5.48
    18893       0.2047   5.48
    18894       0.2053   5.48
    18895       0.2046   5.48
    18896       0.2052   5.48
    18897       0.2045   5.48
    18898       0.2047   5.48
    18899       0.2052   5.48
    18900       0.2046   5.48
    18901       0.2052   5.48
    18902       0.2047   5.48
    18903       0.2047   5.48
    18904       0.2052   5.48
    18905       0.2045   5.48
    18906       0.2051   5.48
    18907       0.2046   5.48
    18908       0.2046   5.48
    18909       0.2052   5.48
    18910       0.2046   5.48
    18911       0.2052   5.48
    18912       0.2047   5.48
    18913       0.2053   5.48
    18914       0.2047   5.48
    18915       0.2046   5.48
    18916       0.2051   5.48
    18917       0.2045   5.48
    18918       0.2052   5.48
    18919       0.2047   5.48
    18920       0.2046   5.48
    18921       0.2054   5.48
    18922       0.2046   5.48
    18923       0.2053   5.48
    18924       0.2047   5.48
    18925       0.2046   5.48
    18926       0.2052   5.48
    18927       0.2045   5.48
    18928       0.2050   5.48
    18929       0.2045   5.48
    18930       0.2056   5.48
    18931       0.2047   5.48
    18932       0.2046   5.48
    18933       0.2055   5.48
    18934       0.2046   5.48
    18935       0.2052   5.48
    18936       0.2046   5.48
    18937       0.2045   5.48
    18938       0.2051   5.48
    18939       0.2045   5.48
    18940       0.2051   5.48
    18941       0.2046   5.48
    18942       0.2047   5.48
    18943       0.2052   5.48
    18944       0.2045   5.48
    18945       0.2051   5.48
    18946       0.2044   5.48
    18947       0.2051   5.48
    18948       0.2045   5.48
    18949       0.2046   5.48
    18950       0.2053   5.48
    18951       0.2047   5.48
    18952       0.2052   5.48
    18953       0.2047   5.48
    18954       0.2046   5.48
    18955       0.2052   5.48
    18956       0.2047   5.48
    18957       0.2053   5.48
    18958       0.2047   5.48
    18959       0.2046   5.48
    18960       0.2052   5.48
    18961       0.2046   5.48
    18962       0.2051   5.48
    18963       0.2047   5.48
    18964       0.2053   5.48
    18965       0.2046   5.48
    18966       0.2047   5.48
    18967       0.2053   5.48
    18968       0.2046   5.48
    18969       0.2053   5.48
    18970       0.2047   5.48
    18971       0.2047   5.48
    18972       0.2053   5.48
    18973       0.2046   5.48
    18974       0.2052   5.48
    18975       0.2046   5.48
    18976       0.2046   5.48
    18977       0.2052   5.48
    18978       0.2047   5.48
    18979       0.2051   5.48
    18980       0.2047   5.48
    18981       0.2054   5.48
    18982       0.2047   5.48
    18983       0.2046   5.48
    18984       0.2055   5.48
    18985       0.2046   5.48
    18986       0.2052   5.48
    18987       0.2047   5.48
    18988       0.2047   5.48
    18989       0.2052   5.48
    18990       0.2046   5.48
    18991       0.2055   5.48
    18992       0.2045   5.48
    18993       0.2046   5.48
    18994       0.2055   5.48
    18995       0.2046   5.48
    18996       0.2053   5.48
    18997       0.2046   5.48
    18998       0.2052   5.48
    18999       0.2047   5.48
    19000       0.2047   5.48
    19001       0.2055   5.48
    19002       0.2048   5.48
    19003       0.2059   5.48
    19004       0.2048   5.48
    19005       0.2046   5.48
    19006       0.2052   5.48
    19007       0.2046   5.48
    19008       0.2051   5.48
    19009       0.2047   5.48
    19010       0.2049   5.48
    19011       0.2055   5.48
    19012       0.2046   5.48
    19013       0.2052   5.48
    19014       0.2047   5.48
    19015       0.2053   5.48
    19016       0.2046   5.48
    19017       0.2047   5.48
    19018       0.2052   5.48
    19019       0.2046   5.48
    19020       0.2052   5.48
    19021       0.2046   5.48
    19022       0.2046   5.48
    19023       0.2053   5.48
    19024       0.2046   5.48
    19025       0.2052   5.48
    19026       0.2046   5.48
    19027       0.2046   5.48
    19028       0.2052   5.48
    19029       0.2046   5.48
    19030       0.2053   5.48
    19031       0.2046   5.48
    19032       0.2052   5.48
    19033       0.2045   5.48
    19034       0.2046   5.48
    19035       0.2053   5.48
    19036       0.2047   5.48
    19037       0.2061   5.48
    19038       0.2046   5.48
    19039       0.2046   5.48
    19040       0.2054   5.48
    19041       0.2047   5.48
    19042       0.2055   5.48
    19043       0.2045   5.48
    19044       0.2046   5.48
    19045       0.2052   5.48
    19046       0.2047   5.48
    19047       0.2051   5.48
    19048       0.2047   5.48
    19049       0.2058   5.48
    19050       0.2046   5.48
    19051       0.2047   5.48
    19052       0.2055   5.48
    19053       0.2047   5.48
    19054       0.2053   5.48
    19055       0.2046   5.48
    19056       0.2047   5.48
    19057       0.2052   5.48
    19058       0.2047   5.48
    19059       0.2055   5.48
    19060       0.2045   5.48
    19061       0.2046   5.48
    19062       0.2055   5.48
    19063       0.2047   5.48
    19064       0.2052   5.48
    19065       0.2046   5.48
    19066       0.2054   5.48
    19067       0.2045   5.48
    19068       0.2047   5.48
    19069       0.2053   5.48
    19070       0.2045   5.48
    19071       0.2052   5.48
    19072       0.2045   5.48
    19073       0.2046   5.48
    19074       0.2051   5.48
    19075       0.2046   5.48
    19076       0.2051   5.48
    19077       0.2047   5.48
    19078       0.2047   5.48
    19079       0.2052   5.48
    19080       0.2046   5.48
    19081       0.2051   5.48
    19082       0.2046   5.48
    19083       0.2053   5.48
    19084       0.2046   5.48
    19085       0.2046   5.48
    19086       0.2053   5.48
    19087       0.2047   5.48
    19088       0.2053   5.48
    19089       0.2046   5.48
    19090       0.2045   5.48
    19091       0.2051   5.48
    19092       0.2047   5.48
    19093       0.2053   5.48
    19094       0.2047   5.48
    19095       0.2046   5.48
    19096       0.2052   5.48
    19097       0.2046   5.48
    19098       0.2050   5.48
    19099       0.2046   5.48
    19100       0.2054   5.48
    19101       0.2045   5.48
    19102       0.2046   5.48
    19103       0.2053   5.48
    19104       0.2045   5.48
    19105       0.2051   5.48
    19106       0.2045   5.48
    19107       0.2047   5.48
    19108       0.2052   5.48
    19109       0.2047   5.48
    19110       0.2057   5.48
    19111       0.2046   5.48
    19112       0.2047   5.48
    19113       0.2054   5.48
    19114       0.2045   5.48
    19115       0.2051   5.48
    19116       0.2046   5.48
    19117       0.2052   5.48
    19118       0.2047   5.48
    19119       0.2047   5.48
    19120       0.2057   5.48
    19121       0.2047   5.48
    19122       0.2055   5.48
    19123       0.2047   5.48
    19124       0.2046   5.48
    19125       0.2052   5.48
    19126       0.2048   5.48
    19127       0.2055   5.48
    19128       0.2049   5.48
    19129       0.2046   5.48
    19130       0.2053   5.48
    19131       0.2047   5.48
    19132       0.2053   5.48
    19133       0.2046   5.48
    19134       0.2051   5.48
    19135       0.2047   5.48
    19136       0.2047   5.48
    19137       0.2052   5.48
    19138       0.2046   5.48
    19139       0.2053   5.48
    19140       0.2047   5.48
    19141       0.2048   5.48
    19142       0.2055   5.48
    19143       0.2048   5.48
    19144       0.2052   5.48
    19145       0.2047   5.48
    19146       0.2046   5.48
    19147       0.2052   5.48
    19148       0.2047   5.48
    19149       0.2054   5.48
    19150       0.2049   5.48
    19151       0.2056   5.48
    19152       0.2049   5.47
    19153       0.2046   5.47
    19154       0.2052   5.47
    19155       0.2046   5.48
    19156       0.2051   5.48
    19157       0.2046   5.48
    19158       0.2047   5.48
    19159       0.2051   5.48
    19160       0.2047   5.48
    19161       0.2053   5.48
    19162       0.2045   5.48
    19163       0.2048   5.48
    19164       0.2054   5.48
    19165       0.2046   5.48
    19166       0.2053   5.48
    19167       0.2047   5.48
    19168       0.2053   5.48
    19169       0.2047   5.48
    19170       0.2045   5.48
    19171       0.2056   5.48
    19172       0.2046   5.48
    19173       0.2054   5.48
    19174       0.2047   5.48
    19175       0.2046   5.48
    19176       0.2053   5.48
    19177       0.2046   5.48
    19178       0.2052   5.48
    19179       0.2046   5.48
    19180       0.2046   5.48
    19181       0.2055   5.48
    19182       0.2045   5.48
    19183       0.2055   5.48
    19184       0.2047   5.48
    19185       0.2052   5.48
    19186       0.2047   5.48
    19187       0.2046   5.48
    19188       0.2052   5.48
    19189       0.2046   5.48
    19190       0.2053   5.48
    19191       0.2046   5.48
    19192       0.2047   5.48
    19193       0.2060   5.48
    19194       0.2047   5.48
    19195       0.2052   5.48
    19196       0.2046   5.48
    19197       0.2046   5.48
    19198       0.2052   5.48
    19199       0.2046   5.48
    19200       0.2054   5.48
    19201       0.2049   5.48
    19202       0.2052   5.48
    19203       0.2047   5.48
    19204       0.2047   5.48
    19205       0.2051   5.48
    19206       0.2046   5.48
    19207       0.2052   5.48
    19208       0.2046   5.48
    19209       0.2046   5.48
    19210       0.2053   5.48
    19211       0.2046   5.48
    19212       0.2052   5.48
    19213       0.2047   5.48
    19214       0.2046   5.48
    19215       0.2052   5.48
    19216       0.2046   5.48
    19217       0.2053   5.48
    19218       0.2046   5.48
    19219       0.2052   5.48
    19220       0.2046   5.48
    19221       0.2047   5.48
    19222       0.2054   5.48
    19223       0.2047   5.48
    19224       0.2055   5.48
    19225       0.2047   5.48
    19226       0.2046   5.48
    19227       0.2052   5.48
    19228       0.2047   5.48
    19229       0.2053   5.48
    19230       0.2047   5.48
    19231       0.2047   5.48
    19232       0.2058   5.48
    19233       0.2046   5.48
    19234       0.2054   5.48
    19235       0.2047   5.48
    19236       0.2052   5.48
    19237       0.2047   5.48
    19238       0.2048   5.48
    19239       0.2052   5.48
    19240       0.2046   5.48
    19241       0.2057   5.48
    19242       0.2047   5.48
    19243       0.2046   5.48
    19244       0.2055   5.48
    19245       0.2047   5.48
    19246       0.2053   5.48
    19247       0.2047   5.48
    19248       0.2046   5.48
    19249       0.2053   5.48
    19250       0.2047   5.48
    19251       0.2053   5.48
    19252       0.2049   5.48
    19253       0.2051   5.48
    19254       0.2046   5.48
    19255       0.2047   5.48
    19256       0.2052   5.48
    19257       0.2046   5.48
    19258       0.2052   5.48
    19259       0.2046   5.48
    19260       0.2046   5.48
    19261       0.2051   5.48
    19262       0.2046   5.48
    19263       0.2052   5.48
    19264       0.2046   5.48
    19265       0.2047   5.48
    19266       0.2052   5.48
    19267       0.2047   5.48
    19268       0.2052   5.48
    19269       0.2046   5.48
    19270       0.2052   5.48
    19271       0.2045   5.48
    19272       0.2047   5.48
    19273       0.2053   5.48
    19274       0.2046   5.48
    19275       0.2052   5.48
    19276       0.2047   5.48
    19277       0.2046   5.48
    19278       0.2053   5.48
    19279       0.2046   5.48
    19280       0.2054   5.48
    19281       0.2046   5.48
    19282       0.2047   5.48
    19283       0.2056   5.48
    19284       0.2046   5.48
    19285       0.2053   5.48
    19286       0.2046   5.48
    19287       0.2048   5.48
    19288       0.2047   5.48
    19289       0.2047   5.48
    19290       0.2053   5.48
    19291       0.2045   5.48
    19292       0.2053   5.48
    19293       0.2045   5.48
    19294       0.2044   5.48
    19295       0.2051   5.48
    19296       0.2045   5.48
    19297       0.2050   5.48
    19298       0.2044   5.48
    19299       0.2045   5.48
    19300       0.2052   5.48
    19301       0.2047   5.48
    19302       0.2051   5.48
    19303       0.2045   5.48
    19304       0.2046   5.48
    19305       0.2049   5.48
    19306       0.2046   5.48
    19307       0.2053   5.48
    19308       0.2046   5.48
    19309       0.2050   5.48
    19310       0.2047   5.48
    19311       0.2047   5.48
    19312       0.2052   5.48
    19313       0.2046   5.48
    19314       0.2053   5.48
    19315       0.2047   5.48
    19316       0.2046   5.48
    19317       0.2051   5.48
    19318       0.2045   5.48
    19319       0.2052   5.48
    19320       0.2047   5.48
    19321       0.2046   5.48
    19322       0.2051   5.48
    19323       0.2047   5.48
    19324       0.2053   5.48
    19325       0.2047   5.48
    19326       0.2053   5.48
    19327       0.2046   5.48
    19328       0.2047   5.48
    19329       0.2052   5.48
    19330       0.2047   5.48
    19331       0.2053   5.48
    19332       0.2046   5.48
    19333       0.2047   5.48
    19334       0.2053   5.48
    19335       0.2046   5.48
    19336       0.2052   5.48
    19337       0.2046   5.48
    19338       0.2046   5.48
    19339       0.2053   5.48
    19340       0.2047   5.48
    19341       0.2054   5.48
    19342       0.2047   5.48
    19343       0.2055   5.48
    19344       0.2047   5.48
    19345       0.2047   5.48
    19346       0.2054   5.48
    19347       0.2049   5.48
    19348       0.2051   5.48
    19349       0.2047   5.47
    19350       0.2047   5.47
    19351       0.2057   5.47
    19352       0.2047   5.48
    19353       0.2054   5.48
    19354       0.2047   5.48
    19355       0.2047   5.48
    19356       0.2052   5.48
    19357       0.2047   5.48
    19358       0.2052   5.48
    19359       0.2047   5.48
    19360       0.2058   5.48
    19361       0.2046   5.48
    19362       0.2046   5.48
    19363       0.2054   5.48
    19364       0.2047   5.48
    19365       0.2053   5.48
    19366       0.2047   5.48
    19367       0.2046   5.48
    19368       0.2051   5.48
    19369       0.2046   5.48
    19370       0.2053   5.48
    19371       0.2049   5.48
    19372       0.2046   5.48
    19373       0.2052   5.48
    19374       0.2047   5.47
    19375       0.2052   5.47
    19376       0.2047   5.48
    19377       0.2052   5.48
    19378       0.2046   5.48
    19379       0.2046   5.48
    19380       0.2145   5.48
    19381       0.2046   5.48
    19382       0.2053   5.48
    19383       0.2047   5.48
    19384       0.2047   5.48
    19385       0.2053   5.48
    19386       0.2046   5.48
    19387       0.2052   5.48
    19388       0.2046   5.48
    19389       0.2052   5.48
    19390       0.2046   5.48
    19391       0.2046   5.48
    19392       0.2052   5.48
    19393       0.2046   5.48
    19394       0.2053   5.48
    19395       0.2047   5.48
    19396       0.2046   5.48
    19397       0.2052   5.48
    19398       0.2047   5.48
    19399       0.2052   5.48
    19400       0.2046   5.48
    19401       0.2046   5.48
    19402       0.2054   5.48
    19403       0.2047   5.48
    19404       0.2054   5.48
    19405       0.2046   5.48
    19406       0.2052   5.48
    19407       0.2047   5.48
    19408       0.2047   5.48
    19409       0.2052   5.48
    19410       0.2046   5.48
    19411       0.2055   5.48
    19412       0.2044   5.48
    19413       0.2047   5.48
    19414       0.2055   5.48
    19415       0.2047   5.48
    19416       0.2053   5.48
    19417       0.2046   5.48
    19418       0.2048   5.48
    19419       0.2054   5.48
    19420       0.2050   5.48
    19421       0.2056   5.48
    19422       0.2047   5.47
    19423       0.2054   5.47
    19424       0.2047   5.48
    19425       0.2047   5.48
    19426       0.2052   5.48
    19427       0.2046   5.48
    19428       0.2051   5.48
    19429       0.2047   5.48
    19430       0.2047   5.48
    19431       0.2052   5.48
    19432       0.2047   5.48
    19433       0.2053   5.48
    19434       0.2046   5.48
    19435       0.2046   5.48
    19436       0.2053   5.48
    19437       0.2047   5.48
    19438       0.2052   5.48
    19439       0.2047   5.48
    19440       0.2047   5.48
    19441       0.2046   5.48
    19442       0.2046   5.48
    19443       0.2053   5.48
    19444       0.2047   5.48
    19445       0.2052   5.48
    19446       0.2048   5.48
    19447       0.2047   5.48
    19448       0.2051   5.48
    19449       0.2046   5.48
    19450       0.2053   5.48
    19451       0.2047   5.48
    19452       0.2046   5.48
    19453       0.2053   5.48
    19454       0.2046   5.48
    19455       0.2052   5.48
    19456       0.2047   5.48
    19457       0.2048   5.48
    19458       0.2051   5.48
    19459       0.2047   5.48
    19460       0.2054   5.48
    19461       0.2046   5.48
    19462       0.2054   5.48
    19463       0.2048   5.48
    19464       0.2047   5.48
    19465       0.2050   5.48
    19466       0.2046   5.48
    19467       0.2053   5.48
    19468       0.2046   5.48
    19469       0.2047   5.48
    19470       0.2056   5.48
    19471       0.2046   5.48
    19472       0.2054   5.48
    19473       0.2047   5.48
    19474       0.2049   5.48
    19475       0.2050   5.48
    19476       0.2047   5.48
    19477       0.2053   5.48
    19478       0.2047   5.48
    19479       0.2056   5.48
    19480       0.2045   5.48
    19481       0.2046   5.48
    19482       0.2055   5.48
    19483       0.2046   5.48
    19484       0.2052   5.48
    19485       0.2046   5.48
    19486       0.2046   5.48
    19487       0.2052   5.48
    19488       0.2047   5.48
    19489       0.2054   5.48
    19490       0.2047   5.48
    19491       0.2047   5.48
    19492       0.2050   5.48
    19493       0.2047   5.48
    19494       0.2051   5.48
    19495       0.2045   5.48
    19496       0.2052   5.48
    19497       0.2045   5.48
    19498       0.2046   5.48
    19499       0.2052   5.48
    19500       0.2047   5.48
    19501       0.2054   5.48
    19502       0.2047   5.48
    19503       0.2047   5.48
    19504       0.2054   5.48
    19505       0.2050   5.48
    19506       0.2051   5.48
    19507       0.2046   5.47
    19508       0.2048   5.47
    19509       0.2050   5.47
    19510       0.2047   5.48
    19511       0.2052   5.48
    19512       0.2045   5.48
    19513       0.2051   5.48
    19514       0.2045   5.48
    19515       0.2046   5.48
    19516       0.2053   5.48
    19517       0.2046   5.48
    19518       0.2051   5.48
    19519       0.2046   5.48
    19520       0.2046   5.48
    19521       0.2053   5.48
    19522       0.2045   5.48
    19523       0.2056   5.48
    19524       0.2047   5.48
    19525       0.2048   5.48
    19526       0.2050   5.48
    19527       0.2046   5.48
    19528       0.2051   5.48
    19529       0.2046   5.48
    19530       0.2056   5.48
    19531       0.2047   5.48
    19532       0.2047   5.48
    19533       0.2053   5.48
    19534       0.2045   5.48
    19535       0.2051   5.48
    19536       0.2047   5.48
    19537       0.2048   5.48
    19538       0.2053   5.48
    19539       0.2047   5.48
    19540       0.2056   5.48
    19541       0.2046   5.48
    19542       0.2046   5.48
    19543       0.2053   5.48
    19544       0.2045   5.48
    19545       0.2052   5.48
    19546       0.2047   5.48
    19547       0.2053   5.48
    19548       0.2046   5.48
    19549       0.2047   5.48
    19550       0.2053   5.48
    19551       0.2046   5.48
    19552       0.2053   5.48
    19553       0.2049   5.48
    19554       0.2049   5.48
    19555       0.2056   5.48
    19556       0.2049   5.47
    19557       0.2052   5.47
    19558       0.2046   5.47
    19559       0.2046   5.47
    19560       0.2051   5.47
    19561       0.2047   5.48
    19562       0.2052   5.48
    19563       0.2046   5.48
    19564       0.2052   5.48
    19565       0.2047   5.48
    19566       0.2046   5.48
    19567       0.2051   5.48
    19568       0.2046   5.48
    19569       0.2052   5.48
    19570       0.2047   5.48
    19571       0.2046   5.48
    19572       0.2050   5.48
    19573       0.2046   5.48
    19574       0.2052   5.48
    19575       0.2047   5.48
    19576       0.2047   5.48
    19577       0.2052   5.48
    19578       0.2047   5.48
    19579       0.2053   5.48
    19580       0.2049   5.48
    19581       0.2060   5.48
    19582       0.2046   5.47
    19583       0.2047   5.47
    19584       0.2056   5.47
    19585       0.2047   5.48
    19586       0.2052   5.48
    19587       0.2045   5.48
    19588       0.2046   5.48
    19589       0.2053   5.48
    19590       0.2047   5.48
    19591       0.2057   5.48
    19592       0.2047   5.48
    19593       0.2047   5.48
    19594       0.2055   5.48
    19595       0.2047   5.48
    19596       0.2053   5.48
    19597       0.2046   5.48
    19598       0.2053   5.48
    19599       0.2046   5.48
    19600       0.2047   5.48
    19601       0.2051   5.48
    19602       0.2047   5.48
    19603       0.2052   5.48
    19604       0.2045   5.48
    19605       0.2046   5.48
    19606       0.2052   5.48
    19607       0.2047   5.48
    19608       0.2053   5.48
    19609       0.2046   5.48
    19610       0.2047   5.48
    19611       0.2051   5.48
    19612       0.2045   5.48
    19613       0.2052   5.48
    19614       0.2047   5.48
    19615       0.2053   5.48
    19616       0.2046   5.48
    19617       0.2047   5.48
    19618       0.2052   5.48
    19619       0.2047   5.48
    19620       0.2053   5.48
    19621       0.2047   5.48
    19622       0.2046   5.48
    19623       0.2051   5.48
    19624       0.2047   5.48
    19625       0.2053   5.48
    19626       0.2047   5.48
    19627       0.2046   5.48
    19628       0.2053   5.48
    19629       0.2046   5.48
    19630       0.2052   5.48
    19631       0.2046   5.48
    19632       0.2053   5.48
    19633       0.2046   5.48
    19634       0.2046   5.48
    19635       0.2052   5.48
    19636       0.2047   5.48
    19637       0.2053   5.48
    19638       0.2046   5.48
    19639       0.2047   5.48
    19640       0.2055   5.48
    19641       0.2047   5.48
    19642       0.2054   5.48
    19643       0.2046   5.48
    19644       0.2046   5.48
    19645       0.2052   5.48
    19646       0.2046   5.48
    19647       0.2052   5.48
    19648       0.2047   5.48
    19649       0.2058   5.48
    19650       0.2046   5.48
    19651       0.2047   5.48
    19652       0.2055   5.48
    19653       0.2046   5.48
    19654       0.2053   5.48
    19655       0.2046   5.48
    19656       0.2047   5.48
    19657       0.2053   5.48
    19658       0.2047   5.48
    19659       0.2065   5.48
    19660       0.2047   5.48
    19661       0.2047   5.48
    19662       0.2054   5.48
    19663       0.2046   5.48
    19664       0.2052   5.48
    19665       0.2046   5.48
    19666       0.2052   5.48
    19667       0.2047   5.48
    19668       0.2048   5.48
    19669       0.2052   5.48
    19670       0.2046   5.48
    19671       0.2053   5.48
    19672       0.2047   5.48
    19673       0.2047   5.48
    19674       0.2052   5.48
    19675       0.2045   5.48
    19676       0.2052   5.48
    19677       0.2047   5.48
    19678       0.2047   5.48
    19679       0.2051   5.48
    19680       0.2045   5.48
    19681       0.2051   5.48
    19682       0.2046   5.48
    19683       0.2053   5.48
    19684       0.2045   5.48
    19685       0.2046   5.48
    19686       0.2053   5.48
    19687       0.2047   5.48
    19688       0.2051   5.48
    19689       0.2046   5.48
    19690       0.2047   5.48
    19691       0.2053   5.48
    19692       0.2046   5.48
    19693       0.2054   5.48
    19694       0.2046   5.48
    19695       0.2046   5.48
    19696       0.2052   5.48
    19697       0.2045   5.48
    19698       0.2049   5.48
    19699       0.2045   5.48
    19700       0.2054   5.48
    19701       0.2047   5.48
    19702       0.2047   5.48
    19703       0.2055   5.48
    19704       0.2046   5.48
    19705       0.2053   5.48
    19706       0.2047   5.48
    19707       0.2047   5.48
    19708       0.2052   5.48
    19709       0.2046   5.48
    19710       0.2057   5.48
    19711       0.2045   5.48
    19712       0.2044   5.48
    19713       0.2053   5.48
    19714       0.2045   5.48
    19715       0.2053   5.48
    19716       0.2047   5.48
    19717       0.2052   5.48
    19718       0.2047   5.48
    19719       0.2046   5.48
    19720       0.2056   5.48
    19721       0.2047   5.48
    19722       0.2055   5.48
    19723       0.2046   5.48
    19724       0.2047   5.48
    19725       0.2053   5.48
    19726       0.2046   5.48
    19727       0.2052   5.48
    19728       0.2047   5.48
    19729       0.2046   5.48
    19730       0.2051   5.48
    19731       0.2045   5.48
    19732       0.2051   5.48
    19733       0.2047   5.48
    19734       0.2052   5.48
    19735       0.2047   5.48
    19736       0.2046   5.48
    19737       0.2055   5.48
    19738       0.2047   5.48
    19739       0.2053   5.48
    19740       0.2047   5.48
    19741       0.2047   5.48
    19742       0.2052   5.48
    19743       0.2046   5.48
    19744       0.2053   5.48
    19745       0.2047   5.48
    19746       0.2046   5.48
    19747       0.2051   5.48
    19748       0.2045   5.48
    19749       0.2052   5.48
    19750       0.2046   5.48
    19751       0.2053   5.48
    19752       0.2047   5.48
    19753       0.2046   5.48
    19754       0.2052   5.48
    19755       0.2047   5.48
    19756       0.2051   5.48
    19757       0.2047   5.48
    19758       0.2047   5.48
    19759       0.2053   5.48
    19760       0.2045   5.48
    19761       0.2053   5.48
    19762       0.2046   5.48
    19763       0.2044   5.48
    19764       0.2055   5.48
    19765       0.2049   5.48
    19766       0.2053   5.48
    19767       0.2047   5.47
    19768       0.2052   5.47
    19769       0.2046   5.48
    19770       0.2046   5.48
    19771       0.2057   5.48
    19772       0.2047   5.48
    19773       0.2054   5.48
    19774       0.2046   5.48
    19775       0.2047   5.48
    19776       0.2053   5.48
    19777       0.2046   5.48
    19778       0.2053   5.48
    19779       0.2045   5.48
    19780       0.2046   5.48
    19781       0.2055   5.48
    19782       0.2047   5.48
    19783       0.2055   5.48
    19784       0.2046   5.48
    19785       0.2052   5.48
    19786       0.2047   5.48
    19787       0.2046   5.48
    19788       0.2053   5.48
    19789       0.2048   5.48
    19790       0.2052   5.48
    19791       0.2046   5.48
    19792       0.2047   5.48
    19793       0.2053   5.48
    19794       0.2047   5.48
    19795       0.2052   5.48
    19796       0.2047   5.48
    19797       0.2046   5.48
    19798       0.2052   5.48
    19799       0.2047   5.48
    19800       0.2052   5.48
    19801       0.2047   5.48
    19802       0.2052   5.48
    19803       0.2047   5.48
    19804       0.2046   5.48
    19805       0.2052   5.48
    19806       0.2046   5.48
    19807       0.2054   5.48
    19808       0.2046   5.48
    19809       0.2046   5.48
    19810       0.2052   5.48
    19811       0.2047   5.48
    19812       0.2053   5.48
    19813       0.2046   5.48
    19814       0.2047   5.48
    19815       0.2052   5.48
    19816       0.2047   5.48
    19817       0.2052   5.48
    19818       0.2047   5.48
    19819       0.2053   5.48
    19820       0.2046   5.48
    19821       0.2046   5.48
    19822       0.2054   5.48
    19823       0.2046   5.48
    19824       0.2054   5.48
    19825       0.2048   5.48
    19826       0.2049   5.48
    19827       0.2053   5.48
    19828       0.2046   5.47
    19829       0.2052   5.47
    19830       0.2046   5.48
    19831       0.2046   5.48
    19832       0.2057   5.48
    19833       0.2046   5.48
    19834       0.2064   5.48
    19835       0.2045   5.48
    19836       0.2050   5.48
    19837       0.2047   5.48
    19838       0.2047   5.48
    19839       0.2052   5.48
    19840       0.2047   5.48
    19841       0.2056   5.48
    19842       0.2048   5.48
    19843       0.2048   5.48
    19844       0.2054   5.48
    19845       0.2046   5.47
    19846       0.2052   5.47
    19847       0.2048   5.48
    19848       0.2046   5.48
    19849       0.2052   5.48
    19850       0.2046   5.48
    19851       0.2052   5.48
    19852       0.2047   5.48
    19853       0.2051   5.48
    19854       0.2045   5.48
    19855       0.2047   5.48
    19856       0.2051   5.48
    19857       0.2048   5.48
    19858       0.2052   5.48
    19859       0.2046   5.48
    19860       0.2047   5.48
    19861       0.2054   5.48
    19862       0.2047   5.48
    19863       0.2051   5.48
    19864       0.2047   5.48
    19865       0.2046   5.48
    19866       0.2147   5.48
    19867       0.2047   5.48
    19868       0.2053   5.48
    19869       0.2045   5.48
    19870       0.2051   5.48
    19871       0.2045   5.48
    19872       0.2045   5.48
    19873       0.2051   5.48
    19874       0.2047   5.48
    19875       0.2052   5.48
    19876       0.2046   5.48
    19877       0.2046   5.48
    19878       0.2052   5.48
    19879       0.2046   5.48
    19880       0.2054   5.48
    19881       0.2046   5.48
    19882       0.2046   5.48
    19883       0.2055   5.48
    19884       0.2047   5.48
    19885       0.2053   5.48
    19886       0.2047   5.48
    19887       0.2052   5.48
    19888       0.2046   5.48
    19889       0.2046   5.48
    19890       0.2056   5.48
    19891       0.2047   5.48
    19892       0.2054   5.48
    19893       0.2047   5.48
    19894       0.2048   5.48
    19895       0.2052   5.48
    19896       0.2046   5.48
    19897       0.2053   5.48
    19898       0.2046   5.48
    19899       0.2047   5.48
    19900       0.2055   5.48
    19901       0.2046   5.48
    19902       0.2055   5.48
    19903       0.2046   5.48
    19904       0.2053   5.48
    19905       0.2046   5.48
    19906       0.2047   5.48
    19907       0.2051   5.48
    19908       0.2046   5.48
    19909       0.2053   5.48
    19910       0.2047   5.48
    19911       0.2047   5.48
    19912       0.2052   5.48
    19913       0.2047   5.48
    19914       0.2052   5.48
    19915       0.2047   5.48
    19916       0.2046   5.48
    19917       0.2053   5.48
    19918       0.2048   5.48
    19919       0.2055   5.48
    19920       0.2046   5.47
    19921       0.2052   5.47
    19922       0.2046   5.48
    19923       0.2047   5.48
    19924       0.2054   5.48
    19925       0.2046   5.48
    19926       0.2052   5.48
    19927       0.2046   5.48
    19928       0.2047   5.48
    19929       0.2051   5.48
    19930       0.2047   5.48
    19931       0.2051   5.48
    19932       0.2046   5.48
    19933       0.2045   5.48
    19934       0.2054   5.48
    19935       0.2048   5.48
    19936       0.2052   5.48
    19937       0.2047   5.48
    19938       0.2053   5.48
    19939       0.2046   5.48
    19940       0.2047   5.48
    19941       0.2054   5.48
    19942       0.2047   5.48
    19943       0.2055   5.48
    19944       0.2047   5.48
    19945       0.2046   5.48
    19946       0.2052   5.48
    19947       0.2046   5.48
    19948       0.2053   5.48
    19949       0.2047   5.48
    19950       0.2048   5.48
    19951       0.2056   5.48
    19952       0.2046   5.48
    19953       0.2054   5.48
    19954       0.2047   5.48
    19955       0.2053   5.48
    19956       0.2047   5.48
    19957       0.2046   5.48
    19958       0.2053   5.48
    19959       0.2046   5.48
    19960       0.2051   5.48
    19961       0.2047   5.48
    19962       0.2046   5.48
    19963       0.2051   5.48
    19964       0.2046   5.48
    19965       0.2053   5.48
    19966       0.2047   5.48
    19967       0.2045   5.48
    19968       0.2053   5.48
    19969       0.2046   5.48
    19970       0.2064   5.48
    19971       0.2046   5.48
    19972       0.2052   5.48
    19973       0.2046   5.48
    19974       0.2046   5.48
    19975       0.2050   5.48
    19976       0.2045   5.48
    19977       0.2051   5.48
    19978       0.2046   5.48
    19979       0.2047   5.48
    19980       0.2052   5.48
    19981       0.2047   5.48
    19982       0.2053   5.48
    19983       0.2047   5.48
    19984       0.2047   5.48
    19985       0.2053   5.48
    19986       0.2046   5.48
    19987       0.2052   5.48
    19988       0.2046   5.48
    19989       0.2052   5.48
    19990       0.2047   5.48
    19991       0.2046   5.48
    19992       0.2051   5.48
    19993       0.2046   5.48
    19994       0.2051   5.48
    19995       0.2046   5.48
    19996       0.2046   5.48
    19997       0.2052   5.48
    19998       0.2046   5.48
    19999       0.2053   5.48

  histograma, classes de 0,010 ns
  0.200 a 0.210  19951  ############################################################
  0.210 a 0.220    42  #
  0.220 a 0.230     4  #
  0.230 a 0.240     3  #

  minimo 0.2016   mediana 0.2048   maximo 0.2344
  periodo de clock ao FIM: 0.1831 ns (5.46 GHz)
  CICLOS por operacao
    pela frequencia reportada (sysfs 5.49 GHz): 1.125
    por emissao (medido 5.46 GHz):              1.119
    razao emissao/sysfs:                        0.99   <- a thread tem o nucleo
