  sonda-relaxed: 20000 amostras de 2000000 rodadas, cpu 0, governor performance

  periodo de clock MEDIDO, apos 400 ms de aquecimento: 0.3174 ns  (3.15 GHz)
  frequencia lida do sysfs no mesmo instante:         5.40 GHz

  amostra  ns/operacao   GHz
  -------  -----------  -----
        0       0.3386   5.40
        1       0.3379   5.40
        2       0.3391   5.40
        3       0.3394   5.40
        4       0.3383   5.40
        5       0.3391   5.40
        6       0.3394   5.39
        7       0.3379   5.39
        8       0.3390   5.39
        9       0.3432   5.39
       10       0.3380   5.39
       11       0.3518   5.39
       12       0.3462   5.39
       13       0.3388   5.39
       14       0.3396   5.39
       15       0.3400   5.39
       16       0.3396   5.39
       17       0.3384   5.39
       18       0.3396   5.39
       19       0.3398   5.39
       20       0.3389   5.38
       21       0.3485   5.38
       22       0.3395   5.39
       23       0.3390   5.38
       24       0.3404   5.38
       25       0.3439   5.38
       26       0.3388   5.38
       27       0.3517   5.38
       28       0.3454   5.38
       29       0.3391   5.38
       30       0.3389   5.38
       31       0.3464   5.38
       32       0.3387   5.38
       33       0.3391   5.38
       34       0.3398   5.38
       35       0.3400   5.38
       36       0.3389   5.38
       37       0.3403   5.38
       38       0.3406   5.38
       39       0.3391   5.38
       40       0.3398   5.38
       41       0.3397   5.38
       42       0.3386   5.38
       43       0.3504   5.38
       44       0.3400   5.38
       45       0.3390   5.38
       46       0.3395   5.38
       47       0.3396   5.38
       48       0.3381   5.38
       49       0.3389   5.38
       50       0.3386   5.37
       51       0.3376   5.37
       52       0.3394   5.37
       53       0.3466   5.37
       54       0.3384   5.37
       55       0.3372   5.36
       56       0.3476   5.36
       57       0.3385   5.36
       58       0.3366   5.36
       59       0.3482   5.36
       60       0.3420   5.37
       61       0.3382   5.37
       62       0.3390   5.37
       63       0.3386   5.37
       64       0.3377   5.37
       65       0.3387   5.37
       66       0.3384   5.37
       67       0.3383   5.37
       68       0.3384   5.37
       69       0.3384   5.37
       70       0.3375   5.37
       71       0.3388   5.37
       72       0.3392   5.37
       73       0.3383   5.37
       74       0.3386   5.37
       75       0.3382   5.37
       76       0.3385   5.37
       77       0.3382   5.37
       78       0.3477   5.37
       79       0.3387   5.37
       80       0.3381   5.37
       81       0.3388   5.37
       82       0.3402   5.37
       83       0.3381   5.37
       84       0.3506   5.37
       85       0.3386   5.36
       86       0.3379   5.36
       87       0.3382   5.36
       88       0.3440   5.37
       89       0.3381   5.36
       90       0.3536   5.36
       91       0.3393   5.37
       92       0.3381   5.36
       93       0.3385   5.36
       94       0.3391   5.37
       95       0.3390   5.37
       96       0.3371   5.37
       97       0.3380   5.37
       98       0.3384   5.37
       99       0.3372   5.37
      100       0.3391   5.37
      101       0.3393   5.37
      102       0.3384   5.37
      103       0.3390   5.37
      104       0.3389   5.37
      105       0.3392   5.36
      106       0.3482   5.36
      107       0.3431   5.36
      108       0.3381   5.36
      109       0.3389   5.36
      110       0.3385   5.37
      111       0.3390   5.36
      112       0.3533   5.36
      113       0.3388   5.36
      114       0.3375   5.36
      115       0.3395   5.36
      116       0.3382   5.36
      117       0.3386   5.36
      118       0.3380   5.37
      119       0.3390   5.37
      120       0.3385   5.36
      121       0.3385   5.37
      122       0.3487   5.37
      123       0.3421   5.36
      124       0.3380   5.36
      125       0.3388   5.36
      126       0.3389   5.37
      127       0.3384   5.37
      128       0.3511   5.37
      129       0.3383   5.36
      130       0.3376   5.36
      131       0.3391   5.36
      132       0.3384   5.37
      133       0.3376   5.37
      134       0.3382   5.37
      135       0.3458   5.37
      136       0.3377   5.37
      137       0.3375   5.37
      138       0.3384   5.37
      139       0.3378   5.37
      140       0.3382   5.37
      141       0.3390   5.37
      142       0.3393   5.37
      143       0.3378   5.37
      144       0.3381   5.37
      145       0.3381   5.37
      146       0.3375   5.37
      147       0.3380   5.37
      148       0.3384   5.37
      149       0.3384   5.37
      150       0.3390   5.37
      151       0.3434   5.37
      152       0.3381   5.37
      153       0.3516   5.37
      154       0.3382   5.37
      155       0.3379   5.37
      156       0.3532   5.37
      157       0.3392   5.36
      158       0.3387   5.37
      159       0.3382   5.37
      160       0.3385   5.37
      161       0.3384   5.37
      162       0.3377   5.37
      163       0.3386   5.37
      164       0.3388   5.37
      165       0.3377   5.37
      166       0.3388   5.37
      167       0.3391   5.36
      168       0.3372   5.36
      169       0.3385   5.36
      170       0.3428   5.37
      171       0.3381   5.37
      172       0.3389   5.37
      173       0.3385   5.37
      174       0.3381   5.37
      175       0.3521   5.37
      176       0.3394   5.37
      177       0.3395   5.36
      178       0.3388   5.36
      179       0.3381   5.36
      180       0.3396   5.37
      181       0.3387   5.36
      182       0.3390   5.36
      183       0.3384   5.37
      184       0.3380   5.36
      185       0.3487   5.36
      186       0.3391   5.36
      187       0.3379   5.36
      188       0.3385   5.36
      189       0.3376   5.36
      190       0.3375   5.36
      191       0.3508   5.36
      192       0.3387   5.37
      193       0.3384   5.36
      194       0.3521   5.36
      195       0.3388   5.36
      196       0.3374   5.36
      197       0.3385   5.36
      198       0.3460   5.36
      199       0.3387   5.36
      200       0.3377   5.37
      201       0.3399   5.37
      202       0.3380   5.36
      203       0.3373   5.37
      204       0.3383   5.37
      205       0.3376   5.37
      206       0.3368   5.37
      207       0.3388   5.37
      208       0.3393   5.37
      209       0.3378   5.37
      210       0.3396   5.37
      211       0.3398   5.37
      212       0.3381   5.36
      213       0.3392   5.36
      214       0.3388   5.36
      215       0.3382   5.37
      216       0.3392   5.37
      217       0.3447   5.36
      218       0.3382   5.36
      219       0.3387   5.36
      220       0.3386   5.36
      221       0.3373   5.36
      222       0.3387   5.36
      223       0.3386   5.37
      224       0.3383   5.37
      225       0.3368   5.36
      226       0.3378   5.36
      227       0.3372   5.36
      228       0.3372   5.37
      229       0.3377   5.37
      230       0.3368   5.37
      231       0.3376   5.37
      232       0.3492   5.37
      233       0.3387   5.37
      234       0.3371   5.36
      235       0.3381   5.36
      236       0.3385   5.36
      237       0.3375   5.36
      238       0.3385   5.36
      239       0.3378   5.37
      240       0.3376   5.37
      241       0.3380   5.37
      242       0.3381   5.36
      243       0.3371   5.36
      244       0.3386   5.36
      245       0.3386   5.37
      246       0.3372   5.37
      247       0.3378   5.37
      248       0.3382   5.36
      249       0.3371   5.36
      250       0.3547   5.36
      251       0.3378   5.36
      252       0.3380   5.36
      253       0.3385   5.37
      254       0.3388   5.37
      255       0.3380   5.37
      256       0.3384   5.36
      257       0.3383   5.36
      258       0.3381   5.36
      259       0.3377   5.36
      260       0.3390   5.36
      261       0.3386   5.37
      262       0.3378   5.37
      263       0.3396   5.37
      264       0.3388   5.36
      265       0.3389   5.36
      266       0.3391   5.36
      267       0.3385   5.36
      268       0.3381   5.37
      269       0.3384   5.37
      270       0.3387   5.37
      271       0.3381   5.36
      272       0.3390   5.36
      273       0.3387   5.36
      274       0.3393   5.37
      275       0.3377   5.37
      276       0.3473   5.37
      277       0.3388   5.36
      278       0.3369   5.37
      279       0.3387   5.37
      280       0.3413   5.37
      281       0.3379   5.37
      282       0.3382   5.37
      283       0.3383   5.37
      284       0.3383   5.36
      285       0.3391   5.36
      286       0.3392   5.36
      287       0.3395   5.37
      288       0.3393   5.37
      289       0.3389   5.36
      290       0.3376   5.36
      291       0.3392   5.36
      292       0.3388   5.36
      293       0.3387   5.36
      294       0.3383   5.36
      295       0.3379   5.37
      296       0.3377   5.37
      297       0.3387   5.37
      298       0.3381   5.36
      299       0.3384   5.36
      300       0.3377   5.37
      301       0.3387   5.37
      302       0.3387   5.37
      303       0.3387   5.37
      304       0.3392   5.37
      305       0.3385   5.37
      306       0.3379   5.36
      307       0.3495   5.36
      308       0.3379   5.36
      309       0.3379   5.37
      310       0.3382   5.37
      311       0.3381   5.37
      312       0.3380   5.37
      313       0.3392   5.37
      314       0.3384   5.37
      315       0.3389   5.37
      316       0.3389   5.37
      317       0.3385   5.37
      318       0.3379   5.36
      319       0.3389   5.36
      320       0.3461   5.37
      321       0.3387   5.37
      322       0.3380   5.37
      323       0.3381   5.37
      324       0.3387   5.37
      325       0.3380   5.37
      326       0.3386   5.37
      327       0.3393   5.37
      328       0.3380   5.36
      329       0.3500   5.36
      330       0.3388   5.37
      331       0.3389   5.37
      332       0.3395   5.37
      333       0.3391   5.37
      334       0.3379   5.36
      335       0.3524   5.36
      336       0.3450   5.36
      337       0.3383   5.36
      338       0.3388   5.36
      339       0.3392   5.37
      340       0.3384   5.37
      341       0.3551   5.37
      342       0.3391   5.36
      343       0.3400   5.36
      344       0.3380   5.36
      345       0.3387   5.36
      346       0.3387   5.37
      347       0.3388   5.37
      348       0.3383   5.37
      349       0.3382   5.36
      350       0.3380   5.36
      351       0.3381   5.36
      352       0.3389   5.36
      353       0.3369   5.37
      354       0.3393   5.37
      355       0.3390   5.37
      356       0.3383   5.36
      357       0.3523   5.36
      358       0.3382   5.36
      359       0.3377   5.37
      360       0.3379   5.37
      361       0.3386   5.37
      362       0.3396   5.37
      363       0.3382   5.37
      364       0.3382   5.37
      365       0.3381   5.36
      366       0.3373   5.37
      367       0.3386   5.37
      368       0.3386   5.37
      369       0.3376   5.37
      370       0.3387   5.37
      371       0.3388   5.36
      372       0.3379   5.36
      373       0.3384   5.36
      374       0.3384   5.37
      375       0.3368   5.37
      376       0.3506   5.37
      377       0.3389   5.37
      378       0.3370   5.37
      379       0.3524   5.37
      380       0.3391   5.37
      381       0.3385   5.37
      382       0.3389   5.37
      383       0.3392   5.37
      384       0.3390   5.37
      385       0.3372   5.36
      386       0.3473   5.36
      387       0.3391   5.37
      388       0.3378   5.37
      389       0.3384   5.37
      390       0.3385   5.36
      391       0.3392   5.37
      392       0.3505   5.37
      393       0.3393   5.37
      394       0.3381   5.36
      395       0.3397   5.36
      396       0.3392   5.36
      397       0.3380   5.36
      398       0.3391   5.36
      399       0.3389   5.36
      400       0.3377   5.36
      401       0.3392   5.36
      402       0.3389   5.36
      403       0.3380   5.36
      404       0.3383   5.36
      405       0.3463   5.36
      406       0.3393   5.37
      407       0.3372   5.37
      408       0.3386   5.37
      409       0.3375   5.36
      410       0.3378   5.37
      411       0.3386   5.37
      412       0.3388   5.37
      413       0.3388   5.37
      414       0.3384   5.37
      415       0.3388   5.37
      416       0.3382   5.36
      417       0.3395   5.36
      418       0.3399   5.36
      419       0.3378   5.36
      420       0.3385   5.36
      421       0.3385   5.36
      422       0.3373   5.36
      423       0.3528   5.36
      424       0.3484   5.37
      425       0.3391   5.37
      426       0.3384   5.37
      427       0.3386   5.37
      428       0.3387   5.36
      429       0.3382   5.37
      430       0.3388   5.37
      431       0.3402   5.37
      432       0.3369   5.37
      433       0.3387   5.37
      434       0.3385   5.37
      435       0.3382   5.37
      436       0.3382   5.37
      437       0.3389   5.37
      438       0.3384   5.37
      439       0.3389   5.37
      440       0.3387   5.37
      441       0.3382   5.36
      442       0.3387   5.36
      443       0.3387   5.36
      444       0.3388   5.37
      445       0.3388   5.37
      446       0.3391   5.36
      447       0.3372   5.36
      448       0.3392   5.36
      449       0.3388   5.36
      450       0.3388   5.36
      451       0.3393   5.36
      452       0.3390   5.36
      453       0.3385   5.36
      454       0.3390   5.36
      455       0.3391   5.36
      456       0.3404   5.37
      457       0.3382   5.36
      458       0.3389   5.36
      459       0.3383   5.36
      460       0.3381   5.36
      461       0.3388   5.36
      462       0.3382   5.37
      463       0.3386   5.37
      464       0.3511   5.37
      465       0.3445   5.37
      466       0.3383   5.36
      467       0.3386   5.36
      468       0.3459   5.36
      469       0.3374   5.36
      470       0.3382   5.36
      471       0.3386   5.36
      472       0.3385   5.37
      473       0.3544   5.37
      474       0.3381   5.37
      475       0.3386   5.37
      476       0.3381   5.37
      477       0.3391   5.37
      478       0.3391   5.37
      479       0.3374   5.37
      480       0.3381   5.37
      481       0.3403   5.37
      482       0.3383   5.36
      483       0.3385   5.36
      484       0.3389   5.36
      485       0.3384   5.37
      486       0.3397   5.37
      487       0.3447   5.36
      488       0.3381   5.36
      489       0.3393   5.36
      490       0.3456   5.36
      491       0.3382   5.36
      492       0.3386   5.36
      493       0.3385   5.37
      494       0.3388   5.37
      495       0.3388   5.36
      496       0.3382   5.36
      497       0.3388   5.36
      498       0.3380   5.37
      499       0.3394   5.37
      500       0.3388   5.36
      501       0.3389   5.36
      502       0.3390   5.36
      503       0.3387   5.36
      504       0.3387   5.36
      505       0.3390   5.36
      506       0.3434   5.36
      507       0.3383   5.37
      508       0.3385   5.37
      509       0.3444   5.37
      510       0.3394   5.36
      511       0.3399   5.36
      512       0.3398   5.36
      513       0.3383   5.36
      514       0.3383   5.36
      515       0.3468   5.36
      516       0.3395   5.36
      517       0.3372   5.36
      518       0.3382   5.36
      519       0.3397   5.36
      520       0.3379   5.36
      521       0.3489   5.36
      522       0.3418   5.36
      523       0.3376   5.37
      524       0.3388   5.37
      525       0.3390   5.37
      526       0.3385   5.37
      527       0.3386   5.37
      528       0.3385   5.37
      529       0.3380   5.37
      530       0.3389   5.37
      531       0.3395   5.37
      532       0.3388   5.36
      533       0.3393   5.36
      534       0.3391   5.36
      535       0.3380   5.36
      536       0.3385   5.36
      537       0.3382   5.36
      538       0.3388   5.37
      539       0.3378   5.36
      540       0.3393   5.36
      541       0.3397   5.36
      542       0.3374   5.37
      543       0.3486   5.37
      544       0.3411   5.37
      545       0.3376   5.37
      546       0.3388   5.37
      547       0.3392   5.37
      548       0.3392   5.36
      549       0.3389   5.36
      550       0.3394   5.36
      551       0.3381   5.36
      552       0.3386   5.36
      553       0.3382   5.36
      554       0.3378   5.37
      555       0.3380   5.37
      556       0.3386   5.37
      557       0.3379   5.37
      558       0.3392   5.37
      559       0.3465   5.37
      560       0.3395   5.37
      561       0.3380   5.37
      562       0.3383   5.37
      563       0.3391   5.37
      564       0.3371   5.36
      565       0.3387   5.36
      566       0.3388   5.36
      567       0.3383   5.36
      568       0.3386   5.36
      569       0.3386   5.37
      570       0.3382   5.36
      571       0.3389   5.36
      572       0.3388   5.36
      573       0.3375   5.37
      574       0.3390   5.37
      575       0.3405   5.37
      576       0.3379   5.37
      577       0.3518   5.37
      578       0.3388   5.37
      579       0.3379   5.37
      580       0.3545   5.37
      581       0.3395   5.36
      582       0.3396   5.36
      583       0.3372   5.36
      584       0.3392   5.36
      585       0.3389   5.36
      586       0.3382   5.36
      587       0.3498   5.36
      588       0.3387   5.36
      589       0.3382   5.36
      590       0.3388   5.36
      591       0.3392   5.36
      592       0.3380   5.36
      593       0.3391   5.36
      594       0.3399   5.36
      595       0.3381   5.36
      596       0.3526   5.36
      597       0.3385   5.36
      598       0.3379   5.36
      599       0.3387   5.36
      600       0.3385   5.36
      601       0.3380   5.36
      602       0.3387   5.36
      603       0.3388   5.36
      604       0.3389   5.36
      605       0.3395   5.36
      606       0.3392   5.36
      607       0.3387   5.36
      608       0.3373   5.37
      609       0.3390   5.37
      610       0.3388   5.36
      611       0.3384   5.36
      612       0.3382   5.36
      613       0.3384   5.36
      614       0.3388   5.36
      615       0.3389   5.36
      616       0.3386   5.36
      617       0.3376   5.37
      618       0.3399   5.37
      619       0.3394   5.36
      620       0.3378   5.36
      621       0.3383   5.36
      622       0.3391   5.36
      623       0.3390   5.36
      624       0.3545   5.36
      625       0.3396   5.36
      626       0.3392   5.36
      627       0.3387   5.36
      628       0.3392   5.36
      629       0.3395   5.36
      630       0.3387   5.36
      631       0.3391   5.36
      632       0.3396   5.36
      633       0.3395   5.36
      634       0.3391   5.36
      635       0.3389   5.36
      636       0.3390   5.36
      637       0.3391   5.36
      638       0.3393   5.36
      639       0.3378   5.36
      640       0.3385   5.36
      641       0.3393   5.36
      642       0.3386   5.36
      643       0.3394   5.36
      644       0.3390   5.36
      645       0.3384   5.36
      646       0.3392   5.36
      647       0.3391   5.36
      648       0.3385   5.36
      649       0.3373   5.36
      650       0.3383   5.36
      651       0.3399   5.36
      652       0.3388   5.36
      653       0.3390   5.36
      654       0.3413   5.36
      655       0.3376   5.36
      656       0.3389   5.36
      657       0.3412   5.36
      658       0.3373   5.36
      659       0.3381   5.36
      660       0.3383   5.36
      661       0.3381   5.36
      662       0.3387   5.36
      663       0.3436   5.37
      664       0.3372   5.36
      665       0.3526   5.36
      666       0.3384   5.37
      667       0.3386   5.36
      668       0.3394   5.36
      669       0.3393   5.36
      670       0.3381   5.36
      671       0.3373   5.36
      672       0.3382   5.36
      673       0.3391   5.36
      674       0.3374   5.37
      675       0.3387   5.37
      676       0.3381   5.37
      677       0.3384   5.37
      678       0.3386   5.37
      679       0.3413   5.37
      680       0.3371   5.37
      681       0.3384   5.37
      682       0.3386   5.37
      683       0.3375   5.36
      684       0.3379   5.36
      685       0.3385   5.36
      686       0.3373   5.36
      687       0.3381   5.36
      688       0.3435   5.36
      689       0.3380   5.36
      690       0.3385   5.36
      691       0.3379   5.37
      692       0.3368   5.37
      693       0.3384   5.37
      694       0.3384   5.36
      695       0.3369   5.36
      696       0.3379   5.36
      697       0.3468   5.36
      698       0.3381   5.37
      699       0.3372   5.37
      700       0.3378   5.37
      701       0.3397   5.37
      702       0.3374   5.36
      703       0.3385   5.36
      704       0.3380   5.36
      705       0.3377   5.36
      706       0.3387   5.36
      707       0.3386   5.37
      708       0.3374   5.36
      709       0.3384   5.36
      710       0.3387   5.36
      711       0.3378   5.37
      712       0.3391   5.37
      713       0.3390   5.36
      714       0.3384   5.36
      715       0.3386   5.36
      716       0.3380   5.36
      717       0.3372   5.37
      718       0.3481   5.37
      719       0.3384   5.37
      720       0.3384   5.37
      721       0.3381   5.36
      722       0.3385   5.36
      723       0.3386   5.36
      724       0.3374   5.37
      725       0.3386   5.37
      726       0.3384   5.37
      727       0.3373   5.37
      728       0.3382   5.37
      729       0.3378   5.36
      730       0.3387   5.36
      731       0.3390   5.36
      732       0.3426   5.37
      733       0.3379   5.37
      734       0.3390   5.37
      735       0.3388   5.37
      736       0.3381   5.36
      737       0.3389   5.36
      738       0.3453   5.36
      739       0.3379   5.37
      740       0.3393   5.37
      741       0.3389   5.36
      742       0.3380   5.36
      743       0.3396   5.36
      744       0.3395   5.36
      745       0.3393   5.36
      746       0.3378   5.36
      747       0.3384   5.36
      748       0.3382   5.36
      749       0.3377   5.37
      750       0.3485   5.37
      751       0.3391   5.37
      752       0.3376   5.37
      753       0.3501   5.37
      754       0.3393   5.37
      755       0.3385   5.37
      756       0.3388   5.37
      757       0.3391   5.36
      758       0.3381   5.36
      759       0.3397   5.36
      760       0.3458   5.36
      761       0.3378   5.37
      762       0.3390   5.37
      763       0.3393   5.36
      764       0.3396   5.36
      765       0.3377   5.36
      766       0.3387   5.36
      767       0.3382   5.36
      768       0.3377   5.36
      769       0.3388   5.36
      770       0.3390   5.36
      771       0.3384   5.36
      772       0.3500   5.36
      773       0.3386   5.36
      774       0.3383   5.36
      775       0.3391   5.36
      776       0.3389   5.37
      777       0.3379   5.36
      778       0.3392   5.36
      779       0.3386   5.36
      780       0.3374   5.36
      781       0.3388   5.36
      782       0.3387   5.37
      783       0.3384   5.37
      784       0.3380   5.37
      785       0.3379   5.36
      786       0.3372   5.36
      787       0.3368   5.36
      788       0.3379   5.37
      789       0.3383   5.37
      790       0.3369   5.36
      791       0.3380   5.36
      792       0.3384   5.37
      793       0.3367   5.36
      794       0.3472   5.36
      795       0.3401   5.36
      796       0.3386   5.37
      797       0.3384   5.37
      798       0.3385   5.37
      799       0.3366   5.36
      800       0.3504   5.36
      801       0.3386   5.36
      802       0.3370   5.36
      803       0.3521   5.36
      804       0.3382   5.36
      805       0.3378   5.36
      806       0.3390   5.36
      807       0.3462   5.36
      808       0.3380   5.37
      809       0.3388   5.37
      810       0.3390   5.36
      811       0.3401   5.36
      812       0.3381   5.36
      813       0.3391   5.36
      814       0.3388   5.37
      815       0.3382   5.37
      816       0.3488   5.37
      817       0.3389   5.36
      818       0.3386   5.37
      819       0.3505   5.37
      820       0.3384   5.36
      821       0.3383   5.37
      822       0.3392   5.37
      823       0.3448   5.36
      824       0.3384   5.36
      825       0.3387   5.36
      826       0.3389   5.36
      827       0.3385   5.36
      828       0.3383   5.36
      829       0.3384   5.37
      830       0.3385   5.36
      831       0.3376   5.36
      832       0.3384   5.36
      833       0.3398   5.37
      834       0.3385   5.37
      835       0.3488   5.37
      836       0.3401   5.37
      837       0.3376   5.36
      838       0.3383   5.36
      839       0.3390   5.37
      840       0.3383   5.37
      841       0.3391   5.37
      842       0.3435   5.36
      843       0.3370   5.36
      844       0.3387   5.36
      845       0.3389   5.37
      846       0.3369   5.37
      847       0.3393   5.37
      848       0.3387   5.37
      849       0.3379   5.37
      850       0.3391   5.37
      851       0.3384   5.37
      852       0.3379   5.36
      853       0.3390   5.36
      854       0.3391   5.37
      855       0.3390   5.37
      856       0.3390   5.36
      857       0.3391   5.36
      858       0.3389   5.36
      859       0.3392   5.36
      860       0.3385   5.36
      861       0.3418   5.36
      862       0.3381   5.37
      863       0.3391   5.37
      864       0.3391   5.36
      865       0.3384   5.36
      866       0.3388   5.36
      867       0.3386   5.36
      868       0.3369   5.36
      869       0.3383   5.36
      870       0.3391   5.37
      871       0.3383   5.37
      872       0.3389   5.37
      873       0.3389   5.37
      874       0.3382   5.37
      875       0.3384   5.37
      876       0.3392   5.36
      877       0.3387   5.36
      878       0.3380   5.37
      879       0.3394   5.37
      880       0.3393   5.36
      881       0.3377   5.36
      882       0.3389   5.36
      883       0.3389   5.37
      884       0.3378   5.37
      885       0.3384   5.37
      886       0.3380   5.37
      887       0.3379   5.37
      888       0.3390   5.37
      889       0.3382   5.36
      890       0.3376   5.37
      891       0.3393   5.37
      892       0.3387   5.37
      893       0.3383   5.37
      894       0.3390   5.37
      895       0.3383   5.37
      896       0.3380   5.36
      897       0.3536   5.36
      898       0.3392   5.37
      899       0.3380   5.36
      900       0.3549   5.36
      901       0.3472   5.37
      902       0.3387   5.36
      903       0.3378   5.37
      904       0.3383   5.37
      905       0.3418   5.37
      906       0.3384   5.37
      907       0.3383   5.37
      908       0.3385   5.37
      909       0.3379   5.37
      910       0.3393   5.37
      911       0.3396   5.37
      912       0.3375   5.36
      913       0.3390   5.36
      914       0.3396   5.36
      915       0.3379   5.37
      916       0.3386   5.37
      917       0.3391   5.37
      918       0.3384   5.36
      919       0.3385   5.36
      920       0.3387   5.36
      921       0.3378   5.36
      922       0.3374   5.37
      923       0.3388   5.37
      924       0.3385   5.37
      925       0.3377   5.37
      926       0.3381   5.37
      927       0.3384   5.36
      928       0.3379   5.37
      929       0.3391   5.37
      930       0.3411   5.37
      931       0.3373   5.37
      932       0.3384   5.37
      933       0.3393   5.37
      934       0.3388   5.37
      935       0.3391   5.37
      936       0.3390   5.36
      937       0.3383   5.36
      938       0.3380   5.36
      939       0.3388   5.36
      940       0.3382   5.36
      941       0.3384   5.36
      942       0.3383   5.37
      943       0.3378   5.37
      944       0.3390   5.37
      945       0.3462   5.37
      946       0.3383   5.36
      947       0.3382   5.37
      948       0.3386   5.37
      949       0.3377   5.37
      950       0.3378   5.36
      951       0.3386   5.36
      952       0.3403   5.36
      953       0.3371   5.37
      954       0.3397   5.37
      955       0.3392   5.37
      956       0.3375   5.36
      957       0.3385   5.36
      958       0.3389   5.37
      959       0.3371   5.37
      960       0.3379   5.37
      961       0.3378   5.37
      962       0.3377   5.37
      963       0.3387   5.37
      964       0.3385   5.37
      965       0.3375   5.36
      966       0.3392   5.36
      967       0.3397   5.37
      968       0.3391   5.37
      969       0.3388   5.37
      970       0.3390   5.36
      971       0.3381   5.36
      972       0.3383   5.37
      973       0.3392   5.37
      974       0.3406   5.36
      975       0.3381   5.36
      976       0.3383   5.36
      977       0.3392   5.36
      978       0.3381   5.36
      979       0.3489   5.36
      980       0.3381   5.37
      981       0.3377   5.37
      982       0.3382   5.37
      983       0.3381   5.37
      984       0.3382   5.37
      985       0.3384   5.37
      986       0.3435   5.37
      987       0.3373   5.37
      988       0.3389   5.37
      989       0.3450   5.37
      990       0.3375   5.37
      991       0.3537   5.37
      992       0.3386   5.37
      993       0.3393   5.37
      994       0.3372   5.37
      995       0.3385   5.37
      996       0.3392   5.37
      997       0.3379   5.37
      998       0.3381   5.37
      999       0.3385   5.36
     1000       0.3369   5.37
     1001       0.3388   5.37
     1002       0.3386   5.36
     1003       0.3386   5.37
     1004       0.3509   5.37
     1005       0.3391   5.37
     1006       0.3383   5.36
     1007       0.3388   5.36
     1008       0.3387   5.36
     1009       0.3377   5.36
     1010       0.3385   5.36
     1011       0.3390   5.37
     1012       0.3376   5.37
     1013       0.3540   5.37
     1014       0.3385   5.37
     1015       0.3387   5.36
     1016       0.3380   5.36
     1017       0.3389   5.36
     1018       0.3390   5.37
     1019       0.3377   5.36
     1020       0.3383   5.36
     1021       0.3390   5.36
     1022       0.3379   5.37
     1023       0.3393   5.37
     1024       0.3397   5.37
     1025       0.3377   5.36
     1026       0.3385   5.36
     1027       0.3386   5.36
     1028       0.3380   5.36
     1029       0.3381   5.36
     1030       0.3389   5.36
     1031       0.3376   5.36
     1032       0.3383   5.36
     1033       0.3383   5.37
     1034       0.3386   5.37
     1035       0.3484   5.37
     1036       0.3386   5.36
     1037       0.3381   5.36
     1038       0.3379   5.37
     1039       0.3384   5.37
     1040       0.3382   5.36
     1041       0.3374   5.37
     1042       0.3384   5.37
     1043       0.3389   5.37
     1044       0.3391   5.37
     1045       0.3492   5.37
     1046       0.3386   5.36
     1047       0.3388   5.36
     1048       0.3506   5.36
     1049       0.3388   5.36
     1050       0.3383   5.37
     1051       0.3392   5.37
     1052       0.3391   5.37
     1053       0.3384   5.36
     1054       0.3533   5.36
     1055       0.3392   5.36
     1056       0.3391   5.37
     1057       0.3407   5.37
     1058       0.3387   5.36
     1059       0.3391   5.36
     1060       0.3386   5.36
     1061       0.3389   5.36
     1062       0.3394   5.36
     1063       0.3394   5.36
     1064       0.3395   5.36
     1065       0.3394   5.36
     1066       0.3378   5.36
     1067       0.3508   5.36
     1068       0.3390   5.36
     1069       0.3377   5.36
     1070       0.3384   5.36
     1071       0.3445   5.36
     1072       0.3381   5.37
     1073       0.3534   5.37
     1074       0.3399   5.36
     1075       0.3385   5.36
     1076       0.3383   5.36
     1077       0.3384   5.36
     1078       0.3388   5.37
     1079       0.3378   5.37
     1080       0.3393   5.37
     1081       0.3396   5.37
     1082       0.3376   5.37
     1083       0.3388   5.37
     1084       0.3397   5.36
     1085       0.3386   5.36
     1086       0.3395   5.36
     1087       0.3396   5.36
     1088       0.3388   5.36
     1089       0.3388   5.36
     1090       0.3384   5.36
     1091       0.3373   5.36
     1092       0.3382   5.36
     1093       0.3439   5.36
     1094       0.3384   5.37
     1095       0.3384   5.37
     1096       0.3387   5.36
     1097       0.3382   5.36
     1098       0.3391   5.36
     1099       0.3387   5.36
     1100       0.3386   5.36
     1101       0.3367   5.36
     1102       0.3381   5.36
     1103       0.3386   5.37
     1104       0.3384   5.37
     1105       0.3383   5.37
     1106       0.3390   5.37
     1107       0.3389   5.36
     1108       0.3491   5.36
     1109       0.3382   5.36
     1110       0.3379   5.36
     1111       0.3389   5.36
     1112       0.3385   5.37
     1113       0.3380   5.37
     1114       0.3510   5.37
     1115       0.3382   5.36
     1116       0.3375   5.37
     1117       0.3526   5.37
     1118       0.3390   5.37
     1119       0.3384   5.37
     1120       0.3550   5.37
     1121       0.3391   5.36
     1122       0.3381   5.36
     1123       0.3383   5.36
     1124       0.3392   5.36
     1125       0.3390   5.36
     1126       0.3383   5.36
     1127       0.3392   5.36
     1128       0.3392   5.36
     1129       0.3385   5.36
     1130       0.3385   5.36
     1131       0.3387   5.36
     1132       0.3390   5.36
     1133       0.3396   5.36
     1134       0.3385   5.36
     1135       0.3375   5.36
     1136       0.3387   5.36
     1137       0.3389   5.36
     1138       0.3390   5.36
     1139       0.3406   5.36
     1140       0.3391   5.37
     1141       0.3379   5.36
     1142       0.3396   5.36
     1143       0.3397   5.36
     1144       0.3399   5.36
     1145       0.3377   5.36
     1146       0.3383   5.36
     1147       0.3385   5.36
     1148       0.3382   5.36
     1149       0.3387   5.36
     1150       0.3388   5.36
     1151       0.3376   5.36
     1152       0.3379   5.36
     1153       0.3383   5.37
     1154       0.3369   5.37
     1155       0.3385   5.37
     1156       0.3389   5.37
     1157       0.3360   5.36
     1158       0.3387   5.36
     1159       0.3391   5.37
     1160       0.3376   5.36
     1161       0.3523   5.36
     1162       0.3383   5.37
     1163       0.3375   5.37
     1164       0.3384   5.37
     1165       0.3383   5.37
     1166       0.3377   5.37
     1167       0.3385   5.37
     1168       0.3392   5.37
     1169       0.3389   5.37
     1170       0.3373   5.36
     1171       0.3383   5.36
     1172       0.3396   5.36
     1173       0.3369   5.37
     1174       0.3392   5.37
     1175       0.3387   5.36
     1176       0.3377   5.37
     1177       0.3390   5.37
     1178       0.3388   5.37
     1179       0.3385   5.36
     1180       0.3390   5.36
     1181       0.3391   5.36
     1182       0.3383   5.37
     1183       0.3385   5.37
     1184       0.3390   5.37
     1185       0.3393   5.36
     1186       0.3383   5.36
     1187       0.3387   5.36
     1188       0.3374   5.36
     1189       0.3391   5.36
     1190       0.3460   5.37
     1191       0.3386   5.37
     1192       0.3387   5.37
     1193       0.3475   5.37
     1194       0.3394   5.36
     1195       0.3382   5.36
     1196       0.3491   5.36
     1197       0.3392   5.37
     1198       0.3384   5.36
     1199       0.3390   5.36
     1200       0.3394   5.36
     1201       0.3382   5.36
     1202       0.3393   5.36
     1203       0.3392   5.36
     1204       0.3371   5.36
     1205       0.3389   5.36
     1206       0.3380   5.36
     1207       0.3375   5.37
     1208       0.3381   5.37
     1209       0.3454   5.37
     1210       0.3383   5.37
     1211       0.3389   5.37
     1212       0.3469   5.37
     1213       0.3389   5.36
     1214       0.3382   5.36
     1215       0.3484   5.36
     1216       0.3388   5.37
     1217       0.3377   5.36
     1218       0.3387   5.36
     1219       0.3397   5.37
     1220       0.3383   5.36
     1221       0.3386   5.36
     1222       0.3386   5.36
     1223       0.3374   5.36
     1224       0.3513   5.36
     1225       0.3389   5.36
     1226       0.3377   5.36
     1227       0.3528   5.36
     1228       0.3395   5.37
     1229       0.3391   5.36
     1230       0.3403   5.36
     1231       0.3467   5.36
     1232       0.3386   5.37
     1233       0.3389   5.36
     1234       0.3381   5.36
     1235       0.3386   5.36
     1236       0.3378   5.37
     1237       0.3387   5.37
     1238       0.3388   5.37
     1239       0.3377   5.37
     1240       0.3391   5.37
     1241       0.3431   5.36
     1242       0.3380   5.36
     1243       0.3389   5.36
     1244       0.3385   5.36
     1245       0.3383   5.36
     1246       0.3391   5.36
     1247       0.3388   5.36
     1248       0.3376   5.36
     1249       0.3384   5.36
     1250       0.3390   5.36
     1251       0.3375   5.37
     1252       0.3381   5.37
     1253       0.3463   5.37
     1254       0.3386   5.36
     1255       0.3369   5.36
     1256       0.3388   5.36
     1257       0.3395   5.36
     1258       0.3381   5.36
     1259       0.3389   5.36
     1260       0.3407   5.36
     1261       0.3380   5.37
     1262       0.3387   5.37
     1263       0.3382   5.36
     1264       0.3374   5.36
     1265       0.3389   5.36
     1266       0.3389   5.36
     1267       0.3384   5.37
     1268       0.3516   5.37
     1269       0.3385   5.36
     1270       0.3376   5.36
     1271       0.3386   5.36
     1272       0.3382   5.37
     1273       0.3384   5.37
     1274       0.3390   5.37
     1275       0.3385   5.37
     1276       0.3377   5.36
     1277       0.3387   5.36
     1278       0.3471   5.37
     1279       0.3389   5.37
     1280       0.3387   5.36
     1281       0.3487   5.36
     1282       0.3386   5.37
     1283       0.3378   5.36
     1284       0.3387   5.36
     1285       0.3385   5.36
     1286       0.3370   5.36
     1287       0.3385   5.36
     1288       0.3387   5.36
     1289       0.3378   5.37
     1290       0.3518   5.37
     1291       0.3386   5.36
     1292       0.3370   5.36
     1293       0.3374   5.36
     1294       0.3380   5.37
     1295       0.3375   5.36
     1296       0.3375   5.36
     1297       0.3385   5.36
     1298       0.3380   5.36
     1299       0.3369   5.36
     1300       0.3384   5.36
     1301       0.3382   5.36
     1302       0.3361   5.36
     1303       0.3386   5.36
     1304       0.3367   5.36
     1305       0.3371   5.36
     1306       0.3372   5.36
     1307       0.3376   5.36
     1308       0.3375   5.37
     1309       0.3385   5.37
     1310       0.3376   5.36
     1311       0.3365   5.36
     1312       0.3376   5.36
     1313       0.3381   5.37
     1314       0.3375   5.37
     1315       0.3384   5.37
     1316       0.3386   5.36
     1317       0.3376   5.36
     1318       0.3521   5.36
     1319       0.3386   5.36
     1320       0.3369   5.36
     1321       0.3383   5.36
     1322       0.3382   5.37
     1323       0.3376   5.36
     1324       0.3383   5.36
     1325       0.3384   5.36
     1326       0.3388   5.36
     1327       0.3377   5.36
     1328       0.3380   5.36
     1329       0.3377   5.36
     1330       0.3362   5.36
     1331       0.3378   5.36
     1332       0.3378   5.36
     1333       0.3385   5.36
     1334       0.3493   5.36
     1335       0.3379   5.36
     1336       0.3368   5.36
     1337       0.3501   5.36
     1338       0.3376   5.36
     1339       0.3368   5.37
     1340       0.3381   5.37
     1341       0.3385   5.37
     1342       0.3367   5.37
     1343       0.3381   5.37
     1344       0.3380   5.36
     1345       0.3365   5.36
     1346       0.3383   5.36
     1347       0.3374   5.36
     1348       0.3376   5.37
     1349       0.3547   5.37
     1350       0.3474   5.37
     1351       0.3373   5.36
     1352       0.3375   5.36
     1353       0.3384   5.36
     1354       0.3406   5.37
     1355       0.3371   5.36
     1356       0.3382   5.36
     1357       0.3381   5.36
     1358       0.3373   5.36
     1359       0.3502   5.36
     1360       0.3372   5.36
     1361       0.3357   5.36
     1362       0.3375   5.36
     1363       0.3376   5.36
     1364       0.3375   5.36
     1365       0.3376   5.36
     1366       0.3379   5.36
     1367       0.3373   5.36
     1368       0.3375   5.36
     1369       0.3451   5.36
     1370       0.3373   5.36
     1371       0.3377   5.36
     1372       0.3374   5.36
     1373       0.3370   5.36
     1374       0.3368   5.36
     1375       0.3470   5.36
     1376       0.3399   5.37
     1377       0.3370   5.37
     1378       0.3380   5.37
     1379       0.3382   5.37
     1380       0.3369   5.37
     1381       0.3498   5.37
     1382       0.3377   5.37
     1383       0.3373   5.36
     1384       0.3511   5.36
     1385       0.3431   5.36
     1386       0.3382   5.36
     1387       0.3377   5.36
     1388       0.3379   5.37
     1389       0.3369   5.37
     1390       0.3382   5.37
     1391       0.3462   5.37
     1392       0.3391   5.36
     1393       0.3382   5.36
     1394       0.3481   5.36
     1395       0.3392   5.36
     1396       0.3381   5.36
     1397       0.3386   5.36
     1398       0.3386   5.36
     1399       0.3385   5.36
     1400       0.3499   5.36
     1401       0.3383   5.37
     1402       0.3384   5.36
     1403       0.3380   5.36
     1404       0.3387   5.36
     1405       0.3378   5.36
     1406       0.3383   5.36
     1407       0.3388   5.36
     1408       0.3382   5.36
     1409       0.3530   5.36
     1410       0.3394   5.36
     1411       0.3387   5.36
     1412       0.3385   5.36
     1413       0.3385   5.36
     1414       0.3385   5.36
     1415       0.3372   5.36
     1416       0.3482   5.36
     1417       0.3393   5.36
     1418       0.3378   5.36
     1419       0.3493   5.36
     1420       0.3389   5.36
     1421       0.3376   5.36
     1422       0.3384   5.36
     1423       0.3386   5.36
     1424       0.3368   5.37
     1425       0.3393   5.37
     1426       0.3384   5.36
     1427       0.3375   5.36
     1428       0.3387   5.36
     1429       0.3388   5.37
     1430       0.3373   5.36
     1431       0.3383   5.36
     1432       0.3386   5.36
     1433       0.3373   5.36
     1434       0.3390   5.36
     1435       0.3390   5.36
     1436       0.3393   5.36
     1437       0.3386   5.36
     1438       0.3389   5.36
     1439       0.3383   5.36
     1440       0.3378   5.36
     1441       0.3386   5.36
     1442       0.3384   5.36
     1443       0.3379   5.37
     1444       0.3391   5.37
     1445       0.3382   5.36
     1446       0.3388   5.36
     1447       0.3508   5.36
     1448       0.3387   5.36
     1449       0.3373   5.36
     1450       0.3394   5.36
     1451       0.3388   5.36
     1452       0.3387   5.36
     1453       0.3391   5.36
     1454       0.3383   5.36
     1455       0.3378   5.36
     1456       0.3392   5.36
     1457       0.3382   5.36
     1458       0.3381   5.36
     1459       0.3378   5.36
     1460       0.3468   5.36
     1461       0.3393   5.36
     1462       0.3381   5.36
     1463       0.3390   5.36
     1464       0.3390   5.36
     1465       0.3375   5.36
     1466       0.3494   5.36
     1467       0.3392   5.36
     1468       0.3374   5.36
     1469       0.3389   5.36
     1470       0.3393   5.36
     1471       0.3378   5.36
     1472       0.3378   5.36
     1473       0.3381   5.36
     1474       0.3384   5.36
     1475       0.3386   5.36
     1476       0.3389   5.37
     1477       0.3388   5.37
     1478       0.3397   5.37
     1479       0.3387   5.36
     1480       0.3380   5.36
     1481       0.3382   5.36
     1482       0.3374   5.36
     1483       0.3380   5.36
     1484       0.3364   5.37
     1485       0.3470   5.37
     1486       0.3387   5.37
     1487       0.3378   5.37
     1488       0.3488   5.37
     1489       0.3389   5.36
     1490       0.3392   5.36
     1491       0.3395   5.36
     1492       0.3387   5.36
     1493       0.3382   5.36
     1494       0.3389   5.36
     1495       0.3387   5.36
     1496       0.3376   5.36
     1497       0.3517   5.36
     1498       0.3379   5.36
     1499       0.3373   5.37
     1500       0.3392   5.37
     1501       0.3466   5.37
     1502       0.3386   5.37
     1503       0.3388   5.36
     1504       0.3392   5.36
     1505       0.3392   5.37
     1506       0.3379   5.36
     1507       0.3383   5.36
     1508       0.3384   5.36
     1509       0.3371   5.36
     1510       0.3385   5.36
     1511       0.3390   5.36
     1512       0.3376   5.36
     1513       0.3507   5.36
     1514       0.3382   5.36
     1515       0.3376   5.36
     1516       0.3579   5.36
     1517       0.3381   5.36
     1518       0.3371   5.37
     1519       0.3381   5.37
     1520       0.3378   5.37
     1521       0.3376   5.37
     1522       0.3387   5.37
     1523       0.3390   5.37
     1524       0.3392   5.37
     1525       0.3380   5.36
     1526       0.3387   5.36
     1527       0.3385   5.36
     1528       0.3378   5.37
     1529       0.3386   5.37
     1530       0.3392   5.37
     1531       0.3379   5.36
     1532       0.3387   5.36
     1533       0.3382   5.36
     1534       0.3381   5.37
     1535       0.3507   5.37
     1536       0.3380   5.37
     1537       0.3379   5.36
     1538       0.3384   5.36
     1539       0.3377   5.36
     1540       0.3378   5.37
     1541       0.3382   5.37
     1542       0.3385   5.36
     1543       0.3361   5.36
     1544       0.3380   5.36
     1545       0.3380   5.36
     1546       0.3378   5.37
     1547       0.3383   5.37
     1548       0.3380   5.37
     1549       0.3396   5.36
     1550       0.3372   5.36
     1551       0.3388   5.36
     1552       0.3402   5.36
     1553       0.3375   5.36
     1554       0.3379   5.36
     1555       0.3380   5.36
     1556       0.3372   5.36
     1557       0.3495   5.36
     1558       0.3394   5.36
     1559       0.3368   5.36
     1560       0.3384   5.36
     1561       0.3380   5.36
     1562       0.3379   5.36
     1563       0.3383   5.36
     1564       0.3386   5.36
     1565       0.3379   5.36
     1566       0.3375   5.36
     1567       0.3384   5.36
     1568       0.3378   5.37
     1569       0.3539   5.37
     1570       0.3386   5.36
     1571       0.3384   5.36
     1572       0.3373   5.36
     1573       0.3383   5.36
     1574       0.3376   5.37
     1575       0.3374   5.36
     1576       0.3381   5.36
     1577       0.3383   5.36
     1578       0.3376   5.36
     1579       0.3384   5.36
     1580       0.3386   5.36
     1581       0.3376   5.36
     1582       0.3377   5.36
     1583       0.3384   5.36
     1584       0.3370   5.36
     1585       0.3504   5.36
     1586       0.3378   5.36
     1587       0.3371   5.37
     1588       0.3380   5.37
     1589       0.3445   5.36
     1590       0.3362   5.36
     1591       0.3377   5.36
     1592       0.3383   5.36
     1593       0.3369   5.36
     1594       0.3380   5.36
     1595       0.3463   5.36
     1596       0.3370   5.37
     1597       0.3371   5.36
     1598       0.3374   5.36
     1599       0.3377   5.36
     1600       0.3362   5.36
     1601       0.3376   5.36
     1602       0.3382   5.37
     1603       0.3375   5.36
     1604       0.3380   5.36
     1605       0.3378   5.36
     1606       0.3370   5.36
     1607       0.3386   5.36
     1608       0.3397   5.36
     1609       0.3371   5.36
     1610       0.3387   5.36
     1611       0.3389   5.36
     1612       0.3367   5.36
     1613       0.3389   5.36
     1614       0.3445   5.36
     1615       0.3391   5.36
     1616       0.3386   5.36
     1617       0.3377   5.36
     1618       0.3379   5.36
     1619       0.3381   5.36
     1620       0.3384   5.36
     1621       0.3377   5.36
     1622       0.3369   5.36
     1623       0.3381   5.36
     1624       0.3394   5.36
     1625       0.3374   5.36
     1626       0.3381   5.36
     1627       0.3405   5.36
     1628       0.3368   5.36
     1629       0.3381   5.36
     1630       0.3379   5.36
     1631       0.3367   5.37
     1632       0.3372   5.37
     1633       0.3373   5.36
     1634       0.3368   5.37
     1635       0.3372   5.37
     1636       0.3377   5.37
     1637       0.3369   5.37
     1638       0.3380   5.37
     1639       0.3378   5.36
     1640       0.3377   5.37
     1641       0.3519   5.37
     1642       0.3370   5.36
     1643       0.3367   5.37
     1644       0.3371   5.37
     1645       0.3377   5.37
     1646       0.3369   5.37
     1647       0.3469   5.37
     1648       0.3380   5.36
     1649       0.3391   5.36
     1650       0.3374   5.37
     1651       0.3477   5.37
     1652       0.3382   5.36
     1653       0.3368   5.37
     1654       0.3487   5.37
     1655       0.3372   5.37
     1656       0.3366   5.36
     1657       0.3379   5.36
     1658       0.3368   5.37
     1659       0.3371   5.36
     1660       0.3511   5.36
     1661       0.3435   5.36
     1662       0.3361   5.36
     1663       0.3370   5.36
     1664       0.3444   5.37
     1665       0.3370   5.37
     1666       0.3383   5.37
     1667       0.3379   5.36
     1668       0.3372   5.36
     1669       0.3373   5.37
     1670       0.3378   5.37
     1671       0.3379   5.37
     1672       0.3367   5.36
     1673       0.3380   5.36
     1674       0.3383   5.36
     1675       0.3373   5.37
     1676       0.3482   5.37
     1677       0.3378   5.36
     1678       0.3371   5.36
     1679       0.3381   5.36
     1680       0.3381   5.36
     1681       0.3377   5.36
     1682       0.3381   5.36
     1683       0.3381   5.36
     1684       0.3371   5.36
     1685       0.3380   5.36
     1686       0.3376   5.36
     1687       0.3372   5.37
     1688       0.3379   5.37
     1689       0.3376   5.37
     1690       0.3367   5.37
     1691       0.3377   5.37
     1692       0.3450   5.36
     1693       0.3378   5.36
     1694       0.3382   5.36
     1695       0.3470   5.36
     1696       0.3372   5.36
     1697       0.3380   5.36
     1698       0.3381   5.36
     1699       0.3375   5.37
     1700       0.3374   5.37
     1701       0.3381   5.37
     1702       0.3379   5.36
     1703       0.3372   5.36
     1704       0.3399   5.36
     1705       0.3381   5.36
     1706       0.3369   5.36
     1707       0.3371   5.36
     1708       0.3379   5.37
     1709       0.3374   5.37
     1710       0.3368   5.37
     1711       0.3429   5.37
     1712       0.3363   5.36
     1713       0.3373   5.36
     1714       0.3443   5.36
     1715       0.3367   5.37
     1716       0.3536   5.37
     1717       0.3385   5.37
     1718       0.3396   5.36
     1719       0.3372   5.36
     1720       0.3374   5.36
     1721       0.3384   5.37
     1722       0.3378   5.36
     1723       0.3381   5.36
     1724       0.3373   5.36
     1725       0.3368   5.36
     1726       0.3487   5.36
     1727       0.3376   5.37
     1728       0.3363   5.37
     1729       0.3373   5.37
     1730       0.3372   5.37
     1731       0.3376   5.37
     1732       0.3386   5.37
     1733       0.3379   5.36
     1734       0.3367   5.36
     1735       0.3521   5.36
     1736       0.3377   5.37
     1737       0.3373   5.37
     1738       0.3536   5.37
     1739       0.3374   5.36
     1740       0.3378   5.36
     1741       0.3374   5.37
     1742       0.3379   5.37
     1743       0.3382   5.37
     1744       0.3374   5.36
     1745       0.3382   5.36
     1746       0.3380   5.36
     1747       0.3361   5.36
     1748       0.3377   5.36
     1749       0.3374   5.37
     1750       0.3368   5.36
     1751       0.3380   5.36
     1752       0.3421   5.36
     1753       0.3368   5.36
     1754       0.3379   5.36
     1755       0.3383   5.37
     1756       0.3369   5.36
     1757       0.3375   5.36
     1758       0.3380   5.36
     1759       0.3375   5.37
     1760       0.3522   5.37
     1761       0.3369   5.36
     1762       0.3370   5.36
     1763       0.3383   5.36
     1764       0.3381   5.37
     1765       0.3377   5.37
     1766       0.3378   5.37
     1767       0.3378   5.36
     1768       0.3379   5.37
     1769       0.3378   5.36
     1770       0.3381   5.36
     1771       0.3383   5.36
     1772       0.3367   5.36
     1773       0.3376   5.36
     1774       0.3371   5.37
     1775       0.3368   5.36
     1776       0.3378   5.36
     1777       0.3376   5.36
     1778       0.3379   5.37
     1779       0.3383   5.37
     1780       0.3385   5.36
     1781       0.3364   5.36
     1782       0.3509   5.36
     1783       0.3436   5.37
     1784       0.3376   5.36
     1785       0.3378   5.36
     1786       0.3377   5.37
     1787       0.3365   5.36
     1788       0.3383   5.36
     1789       0.3391   5.36
     1790       0.3373   5.37
     1791       0.3388   5.37
     1792       0.3383   5.37
     1793       0.3376   5.36
     1794       0.3377   5.36
     1795       0.3389   5.36
     1796       0.3397   5.36
     1797       0.3366   5.35
     1798       0.3380   5.35
     1799       0.3378   5.36
     1800       0.3375   5.36
     1801       0.3375   5.36
     1802       0.3377   5.36
     1803       0.3374   5.36
     1804       0.3379   5.36
     1805       0.3377   5.36
     1806       0.3376   5.36
     1807       0.3387   5.36
     1808       0.3382   5.36
     1809       0.3370   5.36
     1810       0.3377   5.36
     1811       0.3377   5.36
     1812       0.3374   5.37
     1813       0.3379   5.37
     1814       0.3380   5.36
     1815       0.3372   5.36
     1816       0.3385   5.36
     1817       0.3384   5.37
     1818       0.3377   5.37
     1819       0.3381   5.37
     1820       0.3468   5.36
     1821       0.3373   5.36
     1822       0.3364   5.36
     1823       0.3372   5.36
     1824       0.3378   5.36
     1825       0.3378   5.37
     1826       0.3383   5.37
     1827       0.3387   5.37
     1828       0.3376   5.36
     1829       0.3495   5.36
     1830       0.3423   5.36
     1831       0.3363   5.36
     1832       0.3375   5.36
     1833       0.3379   5.36
     1834       0.3376   5.36
     1835       0.3374   5.36
     1836       0.3375   5.36
     1837       0.3372   5.36
     1838       0.3378   5.36
     1839       0.3375   5.36
     1840       0.3369   5.36
     1841       0.3386   5.36
     1842       0.3377   5.37
     1843       0.3371   5.37
     1844       0.3384   5.37
     1845       0.3381   5.36
     1846       0.3380   5.36
     1847       0.3373   5.36
     1848       0.3377   5.36
     1849       0.3386   5.36
     1850       0.3359   5.37
     1851       0.3381   5.37
     1852       0.3380   5.37
     1853       0.3370   5.36
     1854       0.3373   5.36
     1855       0.3381   5.37
     1856       0.3370   5.36
     1857       0.3379   5.36
     1858       0.3417   5.36
     1859       0.3373   5.37
     1860       0.3376   5.37
     1861       0.3380   5.36
     1862       0.3371   5.37
     1863       0.3511   5.37
     1864       0.3377   5.36
     1865       0.3375   5.37
     1866       0.3376   5.37
     1867       0.3373   5.37
     1868       0.3367   5.37
     1869       0.3380   5.37
     1870       0.3459   5.36
     1871       0.3378   5.37
     1872       0.3381   5.37
     1873       0.3383   5.37
     1874       0.3388   5.37
     1875       0.3378   5.36
     1876       0.3381   5.36
     1877       0.3381   5.36
     1878       0.3366   5.36
     1879       0.3374   5.36
     1880       0.3381   5.36
     1881       0.3374   5.36
     1882       0.3376   5.36
     1883       0.3382   5.37
     1884       0.3374   5.36
     1885       0.3380   5.36
     1886       0.3391   5.37
     1887       0.3376   5.36
     1888       0.3383   5.36
     1889       0.3378   5.36
     1890       0.3365   5.36
     1891       0.3384   5.36
     1892       0.3392   5.36
     1893       0.3369   5.36
     1894       0.3379   5.36
     1895       0.3376   5.36
     1896       0.3364   5.37
     1897       0.3378   5.37
     1898       0.3381   5.36
     1899       0.3366   5.36
     1900       0.3365   5.37
     1901       0.3382   5.37
     1902       0.3382   5.36
     1903       0.3371   5.36
     1904       0.3377   5.36
     1905       0.3374   5.37
     1906       0.3372   5.37
     1907       0.3378   5.37
     1908       0.3402   5.36
     1909       0.3382   5.36
     1910       0.3497   5.36
     1911       0.3382   5.36
     1912       0.3369   5.37
     1913       0.3381   5.37
     1914       0.3387   5.37
     1915       0.3382   5.36
     1916       0.3388   5.36
     1917       0.3381   5.36
     1918       0.3376   5.36
     1919       0.3528   5.36
     1920       0.3460   5.36
     1921       0.3376   5.36
     1922       0.3365   5.36
     1923       0.3373   5.36
     1924       0.3383   5.36
     1925       0.3372   5.37
     1926       0.3373   5.37
     1927       0.3393   5.37
     1928       0.3370   5.36
     1929       0.3376   5.36
     1930       0.3397   5.36
     1931       0.3367   5.37
     1932       0.3371   5.37
     1933       0.3384   5.36
     1934       0.3375   5.37
     1935       0.3377   5.37
     1936       0.3378   5.37
     1937       0.3366   5.36
     1938       0.3377   5.36
     1939       0.3378   5.36
     1940       0.3370   5.37
     1941       0.3485   5.37
     1942       0.3384   5.37
     1943       0.3376   5.36
     1944       0.3379   5.36
     1945       0.3382   5.37
     1946       0.3369   5.36
     1947       0.3375   5.36
     1948       0.3379   5.36
     1949       0.3383   5.36
     1950       0.3363   5.36
     1951       0.3377   5.36
     1952       0.3376   5.36
     1953       0.3369   5.36
     1954       0.3382   5.36
     1955       0.3383   5.37
     1956       0.3377   5.36
     1957       0.3376   5.36
     1958       0.3409   5.36
     1959       0.3378   5.36
     1960       0.3383   5.36
     1961       0.3379   5.36
     1962       0.3373   5.36
     1963       0.3378   5.36
     1964       0.3381   5.36
     1965       0.3366   5.36
     1966       0.3377   5.36
     1967       0.3381   5.36
     1968       0.3376   5.36
     1969       0.3524   5.36
     1970       0.3383   5.36
     1971       0.3375   5.36
     1972       0.3378   5.36
     1973       0.3380   5.36
     1974       0.3381   5.36
     1975       0.3371   5.36
     1976       0.3377   5.36
     1977       0.3384   5.36
     1978       0.3369   5.36
     1979       0.3374   5.36
     1980       0.3368   5.36
     1981       0.3368   5.36
     1982       0.3377   5.36
     1983       0.3383   5.37
     1984       0.3373   5.37
     1985       0.3378   5.37
     1986       0.3415   5.37
     1987       0.3367   5.36
     1988       0.3504   5.36
     1989       0.3381   5.36
     1990       0.3375   5.36
     1991       0.3374   5.36
     1992       0.3373   5.37
     1993       0.3368   5.37
     1994       0.3381   5.37
     1995       0.3380   5.36
     1996       0.3376   5.36
     1997       0.3376   5.36
     1998       0.3381   5.36
     1999       0.3370   5.36
     2000       0.3384   5.36
     2001       0.3384   5.37
     2002       0.3378   5.36
     2003       0.3355   5.36
     2004       0.3372   5.36
     2005       0.3378   5.36
     2006       0.3374   5.37
     2007       0.3374   5.37
     2008       0.3376   5.37
     2009       0.3371   5.37
     2010       0.3375   5.37
     2011       0.3378   5.36
     2012       0.3365   5.36
     2013       0.3379   5.36
     2014       0.3381   5.37
     2015       0.3373   5.37
     2016       0.3386   5.37
     2017       0.3386   5.36
     2018       0.3373   5.37
     2019       0.3517   5.37
     2020       0.3386   5.36
     2021       0.3374   5.36
     2022       0.3526   5.36
     2023       0.3458   5.36
     2024       0.3367   5.36
     2025       0.3378   5.36
     2026       0.3376   5.36
     2027       0.3371   5.37
     2028       0.3370   5.36
     2029       0.3375   5.36
     2030       0.3373   5.36
     2031       0.3366   5.37
     2032       0.3374   5.37
     2033       0.3375   5.37
     2034       0.3364   5.37
     2035       0.3486   5.37
     2036       0.3372   5.37
     2037       0.3367   5.36
     2038       0.3383   5.36
     2039       0.3425   5.36
     2040       0.3380   5.36
     2041       0.3518   5.36
     2042       0.3382   5.36
     2043       0.3373   5.36
     2044       0.3374   5.36
     2045       0.3381   5.36
     2046       0.3360   5.36
     2047       0.3381   5.36
     2048       0.3378   5.37
     2049       0.3369   5.36
     2050       0.3377   5.36
     2051       0.3373   5.36
     2052       0.3378   5.36
     2053       0.3377   5.37
     2054       0.3385   5.37
     2055       0.3384   5.36
     2056       0.3383   5.36
     2057       0.3383   5.36
     2058       0.3384   5.36
     2059       0.3384   5.36
     2060       0.3380   5.36
     2061       0.3388   5.36
     2062       0.3370   5.36
     2063       0.3379   5.36
     2064       0.3374   5.36
     2065       0.3377   5.36
     2066       0.3512   5.36
     2067       0.3441   5.36
     2068       0.3370   5.36
     2069       0.3376   5.36
     2070       0.3380   5.36
     2071       0.3368   5.36
     2072       0.3382   5.36
     2073       0.3371   5.36
     2074       0.3377   5.36
     2075       0.3385   5.36
     2076       0.3383   5.37
     2077       0.3377   5.36
     2078       0.3378   5.36
     2079       0.3387   5.36
     2080       0.3400   5.36
     2081       0.3374   5.36
     2082       0.3387   5.36
     2083       0.3384   5.36
     2084       0.3373   5.36
     2085       0.3382   5.36
     2086       0.3377   5.36
     2087       0.3372   5.36
     2088       0.3377   5.36
     2089       0.3378   5.36
     2090       0.3368   5.36
     2091       0.3379   5.36
     2092       0.3375   5.36
     2093       0.3373   5.36
     2094       0.3369   5.36
     2095       0.3381   5.36
     2096       0.3373   5.37
     2097       0.3529   5.37
     2098       0.3386   5.36
     2099       0.3379   5.36
     2100       0.3379   5.36
     2101       0.3378   5.36
     2102       0.3379   5.36
     2103       0.3372   5.36
     2104       0.3375   5.36
     2105       0.3375   5.36
     2106       0.3379   5.36
     2107       0.3383   5.36
     2108       0.3382   5.36
     2109       0.3379   5.36
     2110       0.3385   5.36
     2111       0.3379   5.36
     2112       0.3371   5.36
     2113       0.3373   5.36
     2114       0.3419   5.36
     2115       0.3365   5.36
     2116       0.3372   5.36
     2117       0.3377   5.36
     2118       0.3360   5.37
     2119       0.3378   5.37
     2120       0.3375   5.37
     2121       0.3374   5.36
     2122       0.3379   5.36
     2123       0.3439   5.36
     2124       0.3366   5.36
     2125       0.3381   5.36
     2126       0.3456   5.37
     2127       0.3382   5.37
     2128       0.3378   5.36
     2129       0.3384   5.36
     2130       0.3384   5.36
     2131       0.3371   5.36
     2132       0.3477   5.36
     2133       0.3377   5.36
     2134       0.3370   5.36
     2135       0.3380   5.36
     2136       0.3376   5.37
     2137       0.3368   5.37
     2138       0.3369   5.37
     2139       0.3381   5.36
     2140       0.3372   5.36
     2141       0.3383   5.36
     2142       0.3381   5.36
     2143       0.3374   5.36
     2144       0.3382   5.36
     2145       0.3380   5.36
     2146       0.3373   5.36
     2147       0.3377   5.36
     2148       0.3377   5.36
     2149       0.3370   5.36
     2150       0.3379   5.36
     2151       0.3375   5.37
     2152       0.3357   5.36
     2153       0.3371   5.36
     2154       0.3381   5.36
     2155       0.3378   5.37
     2156       0.3362   5.37
     2157       0.3375   5.37
     2158       0.3377   5.37
     2159       0.3372   5.37
     2160       0.3376   5.37
     2161       0.3385   5.36
     2162       0.3369   5.36
     2163       0.3377   5.36
     2164       0.3383   5.36
     2165       0.3363   5.37
     2166       0.3497   5.37
     2167       0.3385   5.36
     2168       0.3370   5.36
     2169       0.3509   5.36
     2170       0.3376   5.36
     2171       0.3374   5.36
     2172       0.3526   5.36
     2173       0.3453   5.36
     2174       0.3368   5.36
     2175       0.3375   5.36
     2176       0.3374   5.37
     2177       0.3380   5.36
     2178       0.3367   5.36
     2179       0.3380   5.36
     2180       0.3384   5.36
     2181       0.3373   5.36
     2182       0.3480   5.36
     2183       0.3380   5.36
     2184       0.3372   5.36
     2185       0.3382   5.36
     2186       0.3387   5.36
     2187       0.3375   5.36
     2188       0.3381   5.36
     2189       0.3376   5.36
     2190       0.3377   5.36
     2191       0.3513   5.36
     2192       0.3381   5.37
     2193       0.3376   5.36
     2194       0.3386   5.36
     2195       0.3382   5.36
     2196       0.3372   5.36
     2197       0.3377   5.36
     2198       0.3374   5.36
     2199       0.3377   5.36
     2200       0.3373   5.36
     2201       0.3376   5.36
     2202       0.3381   5.36
     2203       0.3364   5.36
     2204       0.3375   5.36
     2205       0.3377   5.36
     2206       0.3370   5.37
     2207       0.3376   5.37
     2208       0.3380   5.36
     2209       0.3363   5.36
     2210       0.3379   5.36
     2211       0.3383   5.36
     2212       0.3374   5.36
     2213       0.3376   5.36
     2214       0.3384   5.36
     2215       0.3372   5.37
     2216       0.3381   5.37
     2217       0.3372   5.36
     2218       0.3366   5.37
     2219       0.3380   5.37
     2220       0.3437   5.37
     2221       0.3378   5.36
     2222       0.3382   5.36
     2223       0.3380   5.36
     2224       0.3367   5.36
     2225       0.3534   5.36
     2226       0.3382   5.36
     2227       0.3377   5.37
     2228       0.3369   5.37
     2229       0.3381   5.37
     2230       0.3390   5.37
     2231       0.3383   5.36
     2232       0.3481   5.36
     2233       0.3383   5.36
     2234       0.3375   5.36
     2235       0.3491   5.36
     2236       0.3375   5.36
     2237       0.3370   5.36
     2238       0.3506   5.36
     2239       0.3374   5.36
     2240       0.3371   5.36
     2241       0.3384   5.36
     2242       0.3379   5.37
     2243       0.3372   5.36
     2244       0.3534   5.36
     2245       0.3375   5.36
     2246       0.3375   5.36
     2247       0.3372   5.36
     2248       0.3374   5.36
     2249       0.3370   5.36
     2250       0.3370   5.37
     2251       0.3378   5.37
     2252       0.3375   5.37
     2253       0.3373   5.36
     2254       0.3380   5.36
     2255       0.3382   5.36
     2256       0.3371   5.36
     2257       0.3381   5.36
     2258       0.3411   5.36
     2259       0.3375   5.36
     2260       0.3382   5.36
     2261       0.3473   5.36
     2262       0.3369   5.36
     2263       0.3378   5.36
     2264       0.3379   5.36
     2265       0.3371   5.36
     2266       0.3382   5.36
     2267       0.3375   5.37
     2268       0.3362   5.36
     2269       0.3531   5.36
     2270       0.3459   5.36
     2271       0.3374   5.36
     2272       0.3370   5.37
     2273       0.3383   5.37
     2274       0.3380   5.36
     2275       0.3366   5.36
     2276       0.3382   5.36
     2277       0.3375   5.36
     2278       0.3378   5.36
     2279       0.3375   5.36
     2280       0.3398   5.36
     2281       0.3361   5.37
     2282       0.3376   5.37
     2283       0.3384   5.37
     2284       0.3370   5.36
     2285       0.3377   5.36
     2286       0.3421   5.36
     2287       0.3377   5.36
     2288       0.3379   5.36
     2289       0.3377   5.36
     2290       0.3373   5.36
     2291       0.3375   5.36
     2292       0.3446   5.36
     2293       0.3371   5.36
     2294       0.3529   5.36
     2295       0.3381   5.36
     2296       0.3377   5.37
     2297       0.3366   5.36
     2298       0.3374   5.36
     2299       0.3375   5.36
     2300       0.3367   5.37
     2301       0.3383   5.37
     2302       0.3402   5.36
     2303       0.3376   5.36
     2304       0.3393   5.36
     2305       0.3388   5.36
     2306       0.3372   5.36
     2307       0.3389   5.36
     2308       0.3375   5.36
     2309       0.3372   5.36
     2310       0.3383   5.36
     2311       0.3379   5.36
     2312       0.3372   5.36
     2313       0.3378   5.36
     2314       0.3374   5.36
     2315       0.3370   5.36
     2316       0.3526   5.36
     2317       0.3378   5.36
     2318       0.3377   5.36
     2319       0.3540   5.36
     2320       0.3382   5.36
     2321       0.3390   5.36
     2322       0.3379   5.37
     2323       0.3480   5.37
     2324       0.3377   5.36
     2325       0.3365   5.36
     2326       0.3488   5.36
     2327       0.3374   5.36
     2328       0.3369   5.36
     2329       0.3381   5.36
     2330       0.3381   5.36
     2331       0.3376   5.37
     2332       0.3382   5.37
     2333       0.3382   5.36
     2334       0.3365   5.36
     2335       0.3383   5.36
     2336       0.3376   5.36
     2337       0.3369   5.36
     2338       0.3529   5.36
     2339       0.3377   5.37
     2340       0.3371   5.36
     2341       0.3382   5.36
     2342       0.3382   5.36
     2343       0.3378   5.37
     2344       0.3371   5.37
     2345       0.3480   5.37
     2346       0.3382   5.37
     2347       0.3378   5.36
     2348       0.3492   5.36
     2349       0.3407   5.36
     2350       0.3370   5.36
     2351       0.3372   5.36
     2352       0.3376   5.37
     2353       0.3376   5.36
     2354       0.3385   5.36
     2355       0.3383   5.37
     2356       0.3374   5.36
     2357       0.3383   5.36
     2358       0.3380   5.36
     2359       0.3367   5.37
     2360       0.3373   5.37
     2361       0.3375   5.36
     2362       0.3370   5.36
     2363       0.3386   5.36
     2364       0.3379   5.36
     2365       0.3375   5.36
     2366       0.3383   5.36
     2367       0.3385   5.37
     2368       0.3386   5.36
     2369       0.3364   5.36
     2370       0.3379   5.36
     2371       0.3381   5.36
     2372       0.3366   5.36
     2373       0.3381   5.36
     2374       0.3376   5.36
     2375       0.3376   5.36
     2376       0.3384   5.36
     2377       0.3382   5.37
     2378       0.3375   5.36
     2379       0.3379   5.36
     2380       0.3381   5.36
     2381       0.3369   5.36
     2382       0.3509   5.36
     2383       0.3383   5.36
     2384       0.3382   5.36
     2385       0.3381   5.36
     2386       0.3379   5.36
     2387       0.3375   5.36
     2388       0.3375   5.36
     2389       0.3378   5.36
     2390       0.3375   5.37
     2391       0.3386   5.37
     2392       0.3374   5.36
     2393       0.3381   5.36
     2394       0.3362   5.37
     2395       0.3379   5.37
     2396       0.3374   5.36
     2397       0.3367   5.36
     2398       0.3375   5.36
     2399       0.3379   5.37
     2400       0.3375   5.37
     2401       0.3380   5.37
     2402       0.3379   5.36
     2403       0.3369   5.37
     2404       0.3377   5.37
     2405       0.3379   5.37
     2406       0.3373   5.36
     2407       0.3376   5.36
     2408       0.3376   5.36
     2409       0.3370   5.36
     2410       0.3375   5.36
     2411       0.3374   5.36
     2412       0.3367   5.37
     2413       0.3379   5.37
     2414       0.3379   5.37
     2415       0.3374   5.36
     2416       0.3521   5.36
     2417       0.3448   5.37
     2418       0.3379   5.37
     2419       0.3382   5.37
     2420       0.3385   5.37
     2421       0.3379   5.36
     2422       0.3371   5.36
     2423       0.3378   5.36
     2424       0.3381   5.36
     2425       0.3380   5.36
     2426       0.3379   5.36
     2427       0.3380   5.37
     2428       0.3375   5.37
     2429       0.3380   5.37
     2430       0.3377   5.36
     2431       0.3379   5.36
     2432       0.3377   5.36
     2433       0.3422   5.37
     2434       0.3374   5.36
     2435       0.3387   5.36
     2436       0.3389   5.36
     2437       0.3376   5.36
     2438       0.3524   5.36
     2439       0.3382   5.36
     2440       0.3377   5.36
     2441       0.3381   5.36
     2442       0.3368   5.36
     2443       0.3364   5.36
     2444       0.3383   5.36
     2445       0.3385   5.36
     2446       0.3385   5.36
     2447       0.3370   5.36
     2448       0.3378   5.36
     2449       0.3391   5.37
     2450       0.3374   5.36
     2451       0.3489   5.36
     2452       0.3380   5.36
     2453       0.3375   5.36
     2454       0.3491   5.36
     2455       0.3374   5.36
     2456       0.3362   5.37
     2457       0.3377   5.37
     2458       0.3375   5.37
     2459       0.3369   5.37
     2460       0.3375   5.37
     2461       0.3437   5.36
     2462       0.3373   5.37
     2463       0.3533   5.37
     2464       0.3457   5.36
     2465       0.3386   5.36
     2466       0.3378   5.37
     2467       0.3380   5.37
     2468       0.3370   5.37
     2469       0.3362   5.36
     2470       0.3378   5.36
     2471       0.3401   5.36
     2472       0.3365   5.37
     2473       0.3489   5.37
     2474       0.3370   5.37
     2475       0.3362   5.36
     2476       0.3379   5.36
     2477       0.3418   5.37
     2478       0.3362   5.37
     2479       0.3380   5.37
     2480       0.3381   5.37
     2481       0.3369   5.36
     2482       0.3521   5.36
     2483       0.3441   5.36
     2484       0.3377   5.37
     2485       0.3379   5.37
     2486       0.3376   5.37
     2487       0.3371   5.36
     2488       0.3377   5.36
     2489       0.3384   5.36
     2490       0.3380   5.36
     2491       0.3371   5.36
     2492       0.3474   5.36
     2493       0.3376   5.36
     2494       0.3363   5.36
     2495       0.3368   5.36
     2496       0.3373   5.37
     2497       0.3371   5.37
     2498       0.3378   5.37
     2499       0.3380   5.36
     2500       0.3367   5.36
     2501       0.3382   5.36
     2502       0.3425   5.37
     2503       0.3370   5.37
     2504       0.3513   5.37
     2505       0.3442   5.36
     2506       0.3366   5.36
     2507       0.3378   5.36
     2508       0.3381   5.37
     2509       0.3374   5.37
     2510       0.3543   5.37
     2511       0.3474   5.37
     2512       0.3379   5.36
     2513       0.3372   5.36
     2514       0.3380   5.36
     2515       0.3380   5.36
     2516       0.3368   5.37
     2517       0.3381   5.37
     2518       0.3384   5.37
     2519       0.3371   5.36
     2520       0.3381   5.36
     2521       0.3378   5.36
     2522       0.3369   5.37
     2523       0.3512   5.37
     2524       0.3380   5.36
     2525       0.3369   5.36
     2526       0.3383   5.36
     2527       0.3386   5.37
     2528       0.3378   5.36
     2529       0.3382   5.36
     2530       0.3381   5.36
     2531       0.3368   5.36
     2532       0.3374   5.36
     2533       0.3376   5.36
     2534       0.3377   5.36
     2535       0.3371   5.37
     2536       0.3381   5.37
     2537       0.3379   5.37
     2538       0.3372   5.36
     2539       0.3380   5.36
     2540       0.3379   5.36
     2541       0.3378   5.37
     2542       0.3374   5.37
     2543       0.3378   5.37
     2544       0.3369   5.36
     2545       0.3381   5.36
     2546       0.3416   5.36
     2547       0.3378   5.36
     2548       0.3383   5.36
     2549       0.3383   5.37
     2550       0.3378   5.36
     2551       0.3384   5.36
     2552       0.3436   5.36
     2553       0.3371   5.36
     2554       0.3530   5.36
     2555       0.3471   5.36
     2556       0.3372   5.36
     2557       0.3368   5.36
     2558       0.3382   5.36
     2559       0.3385   5.37
     2560       0.3380   5.36
     2561       0.3383   5.36
     2562       0.3384   5.36
     2563       0.3369   5.36
     2564       0.3386   5.36
     2565       0.3382   5.36
     2566       0.3372   5.36
     2567       0.3384   5.36
     2568       0.3382   5.36
     2569       0.3380   5.36
     2570       0.3376   5.36
     2571       0.3382   5.36
     2572       0.3370   5.36
     2573       0.3379   5.36
     2574       0.3378   5.36
     2575       0.3366   5.36
     2576       0.3374   5.36
     2577       0.3380   5.36
     2578       0.3374   5.36
     2579       0.3387   5.36
     2580       0.3381   5.37
     2581       0.3368   5.36
     2582       0.3382   5.36
     2583       0.3373   5.36
     2584       0.3373   5.36
     2585       0.3377   5.36
     2586       0.3379   5.36
     2587       0.3385   5.37
     2588       0.3373   5.37
     2589       0.3385   5.37
     2590       0.3396   5.36
     2591       0.3367   5.36
     2592       0.3382   5.36
     2593       0.3374   5.36
     2594       0.3372   5.37
     2595       0.3491   5.37
     2596       0.3382   5.36
     2597       0.3378   5.37
     2598       0.3379   5.37
     2599       0.3379   5.36
     2600       0.3381   5.37
     2601       0.3378   5.37
     2602       0.3373   5.36
     2603       0.3374   5.36
     2604       0.3384   5.36
     2605       0.3444   5.36
     2606       0.3370   5.37
     2607       0.3377   5.37
     2608       0.3372   5.37
     2609       0.3369   5.37
     2610       0.3375   5.37
     2611       0.3377   5.36
     2612       0.3377   5.37
     2613       0.3364   5.37
     2614       0.3467   5.37
     2615       0.3376   5.36
     2616       0.3372   5.36
     2617       0.3377   5.36
     2618       0.3379   5.37
     2619       0.3373   5.37
     2620       0.3375   5.37
     2621       0.3384   5.36
     2622       0.3374   5.37
     2623       0.3375   5.37
     2624       0.3384   5.37
     2625       0.3370   5.36
     2626       0.3376   5.36
     2627       0.3379   5.36
     2628       0.3373   5.36
     2629       0.3379   5.36
     2630       0.3381   5.36
     2631       0.3374   5.37
     2632       0.3384   5.37
     2633       0.3384   5.37
     2634       0.3373   5.36
     2635       0.3379   5.36
     2636       0.3382   5.37
     2637       0.3379   5.36
     2638       0.3543   5.36
     2639       0.3372   5.36
     2640       0.3371   5.36
     2641       0.3367   5.37
     2642       0.3383   5.37
     2643       0.3400   5.37
     2644       0.3366   5.36
     2645       0.3378   5.36
     2646       0.3381   5.36
     2647       0.3366   5.37
     2648       0.3382   5.37
     2649       0.3384   5.36
     2650       0.3375   5.36
     2651       0.3386   5.36
     2652       0.3384   5.36
     2653       0.3377   5.36
     2654       0.3521   5.36
     2655       0.3383   5.36
     2656       0.3382   5.36
     2657       0.3534   5.36
     2658       0.3455   5.36
     2659       0.3379   5.36
     2660       0.3378   5.36
     2661       0.3477   5.36
     2662       0.3385   5.36
     2663       0.3371   5.36
     2664       0.3375   5.36
     2665       0.3374   5.36
     2666       0.3370   5.37
     2667       0.3379   5.37
     2668       0.3374   5.37
     2669       0.3372   5.37
     2670       0.3380   5.37
     2671       0.3384   5.37
     2672       0.3375   5.36
     2673       0.3374   5.36
     2674       0.3376   5.36
     2675       0.3367   5.37
     2676       0.3375   5.37
     2677       0.3374   5.37
     2678       0.3379   5.36
     2679       0.3381   5.36
     2680       0.3382   5.36
     2681       0.3378   5.36
     2682       0.3538   5.36
     2683       0.3381   5.36
     2684       0.3388   5.36
     2685       0.3367   5.36
     2686       0.3383   5.36
     2687       0.3393   5.36
     2688       0.3379   5.36
     2689       0.3377   5.36
     2690       0.3384   5.37
     2691       0.3379   5.36
     2692       0.3381   5.36
     2693       0.3382   5.36
     2694       0.3373   5.36
     2695       0.3385   5.36
     2696       0.3377   5.36
     2697       0.3364   5.36
     2698       0.3370   5.36
     2699       0.3425   5.36
     2700       0.3365   5.37
     2701       0.3373   5.37
     2702       0.3377   5.36
     2703       0.3371   5.37
     2704       0.3378   5.37
     2705       0.3381   5.37
     2706       0.3368   5.36
     2707       0.3377   5.36
     2708       0.3452   5.37
     2709       0.3376   5.37
     2710       0.3372   5.36
     2711       0.3382   5.36
     2712       0.3376   5.36
     2713       0.3378   5.36
     2714       0.3474   5.36
     2715       0.3375   5.36
     2716       0.3361   5.36
     2717       0.3377   5.36
     2718       0.3386   5.36
     2719       0.3364   5.37
     2720       0.3377   5.37
     2721       0.3371   5.36
     2722       0.3376   5.36
     2723       0.3379   5.36
     2724       0.3371   5.36
     2725       0.3372   5.36
     2726       0.3381   5.36
     2727       0.3379   5.36
     2728       0.3377   5.36
     2729       0.3383   5.36
     2730       0.3376   5.36
     2731       0.3381   5.36
     2732       0.3386   5.36
     2733       0.3383   5.36
     2734       0.3382   5.36
     2735       0.3547   5.36
     2736       0.3476   5.36
     2737       0.3382   5.36
     2738       0.3373   5.36
     2739       0.3377   5.36
     2740       0.3379   5.36
     2741       0.3374   5.36
     2742       0.3490   5.36
     2743       0.3381   5.36
     2744       0.3375   5.36
     2745       0.3380   5.36
     2746       0.3379   5.36
     2747       0.3376   5.36
     2748       0.3380   5.36
     2749       0.3385   5.36
     2750       0.3375   5.36
     2751       0.3389   5.36
     2752       0.3455   5.36
     2753       0.3380   5.36
     2754       0.3383   5.36
     2755       0.3383   5.36
     2756       0.3378   5.36
     2757       0.3547   5.36
     2758       0.3382   5.36
     2759       0.3388   5.36
     2760       0.3374   5.37
     2761       0.3382   5.37
     2762       0.3375   5.36
     2763       0.3375   5.36
     2764       0.3375   5.36
     2765       0.3372   5.36
     2766       0.3369   5.36
     2767       0.3498   5.36
     2768       0.3382   5.36
     2769       0.3376   5.36
     2770       0.3389   5.36
     2771       0.3389   5.37
     2772       0.3373   5.36
     2773       0.3389   5.36
     2774       0.3383   5.36
     2775       0.3381   5.36
     2776       0.3388   5.36
     2777       0.3382   5.36
     2778       0.3375   5.36
     2779       0.3378   5.36
     2780       0.3379   5.36
     2781       0.3373   5.36
     2782       0.3369   5.36
     2783       0.3468   5.36
     2784       0.3401   5.36
     2785       0.3375   5.36
     2786       0.3381   5.36
     2787       0.3389   5.36
     2788       0.3388   5.36
     2789       0.3383   5.36
     2790       0.3380   5.36
     2791       0.3381   5.36
     2792       0.3508   5.36
     2793       0.3384   5.36
     2794       0.3378   5.36
     2795       0.3383   5.36
     2796       0.3381   5.36
     2797       0.3373   5.36
     2798       0.3384   5.36
     2799       0.3379   5.36
     2800       0.3383   5.36
     2801       0.3378   5.36
     2802       0.3456   5.36
     2803       0.3380   5.36
     2804       0.3377   5.36
     2805       0.3471   5.36
     2806       0.3380   5.36
     2807       0.3367   5.36
     2808       0.3484   5.36
     2809       0.3382   5.36
     2810       0.3374   5.36
     2811       0.3383   5.36
     2812       0.3381   5.37
     2813       0.3374   5.36
     2814       0.3373   5.36
     2815       0.3369   5.36
     2816       0.3366   5.36
     2817       0.3374   5.36
     2818       0.3378   5.37
     2819       0.3379   5.36
     2820       0.3376   5.36
     2821       0.3376   5.36
     2822       0.3373   5.36
     2823       0.3382   5.36
     2824       0.3381   5.37
     2825       0.3371   5.37
     2826       0.3384   5.37
     2827       0.3382   5.37
     2828       0.3380   5.36
     2829       0.3370   5.36
     2830       0.3383   5.36
     2831       0.3383   5.36
     2832       0.3360   5.36
     2833       0.3472   5.36
     2834       0.3387   5.37
     2835       0.3373   5.36
     2836       0.3374   5.36
     2837       0.3376   5.37
     2838       0.3368   5.36
     2839       0.3376   5.36
     2840       0.3371   5.36
     2841       0.3367   5.37
     2842       0.3497   5.37
     2843       0.3368   5.37
     2844       0.3369   5.37
     2845       0.3382   5.37
     2846       0.3374   5.37
     2847       0.3371   5.36
     2848       0.3385   5.36
     2849       0.3450   5.36
     2850       0.3384   5.36
     2851       0.3382   5.36
     2852       0.3379   5.36
     2853       0.3383   5.36
     2854       0.3375   5.36
     2855       0.3385   5.36
     2856       0.3383   5.36
     2857       0.3379   5.36
     2858       0.3378   5.36
     2859       0.3397   5.36
     2860       0.3373   5.37
     2861       0.3377   5.37
     2862       0.3374   5.37
     2863       0.3367   5.36
     2864       0.3375   5.36
     2865       0.3369   5.36
     2866       0.3370   5.37
     2867       0.3378   5.37
     2868       0.3375   5.37
     2869       0.3368   5.37
     2870       0.3387   5.37
     2871       0.3386   5.37
     2872       0.3368   5.37
     2873       0.3482   5.37
     2874       0.3453   5.36
     2875       0.3379   5.36
     2876       0.3374   5.36
     2877       0.3384   5.36
     2878       0.3382   5.36
     2879       0.3378   5.36
     2880       0.3468   5.36
     2881       0.3377   5.36
     2882       0.3374   5.36
     2883       0.3384   5.36
     2884       0.3383   5.36
     2885       0.3371   5.36
     2886       0.3382   5.36
     2887       0.3380   5.36
     2888       0.3377   5.36
     2889       0.3497   5.36
     2890       0.3384   5.37
     2891       0.3374   5.36
     2892       0.3388   5.36
     2893       0.3378   5.36
     2894       0.3372   5.36
     2895       0.3388   5.36
     2896       0.3382   5.36
     2897       0.3370   5.36
     2898       0.3385   5.36
     2899       0.3381   5.36
     2900       0.3371   5.36
     2901       0.3541   5.36
     2902       0.3384   5.37
     2903       0.3385   5.36
     2904       0.3376   5.36
     2905       0.3389   5.36
     2906       0.3386   5.36
     2907       0.3379   5.36
     2908       0.3380   5.36
     2909       0.3381   5.36
     2910       0.3382   5.36
     2911       0.3385   5.36
     2912       0.3414   5.36
     2913       0.3370   5.36
     2914       0.3378   5.36
     2915       0.3424   5.36
     2916       0.3372   5.37
     2917       0.3379   5.37
     2918       0.3437   5.37
     2919       0.3374   5.37
     2920       0.3383   5.37
     2921       0.3443   5.37
     2922       0.3371   5.37
     2923       0.3388   5.37
     2924       0.3384   5.37
     2925       0.3382   5.36
     2926       0.3376   5.36
     2927       0.3392   5.36
     2928       0.3387   5.36
     2929       0.3367   5.36
     2930       0.3382   5.36
     2931       0.3390   5.36
     2932       0.3372   5.36
     2933       0.3376   5.36
     2934       0.3372   5.36
     2935       0.3357   5.36
     2936       0.3493   5.36
     2937       0.3421   5.37
     2938       0.3378   5.37
     2939       0.3388   5.37
     2940       0.3382   5.37
     2941       0.3374   5.37
     2942       0.3379   5.37
     2943       0.3384   5.37
     2944       0.3371   5.36
     2945       0.3383   5.36
     2946       0.3450   5.36
     2947       0.3363   5.36
     2948       0.3383   5.36
     2949       0.3459   5.37
     2950       0.3375   5.37
     2951       0.3372   5.37
     2952       0.3376   5.37
     2953       0.3382   5.37
     2954       0.3373   5.36
     2955       0.3386   5.36
     2956       0.3382   5.36
     2957       0.3374   5.36
     2958       0.3378   5.36
     2959       0.3379   5.36
     2960       0.3372   5.36
     2961       0.3385   5.36
     2962       0.3387   5.36
     2963       0.3380   5.36
     2964       0.3390   5.36
     2965       0.3381   5.36
     2966       0.3370   5.36
     2967       0.3518   5.36
     2968       0.3444   5.36
     2969       0.3377   5.36
     2970       0.3384   5.36
     2971       0.3370   5.37
     2972       0.3377   5.36
     2973       0.3379   5.36
     2974       0.3381   5.36
     2975       0.3383   5.36
     2976       0.3370   5.36
     2977       0.3479   5.36
     2978       0.3382   5.36
     2979       0.3373   5.36
     2980       0.3384   5.36
     2981       0.3387   5.36
     2982       0.3377   5.36
     2983       0.3381   5.36
     2984       0.3382   5.36
     2985       0.3373   5.36
     2986       0.3380   5.36
     2987       0.3382   5.36
     2988       0.3369   5.36
     2989       0.3385   5.36
     2990       0.3384   5.36
     2991       0.3375   5.36
     2992       0.3375   5.36
     2993       0.3383   5.36
     2994       0.3373   5.37
     2995       0.3387   5.37
     2996       0.3380   5.36
     2997       0.3373   5.36
     2998       0.3376   5.36
     2999       0.3379   5.37
     3000       0.3375   5.37
     3001       0.3373   5.36
     3002       0.3385   5.36
     3003       0.3383   5.36
     3004       0.3381   5.36
     3005       0.3486   5.36
     3006       0.3406   5.36
     3007       0.3381   5.36
     3008       0.3391   5.36
     3009       0.3385   5.36
     3010       0.3372   5.36
     3011       0.3381   5.36
     3012       0.3375   5.36
     3013       0.3368   5.36
     3014       0.3382   5.36
     3015       0.3385   5.36
     3016       0.3367   5.36
     3017       0.3383   5.36
     3018       0.3387   5.36
     3019       0.3373   5.36
     3020       0.3439   5.36
     3021       0.3374   5.36
     3022       0.3374   5.36
     3023       0.3379   5.36
     3024       0.3382   5.36
     3025       0.3387   5.36
     3026       0.3377   5.36
     3027       0.3386   5.36
     3028       0.3379   5.36
     3029       0.3377   5.36
     3030       0.3487   5.36
     3031       0.3371   5.36
     3032       0.3370   5.36
     3033       0.3379   5.36
     3034       0.3372   5.36
     3035       0.3372   5.36
     3036       0.3378   5.36
     3037       0.3378   5.37
     3038       0.3379   5.37
     3039       0.3386   5.37
     3040       0.3384   5.36
     3041       0.3377   5.36
     3042       0.3384   5.36
     3043       0.3392   5.36
     3044       0.3375   5.36
     3045       0.3377   5.36
     3046       0.3376   5.36
     3047       0.3367   5.36
     3048       0.3389   5.36
     3049       0.3387   5.37
     3050       0.3374   5.37
     3051       0.3367   5.37
     3052       0.3384   5.36
     3053       0.3394   5.36
     3054       0.3370   5.36
     3055       0.3476   5.36
     3056       0.3378   5.36
     3057       0.3379   5.37
     3058       0.3380   5.37
     3059       0.3381   5.37
     3060       0.3381   5.37
     3061       0.3383   5.37
     3062       0.3381   5.36
     3063       0.3369   5.36
     3064       0.3375   5.36
     3065       0.3386   5.36
     3066       0.3378   5.37
     3067       0.3385   5.37
     3068       0.3394   5.36
     3069       0.3377   5.36
     3070       0.3389   5.36
     3071       0.3386   5.36
     3072       0.3378   5.36
     3073       0.3378   5.36
     3074       0.3458   5.37
     3075       0.3386   5.36
     3076       0.3369   5.36
     3077       0.3384   5.36
     3078       0.3387   5.36
     3079       0.3381   5.36
     3080       0.3383   5.36
     3081       0.3376   5.36
     3082       0.3370   5.36
     3083       0.3381   5.36
     3084       0.3378   5.36
     3085       0.3381   5.36
     3086       0.3383   5.36
     3087       0.3388   5.36
     3088       0.3374   5.36
     3089       0.3506   5.36
     3090       0.3375   5.36
     3091       0.3369   5.36
     3092       0.3379   5.36
     3093       0.3380   5.36
     3094       0.3366   5.37
     3095       0.3384   5.37
     3096       0.3376   5.36
     3097       0.3371   5.36
     3098       0.3382   5.36
     3099       0.3382   5.36
     3100       0.3384   5.36
     3101       0.3378   5.36
     3102       0.3468   5.37
     3103       0.3394   5.36
     3104       0.3380   5.36
     3105       0.3384   5.36
     3106       0.3408   5.36
     3107       0.3375   5.37
     3108       0.3384   5.37
     3109       0.3385   5.36
     3110       0.3362   5.36
     3111       0.3383   5.36
     3112       0.3379   5.36
     3113       0.3376   5.36
     3114       0.3382   5.36
     3115       0.3376   5.36
     3116       0.3380   5.36
     3117       0.3518   5.36
     3118       0.3449   5.37
     3119       0.3375   5.37
     3120       0.3382   5.37
     3121       0.3376   5.36
     3122       0.3371   5.36
     3123       0.3374   5.36
     3124       0.3380   5.36
     3125       0.3388   5.36
     3126       0.3378   5.36
     3127       0.3379   5.36
     3128       0.3382   5.36
     3129       0.3361   5.36
     3130       0.3480   5.36
     3131       0.3375   5.36
     3132       0.3370   5.36
     3133       0.3374   5.36
     3134       0.3376   5.36
     3135       0.3371   5.36
     3136       0.3372   5.36
     3137       0.3374   5.36
     3138       0.3365   5.36
     3139       0.3377   5.36
     3140       0.3384   5.37
     3141       0.3371   5.37
     3142       0.3371   5.37
     3143       0.3431   5.37
     3144       0.3378   5.36
     3145       0.3525   5.36
     3146       0.3382   5.36
     3147       0.3380   5.37
     3148       0.3371   5.37
     3149       0.3381   5.37
     3150       0.3377   5.36
     3151       0.3370   5.37
     3152       0.3377   5.37
     3153       0.3397   5.37
     3154       0.3381   5.37
     3155       0.3381   5.37
     3156       0.3375   5.36
     3157       0.3371   5.37
     3158       0.3494   5.37
     3159       0.3382   5.37
     3160       0.3376   5.36
     3161       0.3378   5.36
     3162       0.3386   5.36
     3163       0.3383   5.36
     3164       0.3381   5.36
     3165       0.3384   5.36
     3166       0.3380   5.36
     3167       0.3475   5.36
     3168       0.3376   5.36
     3169       0.3376   5.36
     3170       0.3544   5.36
     3171       0.3379   5.36
     3172       0.3385   5.36
     3173       0.3371   5.36
     3174       0.3378   5.36
     3175       0.3379   5.36
     3176       0.3379   5.36
     3177       0.3383   5.36
     3178       0.3406   5.36
     3179       0.3370   5.36
     3180       0.3382   5.36
     3181       0.3382   5.36
     3182       0.3388   5.36
     3183       0.3379   5.36
     3184       0.3424   5.36
     3185       0.3379   5.36
     3186       0.3384   5.36
     3187       0.3431   5.36
     3188       0.3380   5.37
     3189       0.3383   5.37
     3190       0.3379   5.36
     3191       0.3378   5.36
     3192       0.3381   5.36
     3193       0.3372   5.36
     3194       0.3369   5.36
     3195       0.3539   5.36
     3196       0.3387   5.37
     3197       0.3385   5.37
     3198       0.3384   5.36
     3199       0.3490   5.36
     3200       0.3385   5.36
     3201       0.3375   5.36
     3202       0.3379   5.36
     3203       0.3419   5.36
     3204       0.3377   5.36
     3205       0.3372   5.36
     3206       0.3370   5.36
     3207       0.3376   5.36
     3208       0.3525   5.36
     3209       0.3384   5.36
     3210       0.3375   5.37
     3211       0.3384   5.37
     3212       0.3381   5.37
     3213       0.3371   5.36
     3214       0.3382   5.36
     3215       0.3374   5.36
     3216       0.3378   5.36
     3217       0.3369   5.37
     3218       0.3379   5.37
     3219       0.3376   5.37
     3220       0.3373   5.37
     3221       0.3372   5.37
     3222       0.3384   5.37
     3223       0.3381   5.37
     3224       0.3380   5.37
     3225       0.3409   5.36
     3226       0.3373   5.36
     3227       0.3382   5.36
     3228       0.3381   5.37
     3229       0.3378   5.36
     3230       0.3376   5.36
     3231       0.3379   5.37
     3232       0.3368   5.36
     3233       0.3387   5.36
     3234       0.3438   5.36
     3235       0.3363   5.36
     3236       0.3375   5.36
     3237       0.3438   5.36
     3238       0.3377   5.37
     3239       0.3378   5.37
     3240       0.3456   5.37
     3241       0.3375   5.37
     3242       0.3371   5.36
     3243       0.3381   5.36
     3244       0.3378   5.37
     3245       0.3368   5.37
     3246       0.3385   5.37
     3247       0.3387   5.37
     3248       0.3369   5.37
     3249       0.3382   5.37
     3250       0.3384   5.36
     3251       0.3370   5.36
     3252       0.3382   5.36
     3253       0.3416   5.36
     3254       0.3377   5.37
     3255       0.3386   5.37
     3256       0.3384   5.36
     3257       0.3373   5.36
     3258       0.3383   5.36
     3259       0.3381   5.36
     3260       0.3371   5.36
     3261       0.3383   5.36
     3262       0.3380   5.37
     3263       0.3376   5.36
     3264       0.3528   5.36
     3265       0.3382   5.36
     3266       0.3375   5.37
     3267       0.3541   5.37
     3268       0.3382   5.37
     3269       0.3376   5.37
     3270       0.3363   5.37
     3271       0.3378   5.37
     3272       0.3380   5.37
     3273       0.3370   5.37
     3274       0.3495   5.37
     3275       0.3382   5.36
     3276       0.3385   5.36
     3277       0.3386   5.36
     3278       0.3377   5.36
     3279       0.3376   5.36
     3280       0.3375   5.36
     3281       0.3383   5.36
     3282       0.3374   5.37
     3283       0.3379   5.37
     3284       0.3384   5.37
     3285       0.3384   5.36
     3286       0.3388   5.36
     3287       0.3383   5.36
     3288       0.3376   5.36
     3289       0.3389   5.36
     3290       0.3381   5.36
     3291       0.3376   5.36
     3292       0.3373   5.36
     3293       0.3381   5.36
     3294       0.3376   5.37
     3295       0.3381   5.36
     3296       0.3387   5.36
     3297       0.3383   5.36
     3298       0.3374   5.37
     3299       0.3383   5.37
     3300       0.3384   5.37
     3301       0.3377   5.36
     3302       0.3500   5.36
     3303       0.3385   5.36
     3304       0.3366   5.36
     3305       0.3378   5.36
     3306       0.3380   5.37
     3307       0.3375   5.37
     3308       0.3378   5.37
     3309       0.3384   5.36
     3310       0.3382   5.37
     3311       0.3380   5.37
     3312       0.3381   5.36
     3313       0.3373   5.37
     3314       0.3390   5.37
     3315       0.3381   5.36
     3316       0.3386   5.37
     3317       0.3374   5.36
     3318       0.3384   5.36
     3319       0.3394   5.37
     3320       0.3375   5.36
     3321       0.3384   5.36
     3322       0.3379   5.36
     3323       0.3376   5.36
     3324       0.3383   5.36
     3325       0.3379   5.36
     3326       0.3379   5.36
     3327       0.3386   5.36
     3328       0.3388   5.36
     3329       0.3386   5.36
     3330       0.3388   5.36
     3331       0.3382   5.36
     3332       0.3370   5.36
     3333       0.3517   5.36
     3334       0.3380   5.36
     3335       0.3377   5.36
     3336       0.3377   5.36
     3337       0.3375   5.36
     3338       0.3374   5.36
     3339       0.3389   5.36
     3340       0.3466   5.37
     3341       0.3382   5.36
     3342       0.3368   5.36
     3343       0.3377   5.36
     3344       0.3386   5.36
     3345       0.3382   5.37
     3346       0.3384   5.37
     3347       0.3385   5.36
     3348       0.3368   5.36
     3349       0.3385   5.36
     3350       0.3378   5.36
     3351       0.3377   5.36
     3352       0.3387   5.36
     3353       0.3379   5.36
     3354       0.3372   5.36
     3355       0.3379   5.36
     3356       0.3374   5.36
     3357       0.3371   5.37
     3358       0.3513   5.37
     3359       0.3442   5.37
     3360       0.3374   5.37
     3361       0.3538   5.37
     3362       0.3381   5.37
     3363       0.3380   5.36
     3364       0.3369   5.36
     3365       0.3472   5.36
     3366       0.3386   5.37
     3367       0.3373   5.37
     3368       0.3382   5.37
     3369       0.3390   5.36
     3370       0.3377   5.37
     3371       0.3385   5.37
     3372       0.3380   5.36
     3373       0.3379   5.36
     3374       0.3385   5.36
     3375       0.3387   5.36
     3376       0.3372   5.36
     3377       0.3373   5.36
     3378       0.3430   5.36
     3379       0.3364   5.36
     3380       0.3377   5.36
     3381       0.3381   5.36
     3382       0.3374   5.37
     3383       0.3380   5.37
     3384       0.3379   5.37
     3385       0.3370   5.36
     3386       0.3381   5.36
     3387       0.3457   5.37
     3388       0.3383   5.37
     3389       0.3379   5.37
     3390       0.3476   5.37
     3391       0.3381   5.37
     3392       0.3373   5.36
     3393       0.3388   5.36
     3394       0.3381   5.36
     3395       0.3380   5.36
     3396       0.3389   5.36
     3397       0.3390   5.36
     3398       0.3372   5.36
     3399       0.3383   5.36
     3400       0.3430   5.36
     3401       0.3375   5.36
     3402       0.3519   5.36
     3403       0.3385   5.36
     3404       0.3373   5.36
     3405       0.3374   5.36
     3406       0.3384   5.37
     3407       0.3369   5.36
     3408       0.3537   5.36
     3409       0.3377   5.37
     3410       0.3375   5.37
     3411       0.3377   5.37
     3412       0.3383   5.37
     3413       0.3383   5.36
     3414       0.3370   5.37
     3415       0.3376   5.37
     3416       0.3377   5.37
     3417       0.3376   5.37
     3418       0.3493   5.37
     3419       0.3384   5.37
     3420       0.3376   5.37
     3421       0.3379   5.37
     3422       0.3379   5.36
     3423       0.3367   5.36
     3424       0.3371   5.36
     3425       0.3381   5.36
     3426       0.3377   5.37
     3427       0.3387   5.37
     3428       0.3381   5.37
     3429       0.3367   5.37
     3430       0.3539   5.37
     3431       0.3378   5.36
     3432       0.3383   5.36
     3433       0.3375   5.37
     3434       0.3381   5.37
     3435       0.3375   5.37
     3436       0.3370   5.36
     3437       0.3384   5.36
     3438       0.3387   5.37
     3439       0.3381   5.36
     3440       0.3387   5.36
     3441       0.3388   5.37
     3442       0.3385   5.36
     3443       0.3388   5.36
     3444       0.3383   5.36
     3445       0.3382   5.36
     3446       0.3383   5.36
     3447       0.3431   5.36
     3448       0.3380   5.36
     3449       0.3527   5.36
     3450       0.3384   5.36
     3451       0.3376   5.36
     3452       0.3379   5.36
     3453       0.3384   5.36
     3454       0.3381   5.36
     3455       0.3547   5.36
     3456       0.3383   5.36
     3457       0.3385   5.36
     3458       0.3372   5.36
     3459       0.3384   5.36
     3460       0.3386   5.37
     3461       0.3376   5.36
     3462       0.3477   5.36
     3463       0.3416   5.36
     3464       0.3373   5.36
     3465       0.3380   5.36
     3466       0.3378   5.36
     3467       0.3371   5.36
     3468       0.3375   5.36
     3469       0.3373   5.36
     3470       0.3366   5.36
     3471       0.3369   5.36
     3472       0.3372   5.36
     3473       0.3372   5.36
     3474       0.3529   5.36
     3475       0.3380   5.37
     3476       0.3381   5.37
     3477       0.3367   5.37
     3478       0.3381   5.37
     3479       0.3368   5.36
     3480       0.3368   5.36
     3481       0.3378   5.36
     3482       0.3383   5.36
     3483       0.3368   5.37
     3484       0.3488   5.37
     3485       0.3411   5.36
     3486       0.3371   5.36
     3487       0.3506   5.36
     3488       0.3370   5.36
     3489       0.3370   5.36
     3490       0.3382   5.36
     3491       0.3436   5.36
     3492       0.3366   5.37
     3493       0.3374   5.37
     3494       0.3442   5.36
     3495       0.3361   5.37
     3496       0.3531   5.37
     3497       0.3377   5.37
     3498       0.3380   5.37
     3499       0.3373   5.36
     3500       0.3381   5.36
     3501       0.3384   5.37
     3502       0.3377   5.36
     3503       0.3486   5.36
     3504       0.3385   5.36
     3505       0.3372   5.36
     3506       0.3380   5.36
     3507       0.3419   5.36
     3508       0.3375   5.36
     3509       0.3385   5.36
     3510       0.3378   5.36
     3511       0.3367   5.36
     3512       0.3390   5.36
     3513       0.3379   5.36
     3514       0.3374   5.36
     3515       0.3378   5.36
     3516       0.3379   5.36
     3517       0.3377   5.36
     3518       0.3385   5.36
     3519       0.3457   5.37
     3520       0.3365   5.36
     3521       0.3384   5.36
     3522       0.3380   5.36
     3523       0.3379   5.36
     3524       0.3378   5.36
     3525       0.3390   5.36
     3526       0.3392   5.36
     3527       0.3380   5.36
     3528       0.3386   5.36
     3529       0.3381   5.36
     3530       0.3379   5.36
     3531       0.3383   5.36
     3532       0.3377   5.36
     3533       0.3376   5.36
     3534       0.3381   5.36
     3535       0.3423   5.36
     3536       0.3372   5.36
     3537       0.3513   5.36
     3538       0.3373   5.36
     3539       0.3372   5.36
     3540       0.3374   5.36
     3541       0.3376   5.36
     3542       0.3375   5.36
     3543       0.3540   5.36
     3544       0.3469   5.36
     3545       0.3383   5.36
     3546       0.3371   5.36
     3547       0.3382   5.36
     3548       0.3397   5.36
     3549       0.3375   5.36
     3550       0.3379   5.36
     3551       0.3369   5.36
     3552       0.3372   5.37
     3553       0.3497   5.37
     3554       0.3383   5.36
     3555       0.3365   5.36
     3556       0.3376   5.36
     3557       0.3371   5.36
     3558       0.3370   5.36
     3559       0.3380   5.36
     3560       0.3379   5.36
     3561       0.3374   5.36
     3562       0.3394   5.36
     3563       0.3387   5.36
     3564       0.3369   5.36
     3565       0.3384   5.36
     3566       0.3383   5.36
     3567       0.3375   5.36
     3568       0.3380   5.36
     3569       0.3380   5.36
     3570       0.3382   5.36
     3571       0.3382   5.36
     3572       0.3472   5.36
     3573       0.3369   5.36
     3574       0.3375   5.36
     3575       0.3380   5.36
     3576       0.3378   5.36
     3577       0.3370   5.36
     3578       0.3376   5.36
     3579       0.3379   5.36
     3580       0.3377   5.36
     3581       0.3504   5.36
     3582       0.3376   5.36
     3583       0.3373   5.36
     3584       0.3381   5.36
     3585       0.3379   5.36
     3586       0.3380   5.36
     3587       0.3385   5.36
     3588       0.3384   5.36
     3589       0.3367   5.36
     3590       0.3387   5.36
     3591       0.3389   5.36
     3592       0.3382   5.36
     3593       0.3377   5.36
     3594       0.3474   5.36
     3595       0.3378   5.36
     3596       0.3378   5.36
     3597       0.3374   5.36
     3598       0.3375   5.36
     3599       0.3375   5.36
     3600       0.3380   5.36
     3601       0.3373   5.37
     3602       0.3368   5.36
     3603       0.3370   5.36
     3604       0.3408   5.36
     3605       0.3377   5.36
     3606       0.3377   5.36
     3607       0.3376   5.36
     3608       0.3371   5.36
     3609       0.3513   5.36
     3610       0.3381   5.36
     3611       0.3369   5.36
     3612       0.3529   5.36
     3613       0.3379   5.36
     3614       0.3375   5.36
     3615       0.3379   5.36
     3616       0.3380   5.36
     3617       0.3385   5.36
     3618       0.3372   5.36
     3619       0.3473   5.36
     3620       0.3383   5.36
     3621       0.3377   5.36
     3622       0.3384   5.36
     3623       0.3383   5.36
     3624       0.3364   5.37
     3625       0.3494   5.37
     3626       0.3414   5.36
     3627       0.3359   5.36
     3628       0.3505   5.36
     3629       0.3376   5.36
     3630       0.3367   5.37
     3631       0.3378   5.37
     3632       0.3381   5.37
     3633       0.3381   5.37
     3634       0.3382   5.37
     3635       0.3457   5.37
     3636       0.3374   5.36
     3637       0.3374   5.36
     3638       0.3377   5.36
     3639       0.3381   5.36
     3640       0.3379   5.36
     3641       0.3379   5.36
     3642       0.3398   5.37
     3643       0.3380   5.36
     3644       0.3379   5.36
     3645       0.3373   5.36
     3646       0.3368   5.36
     3647       0.3384   5.36
     3648       0.3375   5.36
     3649       0.3382   5.36
     3650       0.3500   5.36
     3651       0.3383   5.36
     3652       0.3377   5.36
     3653       0.3384   5.36
     3654       0.3380   5.36
     3655       0.3378   5.36
     3656       0.3525   5.36
     3657       0.3382   5.36
     3658       0.3374   5.36
     3659       0.3380   5.36
     3660       0.3374   5.37
     3661       0.3383   5.36
     3662       0.3373   5.36
     3663       0.3383   5.36
     3664       0.3387   5.36
     3665       0.3383   5.36
     3666       0.3382   5.36
     3667       0.3375   5.36
     3668       0.3379   5.36
     3669       0.3383   5.36
     3670       0.3386   5.36
     3671       0.3378   5.36
     3672       0.3377   5.36
     3673       0.3382   5.36
     3674       0.3382   5.36
     3675       0.3512   5.36
     3676       0.3378   5.36
     3677       0.3365   5.36
     3678       0.3379   5.36
     3679       0.3379   5.36
     3680       0.3373   5.36
     3681       0.3384   5.36
     3682       0.3379   5.36
     3683       0.3380   5.36
     3684       0.3377   5.36
     3685       0.3464   5.36
     3686       0.3381   5.36
     3687       0.3373   5.36
     3688       0.3384   5.36
     3689       0.3389   5.36
     3690       0.3377   5.36
     3691       0.3382   5.36
     3692       0.3382   5.36
     3693       0.3366   5.36
     3694       0.3380   5.36
     3695       0.3380   5.36
     3696       0.3371   5.36
     3697       0.3378   5.36
     3698       0.3374   5.36
     3699       0.3372   5.36
     3700       0.3382   5.36
     3701       0.3373   5.36
     3702       0.3376   5.36
     3703       0.3374   5.36
     3704       0.3383   5.36
     3705       0.3365   5.37
     3706       0.3377   5.37
     3707       0.3377   5.37
     3708       0.3376   5.36
     3709       0.3532   5.36
     3710       0.3376   5.36
     3711       0.3384   5.36
     3712       0.3376   5.36
     3713       0.3472   5.36
     3714       0.3377   5.36
     3715       0.3376   5.36
     3716       0.3383   5.36
     3717       0.3386   5.37
     3718       0.3382   5.37
     3719       0.3377   5.37
     3720       0.3376   5.36
     3721       0.3367   5.36
     3722       0.3376   5.36
     3723       0.3422   5.36
     3724       0.3372   5.36
     3725       0.3379   5.36
     3726       0.3370   5.36
     3727       0.3367   5.36
     3728       0.3385   5.36
     3729       0.3383   5.37
     3730       0.3366   5.37
     3731       0.3383   5.37
     3732       0.3383   5.36
     3733       0.3371   5.36
     3734       0.3380   5.36
     3735       0.3379   5.36
     3736       0.3374   5.36
     3737       0.3376   5.36
     3738       0.3378   5.36
     3739       0.3380   5.36
     3740       0.3376   5.36
     3741       0.3384   5.36
     3742       0.3382   5.36
     3743       0.3379   5.36
     3744       0.3384   5.36
     3745       0.3386   5.36
     3746       0.3373   5.36
     3747       0.3377   5.36
     3748       0.3381   5.36
     3749       0.3381   5.36
     3750       0.3381   5.36
     3751       0.3393   5.36
     3752       0.3372   5.37
     3753       0.3381   5.37
     3754       0.3380   5.36
     3755       0.3383   5.36
     3756       0.3369   5.36
     3757       0.3377   5.36
     3758       0.3373   5.36
     3759       0.3383   5.36
     3760       0.3450   5.36
     3761       0.3375   5.36
     3762       0.3393   5.36
     3763       0.3380   5.36
     3764       0.3382   5.36
     3765       0.3379   5.36
     3766       0.3373   5.36
     3767       0.3374   5.36
     3768       0.3365   5.36
     3769       0.3473   5.36
     3770       0.3371   5.36
     3771       0.3375   5.36
     3772       0.3486   5.36
     3773       0.3408   5.36
     3774       0.3363   5.37
     3775       0.3375   5.37
     3776       0.3379   5.36
     3777       0.3371   5.37
     3778       0.3474   5.37
     3779       0.3384   5.37
     3780       0.3374   5.37
     3781       0.3382   5.37
     3782       0.3386   5.36
     3783       0.3374   5.36
     3784       0.3379   5.36
     3785       0.3381   5.36
     3786       0.3370   5.36
     3787       0.3395   5.36
     3788       0.3382   5.36
     3789       0.3383   5.36
     3790       0.3374   5.36
     3791       0.3469   5.36
     3792       0.3375   5.36
     3793       0.3372   5.36
     3794       0.3380   5.36
     3795       0.3404   5.36
     3796       0.3365   5.36
     3797       0.3383   5.36
     3798       0.3385   5.37
     3799       0.3379   5.37
     3800       0.3392   5.37
     3801       0.3434   5.36
     3802       0.3381   5.36
     3803       0.3379   5.36
     3804       0.3376   5.36
     3805       0.3363   5.36
     3806       0.3379   5.36
     3807       0.3378   5.36
     3808       0.3363   5.36
     3809       0.3378   5.36
     3810       0.3377   5.36
     3811       0.3373   5.36
     3812       0.3373   5.36
     3813       0.3378   5.36
     3814       0.3381   5.36
     3815       0.3370   5.36
     3816       0.3384   5.36
     3817       0.3376   5.36
     3818       0.3375   5.36
     3819       0.3377   5.36
     3820       0.3375   5.36
     3821       0.3376   5.36
     3822       0.3379   5.36
     3823       0.3378   5.36
     3824       0.3380   5.36
     3825       0.3388   5.36
     3826       0.3384   5.36
     3827       0.3373   5.36
     3828       0.3388   5.36
     3829       0.3432   5.36
     3830       0.3363   5.36
     3831       0.3378   5.36
     3832       0.3372   5.36
     3833       0.3365   5.36
     3834       0.3382   5.36
     3835       0.3377   5.37
     3836       0.3374   5.37
     3837       0.3530   5.37
     3838       0.3376   5.36
     3839       0.3385   5.36
     3840       0.3362   5.36
     3841       0.3386   5.36
     3842       0.3378   5.36
     3843       0.3381   5.36
     3844       0.3386   5.36
     3845       0.3381   5.36
     3846       0.3367   5.36
     3847       0.3377   5.36
     3848       0.3376   5.36
     3849       0.3383   5.36
     3850       0.3380   5.36
     3851       0.3375   5.36
     3852       0.3374   5.36
     3853       0.3376   5.36
     3854       0.3376   5.36
     3855       0.3372   5.36
     3856       0.3381   5.36
     3857       0.3387   5.36
     3858       0.3372   5.36
     3859       0.3383   5.36
     3860       0.3376   5.36
     3861       0.3367   5.36
     3862       0.3381   5.36
     3863       0.3377   5.36
     3864       0.3367   5.37
     3865       0.3375   5.37
     3866       0.3390   5.36
     3867       0.3375   5.36
     3868       0.3375   5.36
     3869       0.3384   5.36
     3870       0.3387   5.37
     3871       0.3360   5.36
     3872       0.3380   5.36
     3873       0.3377   5.36
     3874       0.3366   5.36
     3875       0.3382   5.36
     3876       0.3384   5.37
     3877       0.3361   5.37
     3878       0.3492   5.37
     3879       0.3373   5.36
     3880       0.3366   5.36
     3881       0.3381   5.36
     3882       0.3377   5.36
     3883       0.3378   5.37
     3884       0.3373   5.37
     3885       0.3385   5.36
     3886       0.3378   5.36
     3887       0.3377   5.36
     3888       0.3376   5.36
     3889       0.3373   5.37
     3890       0.3384   5.37
     3891       0.3382   5.36
     3892       0.3377   5.36
     3893       0.3382   5.36
     3894       0.3385   5.36
     3895       0.3389   5.36
     3896       0.3377   5.36
     3897       0.3469   5.36
     3898       0.3380   5.36
     3899       0.3355   5.36
     3900       0.3377   5.36
     3901       0.3398   5.37
     3902       0.3370   5.36
     3903       0.3383   5.36
     3904       0.3382   5.36
     3905       0.3373   5.37
     3906       0.3383   5.37
     3907       0.3421   5.36
     3908       0.3369   5.36
     3909       0.3386   5.36
     3910       0.3378   5.36
     3911       0.3369   5.36
     3912       0.3373   5.36
     3913       0.3377   5.37
     3914       0.3374   5.36
     3915       0.3383   5.36
     3916       0.3450   5.36
     3917       0.3376   5.36
     3918       0.3374   5.36
     3919       0.3378   5.36
     3920       0.3371   5.37
     3921       0.3374   5.37
     3922       0.3377   5.36
     3923       0.3373   5.36
     3924       0.3372   5.37
     3925       0.3376   5.37
     3926       0.3398   5.37
     3927       0.3372   5.36
     3928       0.3480   5.36
     3929       0.3380   5.36
     3930       0.3369   5.37
     3931       0.3495   5.37
     3932       0.3382   5.37
     3933       0.3387   5.37
     3934       0.3384   5.37
     3935       0.3385   5.36
     3936       0.3373   5.36
     3937       0.3524   5.36
     3938       0.3385   5.36
     3939       0.3365   5.36
     3940       0.3380   5.36
     3941       0.3382   5.36
     3942       0.3375   5.37
     3943       0.3376   5.37
     3944       0.3372   5.36
     3945       0.3374   5.36
     3946       0.3365   5.37
     3947       0.3375   5.37
     3948       0.3378   5.37
     3949       0.3374   5.36
     3950       0.3377   5.36
     3951       0.3379   5.36
     3952       0.3364   5.37
     3953       0.3385   5.37
     3954       0.3410   5.37
     3955       0.3371   5.36
     3956       0.3377   5.36
     3957       0.3379   5.36
     3958       0.3376   5.37
     3959       0.3378   5.37
     3960       0.3385   5.36
     3961       0.3372   5.37
     3962       0.3388   5.37
     3963       0.3389   5.36
     3964       0.3375   5.37
     3965       0.3381   5.37
     3966       0.3378   5.36
     3967       0.3370   5.36
     3968       0.3378   5.36
     3969       0.3382   5.36
     3970       0.3373   5.36
     3971       0.3376   5.36
     3972       0.3381   5.36
     3973       0.3385   5.36
     3974       0.3372   5.37
     3975       0.3476   5.37
     3976       0.3388   5.36
     3977       0.3378   5.36
     3978       0.3382   5.36
     3979       0.3378   5.36
     3980       0.3372   5.36
     3981       0.3380   5.36
     3982       0.3415   5.36
     3983       0.3386   5.36
     3984       0.3380   5.36
     3985       0.3381   5.36
     3986       0.3373   5.36
     3987       0.3514   5.36
     3988       0.3377   5.36
     3989       0.3367   5.36
     3990       0.3373   5.36
     3991       0.3374   5.36
     3992       0.3383   5.37
     3993       0.3388   5.37
     3994       0.3380   5.36
     3995       0.3373   5.36
     3996       0.3360   5.36
     3997       0.3383   5.36
     3998       0.3385   5.36
     3999       0.3371   5.36
     4000       0.3476   5.36
     4001       0.3373   5.36
     4002       0.3362   5.36
     4003       0.3378   5.36
     4004       0.3374   5.37
     4005       0.3370   5.36
     4006       0.3382   5.36
     4007       0.3376   5.36
     4008       0.3364   5.37
     4009       0.3380   5.37
     4010       0.3375   5.37
     4011       0.3368   5.36
     4012       0.3379   5.36
     4013       0.3370   5.36
     4014       0.3375   5.37
     4015       0.3370   5.37
     4016       0.3370   5.37
     4017       0.3374   5.37
     4018       0.3380   5.37
     4019       0.3386   5.37
     4020       0.3377   5.36
     4021       0.3380   5.36
     4022       0.3385   5.36
     4023       0.3378   5.37
     4024       0.3378   5.37
     4025       0.3392   5.36
     4026       0.3392   5.36
     4027       0.3365   5.36
     4028       0.3382   5.36
     4029       0.3386   5.36
     4030       0.3373   5.36
     4031       0.3377   5.36
     4032       0.3375   5.36
     4033       0.3374   5.37
     4034       0.3387   5.37
     4035       0.3383   5.36
     4036       0.3376   5.36
     4037       0.3386   5.36
     4038       0.3379   5.37
     4039       0.3372   5.36
     4040       0.3371   5.36
     4041       0.3437   5.36
     4042       0.3365   5.36
     4043       0.3526   5.36
     4044       0.3450   5.36
     4045       0.3374   5.36
     4046       0.3540   5.36
     4047       0.3374   5.37
     4048       0.3376   5.37
     4049       0.3366   5.37
     4050       0.3390   5.37
     4051       0.3384   5.37
     4052       0.3372   5.36
     4053       0.3376   5.36
     4054       0.3405   5.36
     4055       0.3377   5.36
     4056       0.3394   5.36
     4057       0.3426   5.36
     4058       0.3375   5.36
     4059       0.3372   5.36
     4060       0.3380   5.36
     4061       0.3381   5.37
     4062       0.3386   5.37
     4063       0.3383   5.36
     4064       0.3378   5.36
     4065       0.3387   5.36
     4066       0.3383   5.36
     4067       0.3372   5.36
     4068       0.3378   5.36
     4069       0.3385   5.36
     4070       0.3374   5.36
     4071       0.3372   5.36
     4072       0.3467   5.37
     4073       0.3370   5.36
     4074       0.3376   5.36
     4075       0.3385   5.36
     4076       0.3377   5.36
     4077       0.3376   5.36
     4078       0.3383   5.36
     4079       0.3379   5.37
     4080       0.3378   5.36
     4081       0.3375   5.36
     4082       0.3421   5.36
     4083       0.3369   5.36
     4084       0.3393   5.36
     4085       0.3388   5.36
     4086       0.3376   5.36
     4087       0.3380   5.36
     4088       0.3439   5.36
     4089       0.3370   5.36
     4090       0.3530   5.36
     4091       0.3452   5.36
     4092       0.3377   5.36
     4093       0.3387   5.36
     4094       0.3390   5.36
     4095       0.3383   5.36
     4096       0.3372   5.36
     4097       0.3379   5.36
     4098       0.3373   5.36
     4099       0.3370   5.36
     4100       0.3379   5.36
     4101       0.3407   5.36
     4102       0.3372   5.36
     4103       0.3378   5.36
     4104       0.3379   5.37
     4105       0.3374   5.37
     4106       0.3379   5.37
     4107       0.3377   5.36
     4108       0.3372   5.36
     4109       0.3513   5.36
     4110       0.3381   5.36
     4111       0.3368   5.36
     4112       0.3383   5.36
     4113       0.3374   5.37
     4114       0.3369   5.37
     4115       0.3533   5.37
     4116       0.3385   5.37
     4117       0.3389   5.36
     4118       0.3377   5.36
     4119       0.3382   5.36
     4120       0.3378   5.37
     4121       0.3374   5.36
     4122       0.3377   5.36
     4123       0.3383   5.36
     4124       0.3376   5.36
     4125       0.3488   5.36
     4126       0.3373   5.36
     4127       0.3380   5.37
     4128       0.3382   5.37
     4129       0.3382   5.36
     4130       0.3380   5.37
     4131       0.3517   5.37
     4132       0.3375   5.37
     4133       0.3370   5.36
     4134       0.3369   5.36
     4135       0.3376   5.37
     4136       0.3376   5.36
     4137       0.3391   5.36
     4138       0.3392   5.36
     4139       0.3385   5.37
     4140       0.3543   5.37
     4141       0.3381   5.36
     4142       0.3382   5.36
     4143       0.3374   5.36
     4144       0.3377   5.36
     4145       0.3406   5.36
     4146       0.3375   5.36
     4147       0.3384   5.36
     4148       0.3383   5.36
     4149       0.3371   5.36
     4150       0.3386   5.36
     4151       0.3381   5.37
     4152       0.3368   5.36
     4153       0.3373   5.36
     4154       0.3375   5.36
     4155       0.3368   5.37
     4156       0.3382   5.37
     4157       0.3435   5.36
     4158       0.3379   5.37
     4159       0.3379   5.37
     4160       0.3383   5.37
     4161       0.3387   5.36
     4162       0.3378   5.36
     4163       0.3378   5.36
     4164       0.3382   5.36
     4165       0.3376   5.36
     4166       0.3378   5.36
     4167       0.3386   5.36
     4168       0.3380   5.36
     4169       0.3385   5.36
     4170       0.3381   5.37
     4171       0.3371   5.36
     4172       0.3386   5.36
     4173       0.3385   5.36
     4174       0.3369   5.36
     4175       0.3381   5.36
     4176       0.3379   5.36
     4177       0.3379   5.36
     4178       0.3382   5.36
     4179       0.3388   5.36
     4180       0.3365   5.36
     4181       0.3515   5.36
     4182       0.3375   5.36
     4183       0.3372   5.36
     4184       0.3526   5.36
     4185       0.3383   5.36
     4186       0.3374   5.36
     4187       0.3544   5.36
     4188       0.3478   5.36
     4189       0.3402   5.37
     4190       0.3375   5.36
     4191       0.3491   5.36
     4192       0.3379   5.36
     4193       0.3374   5.36
     4194       0.3380   5.36
     4195       0.3422   5.37
     4196       0.3374   5.36
     4197       0.3520   5.36
     4198       0.3381   5.36
     4199       0.3369   5.36
     4200       0.3385   5.36
     4201       0.3377   5.37
     4202       0.3369   5.37
     4203       0.3385   5.37
     4204       0.3383   5.36
     4205       0.3382   5.36
     4206       0.3545   5.36
     4207       0.3385   5.36
     4208       0.3388   5.36
     4209       0.3381   5.36
     4210       0.3384   5.36
     4211       0.3387   5.36
     4212       0.3369   5.36
     4213       0.3382   5.36
     4214       0.3385   5.36
     4215       0.3370   5.36
     4216       0.3385   5.36
     4217       0.3392   5.36
     4218       0.3379   5.36
     4219       0.3384   5.36
     4220       0.3378   5.36
     4221       0.3373   5.36
     4222       0.3384   5.36
     4223       0.3385   5.36
     4224       0.3378   5.36
     4225       0.3379   5.36
     4226       0.3382   5.36
     4227       0.3378   5.36
     4228       0.3376   5.36
     4229       0.3375   5.36
     4230       0.3377   5.36
     4231       0.3383   5.36
     4232       0.3389   5.37
     4233       0.3395   5.36
     4234       0.3367   5.36
     4235       0.3382   5.36
     4236       0.3406   5.36
     4237       0.3368   5.36
     4238       0.3492   5.36
     4239       0.3384   5.36
     4240       0.3378   5.36
     4241       0.3500   5.36
     4242       0.3375   5.36
     4243       0.3374   5.36
     4244       0.3378   5.36
     4245       0.3379   5.37
     4246       0.3377   5.36
     4247       0.3528   5.36
     4248       0.3378   5.36
     4249       0.3369   5.36
     4250       0.3381   5.36
     4251       0.3372   5.37
     4252       0.3377   5.36
     4253       0.3368   5.36
     4254       0.3380   5.36
     4255       0.3379   5.37
     4256       0.3370   5.37
     4257       0.3386   5.37
     4258       0.3382   5.36
     4259       0.3372   5.36
     4260       0.3388   5.36
     4261       0.3388   5.36
     4262       0.3379   5.36
     4263       0.3384   5.36
     4264       0.3379   5.36
     4265       0.3370   5.36
     4266       0.3390   5.36
     4267       0.3387   5.36
     4268       0.3373   5.36
     4269       0.3385   5.36
     4270       0.3383   5.36
     4271       0.3373   5.36
     4272       0.3529   5.36
     4273       0.3377   5.36
     4274       0.3365   5.36
     4275       0.3538   5.36
     4276       0.3376   5.36
     4277       0.3372   5.37
     4278       0.3374   5.37
     4279       0.3384   5.37
     4280       0.3391   5.36
     4281       0.3380   5.36
     4282       0.3384   5.36
     4283       0.3383   5.36
     4284       0.3373   5.36
     4285       0.3383   5.36
     4286       0.3380   5.36
     4287       0.3381   5.36
     4288       0.3382   5.36
     4289       0.3426   5.36
     4290       0.3367   5.36
     4291       0.3377   5.36
     4292       0.3379   5.36
     4293       0.3371   5.37
     4294       0.3517   5.37
     4295       0.3453   5.36
     4296       0.3373   5.36
     4297       0.3377   5.36
     4298       0.3378   5.36
     4299       0.3374   5.36
     4300       0.3376   5.37
     4301       0.3379   5.37
     4302       0.3378   5.36
     4303       0.3364   5.36
     4304       0.3373   5.36
     4305       0.3380   5.36
     4306       0.3363   5.37
     4307       0.3487   5.37
     4308       0.3379   5.36
     4309       0.3375   5.36
     4310       0.3497   5.36
     4311       0.3374   5.36
     4312       0.3371   5.37
     4313       0.3375   5.37
     4314       0.3376   5.37
     4315       0.3357   5.36
     4316       0.3379   5.36
     4317       0.3381   5.36
     4318       0.3378   5.37
     4319       0.3532   5.37
     4320       0.3455   5.36
     4321       0.3382   5.36
     4322       0.3375   5.36
     4323       0.3472   5.36
     4324       0.3403   5.36
     4325       0.3386   5.36
     4326       0.3386   5.36
     4327       0.3381   5.36
     4328       0.3382   5.36
     4329       0.3497   5.36
     4330       0.3413   5.36
     4331       0.3374   5.36
     4332       0.3386   5.36
     4333       0.3390   5.36
     4334       0.3363   5.36
     4335       0.3382   5.36
     4336       0.3378   5.36
     4337       0.3368   5.36
     4338       0.3381   5.36
     4339       0.3382   5.36
     4340       0.3374   5.36
     4341       0.3383   5.36
     4342       0.3378   5.36
     4343       0.3378   5.36
     4344       0.3381   5.36
     4345       0.3379   5.36
     4346       0.3384   5.36
     4347       0.3375   5.36
     4348       0.3472   5.36
     4349       0.3377   5.36
     4350       0.3372   5.36
     4351       0.3490   5.36
     4352       0.3416   5.36
     4353       0.3378   5.36
     4354       0.3502   5.36
     4355       0.3380   5.36
     4356       0.3373   5.36
     4357       0.3516   5.36
     4358       0.3384   5.36
     4359       0.3367   5.36
     4360       0.3380   5.36
     4361       0.3378   5.36
     4362       0.3376   5.36
     4363       0.3544   5.36
     4364       0.3381   5.36
     4365       0.3378   5.36
     4366       0.3365   5.36
     4367       0.3384   5.36
     4368       0.3380   5.36
     4369       0.3372   5.36
     4370       0.3385   5.36
     4371       0.3385   5.36
     4372       0.3379   5.36
     4373       0.3383   5.36
     4374       0.3379   5.36
     4375       0.3369   5.36
     4376       0.3386   5.36
     4377       0.3381   5.36
     4378       0.3373   5.36
     4379       0.3378   5.36
     4380       0.3387   5.36
     4381       0.3383   5.36
     4382       0.3528   5.36
     4383       0.3393   5.36
     4384       0.3373   5.36
     4385       0.3547   5.36
     4386       0.3380   5.36
     4387       0.3379   5.36
     4388       0.3368   5.36
     4389       0.3378   5.36
     4390       0.3382   5.36
     4391       0.3377   5.36
     4392       0.3471   5.36
     4393       0.3411   5.36
     4394       0.3381   5.36
     4395       0.3378   5.36
     4396       0.3379   5.36
     4397       0.3371   5.36
     4398       0.3386   5.36
     4399       0.3380   5.36
     4400       0.3367   5.36
     4401       0.3375   5.36
     4402       0.3384   5.36
     4403       0.3373   5.36
     4404       0.3527   5.36
     4405       0.3458   5.36
     4406       0.3376   5.36
     4407       0.3374   5.36
     4408       0.3374   5.36
     4409       0.3375   5.36
     4410       0.3377   5.36
     4411       0.3381   5.36
     4412       0.3396   5.36
     4413       0.3376   5.36
     4414       0.3486   5.36
     4415       0.3373   5.36
     4416       0.3369   5.36
     4417       0.3384   5.36
     4418       0.3392   5.36
     4419       0.3377   5.36
     4420       0.3378   5.36
     4421       0.3379   5.36
     4422       0.3375   5.36
     4423       0.3389   5.36
     4424       0.3390   5.36
     4425       0.3377   5.36
     4426       0.3379   5.36
     4427       0.3386   5.36
     4428       0.3375   5.36
     4429       0.3377   5.36
     4430       0.3380   5.36
     4431       0.3367   5.36
     4432       0.3380   5.36
     4433       0.3376   5.36
     4434       0.3374   5.36
     4435       0.3369   5.36
     4436       0.3375   5.36
     4437       0.3377   5.36
     4438       0.3380   5.36
     4439       0.3380   5.36
     4440       0.3376   5.36
     4441       0.3363   5.36
     4442       0.3376   5.36
     4443       0.3400   5.36
     4444       0.3371   5.36
     4445       0.3378   5.36
     4446       0.3375   5.37
     4447       0.3370   5.37
     4448       0.3372   5.37
     4449       0.3418   5.36
     4450       0.3375   5.36
     4451       0.3512   5.36
     4452       0.3373   5.36
     4453       0.3368   5.36
     4454       0.3370   5.36
     4455       0.3378   5.36
     4456       0.3369   5.37
     4457       0.3370   5.37
     4458       0.3383   5.36
     4459       0.3364   5.36
     4460       0.3386   5.36
     4461       0.3468   5.36
     4462       0.3387   5.37
     4463       0.3378   5.36
     4464       0.3380   5.36
     4465       0.3384   5.36
     4466       0.3371   5.36
     4467       0.3382   5.36
     4468       0.3387   5.36
     4469       0.3373   5.36
     4470       0.3377   5.36
     4471       0.3415   5.36
     4472       0.3385   5.36
     4473       0.3384   5.36
     4474       0.3373   5.36
     4475       0.3370   5.36
     4476       0.3376   5.36
     4477       0.3377   5.36
     4478       0.3377   5.36
     4479       0.3382   5.36
     4480       0.3373   5.36
     4481       0.3370   5.36
     4482       0.3531   5.36
     4483       0.3388   5.36
     4484       0.3385   5.36
     4485       0.3378   5.36
     4486       0.3384   5.36
     4487       0.3392   5.36
     4488       0.3367   5.36
     4489       0.3481   5.36
     4490       0.3383   5.36
     4491       0.3365   5.36
     4492       0.3381   5.36
     4493       0.3379   5.36
     4494       0.3375   5.36
     4495       0.3506   5.36
     4496       0.3377   5.36
     4497       0.3361   5.36
     4498       0.3374   5.36
     4499       0.3379   5.36
     4500       0.3365   5.37
     4501       0.3379   5.37
     4502       0.3379   5.37
     4503       0.3374   5.37
     4504       0.3531   5.37
     4505       0.3456   5.36
     4506       0.3378   5.37
     4507       0.3371   5.36
     4508       0.3376   5.36
     4509       0.3377   5.36
     4510       0.3375   5.36
     4511       0.3374   5.36
     4512       0.3386   5.36
     4513       0.3375   5.37
     4514       0.3386   5.37
     4515       0.3381   5.37
     4516       0.3369   5.36
     4517       0.3373   5.36
     4518       0.3382   5.36
     4519       0.3383   5.37
     4520       0.3383   5.37
     4521       0.3381   5.36
     4522       0.3372   5.37
     4523       0.3384   5.37
     4524       0.3451   5.36
     4525       0.3374   5.36
     4526       0.3380   5.36
     4527       0.3378   5.36
     4528       0.3373   5.36
     4529       0.3376   5.36
     4530       0.3383   5.36
     4531       0.3374   5.36
     4532       0.3377   5.36
     4533       0.3465   5.36
     4534       0.3391   5.37
     4535       0.3361   5.36
     4536       0.3379   5.36
     4537       0.3379   5.36
     4538       0.3376   5.36
     4539       0.3379   5.36
     4540       0.3380   5.36
     4541       0.3376   5.36
     4542       0.3495   5.36
     4543       0.3388   5.37
     4544       0.3378   5.36
     4545       0.3381   5.36
     4546       0.3386   5.36
     4547       0.3372   5.36
     4548       0.3379   5.36
     4549       0.3374   5.36
     4550       0.3380   5.36
     4551       0.3533   5.36
     4552       0.3387   5.37
     4553       0.3373   5.36
     4554       0.3378   5.36
     4555       0.3467   5.36
     4556       0.3379   5.36
     4557       0.3380   5.36
     4558       0.3483   5.36
     4559       0.3381   5.36
     4560       0.3366   5.36
     4561       0.3375   5.36
     4562       0.3380   5.36
     4563       0.3368   5.36
     4564       0.3391   5.36
     4565       0.3428   5.36
     4566       0.3380   5.36
     4567       0.3384   5.36
     4568       0.3432   5.36
     4569       0.3381   5.36
     4570       0.3382   5.36
     4571       0.3379   5.36
     4572       0.3381   5.36
     4573       0.3536   5.36
     4574       0.3465   5.36
     4575       0.3388   5.36
     4576       0.3377   5.36
     4577       0.3379   5.36
     4578       0.3378   5.36
     4579       0.3374   5.37
     4580       0.3379   5.37
     4581       0.3378   5.36
     4582       0.3373   5.36
     4583       0.3386   5.36
     4584       0.3385   5.36
     4585       0.3373   5.36
     4586       0.3378   5.36
     4587       0.3381   5.36
     4588       0.3367   5.37
     4589       0.3382   5.37
     4590       0.3427   5.36
     4591       0.3369   5.37
     4592       0.3376   5.37
     4593       0.3438   5.37
     4594       0.3369   5.36
     4595       0.3376   5.36
     4596       0.3378   5.37
     4597       0.3377   5.37
     4598       0.3381   5.37
     4599       0.3377   5.36
     4600       0.3369   5.36
     4601       0.3378   5.36
     4602       0.3387   5.36
     4603       0.3381   5.37
     4604       0.3371   5.37
     4605       0.3381   5.37
     4606       0.3377   5.36
     4607       0.3368   5.36
     4608       0.3381   5.36
     4609       0.3407   5.36
     4610       0.3372   5.36
     4611       0.3380   5.36
     4612       0.3388   5.36
     4613       0.3365   5.36
     4614       0.3375   5.36
     4615       0.3376   5.36
     4616       0.3375   5.37
     4617       0.3382   5.37
     4618       0.3395   5.36
     4619       0.3375   5.37
     4620       0.3373   5.37
     4621       0.3436   5.36
     4622       0.3374   5.36
     4623       0.3386   5.36
     4624       0.3382   5.36
     4625       0.3369   5.36
     4626       0.3381   5.36
     4627       0.3384   5.37
     4628       0.3384   5.37
     4629       0.3365   5.36
     4630       0.3468   5.36
     4631       0.3396   5.36
     4632       0.3366   5.37
     4633       0.3483   5.37
     4634       0.3376   5.37
     4635       0.3366   5.36
     4636       0.3371   5.36
     4637       0.3379   5.36
     4638       0.3372   5.36
     4639       0.3377   5.36
     4640       0.3379   5.36
     4641       0.3371   5.36
     4642       0.3513   5.36
     4643       0.3372   5.36
     4644       0.3356   5.36
     4645       0.3367   5.36
     4646       0.3381   5.37
     4647       0.3369   5.37
     4648       0.3385   5.37
     4649       0.3385   5.36
     4650       0.3372   5.36
     4651       0.3551   5.36
     4652       0.3382   5.36
     4653       0.3387   5.36
     4654       0.3374   5.36
     4655       0.3378   5.36
     4656       0.3379   5.36
     4657       0.3368   5.36
     4658       0.3371   5.36
     4659       0.3379   5.37
     4660       0.3371   5.36
     4661       0.3377   5.36
     4662       0.3376   5.36
     4663       0.3369   5.37
     4664       0.3378   5.37
     4665       0.3380   5.37
     4666       0.3386   5.37
     4667       0.3375   5.37
     4668       0.3434   5.36
     4669       0.3371   5.37
     4670       0.3386   5.37
     4671       0.3446   5.36
     4672       0.3368   5.36
     4673       0.3379   5.36
     4674       0.3379   5.36
     4675       0.3361   5.36
     4676       0.3541   5.36
     4677       0.3383   5.37
     4678       0.3384   5.36
     4679       0.3371   5.36
     4680       0.3383   5.36
     4681       0.3381   5.36
     4682       0.3371   5.36
     4683       0.3373   5.36
     4684       0.3379   5.36
     4685       0.3372   5.37
     4686       0.3475   5.37
     4687       0.3425   5.37
     4688       0.3377   5.36
     4689       0.3381   5.36
     4690       0.3437   5.36
     4691       0.3380   5.36
     4692       0.3376   5.36
     4693       0.3375   5.36
     4694       0.3372   5.36
     4695       0.3540   5.36
     4696       0.3376   5.36
     4697       0.3378   5.36
     4698       0.3372   5.37
     4699       0.3373   5.37
     4700       0.3379   5.37
     4701       0.3381   5.37
     4702       0.3387   5.37
     4703       0.3387   5.36
     4704       0.3379   5.36
     4705       0.3376   5.36
     4706       0.3380   5.36
     4707       0.3373   5.36
     4708       0.3375   5.36
     4709       0.3380   5.36
     4710       0.3380   5.36
     4711       0.3377   5.36
     4712       0.3391   5.36
     4713       0.3366   5.36
     4714       0.3371   5.36
     4715       0.3385   5.36
     4716       0.3381   5.36
     4717       0.3376   5.36
     4718       0.3381   5.36
     4719       0.3372   5.36
     4720       0.3374   5.36
     4721       0.3370   5.36
     4722       0.3367   5.36
     4723       0.3387   5.36
     4724       0.3386   5.36
     4725       0.3378   5.36
     4726       0.3373   5.36
     4727       0.3377   5.36
     4728       0.3384   5.36
     4729       0.3369   5.37
     4730       0.3370   5.37
     4731       0.3379   5.36
     4732       0.3375   5.36
     4733       0.3489   5.36
     4734       0.3381   5.37
     4735       0.3375   5.36
     4736       0.3378   5.36
     4737       0.3386   5.36
     4738       0.3370   5.36
     4739       0.3385   5.36
     4740       0.3380   5.36
     4741       0.3366   5.36
     4742       0.3374   5.36
     4743       0.3372   5.36
     4744       0.3369   5.37
     4745       0.3377   5.37
     4746       0.3373   5.37
     4747       0.3368   5.37
     4748       0.3375   5.37
     4749       0.3379   5.37
     4750       0.3379   5.37
     4751       0.3374   5.37
     4752       0.3377   5.37
     4753       0.3377   5.36
     4754       0.3369   5.36
     4755       0.3379   5.36
     4756       0.3382   5.36
     4757       0.3373   5.36
     4758       0.3479   5.36
     4759       0.3374   5.37
     4760       0.3373   5.36
     4761       0.3381   5.36
     4762       0.3380   5.36
     4763       0.3372   5.37
     4764       0.3378   5.37
     4765       0.3377   5.36
     4766       0.3366   5.36
     4767       0.3376   5.36
     4768       0.3380   5.37
     4769       0.3371   5.36
     4770       0.3372   5.36
     4771       0.3372   5.37
     4772       0.3376   5.36
     4773       0.3387   5.36
     4774       0.3376   5.36
     4775       0.3377   5.36
     4776       0.3370   5.36
     4777       0.3367   5.36
     4778       0.3365   5.36
     4779       0.3381   5.36
     4780       0.3378   5.37
     4781       0.3369   5.36
     4782       0.3374   5.36
     4783       0.3475   5.36
     4784       0.3385   5.36
     4785       0.3371   5.36
     4786       0.3487   5.36
     4787       0.3379   5.36
     4788       0.3372   5.36
     4789       0.3371   5.36
     4790       0.3409   5.36
     4791       0.3376   5.36
     4792       0.3382   5.36
     4793       0.3386   5.36
     4794       0.3361   5.36
     4795       0.3374   5.36
     4796       0.3373   5.36
     4797       0.3371   5.36
     4798       0.3525   5.36
     4799       0.3450   5.37
     4800       0.3381   5.36
     4801       0.3375   5.36
     4802       0.3380   5.36
     4803       0.3381   5.36
     4804       0.3376   5.36
     4805       0.3379   5.36
     4806       0.3385   5.37
     4807       0.3379   5.36
     4808       0.3486   5.36
     4809       0.3381   5.36
     4810       0.3369   5.36
     4811       0.3374   5.36
     4812       0.3376   5.37
     4813       0.3372   5.36
     4814       0.3378   5.36
     4815       0.3381   5.37
     4816       0.3381   5.36
     4817       0.3376   5.36
     4818       0.3374   5.36
     4819       0.3376   5.36
     4820       0.3386   5.36
     4821       0.3378   5.36
     4822       0.3372   5.36
     4823       0.3378   5.36
     4824       0.3453   5.36
     4825       0.3369   5.36
     4826       0.3379   5.36
     4827       0.3369   5.37
     4828       0.3369   5.37
     4829       0.3371   5.37
     4830       0.3375   5.37
     4831       0.3371   5.37
     4832       0.3365   5.36
     4833       0.3375   5.36
     4834       0.3399   5.37
     4835       0.3373   5.37
     4836       0.3372   5.37
     4837       0.3371   5.37
     4838       0.3379   5.36
     4839       0.3492   5.36
     4840       0.3376   5.36
     4841       0.3372   5.37
     4842       0.3377   5.37
     4843       0.3381   5.37
     4844       0.3371   5.37
     4845       0.3514   5.37
     4846       0.3384   5.37
     4847       0.3372   5.37
     4848       0.3377   5.37
     4849       0.3370   5.36
     4850       0.3369   5.36
     4851       0.3374   5.36
     4852       0.3379   5.36
     4853       0.3370   5.37
     4854       0.3376   5.37
     4855       0.3376   5.37
     4856       0.3384   5.37
     4857       0.3370   5.37
     4858       0.3375   5.37
     4859       0.3375   5.36
     4860       0.3374   5.36
     4861       0.3379   5.36
     4862       0.3377   5.36
     4863       0.3378   5.36
     4864       0.3371   5.36
     4865       0.3408   5.36
     4866       0.3376   5.36
     4867       0.3367   5.36
     4868       0.3420   5.37
     4869       0.3364   5.37
     4870       0.3372   5.37
     4871       0.3371   5.37
     4872       0.3358   5.37
     4873       0.3378   5.37
     4874       0.3378   5.37
     4875       0.3371   5.37
     4876       0.3374   5.37
     4877       0.3376   5.37
     4878       0.3365   5.36
     4879       0.3383   5.36
     4880       0.3376   5.36
     4881       0.3372   5.37
     4882       0.3375   5.37
     4883       0.3458   5.36
     4884       0.3369   5.36
     4885       0.3366   5.37
     4886       0.3463   5.37
     4887       0.3372   5.37
     4888       0.3375   5.37
     4889       0.3380   5.37
     4890       0.3377   5.37
     4891       0.3363   5.37
     4892       0.3378   5.37
     4893       0.3377   5.36
     4894       0.3370   5.36
     4895       0.3504   5.36
     4896       0.3374   5.36
     4897       0.3368   5.36
     4898       0.3377   5.36
     4899       0.3379   5.37
     4900       0.3367   5.37
     4901       0.3386   5.37
     4902       0.3460   5.36
     4903       0.3374   5.36
     4904       0.3384   5.36
     4905       0.3459   5.36
     4906       0.3383   5.36
     4907       0.3362   5.37
     4908       0.3372   5.37
     4909       0.3374   5.36
     4910       0.3375   5.37
     4911       0.3378   5.37
     4912       0.3379   5.37
     4913       0.3374   5.37
     4914       0.3381   5.37
     4915       0.3380   5.36
     4916       0.3364   5.36
     4917       0.3381   5.36
     4918       0.3383   5.36
     4919       0.3373   5.36
     4920       0.3373   5.36
     4921       0.3377   5.36
     4922       0.3362   5.36
     4923       0.3371   5.36
     4924       0.3383   5.37
     4925       0.3368   5.36
     4926       0.3380   5.36
     4927       0.3379   5.37
     4928       0.3372   5.36
     4929       0.3384   5.36
     4930       0.3381   5.36
     4931       0.3361   5.37
     4932       0.3386   5.37
     4933       0.3384   5.36
     4934       0.3376   5.36
     4935       0.3369   5.36
     4936       0.3457   5.36
     4937       0.3380   5.37
     4938       0.3367   5.36
     4939       0.3376   5.36
     4940       0.3382   5.36
     4941       0.3378   5.37
     4942       0.3386   5.37
     4943       0.3380   5.37
     4944       0.3373   5.36
     4945       0.3377   5.36
     4946       0.3383   5.36
     4947       0.3374   5.36
     4948       0.3378   5.36
     4949       0.3382   5.36
     4950       0.3369   5.37
     4951       0.3378   5.37
     4952       0.3373   5.36
     4953       0.3375   5.37
     4954       0.3371   5.37
     4955       0.3381   5.37
     4956       0.3374   5.37
     4957       0.3368   5.37
     4958       0.3445   5.37
     4959       0.3372   5.36
     4960       0.3375   5.36
     4961       0.3373   5.36
     4962       0.3376   5.36
     4963       0.3370   5.36
     4964       0.3379   5.36
     4965       0.3389   5.36
     4966       0.3378   5.36
     4967       0.3377   5.36
     4968       0.3372   5.36
     4969       0.3361   5.36
     4970       0.3375   5.36
     4971       0.3381   5.37
     4972       0.3361   5.37
     4973       0.3376   5.37
     4974       0.3379   5.37
     4975       0.3365   5.36
     4976       0.3377   5.36
     4977       0.3372   5.36
     4978       0.3371   5.37
     4979       0.3377   5.37
     4980       0.3381   5.37
     4981       0.3373   5.36
     4982       0.3378   5.36
     4983       0.3372   5.36
     4984       0.3373   5.36
     4985       0.3384   5.36
     4986       0.3383   5.36
     4987       0.3380   5.36
     4988       0.3373   5.36
     4989       0.3374   5.36
     4990       0.3371   5.36
     4991       0.3378   5.36
     4992       0.3376   5.36
     4993       0.3378   5.36
     4994       0.3372   5.36
     4995       0.3381   5.36
     4996       0.3369   5.37
     4997       0.3374   5.36
     4998       0.3380   5.36
     4999       0.3388   5.36
     5000       0.3370   5.36
     5001       0.3374   5.36
     5002       0.3405   5.36
     5003       0.3376   5.36
     5004       0.3381   5.36
     5005       0.3427   5.36
     5006       0.3370   5.36
     5007       0.3379   5.36
     5008       0.3384   5.36
     5009       0.3366   5.36
     5010       0.3372   5.36
     5011       0.3373   5.36
     5012       0.3374   5.37
     5013       0.3375   5.37
     5014       0.3379   5.36
     5015       0.3370   5.36
     5016       0.3379   5.36
     5017       0.3450   5.36
     5018       0.3372   5.37
     5019       0.3382   5.37
     5020       0.3466   5.37
     5021       0.3381   5.36
     5022       0.3375   5.36
     5023       0.3380   5.36
     5024       0.3379   5.36
     5025       0.3374   5.36
     5026       0.3376   5.36
     5027       0.3382   5.36
     5028       0.3376   5.36
     5029       0.3500   5.36
     5030       0.3413   5.36
     5031       0.3372   5.36
     5032       0.3381   5.36
     5033       0.3380   5.36
     5034       0.3371   5.36
     5035       0.3382   5.36
     5036       0.3373   5.36
     5037       0.3377   5.37
     5038       0.3380   5.37
     5039       0.3379   5.37
     5040       0.3372   5.37
     5041       0.3380   5.37
     5042       0.3379   5.36
     5043       0.3377   5.36
     5044       0.3375   5.36
     5045       0.3386   5.36
     5046       0.3391   5.36
     5047       0.3374   5.36
     5048       0.3381   5.36
     5049       0.3376   5.36
     5050       0.3371   5.36
     5051       0.3381   5.36
     5052       0.3378   5.36
     5053       0.3372   5.36
     5054       0.3380   5.36
     5055       0.3378   5.36
     5056       0.3377   5.36
     5057       0.3369   5.36
     5058       0.3382   5.36
     5059       0.3379   5.36
     5060       0.3381   5.36
     5061       0.3377   5.36
     5062       0.3370   5.36
     5063       0.3516   5.36
     5064       0.3378   5.37
     5065       0.3364   5.37
     5066       0.3385   5.37
     5067       0.3381   5.37
     5068       0.3360   5.36
     5069       0.3373   5.36
     5070       0.3459   5.36
     5071       0.3380   5.36
     5072       0.3370   5.36
     5073       0.3377   5.36
     5074       0.3399   5.36
     5075       0.3367   5.37
     5076       0.3482   5.37
     5077       0.3384   5.36
     5078       0.3373   5.36
     5079       0.3380   5.36
     5080       0.3374   5.36
     5081       0.3372   5.36
     5082       0.3511   5.36
     5083       0.3381   5.36
     5084       0.3371   5.36
     5085       0.3375   5.36
     5086       0.3373   5.36
     5087       0.3367   5.36
     5088       0.3377   5.36
     5089       0.3381   5.36
     5090       0.3372   5.36
     5091       0.3378   5.36
     5092       0.3457   5.36
     5093       0.3378   5.36
     5094       0.3377   5.36
     5095       0.3385   5.36
     5096       0.3380   5.36
     5097       0.3379   5.36
     5098       0.3484   5.36
     5099       0.3399   5.36
     5100       0.3374   5.36
     5101       0.3494   5.36
     5102       0.3380   5.36
     5103       0.3371   5.36
     5104       0.3375   5.36
     5105       0.3377   5.36
     5106       0.3364   5.36
     5107       0.3375   5.36
     5108       0.3372   5.36
     5109       0.3375   5.36
     5110       0.3373   5.36
     5111       0.3380   5.36
     5112       0.3367   5.36
     5113       0.3531   5.36
     5114       0.3454   5.36
     5115       0.3382   5.37
     5116       0.3366   5.36
     5117       0.3384   5.36
     5118       0.3376   5.36
     5119       0.3371   5.37
     5120       0.3381   5.37
     5121       0.3378   5.36
     5122       0.3376   5.36
     5123       0.3380   5.36
     5124       0.3375   5.36
     5125       0.3368   5.36
     5126       0.3381   5.36
     5127       0.3378   5.36
     5128       0.3376   5.36
     5129       0.3507   5.36
     5130       0.3376   5.36
     5131       0.3369   5.36
     5132       0.3382   5.36
     5133       0.3381   5.36
     5134       0.3373   5.36
     5135       0.3377   5.36
     5136       0.3376   5.36
     5137       0.3368   5.36
     5138       0.3379   5.36
     5139       0.3377   5.36
     5140       0.3380   5.36
     5141       0.3375   5.36
     5142       0.3464   5.36
     5143       0.3381   5.36
     5144       0.3371   5.36
     5145       0.3379   5.36
     5146       0.3407   5.36
     5147       0.3375   5.36
     5148       0.3378   5.36
     5149       0.3368   5.36
     5150       0.3374   5.36
     5151       0.3388   5.36
     5152       0.3425   5.36
     5153       0.3373   5.36
     5154       0.3507   5.36
     5155       0.3381   5.36
     5156       0.3378   5.36
     5157       0.3524   5.36
     5158       0.3374   5.36
     5159       0.3372   5.36
     5160       0.3386   5.36
     5161       0.3375   5.36
     5162       0.3373   5.36
     5163       0.3379   5.36
     5164       0.3380   5.36
     5165       0.3383   5.36
     5166       0.3373   5.36
     5167       0.3377   5.36
     5168       0.3373   5.36
     5169       0.3368   5.36
     5170       0.3371   5.36
     5171       0.3376   5.36
     5172       0.3382   5.36
     5173       0.3490   5.36
     5174       0.3384   5.36
     5175       0.3373   5.37
     5176       0.3378   5.37
     5177       0.3423   5.36
     5178       0.3363   5.36
     5179       0.3377   5.36
     5180       0.3372   5.36
     5181       0.3365   5.36
     5182       0.3524   5.36
     5183       0.3370   5.36
     5184       0.3368   5.36
     5185       0.3369   5.36
     5186       0.3370   5.36
     5187       0.3371   5.36
     5188       0.3376   5.36
     5189       0.3374   5.36
     5190       0.3382   5.36
     5191       0.3367   5.37
     5192       0.3376   5.37
     5193       0.3379   5.37
     5194       0.3372   5.37
     5195       0.3382   5.37
     5196       0.3381   5.37
     5197       0.3369   5.36
     5198       0.3380   5.36
     5199       0.3408   5.36
     5200       0.3379   5.36
     5201       0.3374   5.36
     5202       0.3380   5.36
     5203       0.3376   5.36
     5204       0.3372   5.36
     5205       0.3368   5.36
     5206       0.3373   5.37
     5207       0.3381   5.37
     5208       0.3375   5.36
     5209       0.3371   5.36
     5210       0.3376   5.36
     5211       0.3381   5.37
     5212       0.3379   5.36
     5213       0.3380   5.36
     5214       0.3380   5.36
     5215       0.3366   5.36
     5216       0.3374   5.36
     5217       0.3378   5.36
     5218       0.3374   5.36
     5219       0.3370   5.36
     5220       0.3374   5.36
     5221       0.3379   5.36
     5222       0.3370   5.36
     5223       0.3383   5.36
     5224       0.3377   5.36
     5225       0.3380   5.36
     5226       0.3386   5.36
     5227       0.3380   5.36
     5228       0.3373   5.36
     5229       0.3385   5.36
     5230       0.3381   5.36
     5231       0.3371   5.36
     5232       0.3380   5.36
     5233       0.3383   5.36
     5234       0.3372   5.36
     5235       0.3381   5.36
     5236       0.3433   5.36
     5237       0.3363   5.36
     5238       0.3373   5.36
     5239       0.3442   5.36
     5240       0.3369   5.36
     5241       0.3380   5.36
     5242       0.3452   5.36
     5243       0.3370   5.36
     5244       0.3370   5.37
     5245       0.3371   5.37
     5246       0.3382   5.36
     5247       0.3373   5.36
     5248       0.3477   5.36
     5249       0.3376   5.36
     5250       0.3367   5.36
     5251       0.3378   5.36
     5252       0.3380   5.36
     5253       0.3372   5.36
     5254       0.3375   5.36
     5255       0.3374   5.37
     5256       0.3363   5.37
     5257       0.3386   5.37
     5258       0.3389   5.36
     5259       0.3366   5.36
     5260       0.3383   5.36
     5261       0.3441   5.36
     5262       0.3369   5.36
     5263       0.3529   5.36
     5264       0.3374   5.36
     5265       0.3366   5.36
     5266       0.3379   5.36
     5267       0.3381   5.36
     5268       0.3387   5.36
     5269       0.3367   5.37
     5270       0.3380   5.37
     5271       0.3390   5.37
     5272       0.3374   5.36
     5273       0.3377   5.36
     5274       0.3375   5.36
     5275       0.3368   5.36
     5276       0.3380   5.36
     5277       0.3388   5.36
     5278       0.3376   5.36
     5279       0.3387   5.36
     5280       0.3416   5.36
     5281       0.3368   5.36
     5282       0.3376   5.36
     5283       0.3382   5.36
     5284       0.3366   5.36
     5285       0.3377   5.36
     5286       0.3379   5.36
     5287       0.3368   5.36
     5288       0.3384   5.36
     5289       0.3380   5.36
     5290       0.3376   5.36
     5291       0.3381   5.36
     5292       0.3376   5.36
     5293       0.3365   5.36
     5294       0.3378   5.36
     5295       0.3455   5.36
     5296       0.3376   5.36
     5297       0.3372   5.37
     5298       0.3468   5.37
     5299       0.3393   5.37
     5300       0.3377   5.37
     5301       0.3380   5.37
     5302       0.3374   5.36
     5303       0.3370   5.36
     5304       0.3374   5.36
     5305       0.3373   5.36
     5306       0.3374   5.37
     5307       0.3375   5.37
     5308       0.3377   5.37
     5309       0.3370   5.36
     5310       0.3378   5.36
     5311       0.3435   5.36
     5312       0.3373   5.37
     5313       0.3371   5.37
     5314       0.3377   5.36
     5315       0.3362   5.36
     5316       0.3381   5.36
     5317       0.3446   5.36
     5318       0.3371   5.36
     5319       0.3372   5.36
     5320       0.3377   5.36
     5321       0.3380   5.36
     5322       0.3364   5.37
     5323       0.3467   5.37
     5324       0.3380   5.36
     5325       0.3367   5.36
     5326       0.3380   5.36
     5327       0.3375   5.36
     5328       0.3372   5.36
     5329       0.3380   5.36
     5330       0.3382   5.37
     5331       0.3373   5.37
     5332       0.3372   5.37
     5333       0.3368   5.37
     5334       0.3365   5.37
     5335       0.3375   5.37
     5336       0.3374   5.37
     5337       0.3367   5.37
     5338       0.3375   5.37
     5339       0.3375   5.36
     5340       0.3367   5.36
     5341       0.3380   5.36
     5342       0.3375   5.37
     5343       0.3374   5.36
     5344       0.3380   5.36
     5345       0.3379   5.36
     5346       0.3373   5.36
     5347       0.3540   5.36
     5348       0.3379   5.36
     5349       0.3378   5.36
     5350       0.3367   5.37
     5351       0.3372   5.37
     5352       0.3391   5.37
     5353       0.3377   5.36
     5354       0.3371   5.36
     5355       0.3367   5.36
     5356       0.3368   5.37
     5357       0.3378   5.37
     5358       0.3368   5.37
     5359       0.3374   5.37
     5360       0.3380   5.37
     5361       0.3374   5.36
     5362       0.3367   5.36
     5363       0.3377   5.36
     5364       0.3374   5.37
     5365       0.3364   5.37
     5366       0.3373   5.37
     5367       0.3375   5.37
     5368       0.3375   5.36
     5369       0.3527   5.36
     5370       0.3378   5.36
     5371       0.3371   5.36
     5372       0.3539   5.36
     5373       0.3376   5.37
     5374       0.3377   5.37
     5375       0.3367   5.37
     5376       0.3387   5.37
     5377       0.3382   5.37
     5378       0.3368   5.36
     5379       0.3486   5.36
     5380       0.3379   5.36
     5381       0.3370   5.36
     5382       0.3379   5.36
     5383       0.3379   5.36
     5384       0.3362   5.36
     5385       0.3368   5.36
     5386       0.3418   5.37
     5387       0.3365   5.37
     5388       0.3376   5.37
     5389       0.3374   5.37
     5390       0.3364   5.37
     5391       0.3384   5.37
     5392       0.3380   5.37
     5393       0.3372   5.37
     5394       0.3373   5.37
     5395       0.3375   5.37
     5396       0.3362   5.36
     5397       0.3375   5.36
     5398       0.3374   5.36
     5399       0.3367   5.37
     5400       0.3366   5.37
     5401       0.3375   5.37
     5402       0.3372   5.37
     5403       0.3368   5.36
     5404       0.3378   5.36
     5405       0.3374   5.36
     5406       0.3382   5.37
     5407       0.3385   5.37
     5408       0.3384   5.37
     5409       0.3370   5.36
     5410       0.3372   5.36
     5411       0.3378   5.36
     5412       0.3374   5.37
     5413       0.3377   5.37
     5414       0.3420   5.36
     5415       0.3376   5.36
     5416       0.3379   5.36
     5417       0.3377   5.36
     5418       0.3361   5.37
     5419       0.3377   5.37
     5420       0.3376   5.36
     5421       0.3362   5.36
     5422       0.3525   5.36
     5423       0.3372   5.37
     5424       0.3369   5.37
     5425       0.3383   5.37
     5426       0.3381   5.37
     5427       0.3387   5.37
     5428       0.3371   5.36
     5429       0.3381   5.36
     5430       0.3375   5.37
     5431       0.3367   5.36
     5432       0.3380   5.36
     5433       0.3379   5.36
     5434       0.3361   5.37
     5435       0.3383   5.37
     5436       0.3384   5.37
     5437       0.3370   5.37
     5438       0.3381   5.37
     5439       0.3372   5.36
     5440       0.3368   5.36
     5441       0.3504   5.36
     5442       0.3388   5.37
     5443       0.3377   5.36
     5444       0.3525   5.36
     5445       0.3378   5.36
     5446       0.3368   5.36
     5447       0.3378   5.36
     5448       0.3449   5.36
     5449       0.3371   5.36
     5450       0.3379   5.36
     5451       0.3380   5.37
     5452       0.3381   5.37
     5453       0.3370   5.36
     5454       0.3472   5.36
     5455       0.3376   5.36
     5456       0.3365   5.36
     5457       0.3370   5.36
     5458       0.3399   5.37
     5459       0.3375   5.37
     5460       0.3372   5.37
     5461       0.3379   5.36
     5462       0.3371   5.37
     5463       0.3373   5.37
     5464       0.3419   5.36
     5465       0.3364   5.37
     5466       0.3375   5.37
     5467       0.3430   5.37
     5468       0.3365   5.36
     5469       0.3529   5.36
     5470       0.3444   5.37
     5471       0.3364   5.36
     5472       0.3380   5.36
     5473       0.3384   5.37
     5474       0.3384   5.36
     5475       0.3378   5.36
     5476       0.3383   5.36
     5477       0.3378   5.37
     5478       0.3365   5.36
     5479       0.3378   5.36
     5480       0.3381   5.36
     5481       0.3371   5.36
     5482       0.3486   5.36
     5483       0.3416   5.37
     5484       0.3374   5.37
     5485       0.3496   5.37
     5486       0.3377   5.36
     5487       0.3362   5.37
     5488       0.3368   5.37
     5489       0.3372   5.37
     5490       0.3373   5.37
     5491       0.3525   5.37
     5492       0.3378   5.36
     5493       0.3378   5.37
     5494       0.3377   5.37
     5495       0.3373   5.36
     5496       0.3378   5.37
     5497       0.3375   5.36
     5498       0.3373   5.36
     5499       0.3379   5.36
     5500       0.3366   5.37
     5501       0.3385   5.37
     5502       0.3389   5.36
     5503       0.3373   5.36
     5504       0.3382   5.36
     5505       0.3382   5.36
     5506       0.3375   5.36
     5507       0.3502   5.36
     5508       0.3371   5.36
     5509       0.3368   5.36
     5510       0.3378   5.36
     5511       0.3376   5.37
     5512       0.3376   5.37
     5513       0.3518   5.37
     5514       0.3373   5.36
     5515       0.3370   5.37
     5516       0.3366   5.37
     5517       0.3382   5.37
     5518       0.3384   5.37
     5519       0.3373   5.37
     5520       0.3379   5.36
     5521       0.3371   5.36
     5522       0.3372   5.36
     5523       0.3380   5.36
     5524       0.3379   5.37
     5525       0.3385   5.36
     5526       0.3388   5.36
     5527       0.3383   5.36
     5528       0.3380   5.36
     5529       0.3382   5.36
     5530       0.3390   5.36
     5531       0.3372   5.36
     5532       0.3386   5.36
     5533       0.3377   5.36
     5534       0.3381   5.36
     5535       0.3384   5.36
     5536       0.3431   5.36
     5537       0.3380   5.36
     5538       0.3380   5.36
     5539       0.3372   5.36
     5540       0.3367   5.36
     5541       0.3526   5.36
     5542       0.3379   5.36
     5543       0.3377   5.36
     5544       0.3383   5.36
     5545       0.3462   5.36
     5546       0.3370   5.37
     5547       0.3369   5.36
     5548       0.3477   5.36
     5549       0.3377   5.36
     5550       0.3372   5.36
     5551       0.3375   5.36
     5552       0.3374   5.37
     5553       0.3367   5.37
     5554       0.3496   5.37
     5555       0.3375   5.37
     5556       0.3382   5.36
     5557       0.3511   5.36
     5558       0.3382   5.36
     5559       0.3370   5.37
     5560       0.3387   5.37
     5561       0.3381   5.37
     5562       0.3376   5.36
     5563       0.3373   5.36
     5564       0.3455   5.36
     5565       0.3377   5.36
     5566       0.3369   5.36
     5567       0.3376   5.36
     5568       0.3371   5.37
     5569       0.3369   5.37
     5570       0.3468   5.37
     5571       0.3379   5.37
     5572       0.3379   5.37
     5573       0.3386   5.37
     5574       0.3389   5.37
     5575       0.3372   5.36
     5576       0.3383   5.36
     5577       0.3374   5.36
     5578       0.3371   5.36
     5579       0.3381   5.36
     5580       0.3382   5.36
     5581       0.3371   5.36
     5582       0.3377   5.36
     5583       0.3376   5.36
     5584       0.3373   5.36
     5585       0.3374   5.36
     5586       0.3375   5.36
     5587       0.3360   5.36
     5588       0.3535   5.36
     5589       0.3377   5.36
     5590       0.3366   5.36
     5591       0.3370   5.37
     5592       0.3471   5.37
     5593       0.3387   5.36
     5594       0.3379   5.36
     5595       0.3382   5.36
     5596       0.3379   5.36
     5597       0.3371   5.36
     5598       0.3377   5.36
     5599       0.3382   5.36
     5600       0.3374   5.36
     5601       0.3383   5.36
     5602       0.3376   5.36
     5603       0.3374   5.37
     5604       0.3378   5.37
     5605       0.3378   5.36
     5606       0.3380   5.36
     5607       0.3378   5.36
     5608       0.3378   5.36
     5609       0.3369   5.36
     5610       0.3375   5.36
     5611       0.3373   5.37
     5612       0.3372   5.36
     5613       0.3371   5.36
     5614       0.3371   5.37
     5615       0.3369   5.37
     5616       0.3374   5.37
     5617       0.3458   5.37
     5618       0.3380   5.37
     5619       0.3371   5.37
     5620       0.3383   5.37
     5621       0.3375   5.36
     5622       0.3370   5.37
     5623       0.3377   5.37
     5624       0.3378   5.36
     5625       0.3368   5.36
     5626       0.3372   5.36
     5627       0.3404   5.37
     5628       0.3369   5.37
     5629       0.3377   5.37
     5630       0.3382   5.37
     5631       0.3367   5.36
     5632       0.3380   5.36
     5633       0.3382   5.37
     5634       0.3383   5.36
     5635       0.3383   5.36
     5636       0.3381   5.36
     5637       0.3376   5.36
     5638       0.3376   5.36
     5639       0.3376   5.36
     5640       0.3356   5.36
     5641       0.3375   5.36
     5642       0.3375   5.37
     5643       0.3363   5.36
     5644       0.3374   5.36
     5645       0.3380   5.36
     5646       0.3380   5.37
     5647       0.3370   5.36
     5648       0.3379   5.36
     5649       0.3377   5.36
     5650       0.3373   5.36
     5651       0.3384   5.36
     5652       0.3378   5.37
     5653       0.3368   5.37
     5654       0.3380   5.37
     5655       0.3373   5.36
     5656       0.3370   5.36
     5657       0.3383   5.36
     5658       0.3376   5.37
     5659       0.3367   5.37
     5660       0.3385   5.37
     5661       0.3376   5.36
     5662       0.3383   5.36
     5663       0.3376   5.36
     5664       0.3381   5.36
     5665       0.3366   5.37
     5666       0.3383   5.37
     5667       0.3385   5.36
     5668       0.3370   5.36
     5669       0.3379   5.36
     5670       0.3376   5.36
     5671       0.3375   5.36
     5672       0.3377   5.36
     5673       0.3381   5.36
     5674       0.3369   5.36
     5675       0.3377   5.36
     5676       0.3381   5.36
     5677       0.3382   5.36
     5678       0.3367   5.36
     5679       0.3376   5.36
     5680       0.3389   5.36
     5681       0.3363   5.36
     5682       0.3479   5.36
     5683       0.3402   5.36
     5684       0.3363   5.36
     5685       0.3379   5.36
     5686       0.3373   5.36
     5687       0.3372   5.37
     5688       0.3505   5.37
     5689       0.3377   5.36
     5690       0.3360   5.36
     5691       0.3374   5.36
     5692       0.3381   5.37
     5693       0.3362   5.36
     5694       0.3375   5.36
     5695       0.3378   5.37
     5696       0.3366   5.37
     5697       0.3375   5.37
     5698       0.3378   5.36
     5699       0.3367   5.37
     5700       0.3374   5.37
     5701       0.3465   5.37
     5702       0.3376   5.36
     5703       0.3372   5.36
     5704       0.3385   5.36
     5705       0.3381   5.37
     5706       0.3368   5.36
     5707       0.3378   5.36
     5708       0.3370   5.36
     5709       0.3375   5.36
     5710       0.3487   5.36
     5711       0.3413   5.36
     5712       0.3371   5.36
     5713       0.3374   5.36
     5714       0.3376   5.36
     5715       0.3369   5.36
     5716       0.3379   5.36
     5717       0.3389   5.37
     5718       0.3379   5.36
     5719       0.3376   5.36
     5720       0.3378   5.36
     5721       0.3378   5.36
     5722       0.3385   5.36
     5723       0.3377   5.36
     5724       0.3364   5.36
     5725       0.3547   5.36
     5726       0.3378   5.36
     5727       0.3375   5.36
     5728       0.3369   5.36
     5729       0.3379   5.36
     5730       0.3383   5.36
     5731       0.3367   5.36
     5732       0.3373   5.36
     5733       0.3378   5.36
     5734       0.3367   5.36
     5735       0.3382   5.36
     5736       0.3380   5.36
     5737       0.3369   5.36
     5738       0.3385   5.36
     5739       0.3381   5.37
     5740       0.3367   5.37
     5741       0.3510   5.37
     5742       0.3381   5.36
     5743       0.3371   5.36
     5744       0.3375   5.36
     5745       0.3450   5.37
     5746       0.3382   5.36
     5747       0.3376   5.36
     5748       0.3458   5.36
     5749       0.3386   5.36
     5750       0.3363   5.36
     5751       0.3381   5.36
     5752       0.3381   5.36
     5753       0.3372   5.36
     5754       0.3383   5.36
     5755       0.3377   5.36
     5756       0.3369   5.36
     5757       0.3379   5.36
     5758       0.3381   5.36
     5759       0.3369   5.37
     5760       0.3375   5.37
     5761       0.3414   5.36
     5762       0.3377   5.36
     5763       0.3384   5.36
     5764       0.3377   5.36
     5765       0.3372   5.36
     5766       0.3380   5.36
     5767       0.3434   5.36
     5768       0.3368   5.37
     5769       0.3386   5.37
     5770       0.3379   5.36
     5771       0.3377   5.36
     5772       0.3377   5.36
     5773       0.3370   5.36
     5774       0.3371   5.36
     5775       0.3375   5.36
     5776       0.3375   5.36
     5777       0.3378   5.36
     5778       0.3372   5.36
     5779       0.3369   5.36
     5780       0.3374   5.37
     5781       0.3371   5.37
     5782       0.3376   5.37
     5783       0.3372   5.37
     5784       0.3361   5.36
     5785       0.3374   5.36
     5786       0.3381   5.36
     5787       0.3372   5.36
     5788       0.3376   5.36
     5789       0.3376   5.37
     5790       0.3365   5.36
     5791       0.3501   5.36
     5792       0.3376   5.36
     5793       0.3365   5.36
     5794       0.3517   5.36
     5795       0.3447   5.37
     5796       0.3381   5.36
     5797       0.3379   5.36
     5798       0.3374   5.36
     5799       0.3364   5.36
     5800       0.3386   5.36
     5801       0.3462   5.36
     5802       0.3384   5.36
     5803       0.3371   5.36
     5804       0.3380   5.36
     5805       0.3378   5.36
     5806       0.3373   5.36
     5807       0.3375   5.36
     5808       0.3369   5.36
     5809       0.3370   5.36
     5810       0.3383   5.36
     5811       0.3413   5.36
     5812       0.3374   5.36
     5813       0.3383   5.36
     5814       0.3373   5.36
     5815       0.3370   5.36
     5816       0.3379   5.36
     5817       0.3434   5.36
     5818       0.3370   5.36
     5819       0.3378   5.36
     5820       0.3377   5.36
     5821       0.3367   5.36
     5822       0.3376   5.36
     5823       0.3376   5.37
     5824       0.3364   5.37
     5825       0.3379   5.37
     5826       0.3377   5.37
     5827       0.3376   5.37
     5828       0.3546   5.37
     5829       0.3384   5.36
     5830       0.3381   5.36
     5831       0.3376   5.36
     5832       0.3488   5.36
     5833       0.3407   5.36
     5834       0.3370   5.37
     5835       0.3381   5.37
     5836       0.3378   5.37
     5837       0.3370   5.37
     5838       0.3373   5.37
     5839       0.3377   5.36
     5840       0.3366   5.36
     5841       0.3375   5.36
     5842       0.3442   5.36
     5843       0.3371   5.36
     5844       0.3384   5.36
     5845       0.3443   5.36
     5846       0.3379   5.37
     5847       0.3378   5.37
     5848       0.3379   5.36
     5849       0.3381   5.36
     5850       0.3368   5.36
     5851       0.3378   5.36
     5852       0.3375   5.36
     5853       0.3372   5.36
     5854       0.3479   5.36
     5855       0.3372   5.36
     5856       0.3367   5.36
     5857       0.3374   5.36
     5858       0.3369   5.36
     5859       0.3367   5.36
     5860       0.3375   5.36
     5861       0.3372   5.37
     5862       0.3359   5.36
     5863       0.3495   5.36
     5864       0.3378   5.36
     5865       0.3368   5.37
     5866       0.3373   5.37
     5867       0.3379   5.37
     5868       0.3355   5.37
     5869       0.3375   5.37
     5870       0.3378   5.37
     5871       0.3373   5.37
     5872       0.3378   5.37
     5873       0.3452   5.37
     5874       0.3361   5.36
     5875       0.3371   5.36
     5876       0.3458   5.37
     5877       0.3378   5.37
     5878       0.3363   5.37
     5879       0.3383   5.37
     5880       0.3394   5.36
     5881       0.3373   5.36
     5882       0.3378   5.36
     5883       0.3373   5.37
     5884       0.3373   5.36
     5885       0.3381   5.36
     5886       0.3377   5.36
     5887       0.3380   5.36
     5888       0.3388   5.36
     5889       0.3431   5.36
     5890       0.3377   5.36
     5891       0.3380   5.36
     5892       0.3378   5.36
     5893       0.3368   5.36
     5894       0.3377   5.36
     5895       0.3372   5.36
     5896       0.3369   5.36
     5897       0.3375   5.36
     5898       0.3447   5.36
     5899       0.3371   5.36
     5900       0.3372   5.36
     5901       0.3377   5.36
     5902       0.3378   5.36
     5903       0.3379   5.36
     5904       0.3381   5.36
     5905       0.3388   5.36
     5906       0.3370   5.36
     5907       0.3385   5.36
     5908       0.3383   5.36
     5909       0.3368   5.36
     5910       0.3488   5.36
     5911       0.3387   5.36
     5912       0.3369   5.36
     5913       0.3505   5.36
     5914       0.3384   5.36
     5915       0.3364   5.36
     5916       0.3371   5.36
     5917       0.3435   5.36
     5918       0.3367   5.36
     5919       0.3531   5.36
     5920       0.3372   5.36
     5921       0.3371   5.36
     5922       0.3542   5.36
     5923       0.3473   5.36
     5924       0.3382   5.37
     5925       0.3369   5.36
     5926       0.3375   5.36
     5927       0.3380   5.36
     5928       0.3368   5.36
     5929       0.3493   5.36
     5930       0.3376   5.36
     5931       0.3371   5.36
     5932       0.3376   5.36
     5933       0.3381   5.36
     5934       0.3373   5.36
     5935       0.3381   5.36
     5936       0.3378   5.36
     5937       0.3368   5.36
     5938       0.3371   5.36
     5939       0.3439   5.37
     5940       0.3367   5.37
     5941       0.3376   5.37
     5942       0.3449   5.37
     5943       0.3366   5.37
     5944       0.3539   5.37
     5945       0.3475   5.37
     5946       0.3375   5.37
     5947       0.3367   5.37
     5948       0.3371   5.37
     5949       0.3379   5.36
     5950       0.3370   5.36
     5951       0.3367   5.36
     5952       0.3369   5.36
     5953       0.3359   5.37
     5954       0.3371   5.37
     5955       0.3375   5.36
     5956       0.3375   5.36
     5957       0.3375   5.36
     5958       0.3379   5.36
     5959       0.3368   5.37
     5960       0.3378   5.37
     5961       0.3382   5.37
     5962       0.3377   5.36
     5963       0.3376   5.36
     5964       0.3379   5.36
     5965       0.3366   5.36
     5966       0.3533   5.36
     5967       0.3380   5.36
     5968       0.3379   5.36
     5969       0.3365   5.36
     5970       0.3378   5.36
     5971       0.3373   5.36
     5972       0.3370   5.36
     5973       0.3373   5.36
     5974       0.3376   5.36
     5975       0.3369   5.37
     5976       0.3382   5.37
     5977       0.3381   5.37
     5978       0.3374   5.36
     5979       0.3378   5.36
     5980       0.3416   5.36
     5981       0.3372   5.36
     5982       0.3374   5.36
     5983       0.3369   5.36
     5984       0.3364   5.37
     5985       0.3376   5.37
     5986       0.3433   5.37
     5987       0.3379   5.36
     5988       0.3382   5.36
     5989       0.3376   5.36
     5990       0.3370   5.36
     5991       0.3384   5.36
     5992       0.3457   5.36
     5993       0.3364   5.36
     5994       0.3392   5.36
     5995       0.3382   5.36
     5996       0.3386   5.36
     5997       0.3364   5.36
     5998       0.3378   5.36
     5999       0.3375   5.36
     6000       0.3364   5.36
     6001       0.3384   5.36
     6002       0.3385   5.37
     6003       0.3363   5.36
     6004       0.3381   5.36
     6005       0.3378   5.36
     6006       0.3374   5.36
     6007       0.3502   5.36
     6008       0.3378   5.36
     6009       0.3371   5.36
     6010       0.3371   5.36
     6011       0.3376   5.37
     6012       0.3373   5.37
     6013       0.3373   5.37
     6014       0.3433   5.37
     6015       0.3366   5.36
     6016       0.3375   5.36
     6017       0.3378   5.36
     6018       0.3378   5.37
     6019       0.3540   5.37
     6020       0.3386   5.37
     6021       0.3384   5.36
     6022       0.3376   5.36
     6023       0.3377   5.36
     6024       0.3384   5.36
     6025       0.3373   5.36
     6026       0.3379   5.36
     6027       0.3380   5.36
     6028       0.3386   5.36
     6029       0.3504   5.36
     6030       0.3421   5.36
     6031       0.3375   5.36
     6032       0.3574   5.36
     6033       0.3376   5.36
     6034       0.3371   5.36
     6035       0.3382   5.36
     6036       0.3382   5.36
     6037       0.3363   5.36
     6038       0.3380   5.36
     6039       0.3458   5.36
     6040       0.3377   5.36
     6041       0.3376   5.36
     6042       0.3470   5.36
     6043       0.3383   5.36
     6044       0.3380   5.36
     6045       0.3486   5.36
     6046       0.3376   5.36
     6047       0.3357   5.36
     6048       0.3374   5.36
     6049       0.3378   5.36
     6050       0.3374   5.36
     6051       0.3376   5.36
     6052       0.3418   5.36
     6053       0.3376   5.36
     6054       0.3371   5.36
     6055       0.3369   5.36
     6056       0.3369   5.36
     6057       0.3371   5.36
     6058       0.3370   5.36
     6059       0.3368   5.37
     6060       0.3376   5.37
     6061       0.3370   5.36
     6062       0.3373   5.36
     6063       0.3376   5.36
     6064       0.3462   5.37
     6065       0.3369   5.36
     6066       0.3363   5.37
     6067       0.3374   5.37
     6068       0.3384   5.37
     6069       0.3374   5.37
     6070       0.3386   5.37
     6071       0.3378   5.36
     6072       0.3372   5.36
     6073       0.3378   5.36
     6074       0.3370   5.37
     6075       0.3364   5.36
     6076       0.3379   5.36
     6077       0.3382   5.36
     6078       0.3374   5.37
     6079       0.3382   5.37
     6080       0.3429   5.37
     6081       0.3370   5.36
     6082       0.3385   5.36
     6083       0.3376   5.36
     6084       0.3369   5.36
     6085       0.3376   5.36
     6086       0.3383   5.36
     6087       0.3372   5.36
     6088       0.3385   5.36
     6089       0.3376   5.36
     6090       0.3371   5.37
     6091       0.3374   5.37
     6092       0.3380   5.36
     6093       0.3382   5.36
     6094       0.3375   5.37
     6095       0.3377   5.37
     6096       0.3372   5.36
     6097       0.3371   5.36
     6098       0.3379   5.36
     6099       0.3382   5.36
     6100       0.3373   5.36
     6101       0.3377   5.36
     6102       0.3377   5.36
     6103       0.3365   5.36
     6104       0.3494   5.36
     6105       0.3385   5.36
     6106       0.3372   5.37
     6107       0.3376   5.37
     6108       0.3382   5.37
     6109       0.3379   5.36
     6110       0.3377   5.36
     6111       0.3377   5.36
     6112       0.3374   5.36
     6113       0.3383   5.36
     6114       0.3380   5.36
     6115       0.3371   5.36
     6116       0.3530   5.36
     6117       0.3372   5.36
     6118       0.3368   5.37
     6119       0.3361   5.36
     6120       0.3374   5.36
     6121       0.3399   5.36
     6122       0.3374   5.37
     6123       0.3379   5.37
     6124       0.3368   5.37
     6125       0.3367   5.36
     6126       0.3373   5.36
     6127       0.3379   5.36
     6128       0.3367   5.37
     6129       0.3381   5.37
     6130       0.3374   5.37
     6131       0.3368   5.36
     6132       0.3496   5.36
     6133       0.3435   5.36
     6134       0.3369   5.37
     6135       0.3384   5.37
     6136       0.3377   5.36
     6137       0.3365   5.36
     6138       0.3374   5.36
     6139       0.3376   5.36
     6140       0.3369   5.37
     6141       0.3377   5.37
     6142       0.3378   5.37
     6143       0.3364   5.36
     6144       0.3541   5.36
     6145       0.3376   5.36
     6146       0.3378   5.37
     6147       0.3358   5.37
     6148       0.3379   5.37
     6149       0.3380   5.36
     6150       0.3383   5.36
     6151       0.3494   5.36
     6152       0.3374   5.36
     6153       0.3370   5.36
     6154       0.3376   5.36
     6155       0.3375   5.36
     6156       0.3379   5.37
     6157       0.3375   5.37
     6158       0.3379   5.36
     6159       0.3367   5.36
     6160       0.3515   5.36
     6161       0.3373   5.36
     6162       0.3366   5.37
     6163       0.3531   5.37
     6164       0.3375   5.37
     6165       0.3381   5.37
     6166       0.3380   5.36
     6167       0.3471   5.36
     6168       0.3367   5.36
     6169       0.3364   5.37
     6170       0.3379   5.37
     6171       0.3406   5.37
     6172       0.3369   5.37
     6173       0.3367   5.37
     6174       0.3406   5.37
     6175       0.3363   5.37
     6176       0.3376   5.37
     6177       0.3379   5.37
     6178       0.3361   5.37
     6179       0.3501   5.37
     6180       0.3382   5.36
     6181       0.3370   5.37
     6182       0.3380   5.37
     6183       0.3441   5.36
     6184       0.3369   5.37
     6185       0.3538   5.37
     6186       0.3459   5.37
     6187       0.3389   5.36
     6188       0.3364   5.37
     6189       0.3377   5.37
     6190       0.3387   5.36
     6191       0.3376   5.36
     6192       0.3373   5.36
     6193       0.3381   5.36
     6194       0.3360   5.36
     6195       0.3380   5.36
     6196       0.3380   5.37
     6197       0.3364   5.37
     6198       0.3376   5.37
     6199       0.3376   5.36
     6200       0.3368   5.37
     6201       0.3375   5.37
     6202       0.3372   5.36
     6203       0.3364   5.36
     6204       0.3379   5.36
     6205       0.3382   5.37
     6206       0.3372   5.37
     6207       0.3377   5.37
     6208       0.3380   5.36
     6209       0.3368   5.36
     6210       0.3529   5.36
     6211       0.3377   5.36
     6212       0.3381   5.37
     6213       0.3372   5.37
     6214       0.3381   5.37
     6215       0.3388   5.37
     6216       0.3378   5.36
     6217       0.3382   5.36
     6218       0.3371   5.37
     6219       0.3369   5.36
     6220       0.3374   5.36
     6221       0.3369   5.36
     6222       0.3363   5.36
     6223       0.3378   5.36
     6224       0.3371   5.37
     6225       0.3367   5.36
     6226       0.3371   5.36
     6227       0.3370   5.36
     6228       0.3374   5.37
     6229       0.3420   5.37
     6230       0.3427   5.37
     6231       0.3361   5.37
     6232       0.3387   5.37
     6233       0.3382   5.36
     6234       0.3372   5.37
     6235       0.3530   5.37
     6236       0.3370   5.37
     6237       0.3373   5.36
     6238       0.3377   5.36
     6239       0.3382   5.37
     6240       0.3380   5.37
     6241       0.3369   5.36
     6242       0.3374   5.36
     6243       0.3380   5.36
     6244       0.3370   5.36
     6245       0.3381   5.36
     6246       0.3376   5.37
     6247       0.3373   5.37
     6248       0.3380   5.37
     6249       0.3409   5.36
     6250       0.3371   5.36
     6251       0.3372   5.36
     6252       0.3378   5.36
     6253       0.3366   5.37
     6254       0.3379   5.37
     6255       0.3377   5.36
     6256       0.3371   5.36
     6257       0.3383   5.36
     6258       0.3380   5.37
     6259       0.3366   5.36
     6260       0.3378   5.36
     6261       0.3370   5.37
     6262       0.3364   5.36
     6263       0.3387   5.36
     6264       0.3377   5.37
     6265       0.3371   5.36
     6266       0.3367   5.36
     6267       0.3371   5.36
     6268       0.3366   5.37
     6269       0.3368   5.36
     6270       0.3467   5.36
     6271       0.3369   5.36
     6272       0.3369   5.37
     6273       0.3373   5.37
     6274       0.3382   5.37
     6275       0.3374   5.37
     6276       0.3373   5.37
     6277       0.3371   5.37
     6278       0.3373   5.36
     6279       0.3374   5.36
     6280       0.3413   5.36
     6281       0.3362   5.36
     6282       0.3378   5.36
     6283       0.3381   5.37
     6284       0.3369   5.36
     6285       0.3377   5.36
     6286       0.3378   5.36
     6287       0.3371   5.36
     6288       0.3522   5.36
     6289       0.3452   5.37
     6290       0.3373   5.37
     6291       0.3376   5.37
     6292       0.3379   5.36
     6293       0.3378   5.37
     6294       0.3371   5.36
     6295       0.3376   5.36
     6296       0.3371   5.37
     6297       0.3367   5.37
     6298       0.3475   5.37
     6299       0.3379   5.36
     6300       0.3366   5.37
     6301       0.3384   5.37
     6302       0.3378   5.37
     6303       0.3370   5.37
     6304       0.3376   5.37
     6305       0.3378   5.37
     6306       0.3372   5.36
     6307       0.3372   5.36
     6308       0.3421   5.36
     6309       0.3372   5.37
     6310       0.3520   5.37
     6311       0.3378   5.37
     6312       0.3365   5.36
     6313       0.3530   5.36
     6314       0.3451   5.36
     6315       0.3372   5.37
     6316       0.3364   5.37
     6317       0.3467   5.37
     6318       0.3370   5.37
     6319       0.3369   5.37
     6320       0.3378   5.37
     6321       0.3404   5.36
     6322       0.3372   5.36
     6323       0.3377   5.36
     6324       0.3370   5.37
     6325       0.3374   5.37
     6326       0.3371   5.37
     6327       0.3373   5.36
     6328       0.3372   5.37
     6329       0.3375   5.37
     6330       0.3374   5.37
     6331       0.3370   5.36
     6332       0.3514   5.36
     6333       0.3378   5.36
     6334       0.3375   5.37
     6335       0.3382   5.37
     6336       0.3450   5.36
     6337       0.3362   5.36
     6338       0.3377   5.36
     6339       0.3375   5.37
     6340       0.3376   5.37
     6341       0.3376   5.37
     6342       0.3378   5.37
     6343       0.3379   5.36
     6344       0.3377   5.36
     6345       0.3376   5.36
     6346       0.3375   5.36
     6347       0.3369   5.37
     6348       0.3492   5.37
     6349       0.3385   5.36
     6350       0.3366   5.36
     6351       0.3502   5.36
     6352       0.3375   5.37
     6353       0.3366   5.37
     6354       0.3381   5.37
     6355       0.3376   5.36
     6356       0.3378   5.36
     6357       0.3532   5.36
     6358       0.3378   5.36
     6359       0.3364   5.36
     6360       0.3364   5.36
     6361       0.3373   5.36
     6362       0.3375   5.36
     6363       0.3354   5.37
     6364       0.3378   5.37
     6365       0.3377   5.37
     6366       0.3359   5.37
     6367       0.3378   5.37
     6368       0.3373   5.37
     6369       0.3372   5.37
     6370       0.3375   5.37
     6371       0.3375   5.36
     6372       0.3371   5.37
     6373       0.3379   5.37
     6374       0.3411   5.36
     6375       0.3368   5.36
     6376       0.3371   5.36
     6377       0.3380   5.36
     6378       0.3359   5.36
     6379       0.3373   5.36
     6380       0.3372   5.36
     6381       0.3373   5.37
     6382       0.3379   5.37
     6383       0.3377   5.37
     6384       0.3368   5.36
     6385       0.3376   5.36
     6386       0.3448   5.37
     6387       0.3376   5.37
     6388       0.3379   5.37
     6389       0.3380   5.36
     6390       0.3368   5.36
     6391       0.3376   5.36
     6392       0.3380   5.37
     6393       0.3379   5.37
     6394       0.3374   5.36
     6395       0.3472   5.36
     6396       0.3379   5.36
     6397       0.3365   5.36
     6398       0.3487   5.36
     6399       0.3373   5.37
     6400       0.3365   5.37
     6401       0.3383   5.37
     6402       0.3379   5.36
     6403       0.3366   5.37
     6404       0.3382   5.37
     6405       0.3382   5.37
     6406       0.3374   5.36
     6407       0.3372   5.36
     6408       0.3374   5.37
     6409       0.3374   5.36
     6410       0.3374   5.36
     6411       0.3370   5.36
     6412       0.3367   5.37
     6413       0.3530   5.37
     6414       0.3367   5.37
     6415       0.3373   5.37
     6416       0.3370   5.37
     6417       0.3377   5.37
     6418       0.3371   5.36
     6419       0.3369   5.36
     6420       0.3375   5.36
     6421       0.3374   5.37
     6422       0.3365   5.36
     6423       0.3372   5.36
     6424       0.3374   5.36
     6425       0.3369   5.37
     6426       0.3382   5.37
     6427       0.3382   5.37
     6428       0.3374   5.37
     6429       0.3379   5.37
     6430       0.3385   5.37
     6431       0.3381   5.36
     6432       0.3512   5.36
     6433       0.3432   5.36
     6434       0.3366   5.36
     6435       0.3369   5.36
     6436       0.3373   5.36
     6437       0.3369   5.36
     6438       0.3385   5.36
     6439       0.3376   5.36
     6440       0.3371   5.36
     6441       0.3544   5.36
     6442       0.3376   5.36
     6443       0.3381   5.37
     6444       0.3358   5.37
     6445       0.3373   5.37
     6446       0.3379   5.37
     6447       0.3381   5.36
     6448       0.3488   5.36
     6449       0.3422   5.37
     6450       0.3374   5.36
     6451       0.3378   5.36
     6452       0.3374   5.36
     6453       0.3355   5.36
     6454       0.3514   5.36
     6455       0.3445   5.36
     6456       0.3375   5.36
     6457       0.3385   5.36
     6458       0.3380   5.36
     6459       0.3378   5.36
     6460       0.3381   5.36
     6461       0.3383   5.36
     6462       0.3386   5.36
     6463       0.3361   5.36
     6464       0.3374   5.36
     6465       0.3371   5.36
     6466       0.3370   5.36
     6467       0.3380   5.36
     6468       0.3378   5.36
     6469       0.3369   5.37
     6470       0.3379   5.37
     6471       0.3389   5.37
     6472       0.3365   5.36
     6473       0.3382   5.36
     6474       0.3378   5.36
     6475       0.3370   5.36
     6476       0.3382   5.36
     6477       0.3374   5.36
     6478       0.3363   5.36
     6479       0.3372   5.36
     6480       0.3371   5.36
     6481       0.3369   5.37
     6482       0.3376   5.37
     6483       0.3377   5.37
     6484       0.3372   5.36
     6485       0.3382   5.36
     6486       0.3445   5.36
     6487       0.3372   5.36
     6488       0.3381   5.36
     6489       0.3386   5.36
     6490       0.3375   5.37
     6491       0.3378   5.37
     6492       0.3383   5.36
     6493       0.3389   5.36
     6494       0.3373   5.36
     6495       0.3382   5.36
     6496       0.3372   5.36
     6497       0.3366   5.36
     6498       0.3375   5.36
     6499       0.3369   5.36
     6500       0.3372   5.36
     6501       0.3380   5.36
     6502       0.3373   5.36
     6503       0.3373   5.36
     6504       0.3379   5.36
     6505       0.3383   5.36
     6506       0.3371   5.36
     6507       0.3383   5.36
     6508       0.3382   5.36
     6509       0.3373   5.36
     6510       0.3377   5.36
     6511       0.3381   5.36
     6512       0.3372   5.36
     6513       0.3379   5.36
     6514       0.3381   5.36
     6515       0.3374   5.36
     6516       0.3374   5.36
     6517       0.3448   5.36
     6518       0.3369   5.37
     6519       0.3539   5.37
     6520       0.3374   5.37
     6521       0.3375   5.37
     6522       0.3373   5.36
     6523       0.3449   5.36
     6524       0.3379   5.36
     6525       0.3364   5.36
     6526       0.3492   5.36
     6527       0.3374   5.36
     6528       0.3367   5.37
     6529       0.3378   5.37
     6530       0.3373   5.37
     6531       0.3365   5.37
     6532       0.3373   5.37
     6533       0.3378   5.37
     6534       0.3372   5.37
     6535       0.3381   5.37
     6536       0.3383   5.36
     6537       0.3370   5.37
     6538       0.3383   5.37
     6539       0.3380   5.36
     6540       0.3372   5.36
     6541       0.3383   5.36
     6542       0.3381   5.36
     6543       0.3380   5.36
     6544       0.3372   5.36
     6545       0.3382   5.36
     6546       0.3377   5.36
     6547       0.3369   5.36
     6548       0.3380   5.36
     6549       0.3370   5.36
     6550       0.3364   5.36
     6551       0.3377   5.36
     6552       0.3403   5.36
     6553       0.3372   5.37
     6554       0.3378   5.37
     6555       0.3408   5.37
     6556       0.3368   5.36
     6557       0.3383   5.36
     6558       0.3382   5.37
     6559       0.3369   5.37
     6560       0.3376   5.37
     6561       0.3377   5.36
     6562       0.3374   5.36
     6563       0.3375   5.36
     6564       0.3380   5.36
     6565       0.3362   5.36
     6566       0.3527   5.36
     6567       0.3377   5.36
     6568       0.3368   5.37
     6569       0.3543   5.37
     6570       0.3387   5.37
     6571       0.3377   5.36
     6572       0.3370   5.36
     6573       0.3371   5.36
     6574       0.3369   5.36
     6575       0.3364   5.36
     6576       0.3381   5.36
     6577       0.3380   5.36
     6578       0.3372   5.36
     6579       0.3377   5.36
     6580       0.3372   5.36
     6581       0.3373   5.36
     6582       0.3376   5.36
     6583       0.3374   5.36
     6584       0.3368   5.37
     6585       0.3380   5.37
     6586       0.3378   5.36
     6587       0.3369   5.36
     6588       0.3382   5.36
     6589       0.3379   5.36
     6590       0.3377   5.36
     6591       0.3377   5.36
     6592       0.3371   5.36
     6593       0.3368   5.37
     6594       0.3540   5.37
     6595       0.3464   5.36
     6596       0.3382   5.36
     6597       0.3374   5.36
     6598       0.3379   5.36
     6599       0.3398   5.36
     6600       0.3369   5.36
     6601       0.3490   5.36
     6602       0.3374   5.36
     6603       0.3369   5.36
     6604       0.3381   5.36
     6605       0.3377   5.36
     6606       0.3360   5.36
     6607       0.3368   5.36
     6608       0.3376   5.36
     6609       0.3366   5.36
     6610       0.3379   5.36
     6611       0.3376   5.37
     6612       0.3360   5.36
     6613       0.3374   5.36
     6614       0.3440   5.36
     6615       0.3376   5.36
     6616       0.3375   5.36
     6617       0.3374   5.36
     6618       0.3364   5.37
     6619       0.3541   5.37
     6620       0.3387   5.37
     6621       0.3376   5.36
     6622       0.3370   5.36
     6623       0.3379   5.36
     6624       0.3375   5.36
     6625       0.3376   5.37
     6626       0.3487   5.37
     6627       0.3375   5.37
     6628       0.3363   5.36
     6629       0.3507   5.36
     6630       0.3385   5.36
     6631       0.3372   5.36
     6632       0.3518   5.36
     6633       0.3376   5.36
     6634       0.3364   5.36
     6635       0.3384   5.36
     6636       0.3375   5.36
     6637       0.3376   5.36
     6638       0.3385   5.36
     6639       0.3464   5.36
     6640       0.3395   5.36
     6641       0.3373   5.36
     6642       0.3384   5.36
     6643       0.3386   5.36
     6644       0.3368   5.36
     6645       0.3383   5.36
     6646       0.3384   5.36
     6647       0.3369   5.36
     6648       0.3378   5.36
     6649       0.3374   5.36
     6650       0.3368   5.36
     6651       0.3382   5.36
     6652       0.3376   5.36
     6653       0.3363   5.36
     6654       0.3380   5.36
     6655       0.3383   5.37
     6656       0.3372   5.37
     6657       0.3374   5.37
     6658       0.3377   5.36
     6659       0.3379   5.36
     6660       0.3380   5.36
     6661       0.3381   5.36
     6662       0.3372   5.36
     6663       0.3540   5.36
     6664       0.3380   5.36
     6665       0.3370   5.36
     6666       0.3372   5.36
     6667       0.3379   5.36
     6668       0.3379   5.36
     6669       0.3370   5.37
     6670       0.3383   5.37
     6671       0.3402   5.36
     6672       0.3368   5.36
     6673       0.3372   5.36
     6674       0.3409   5.36
     6675       0.3376   5.37
     6676       0.3381   5.37
     6677       0.3378   5.36
     6678       0.3364   5.36
     6679       0.3509   5.36
     6680       0.3382   5.36
     6681       0.3376   5.36
     6682       0.3524   5.36
     6683       0.3375   5.36
     6684       0.3367   5.36
     6685       0.3376   5.36
     6686       0.3370   5.36
     6687       0.3369   5.36
     6688       0.3377   5.36
     6689       0.3382   5.36
     6690       0.3383   5.36
     6691       0.3373   5.36
     6692       0.3478   5.36
     6693       0.3381   5.36
     6694       0.3368   5.36
     6695       0.3377   5.36
     6696       0.3373   5.36
     6697       0.3365   5.37
     6698       0.3373   5.37
     6699       0.3378   5.37
     6700       0.3368   5.36
     6701       0.3372   5.36
     6702       0.3365   5.36
     6703       0.3380   5.37
     6704       0.3371   5.37
     6705       0.3378   5.36
     6706       0.3371   5.36
     6707       0.3381   5.36
     6708       0.3378   5.36
     6709       0.3383   5.36
     6710       0.3376   5.36
     6711       0.3373   5.37
     6712       0.3372   5.36
     6713       0.3384   5.36
     6714       0.3382   5.36
     6715       0.3372   5.36
     6716       0.3375   5.36
     6717       0.3373   5.36
     6718       0.3383   5.37
     6719       0.3364   5.37
     6720       0.3372   5.37
     6721       0.3362   5.37
     6722       0.3375   5.37
     6723       0.3382   5.37
     6724       0.3380   5.37
     6725       0.3380   5.37
     6726       0.3383   5.37
     6727       0.3381   5.36
     6728       0.3368   5.36
     6729       0.3371   5.36
     6730       0.3374   5.36
     6731       0.3363   5.36
     6732       0.3376   5.36
     6733       0.3382   5.37
     6734       0.3379   5.36
     6735       0.3515   5.36
     6736       0.3382   5.36
     6737       0.3366   5.36
     6738       0.3528   5.36
     6739       0.3375   5.36
     6740       0.3370   5.36
     6741       0.3366   5.36
     6742       0.3378   5.36
     6743       0.3377   5.36
     6744       0.3368   5.36
     6745       0.3379   5.36
     6746       0.3380   5.36
     6747       0.3360   5.37
     6748       0.3372   5.37
     6749       0.3383   5.37
     6750       0.3381   5.36
     6751       0.3494   5.36
     6752       0.3370   5.36
     6753       0.3372   5.36
     6754       0.3375   5.36
     6755       0.3372   5.36
     6756       0.3365   5.36
     6757       0.3511   5.36
     6758       0.3377   5.37
     6759       0.3368   5.36
     6760       0.3374   5.36
     6761       0.3375   5.36
     6762       0.3364   5.37
     6763       0.3528   5.37
     6764       0.3371   5.37
     6765       0.3369   5.37
     6766       0.3368   5.37
     6767       0.3368   5.37
     6768       0.3375   5.36
     6769       0.3371   5.37
     6770       0.3374   5.37
     6771       0.3376   5.37
     6772       0.3373   5.37
     6773       0.3381   5.37
     6774       0.3384   5.36
     6775       0.3360   5.36
     6776       0.3490   5.36
     6777       0.3380   5.36
     6778       0.3375   5.37
     6779       0.3383   5.37
     6780       0.3376   5.36
     6781       0.3379   5.36
     6782       0.3376   5.36
     6783       0.3388   5.36
     6784       0.3375   5.36
     6785       0.3378   5.36
     6786       0.3378   5.36
     6787       0.3374   5.36
     6788       0.3533   5.36
     6789       0.3376   5.36
     6790       0.3374   5.36
     6791       0.3363   5.36
     6792       0.3462   5.36
     6793       0.3382   5.37
     6794       0.3363   5.37
     6795       0.3369   5.37
     6796       0.3395   5.37
     6797       0.3369   5.37
     6798       0.3377   5.37
     6799       0.3374   5.36
     6800       0.3372   5.36
     6801       0.3378   5.36
     6802       0.3388   5.37
     6803       0.3376   5.36
     6804       0.3380   5.36
     6805       0.3426   5.36
     6806       0.3375   5.37
     6807       0.3519   5.37
     6808       0.3385   5.36
     6809       0.3374   5.36
     6810       0.3374   5.36
     6811       0.3377   5.36
     6812       0.3367   5.36
     6813       0.3378   5.36
     6814       0.3461   5.37
     6815       0.3371   5.36
     6816       0.3369   5.36
     6817       0.3377   5.36
     6818       0.3395   5.37
     6819       0.3366   5.37
     6820       0.3485   5.37
     6821       0.3383   5.36
     6822       0.3370   5.36
     6823       0.3376   5.36
     6824       0.3416   5.36
     6825       0.3370   5.36
     6826       0.3507   5.36
     6827       0.3368   5.36
     6828       0.3362   5.36
     6829       0.3378   5.36
     6830       0.3436   5.36
     6831       0.3367   5.36
     6832       0.3378   5.36
     6833       0.3378   5.36
     6834       0.3375   5.36
     6835       0.3375   5.36
     6836       0.3373   5.37
     6837       0.3374   5.36
     6838       0.3375   5.36
     6839       0.3464   5.36
     6840       0.3371   5.36
     6841       0.3370   5.37
     6842       0.3461   5.37
     6843       0.3380   5.37
     6844       0.3374   5.36
     6845       0.3375   5.36
     6846       0.3376   5.36
     6847       0.3373   5.37
     6848       0.3375   5.37
     6849       0.3377   5.37
     6850       0.3365   5.36
     6851       0.3503   5.36
     6852       0.3373   5.36
     6853       0.3370   5.36
     6854       0.3375   5.36
     6855       0.3382   5.36
     6856       0.3366   5.37
     6857       0.3370   5.37
     6858       0.3378   5.37
     6859       0.3371   5.37
     6860       0.3380   5.37
     6861       0.3376   5.36
     6862       0.3377   5.36
     6863       0.3365   5.37
     6864       0.3376   5.37
     6865       0.3371   5.37
     6866       0.3378   5.36
     6867       0.3381   5.36
     6868       0.3374   5.36
     6869       0.3368   5.36
     6870       0.3383   5.36
     6871       0.3378   5.37
     6872       0.3366   5.37
     6873       0.3374   5.37
     6874       0.3386   5.37
     6875       0.3376   5.37
     6876       0.3377   5.37
     6877       0.3408   5.36
     6878       0.3382   5.36
     6879       0.3517   5.36
     6880       0.3381   5.36
     6881       0.3377   5.36
     6882       0.3389   5.36
     6883       0.3386   5.36
     6884       0.3373   5.36
     6885       0.3376   5.36
     6886       0.3384   5.36
     6887       0.3376   5.36
     6888       0.3381   5.36
     6889       0.3379   5.36
     6890       0.3379   5.36
     6891       0.3369   5.36
     6892       0.3382   5.36
     6893       0.3386   5.36
     6894       0.3378   5.36
     6895       0.3381   5.36
     6896       0.3377   5.37
     6897       0.3378   5.36
     6898       0.3380   5.36
     6899       0.3381   5.36
     6900       0.3383   5.36
     6901       0.3383   5.36
     6902       0.3383   5.36
     6903       0.3375   5.36
     6904       0.3377   5.36
     6905       0.3376   5.36
     6906       0.3380   5.36
     6907       0.3378   5.36
     6908       0.3374   5.36
     6909       0.3372   5.36
     6910       0.3382   5.36
     6911       0.3382   5.36
     6912       0.3374   5.36
     6913       0.3378   5.36
     6914       0.3452   5.36
     6915       0.3375   5.36
     6916       0.3370   5.36
     6917       0.3371   5.36
     6918       0.3376   5.36
     6919       0.3376   5.36
     6920       0.3376   5.36
     6921       0.3373   5.36
     6922       0.3375   5.36
     6923       0.3381   5.36
     6924       0.3379   5.36
     6925       0.3368   5.36
     6926       0.3382   5.36
     6927       0.3376   5.36
     6928       0.3375   5.36
     6929       0.3387   5.36
     6930       0.3378   5.36
     6931       0.3368   5.36
     6932       0.3373   5.36
     6933       0.3376   5.36
     6934       0.3377   5.36
     6935       0.3379   5.36
     6936       0.3439   5.36
     6937       0.3369   5.37
     6938       0.3383   5.37
     6939       0.3382   5.36
     6940       0.3377   5.36
     6941       0.3373   5.36
     6942       0.3371   5.37
     6943       0.3375   5.36
     6944       0.3375   5.36
     6945       0.3462   5.36
     6946       0.3383   5.36
     6947       0.3367   5.36
     6948       0.3481   5.36
     6949       0.3404   5.37
     6950       0.3366   5.36
     6951       0.3378   5.36
     6952       0.3372   5.36
     6953       0.3358   5.37
     6954       0.3494   5.37
     6955       0.3418   5.37
     6956       0.3365   5.37
     6957       0.3381   5.37
     6958       0.3371   5.36
     6959       0.3372   5.37
     6960       0.3378   5.37
     6961       0.3379   5.37
     6962       0.3379   5.36
     6963       0.3377   5.36
     6964       0.3376   5.36
     6965       0.3366   5.37
     6966       0.3377   5.37
     6967       0.3370   5.36
     6968       0.3376   5.36
     6969       0.3373   5.37
     6970       0.3383   5.37
     6971       0.3395   5.37
     6972       0.3367   5.36
     6973       0.3377   5.36
     6974       0.3379   5.36
     6975       0.3377   5.36
     6976       0.3383   5.36
     6977       0.3368   5.36
     6978       0.3368   5.36
     6979       0.3380   5.36
     6980       0.3375   5.37
     6981       0.3364   5.37
     6982       0.3373   5.37
     6983       0.3372   5.37
     6984       0.3371   5.36
     6985       0.3375   5.36
     6986       0.3374   5.37
     6987       0.3369   5.37
     6988       0.3379   5.37
     6989       0.3377   5.37
     6990       0.3372   5.37
     6991       0.3382   5.37
     6992       0.3441   5.37
     6993       0.3371   5.36
     6994       0.3378   5.36
     6995       0.3383   5.37
     6996       0.3373   5.36
     6997       0.3382   5.36
     6998       0.3379   5.36
     6999       0.3381   5.36
     7000       0.3367   5.36
     7001       0.3371   5.36
     7002       0.3377   5.36
     7003       0.3373   5.36
     7004       0.3382   5.36
     7005       0.3376   5.36
     7006       0.3369   5.36
     7007       0.3374   5.36
     7008       0.3384   5.36
     7009       0.3377   5.36
     7010       0.3379   5.36
     7011       0.3382   5.36
     7012       0.3367   5.36
     7013       0.3509   5.36
     7014       0.3381   5.37
     7015       0.3371   5.37
     7016       0.3524   5.37
     7017       0.3447   5.37
     7018       0.3365   5.36
     7019       0.3367   5.36
     7020       0.3367   5.36
     7021       0.3372   5.37
     7022       0.3364   5.37
     7023       0.3373   5.37
     7024       0.3375   5.37
     7025       0.3368   5.37
     7026       0.3370   5.37
     7027       0.3373   5.37
     7028       0.3369   5.37
     7029       0.3379   5.37
     7030       0.3379   5.37
     7031       0.3367   5.37
     7032       0.3377   5.37
     7033       0.3376   5.37
     7034       0.3368   5.36
     7035       0.3496   5.36
     7036       0.3374   5.37
     7037       0.3368   5.37
     7038       0.3519   5.37
     7039       0.3381   5.37
     7040       0.3372   5.36
     7041       0.3382   5.36
     7042       0.3379   5.36
     7043       0.3383   5.37
     7044       0.3382   5.37
     7045       0.3461   5.36
     7046       0.3378   5.36
     7047       0.3372   5.36
     7048       0.3478   5.36
     7049       0.3371   5.36
     7050       0.3358   5.36
     7051       0.3480   5.36
     7052       0.3382   5.37
     7053       0.3367   5.37
     7054       0.3376   5.37
     7055       0.3379   5.37
     7056       0.3373   5.36
     7057       0.3381   5.36
     7058       0.3385   5.36
     7059       0.3369   5.37
     7060       0.3379   5.37
     7061       0.3376   5.36
     7062       0.3367   5.36
     7063       0.3377   5.36
     7064       0.3383   5.37
     7065       0.3370   5.37
     7066       0.3547   5.37
     7067       0.3381   5.36
     7068       0.3377   5.36
     7069       0.3370   5.36
     7070       0.3378   5.36
     7071       0.3388   5.37
     7072       0.3368   5.36
     7073       0.3378   5.36
     7074       0.3379   5.36
     7075       0.3367   5.37
     7076       0.3377   5.37
     7077       0.3380   5.37
     7078       0.3370   5.36
     7079       0.3381   5.36
     7080       0.3374   5.36
     7081       0.3366   5.37
     7082       0.3503   5.37
     7083       0.3382   5.37
     7084       0.3381   5.36
     7085       0.3381   5.36
     7086       0.3376   5.37
     7087       0.3377   5.36
     7088       0.3388   5.36
     7089       0.3376   5.36
     7090       0.3375   5.36
     7091       0.3377   5.36
     7092       0.3449   5.36
     7093       0.3377   5.36
     7094       0.3376   5.36
     7095       0.3381   5.37
     7096       0.3373   5.37
     7097       0.3370   5.37
     7098       0.3377   5.37
     7099       0.3380   5.36
     7100       0.3371   5.37
     7101       0.3379   5.37
     7102       0.3377   5.36
     7103       0.3371   5.37
     7104       0.3373   5.37
     7105       0.3376   5.37
     7106       0.3372   5.36
     7107       0.3384   5.36
     7108       0.3381   5.36
     7109       0.3373   5.36
     7110       0.3372   5.36
     7111       0.3372   5.36
     7112       0.3371   5.36
     7113       0.3381   5.36
     7114       0.3375   5.37
     7115       0.3364   5.36
     7116       0.3521   5.36
     7117       0.3447   5.36
     7118       0.3364   5.36
     7119       0.3380   5.36
     7120       0.3460   5.37
     7121       0.3383   5.37
     7122       0.3372   5.36
     7123       0.3380   5.36
     7124       0.3380   5.36
     7125       0.3373   5.36
     7126       0.3382   5.36
     7127       0.3375   5.37
     7128       0.3357   5.36
     7129       0.3381   5.36
     7130       0.3412   5.36
     7131       0.3371   5.36
     7132       0.3379   5.36
     7133       0.3381   5.36
     7134       0.3366   5.37
     7135       0.3378   5.37
     7136       0.3517   5.36
     7137       0.3369   5.36
     7138       0.3528   5.36
     7139       0.3374   5.37
     7140       0.3367   5.36
     7141       0.3384   5.36
     7142       0.3374   5.36
     7143       0.3373   5.37
     7144       0.3366   5.37
     7145       0.3380   5.37
     7146       0.3371   5.36
     7147       0.3371   5.36
     7148       0.3474   5.36
     7149       0.3382   5.37
     7150       0.3384   5.36
     7151       0.3380   5.36
     7152       0.3377   5.36
     7153       0.3375   5.36
     7154       0.3377   5.36
     7155       0.3381   5.36
     7156       0.3372   5.36
     7157       0.3380   5.36
     7158       0.3379   5.37
     7159       0.3359   5.36
     7160       0.3506   5.36
     7161       0.3372   5.36
     7162       0.3379   5.37
     7163       0.3375   5.37
     7164       0.3379   5.37
     7165       0.3369   5.36
     7166       0.3379   5.36
     7167       0.3375   5.36
     7168       0.3373   5.37
     7169       0.3379   5.37
     7170       0.3467   5.36
     7171       0.3377   5.36
     7172       0.3377   5.36
     7173       0.3378   5.36
     7174       0.3381   5.37
     7175       0.3380   5.36
     7176       0.3388   5.36
     7177       0.3386   5.36
     7178       0.3368   5.36
     7179       0.3381   5.36
     7180       0.3379   5.36
     7181       0.3372   5.36
     7182       0.3503   5.36
     7183       0.3374   5.36
     7184       0.3365   5.37
     7185       0.3519   5.37
     7186       0.3370   5.37
     7187       0.3379   5.37
     7188       0.3369   5.37
     7189       0.3377   5.37
     7190       0.3372   5.37
     7191       0.3377   5.37
     7192       0.3384   5.37
     7193       0.3381   5.36
     7194       0.3377   5.36
     7195       0.3382   5.36
     7196       0.3377   5.36
     7197       0.3370   5.36
     7198       0.3371   5.36
     7199       0.3374   5.36
     7200       0.3375   5.36
     7201       0.3379   5.36
     7202       0.3371   5.36
     7203       0.3367   5.36
     7204       0.3382   5.36
     7205       0.3378   5.37
     7206       0.3380   5.36
     7207       0.3383   5.36
     7208       0.3378   5.36
     7209       0.3366   5.36
     7210       0.3375   5.36
     7211       0.3372   5.37
     7212       0.3373   5.37
     7213       0.3373   5.37
     7214       0.3372   5.36
     7215       0.3376   5.37
     7216       0.3371   5.37
     7217       0.3452   5.37
     7218       0.3371   5.36
     7219       0.3378   5.36
     7220       0.3380   5.36
     7221       0.3385   5.36
     7222       0.3364   5.37
     7223       0.3378   5.37
     7224       0.3378   5.36
     7225       0.3379   5.36
     7226       0.3386   5.36
     7227       0.3380   5.36
     7228       0.3369   5.36
     7229       0.3379   5.36
     7230       0.3385   5.36
     7231       0.3364   5.36
     7232       0.3367   5.36
     7233       0.3373   5.36
     7234       0.3369   5.36
     7235       0.3504   5.36
     7236       0.3427   5.37
     7237       0.3369   5.36
     7238       0.3375   5.36
     7239       0.3377   5.36
     7240       0.3379   5.37
     7241       0.3380   5.37
     7242       0.3381   5.36
     7243       0.3374   5.36
     7244       0.3370   5.36
     7245       0.3372   5.36
     7246       0.3366   5.36
     7247       0.3374   5.36
     7248       0.3382   5.37
     7249       0.3376   5.37
     7250       0.3372   5.37
     7251       0.3387   5.37
     7252       0.3380   5.36
     7253       0.3371   5.36
     7254       0.3483   5.36
     7255       0.3383   5.36
     7256       0.3369   5.36
     7257       0.3377   5.36
     7258       0.3375   5.36
     7259       0.3373   5.36
     7260       0.3381   5.36
     7261       0.3383   5.36
     7262       0.3366   5.36
     7263       0.3380   5.36
     7264       0.3384   5.36
     7265       0.3364   5.36
     7266       0.3370   5.36
     7267       0.3371   5.36
     7268       0.3372   5.36
     7269       0.3531   5.36
     7270       0.3387   5.37
     7271       0.3373   5.36
     7272       0.3374   5.36
     7273       0.3379   5.36
     7274       0.3376   5.36
     7275       0.3364   5.36
     7276       0.3383   5.36
     7277       0.3390   5.36
     7278       0.3367   5.36
     7279       0.3384   5.36
     7280       0.3385   5.36
     7281       0.3380   5.37
     7282       0.3383   5.37
     7283       0.3377   5.36
     7284       0.3363   5.36
     7285       0.3375   5.36
     7286       0.3380   5.36
     7287       0.3371   5.36
     7288       0.3388   5.36
     7289       0.3379   5.36
     7290       0.3367   5.36
     7291       0.3371   5.36
     7292       0.3367   5.36
     7293       0.3371   5.36
     7294       0.3531   5.36
     7295       0.3451   5.36
     7296       0.3373   5.36
     7297       0.3377   5.36
     7298       0.3374   5.36
     7299       0.3372   5.36
     7300       0.3369   5.36
     7301       0.3376   5.36
     7302       0.3371   5.36
     7303       0.3363   5.36
     7304       0.3479   5.36
     7305       0.3403   5.36
     7306       0.3359   5.37
     7307       0.3369   5.37
     7308       0.3369   5.36
     7309       0.3383   5.37
     7310       0.3502   5.37
     7311       0.3382   5.36
     7312       0.3376   5.36
     7313       0.3517   5.36
     7314       0.3383   5.36
     7315       0.3374   5.36
     7316       0.3379   5.36
     7317       0.3375   5.36
     7318       0.3374   5.36
     7319       0.3375   5.36
     7320       0.3461   5.36
     7321       0.3370   5.36
     7322       0.3380   5.36
     7323       0.3384   5.36
     7324       0.3407   5.36
     7325       0.3374   5.36
     7326       0.3373   5.36
     7327       0.3399   5.36
     7328       0.3374   5.36
     7329       0.3378   5.36
     7330       0.3375   5.37
     7331       0.3379   5.36
     7332       0.3377   5.36
     7333       0.3414   5.36
     7334       0.3377   5.37
     7335       0.3378   5.37
     7336       0.3378   5.37
     7337       0.3366   5.36
     7338       0.3382   5.36
     7339       0.3378   5.36
     7340       0.3367   5.37
     7341       0.3378   5.37
     7342       0.3383   5.36
     7343       0.3371   5.36
     7344       0.3383   5.36
     7345       0.3455   5.36
     7346       0.3383   5.36
     7347       0.3373   5.36
     7348       0.3381   5.36
     7349       0.3383   5.36
     7350       0.3371   5.37
     7351       0.3481   5.37
     7352       0.3372   5.36
     7353       0.3365   5.37
     7354       0.3381   5.37
     7355       0.3380   5.36
     7356       0.3375   5.36
     7357       0.3502   5.36
     7358       0.3428   5.36
     7359       0.3378   5.36
     7360       0.3380   5.36
     7361       0.3382   5.36
     7362       0.3369   5.36
     7363       0.3382   5.36
     7364       0.3382   5.36
     7365       0.3363   5.36
     7366       0.3391   5.36
     7367       0.3382   5.36
     7368       0.3366   5.36
     7369       0.3372   5.36
     7370       0.3458   5.36
     7371       0.3379   5.36
     7372       0.3377   5.36
     7373       0.3383   5.36
     7374       0.3379   5.36
     7375       0.3366   5.36
     7376       0.3384   5.36
     7377       0.3408   5.36
     7378       0.3375   5.36
     7379       0.3382   5.36
     7380       0.3378   5.36
     7381       0.3371   5.36
     7382       0.3378   5.36
     7383       0.3375   5.36
     7384       0.3374   5.36
     7385       0.3379   5.36
     7386       0.3429   5.36
     7387       0.3365   5.36
     7388       0.3368   5.36
     7389       0.3373   5.36
     7390       0.3369   5.36
     7391       0.3529   5.36
     7392       0.3376   5.36
     7393       0.3364   5.36
     7394       0.3374   5.36
     7395       0.3375   5.36
     7396       0.3383   5.37
     7397       0.3373   5.37
     7398       0.3473   5.37
     7399       0.3390   5.36
     7400       0.3378   5.36
     7401       0.3380   5.36
     7402       0.3377   5.36
     7403       0.3361   5.36
     7404       0.3381   5.36
     7405       0.3383   5.36
     7406       0.3379   5.36
     7407       0.3376   5.36
     7408       0.3378   5.36
     7409       0.3364   5.36
     7410       0.3377   5.36
     7411       0.3383   5.36
     7412       0.3371   5.36
     7413       0.3383   5.36
     7414       0.3372   5.36
     7415       0.3359   5.36
     7416       0.3382   5.36
     7417       0.3385   5.36
     7418       0.3375   5.36
     7419       0.3382   5.36
     7420       0.3375   5.36
     7421       0.3361   5.36
     7422       0.3380   5.36
     7423       0.3375   5.36
     7424       0.3379   5.36
     7425       0.3373   5.36
     7426       0.3379   5.36
     7427       0.3374   5.36
     7428       0.3368   5.36
     7429       0.3476   5.36
     7430       0.3374   5.36
     7431       0.3370   5.36
     7432       0.3379   5.36
     7433       0.3374   5.36
     7434       0.3363   5.36
     7435       0.3367   5.36
     7436       0.3412   5.36
     7437       0.3374   5.37
     7438       0.3379   5.37
     7439       0.3387   5.37
     7440       0.3378   5.37
     7441       0.3523   5.37
     7442       0.3390   5.37
     7443       0.3373   5.36
     7444       0.3388   5.36
     7445       0.3387   5.36
     7446       0.3376   5.36
     7447       0.3379   5.36
     7448       0.3468   5.36
     7449       0.3388   5.37
     7450       0.3377   5.36
     7451       0.3383   5.36
     7452       0.3383   5.37
     7453       0.3376   5.37
     7454       0.3383   5.37
     7455       0.3388   5.36
     7456       0.3382   5.36
     7457       0.3389   5.36
     7458       0.3386   5.36
     7459       0.3383   5.36
     7460       0.3382   5.36
     7461       0.3379   5.36
     7462       0.3373   5.36
     7463       0.3375   5.36
     7464       0.3380   5.37
     7465       0.3383   5.36
     7466       0.3378   5.36
     7467       0.3382   5.36
     7468       0.3376   5.36
     7469       0.3374   5.36
     7470       0.3374   5.36
     7471       0.3366   5.36
     7472       0.3376   5.36
     7473       0.3382   5.36
     7474       0.3381   5.36
     7475       0.3367   5.36
     7476       0.3465   5.36
     7477       0.3368   5.37
     7478       0.3367   5.36
     7479       0.3379   5.36
     7480       0.3410   5.36
     7481       0.3373   5.36
     7482       0.3373   5.36
     7483       0.3381   5.36
     7484       0.3374   5.36
     7485       0.3386   5.36
     7486       0.3385   5.36
     7487       0.3371   5.36
     7488       0.3377   5.36
     7489       0.3379   5.36
     7490       0.3368   5.36
     7491       0.3385   5.36
     7492       0.3382   5.36
     7493       0.3367   5.37
     7494       0.3526   5.37
     7495       0.3385   5.37
     7496       0.3381   5.36
     7497       0.3373   5.36
     7498       0.3462   5.36
     7499       0.3377   5.36
     7500       0.3374   5.36
     7501       0.3377   5.36
     7502       0.3381   5.36
     7503       0.3369   5.36
     7504       0.3486   5.36
     7505       0.3408   5.36
     7506       0.3366   5.36
     7507       0.3380   5.36
     7508       0.3377   5.36
     7509       0.3372   5.36
     7510       0.3380   5.36
     7511       0.3382   5.36
     7512       0.3364   5.36
     7513       0.3377   5.36
     7514       0.3377   5.36
     7515       0.3372   5.37
     7516       0.3527   5.37
     7517       0.3381   5.36
     7518       0.3360   5.36
     7519       0.3379   5.36
     7520       0.3380   5.36
     7521       0.3372   5.37
     7522       0.3362   5.36
     7523       0.3374   5.36
     7524       0.3377   5.36
     7525       0.3369   5.36
     7526       0.3385   5.36
     7527       0.3379   5.36
     7528       0.3366   5.36
     7529       0.3485   5.36
     7530       0.3383   5.37
     7531       0.3372   5.36
     7532       0.3377   5.36
     7533       0.3386   5.36
     7534       0.3371   5.36
     7535       0.3373   5.36
     7536       0.3438   5.36
     7537       0.3362   5.36
     7538       0.3379   5.36
     7539       0.3375   5.36
     7540       0.3369   5.37
     7541       0.3381   5.37
     7542       0.3377   5.37
     7543       0.3371   5.36
     7544       0.3380   5.36
     7545       0.3380   5.36
     7546       0.3374   5.36
     7547       0.3385   5.36
     7548       0.3372   5.36
     7549       0.3379   5.36
     7550       0.3364   5.36
     7551       0.3383   5.36
     7552       0.3400   5.36
     7553       0.3375   5.36
     7554       0.3384   5.36
     7555       0.3377   5.36
     7556       0.3376   5.36
     7557       0.3381   5.36
     7558       0.3371   5.36
     7559       0.3360   5.36
     7560       0.3377   5.36
     7561       0.3375   5.37
     7562       0.3373   5.37
     7563       0.3384   5.37
     7564       0.3374   5.36
     7565       0.3368   5.37
     7566       0.3383   5.37
     7567       0.3436   5.36
     7568       0.3368   5.36
     7569       0.3385   5.36
     7570       0.3442   5.36
     7571       0.3363   5.36
     7572       0.3544   5.36
     7573       0.3381   5.37
     7574       0.3377   5.36
     7575       0.3367   5.37
     7576       0.3378   5.37
     7577       0.3384   5.36
     7578       0.3372   5.36
     7579       0.3381   5.36
     7580       0.3381   5.36
     7581       0.3372   5.36
     7582       0.3384   5.36
     7583       0.3384   5.36
     7584       0.3363   5.36
     7585       0.3378   5.36
     7586       0.3417   5.36
     7587       0.3371   5.36
     7588       0.3379   5.36
     7589       0.3379   5.36
     7590       0.3373   5.36
     7591       0.3382   5.36
     7592       0.3380   5.36
     7593       0.3370   5.36
     7594       0.3376   5.36
     7595       0.3443   5.36
     7596       0.3365   5.36
     7597       0.3378   5.36
     7598       0.3458   5.36
     7599       0.3382   5.36
     7600       0.3366   5.36
     7601       0.3382   5.36
     7602       0.3374   5.36
     7603       0.3370   5.36
     7604       0.3375   5.36
     7605       0.3378   5.36
     7606       0.3381   5.36
     7607       0.3376   5.36
     7608       0.3378   5.36
     7609       0.3378   5.36
     7610       0.3376   5.36
     7611       0.3376   5.36
     7612       0.3365   5.36
     7613       0.3504   5.36
     7614       0.3382   5.36
     7615       0.3374   5.36
     7616       0.3384   5.36
     7617       0.3385   5.37
     7618       0.3379   5.37
     7619       0.3373   5.37
     7620       0.3377   5.36
     7621       0.3362   5.36
     7622       0.3537   5.36
     7623       0.3383   5.36
     7624       0.3383   5.36
     7625       0.3376   5.37
     7626       0.3380   5.37
     7627       0.3380   5.36
     7628       0.3370   5.36
     7629       0.3375   5.36
     7630       0.3378   5.36
     7631       0.3370   5.36
     7632       0.3383   5.36
     7633       0.3380   5.36
     7634       0.3359   5.36
     7635       0.3381   5.36
     7636       0.3416   5.36
     7637       0.3362   5.36
     7638       0.3377   5.36
     7639       0.3380   5.36
     7640       0.3372   5.36
     7641       0.3374   5.36
     7642       0.3437   5.37
     7643       0.3368   5.36
     7644       0.3372   5.36
     7645       0.3382   5.36
     7646       0.3376   5.37
     7647       0.3386   5.37
     7648       0.3376   5.37
     7649       0.3366   5.36
     7650       0.3547   5.36
     7651       0.3381   5.36
     7652       0.3394   5.36
     7653       0.3371   5.37
     7654       0.3372   5.37
     7655       0.3371   5.36
     7656       0.3368   5.36
     7657       0.3379   5.36
     7658       0.3384   5.36
     7659       0.3373   5.36
     7660       0.3498   5.36
     7661       0.3379   5.37
     7662       0.3374   5.36
     7663       0.3372   5.36
     7664       0.3429   5.36
     7665       0.3371   5.36
     7666       0.3376   5.36
     7667       0.3377   5.36
     7668       0.3370   5.36
     7669       0.3385   5.36
     7670       0.3451   5.37
     7671       0.3363   5.36
     7672       0.3374   5.36
     7673       0.3379   5.36
     7674       0.3390   5.37
     7675       0.3365   5.37
     7676       0.3383   5.37
     7677       0.3379   5.36
     7678       0.3379   5.36
     7679       0.3381   5.36
     7680       0.3400   5.36
     7681       0.3375   5.36
     7682       0.3374   5.36
     7683       0.3377   5.36
     7684       0.3368   5.36
     7685       0.3390   5.36
     7686       0.3383   5.37
     7687       0.3371   5.37
     7688       0.3380   5.37
     7689       0.3377   5.36
     7690       0.3368   5.36
     7691       0.3516   5.36
     7692       0.3382   5.36
     7693       0.3377   5.36
     7694       0.3374   5.36
     7695       0.3372   5.36
     7696       0.3368   5.36
     7697       0.3388   5.36
     7698       0.3379   5.36
     7699       0.3381   5.36
     7700       0.3372   5.36
     7701       0.3373   5.36
     7702       0.3381   5.36
     7703       0.3375   5.36
     7704       0.3382   5.36
     7705       0.3378   5.37
     7706       0.3372   5.36
     7707       0.3486   5.36
     7708       0.3381   5.36
     7709       0.3369   5.36
     7710       0.3379   5.36
     7711       0.3382   5.36
     7712       0.3369   5.36
     7713       0.3382   5.36
     7714       0.3379   5.37
     7715       0.3372   5.36
     7716       0.3386   5.36
     7717       0.3384   5.36
     7718       0.3369   5.36
     7719       0.3525   5.36
     7720       0.3373   5.36
     7721       0.3373   5.36
     7722       0.3377   5.36
     7723       0.3374   5.36
     7724       0.3378   5.36
     7725       0.3366   5.36
     7726       0.3385   5.36
     7727       0.3390   5.36
     7728       0.3372   5.37
     7729       0.3479   5.37
     7730       0.3375   5.37
     7731       0.3360   5.36
     7732       0.3487   5.36
     7733       0.3377   5.36
     7734       0.3378   5.37
     7735       0.3386   5.37
     7736       0.3435   5.37
     7737       0.3368   5.36
     7738       0.3381   5.36
     7739       0.3376   5.36
     7740       0.3365   5.36
     7741       0.3382   5.36
     7742       0.3383   5.37
     7743       0.3377   5.36
     7744       0.3534   5.36
     7745       0.3374   5.36
     7746       0.3386   5.36
     7747       0.3380   5.36
     7748       0.3381   5.36
     7749       0.3380   5.36
     7750       0.3364   5.36
     7751       0.3374   5.36
     7752       0.3366   5.36
     7753       0.3376   5.36
     7754       0.3482   5.36
     7755       0.3376   5.36
     7756       0.3370   5.37
     7757       0.3375   5.37
     7758       0.3423   5.36
     7759       0.3380   5.36
     7760       0.3385   5.36
     7761       0.3378   5.36
     7762       0.3370   5.36
     7763       0.3376   5.36
     7764       0.3384   5.36
     7765       0.3376   5.36
     7766       0.3522   5.36
     7767       0.3378   5.36
     7768       0.3365   5.37
     7769       0.3546   5.37
     7770       0.3471   5.36
     7771       0.3383   5.36
     7772       0.3369   5.36
     7773       0.3379   5.36
     7774       0.3376   5.36
     7775       0.3368   5.36
     7776       0.3379   5.36
     7777       0.3378   5.36
     7778       0.3370   5.36
     7779       0.3492   5.36
     7780       0.3374   5.37
     7781       0.3363   5.37
     7782       0.3368   5.37
     7783       0.3373   5.37
     7784       0.3368   5.37
     7785       0.3382   5.37
     7786       0.3440   5.37
     7787       0.3370   5.37
     7788       0.3383   5.37
     7789       0.3377   5.36
     7790       0.3369   5.36
     7791       0.3377   5.36
     7792       0.3380   5.37
     7793       0.3385   5.36
     7794       0.3363   5.36
     7795       0.3377   5.36
     7796       0.3380   5.37
     7797       0.3367   5.37
     7798       0.3374   5.37
     7799       0.3372   5.36
     7800       0.3374   5.37
     7801       0.3379   5.37
     7802       0.3389   5.37
     7803       0.3375   5.36
     7804       0.3378   5.36
     7805       0.3375   5.36
     7806       0.3373   5.36
     7807       0.3375   5.36
     7808       0.3385   5.37
     7809       0.3373   5.36
     7810       0.3376   5.36
     7811       0.3376   5.36
     7812       0.3374   5.37
     7813       0.3375   5.37
     7814       0.3375   5.36
     7815       0.3370   5.36
     7816       0.3532   5.36
     7817       0.3373   5.37
     7818       0.3375   5.36
     7819       0.3378   5.36
     7820       0.3375   5.36
     7821       0.3383   5.36
     7822       0.3365   5.36
     7823       0.3469   5.36
     7824       0.3382   5.37
     7825       0.3379   5.36
     7826       0.3379   5.36
     7827       0.3379   5.36
     7828       0.3376   5.36
     7829       0.3379   5.36
     7830       0.3414   5.36
     7831       0.3370   5.36
     7832       0.3372   5.36
     7833       0.3375   5.36
     7834       0.3363   5.36
     7835       0.3509   5.36
     7836       0.3376   5.37
     7837       0.3366   5.37
     7838       0.3372   5.37
     7839       0.3377   5.37
     7840       0.3375   5.37
     7841       0.3537   5.37
     7842       0.3382   5.36
     7843       0.3384   5.36
     7844       0.3364   5.36
     7845       0.3372   5.36
     7846       0.3374   5.37
     7847       0.3364   5.37
     7848       0.3376   5.37
     7849       0.3371   5.36
     7850       0.3362   5.36
     7851       0.3371   5.36
     7852       0.3395   5.37
     7853       0.3370   5.37
     7854       0.3369   5.37
     7855       0.3413   5.36
     7856       0.3364   5.37
     7857       0.3373   5.37
     7858       0.3373   5.37
     7859       0.3366   5.37
     7860       0.3376   5.37
     7861       0.3376   5.37
     7862       0.3369   5.37
     7863       0.3377   5.37
     7864       0.3377   5.36
     7865       0.3366   5.36
     7866       0.3371   5.36
     7867       0.3375   5.37
     7868       0.3365   5.36
     7869       0.3371   5.36
     7870       0.3376   5.37
     7871       0.3367   5.37
     7872       0.3378   5.37
     7873       0.3462   5.37
     7874       0.3384   5.36
     7875       0.3375   5.37
     7876       0.3380   5.37
     7877       0.3380   5.37
     7878       0.3367   5.36
     7879       0.3372   5.36
     7880       0.3399   5.36
     7881       0.3351   5.37
     7882       0.3372   5.37
     7883       0.3377   5.37
     7884       0.3366   5.37
     7885       0.3381   5.37
     7886       0.3379   5.37
     7887       0.3377   5.36
     7888       0.3384   5.36
     7889       0.3377   5.36
     7890       0.3362   5.36
     7891       0.3375   5.36
     7892       0.3374   5.36
     7893       0.3375   5.37
     7894       0.3372   5.37
     7895       0.3437   5.37
     7896       0.3372   5.36
     7897       0.3378   5.36
     7898       0.3378   5.37
     7899       0.3369   5.37
     7900       0.3539   5.37
     7901       0.3473   5.37
     7902       0.3377   5.37
     7903       0.3369   5.36
     7904       0.3377   5.36
     7905       0.3377   5.36
     7906       0.3376   5.37
     7907       0.3496   5.37
     7908       0.3380   5.36
     7909       0.3373   5.36
     7910       0.3391   5.36
     7911       0.3438   5.36
     7912       0.3375   5.36
     7913       0.3377   5.36
     7914       0.3376   5.36
     7915       0.3378   5.36
     7916       0.3534   5.36
     7917       0.3378   5.36
     7918       0.3373   5.36
     7919       0.3545   5.36
     7920       0.3477   5.36
     7921       0.3378   5.36
     7922       0.3375   5.36
     7923       0.3383   5.36
     7924       0.3387   5.36
     7925       0.3373   5.37
     7926       0.3496   5.37
     7927       0.3421   5.36
     7928       0.3380   5.36
     7929       0.3512   5.36
     7930       0.3378   5.37
     7931       0.3364   5.37
     7932       0.3531   5.37
     7933       0.3455   5.36
     7934       0.3379   5.36
     7935       0.3370   5.37
     7936       0.3470   5.37
     7937       0.3382   5.36
     7938       0.3369   5.36
     7939       0.3378   5.36
     7940       0.3380   5.36
     7941       0.3372   5.37
     7942       0.3382   5.37
     7943       0.3378   5.36
     7944       0.3375   5.36
     7945       0.3374   5.36
     7946       0.3375   5.36
     7947       0.3368   5.36
     7948       0.3379   5.36
     7949       0.3376   5.37
     7950       0.3372   5.36
     7951       0.3383   5.36
     7952       0.3376   5.36
     7953       0.3378   5.36
     7954       0.3375   5.36
     7955       0.3381   5.36
     7956       0.3376   5.37
     7957       0.3379   5.37
     7958       0.3380   5.36
     7959       0.3374   5.36
     7960       0.3378   5.36
     7961       0.3380   5.36
     7962       0.3377   5.37
     7963       0.3365   5.36
     7964       0.3380   5.36
     7965       0.3370   5.36
     7966       0.3365   5.37
     7967       0.3381   5.37
     7968       0.3396   5.37
     7969       0.3360   5.37
     7970       0.3380   5.37
     7971       0.3382   5.36
     7972       0.3379   5.36
     7973       0.3385   5.36
     7974       0.3376   5.36
     7975       0.3361   5.36
     7976       0.3374   5.36
     7977       0.3376   5.37
     7978       0.3366   5.36
     7979       0.3381   5.36
     7980       0.3377   5.36
     7981       0.3372   5.37
     7982       0.3378   5.37
     7983       0.3375   5.37
     7984       0.3373   5.36
     7985       0.3377   5.36
     7986       0.3372   5.36
     7987       0.3370   5.37
     7988       0.3374   5.37
     7989       0.3376   5.37
     7990       0.3359   5.37
     7991       0.3379   5.37
     7992       0.3384   5.37
     7993       0.3380   5.37
     7994       0.3370   5.36
     7995       0.3378   5.36
     7996       0.3384   5.36
     7997       0.3371   5.36
     7998       0.3376   5.36
     7999       0.3370   5.37
     8000       0.3358   5.37
     8001       0.3480   5.37
     8002       0.3374   5.36
     8003       0.3371   5.36
     8004       0.3374   5.36
     8005       0.3375   5.37
     8006       0.3359   5.36
     8007       0.3505   5.36
     8008       0.3379   5.37
     8009       0.3372   5.37
     8010       0.3384   5.37
     8011       0.3378   5.37
     8012       0.3362   5.37
     8013       0.3381   5.37
     8014       0.3377   5.36
     8015       0.3378   5.37
     8016       0.3377   5.37
     8017       0.3375   5.36
     8018       0.3376   5.36
     8019       0.3371   5.36
     8020       0.3378   5.36
     8021       0.3388   5.37
     8022       0.3376   5.37
     8023       0.3381   5.37
     8024       0.3378   5.36
     8025       0.3371   5.36
     8026       0.3482   5.36
     8027       0.3387   5.36
     8028       0.3377   5.36
     8029       0.3501   5.36
     8030       0.3379   5.36
     8031       0.3374   5.36
     8032       0.3374   5.36
     8033       0.3378   5.36
     8034       0.3370   5.36
     8035       0.3380   5.36
     8036       0.3375   5.36
     8037       0.3357   5.36
     8038       0.3378   5.36
     8039       0.3376   5.36
     8040       0.3377   5.36
     8041       0.3383   5.36
     8042       0.3378   5.36
     8043       0.3371   5.36
     8044       0.3377   5.36
     8045       0.3377   5.36
     8046       0.3372   5.37
     8047       0.3364   5.37
     8048       0.3382   5.37
     8049       0.3400   5.37
     8050       0.3370   5.36
     8051       0.3380   5.36
     8052       0.3378   5.37
     8053       0.3371   5.36
     8054       0.3494   5.36
     8055       0.3372   5.36
     8056       0.3369   5.36
     8057       0.3379   5.36
     8058       0.3375   5.36
     8059       0.3378   5.37
     8060       0.3381   5.37
     8061       0.3378   5.36
     8062       0.3378   5.36
     8063       0.3528   5.36
     8064       0.3388   5.36
     8065       0.3368   5.36
     8066       0.3372   5.36
     8067       0.3379   5.36
     8068       0.3367   5.36
     8069       0.3475   5.36
     8070       0.3384   5.36
     8071       0.3376   5.36
     8072       0.3373   5.37
     8073       0.3373   5.37
     8074       0.3380   5.36
     8075       0.3372   5.36
     8076       0.3377   5.36
     8077       0.3372   5.36
     8078       0.3367   5.37
     8079       0.3372   5.37
     8080       0.3418   5.37
     8081       0.3370   5.37
     8082       0.3373   5.37
     8083       0.3428   5.36
     8084       0.3371   5.36
     8085       0.3380   5.36
     8086       0.3384   5.37
     8087       0.3370   5.36
     8088       0.3376   5.36
     8089       0.3443   5.36
     8090       0.3367   5.36
     8091       0.3371   5.36
     8092       0.3455   5.36
     8093       0.3380   5.37
     8094       0.3375   5.37
     8095       0.3380   5.37
     8096       0.3372   5.36
     8097       0.3368   5.36
     8098       0.3376   5.36
     8099       0.3373   5.37
     8100       0.3380   5.37
     8101       0.3379   5.37
     8102       0.3378   5.36
     8103       0.3367   5.36
     8104       0.3374   5.36
     8105       0.3374   5.36
     8106       0.3375   5.37
     8107       0.3505   5.37
     8108       0.3384   5.36
     8109       0.3360   5.36
     8110       0.3377   5.36
     8111       0.3378   5.37
     8112       0.3372   5.37
     8113       0.3523   5.37
     8114       0.3380   5.36
     8115       0.3372   5.36
     8116       0.3376   5.36
     8117       0.3373   5.37
     8118       0.3372   5.36
     8119       0.3369   5.36
     8120       0.3382   5.36
     8121       0.3374   5.36
     8122       0.3374   5.37
     8123       0.3382   5.37
     8124       0.3383   5.37
     8125       0.3369   5.36
     8126       0.3379   5.36
     8127       0.3373   5.36
     8128       0.3368   5.36
     8129       0.3380   5.36
     8130       0.3416   5.36
     8131       0.3373   5.36
     8132       0.3504   5.36
     8133       0.3376   5.36
     8134       0.3362   5.37
     8135       0.3376   5.37
     8136       0.3380   5.36
     8137       0.3372   5.36
     8138       0.3525   5.36
     8139       0.3453   5.36
     8140       0.3375   5.36
     8141       0.3547   5.36
     8142       0.3385   5.36
     8143       0.3382   5.36
     8144       0.3372   5.36
     8145       0.3376   5.36
     8146       0.3386   5.36
     8147       0.3373   5.36
     8148       0.3493   5.36
     8149       0.3383   5.36
     8150       0.3370   5.36
     8151       0.3384   5.36
     8152       0.3384   5.37
     8153       0.3376   5.36
     8154       0.3381   5.36
     8155       0.3384   5.36
     8156       0.3372   5.36
     8157       0.3378   5.36
     8158       0.3375   5.36
     8159       0.3362   5.36
     8160       0.3371   5.36
     8161       0.3372   5.37
     8162       0.3369   5.37
     8163       0.3378   5.37
     8164       0.3378   5.36
     8165       0.3379   5.36
     8166       0.3366   5.36
     8167       0.3379   5.36
     8168       0.3375   5.37
     8169       0.3363   5.37
     8170       0.3381   5.37
     8171       0.3373   5.37
     8172       0.3364   5.37
     8173       0.3377   5.37
     8174       0.3370   5.36
     8175       0.3371   5.37
     8176       0.3382   5.37
     8177       0.3377   5.37
     8178       0.3373   5.36
     8179       0.3386   5.36
     8180       0.3383   5.36
     8181       0.3365   5.36
     8182       0.3381   5.36
     8183       0.3375   5.36
     8184       0.3367   5.36
     8185       0.3370   5.36
     8186       0.3435   5.36
     8187       0.3375   5.36
     8188       0.3370   5.36
     8189       0.3379   5.36
     8190       0.3366   5.36
     8191       0.3383   5.36
     8192       0.3454   5.36
     8193       0.3369   5.36
     8194       0.3366   5.36
     8195       0.3376   5.36
     8196       0.3383   5.36
     8197       0.3361   5.37
     8198       0.3378   5.37
     8199       0.3388   5.36
     8200       0.3371   5.36
     8201       0.3380   5.36
     8202       0.3408   5.36
     8203       0.3375   5.36
     8204       0.3372   5.36
     8205       0.3368   5.36
     8206       0.3369   5.36
     8207       0.3372   5.36
     8208       0.3379   5.36
     8209       0.3366   5.36
     8210       0.3382   5.36
     8211       0.3378   5.36
     8212       0.3373   5.36
     8213       0.3382   5.36
     8214       0.3377   5.36
     8215       0.3367   5.36
     8216       0.3380   5.36
     8217       0.3375   5.36
     8218       0.3364   5.36
     8219       0.3371   5.36
     8220       0.3375   5.37
     8221       0.3378   5.37
     8222       0.3545   5.37
     8223       0.3375   5.36
     8224       0.3373   5.36
     8225       0.3377   5.36
     8226       0.3479   5.36
     8227       0.3373   5.37
     8228       0.3373   5.36
     8229       0.3377   5.36
     8230       0.3374   5.36
     8231       0.3362   5.37
     8232       0.3381   5.37
     8233       0.3378   5.36
     8234       0.3363   5.37
     8235       0.3501   5.37
     8236       0.3384   5.37
     8237       0.3375   5.37
     8238       0.3375   5.37
     8239       0.3378   5.36
     8240       0.3372   5.36
     8241       0.3371   5.36
     8242       0.3446   5.36
     8243       0.3369   5.36
     8244       0.3385   5.36
     8245       0.3379   5.36
     8246       0.3379   5.36
     8247       0.3357   5.36
     8248       0.3371   5.36
     8249       0.3373   5.37
     8250       0.3370   5.37
     8251       0.3378   5.37
     8252       0.3380   5.37
     8253       0.3374   5.37
     8254       0.3492   5.37
     8255       0.3381   5.36
     8256       0.3378   5.36
     8257       0.3387   5.36
     8258       0.3384   5.36
     8259       0.3378   5.36
     8260       0.3381   5.36
     8261       0.3390   5.36
     8262       0.3379   5.36
     8263       0.3379   5.36
     8264       0.3379   5.36
     8265       0.3360   5.36
     8266       0.3375   5.36
     8267       0.3374   5.36
     8268       0.3374   5.36
     8269       0.3386   5.36
     8270       0.3382   5.36
     8271       0.3364   5.36
     8272       0.3389   5.36
     8273       0.3380   5.36
     8274       0.3383   5.36
     8275       0.3372   5.36
     8276       0.3471   5.36
     8277       0.3389   5.36
     8278       0.3366   5.36
     8279       0.3374   5.36
     8280       0.3372   5.36
     8281       0.3378   5.36
     8282       0.3382   5.36
     8283       0.3416   5.36
     8284       0.3373   5.36
     8285       0.3381   5.36
     8286       0.3381   5.36
     8287       0.3368   5.36
     8288       0.3514   5.36
     8289       0.3436   5.36
     8290       0.3368   5.36
     8291       0.3374   5.36
     8292       0.3444   5.36
     8293       0.3369   5.36
     8294       0.3381   5.36
     8295       0.3462   5.37
     8296       0.3377   5.36
     8297       0.3365   5.36
     8298       0.3367   5.36
     8299       0.3378   5.37
     8300       0.3372   5.37
     8301       0.3383   5.37
     8302       0.3384   5.36
     8303       0.3375   5.36
     8304       0.3493   5.36
     8305       0.3380   5.36
     8306       0.3371   5.36
     8307       0.3378   5.36
     8308       0.3376   5.36
     8309       0.3366   5.36
     8310       0.3372   5.36
     8311       0.3428   5.37
     8312       0.3375   5.37
     8313       0.3383   5.37
     8314       0.3453   5.37
     8315       0.3364   5.36
     8316       0.3379   5.36
     8317       0.3464   5.36
     8318       0.3383   5.36
     8319       0.3375   5.36
     8320       0.3375   5.36
     8321       0.3381   5.36
     8322       0.3367   5.36
     8323       0.3384   5.36
     8324       0.3385   5.36
     8325       0.3376   5.36
     8326       0.3381   5.36
     8327       0.3377   5.36
     8328       0.3372   5.36
     8329       0.3499   5.36
     8330       0.3413   5.36
     8331       0.3367   5.36
     8332       0.3383   5.36
     8333       0.3377   5.36
     8334       0.3369   5.36
     8335       0.3378   5.36
     8336       0.3379   5.36
     8337       0.3366   5.36
     8338       0.3381   5.36
     8339       0.3383   5.36
     8340       0.3377   5.36
     8341       0.3382   5.36
     8342       0.3378   5.36
     8343       0.3373   5.36
     8344       0.3376   5.36
     8345       0.3381   5.37
     8346       0.3380   5.36
     8347       0.3365   5.36
     8348       0.3395   5.36
     8349       0.3378   5.36
     8350       0.3366   5.37
     8351       0.3380   5.37
     8352       0.3409   5.36
     8353       0.3366   5.36
     8354       0.3384   5.36
     8355       0.3380   5.36
     8356       0.3375   5.36
     8357       0.3502   5.36
     8358       0.3425   5.36
     8359       0.3368   5.36
     8360       0.3377   5.36
     8361       0.3375   5.36
     8362       0.3370   5.36
     8363       0.3471   5.36
     8364       0.3373   5.36
     8365       0.3362   5.36
     8366       0.3372   5.36
     8367       0.3379   5.36
     8368       0.3376   5.37
     8369       0.3372   5.36
     8370       0.3380   5.36
     8371       0.3387   5.36
     8372       0.3377   5.37
     8373       0.3380   5.37
     8374       0.3378   5.36
     8375       0.3373   5.36
     8376       0.3375   5.36
     8377       0.3410   5.36
     8378       0.3370   5.36
     8379       0.3369   5.36
     8380       0.3371   5.36
     8381       0.3367   5.37
     8382       0.3373   5.37
     8383       0.3378   5.36
     8384       0.3361   5.37
     8385       0.3375   5.37
     8386       0.3373   5.37
     8387       0.3362   5.37
     8388       0.3515   5.37
     8389       0.3373   5.37
     8390       0.3367   5.37
     8391       0.3532   5.37
     8392       0.3386   5.36
     8393       0.3380   5.37
     8394       0.3370   5.37
     8395       0.3383   5.37
     8396       0.3377   5.36
     8397       0.3364   5.36
     8398       0.3372   5.36
     8399       0.3373   5.36
     8400       0.3358   5.37
     8401       0.3377   5.37
     8402       0.3373   5.37
     8403       0.3371   5.37
     8404       0.3378   5.37
     8405       0.3378   5.36
     8406       0.3368   5.37
     8407       0.3381   5.37
     8408       0.3379   5.36
     8409       0.3366   5.36
     8410       0.3386   5.36
     8411       0.3385   5.37
     8412       0.3373   5.37
     8413       0.3387   5.37
     8414       0.3445   5.36
     8415       0.3370   5.36
     8416       0.3382   5.36
     8417       0.3377   5.36
     8418       0.3368   5.36
     8419       0.3543   5.36
     8420       0.3379   5.36
     8421       0.3380   5.36
     8422       0.3374   5.36
     8423       0.3375   5.36
     8424       0.3371   5.36
     8425       0.3375   5.37
     8426       0.3378   5.37
     8427       0.3383   5.37
     8428       0.3367   5.36
     8429       0.3384   5.36
     8430       0.3387   5.36
     8431       0.3380   5.36
     8432       0.3382   5.36
     8433       0.3383   5.36
     8434       0.3377   5.37
     8435       0.3387   5.37
     8436       0.3375   5.36
     8437       0.3364   5.36
     8438       0.3383   5.36
     8439       0.3382   5.36
     8440       0.3369   5.36
     8441       0.3377   5.36
     8442       0.3382   5.36
     8443       0.3371   5.36
     8444       0.3379   5.36
     8445       0.3372   5.36
     8446       0.3365   5.36
     8447       0.3378   5.36
     8448       0.3379   5.36
     8449       0.3380   5.36
     8450       0.3373   5.37
     8451       0.3375   5.37
     8452       0.3387   5.36
     8453       0.3360   5.36
     8454       0.3374   5.36
     8455       0.3376   5.36
     8456       0.3364   5.37
     8457       0.3373   5.37
     8458       0.3374   5.37
     8459       0.3366   5.36
     8460       0.3372   5.36
     8461       0.3376   5.37
     8462       0.3361   5.37
     8463       0.3494   5.37
     8464       0.3374   5.36
     8465       0.3368   5.37
     8466       0.3513   5.37
     8467       0.3376   5.37
     8468       0.3373   5.37
     8469       0.3378   5.37
     8470       0.3377   5.37
     8471       0.3369   5.37
     8472       0.3382   5.37
     8473       0.3374   5.36
     8474       0.3364   5.36
     8475       0.3380   5.36
     8476       0.3468   5.37
     8477       0.3376   5.36
     8478       0.3380   5.36
     8479       0.3393   5.36
     8480       0.3384   5.36
     8481       0.3367   5.36
     8482       0.3386   5.36
     8483       0.3414   5.36
     8484       0.3375   5.36
     8485       0.3502   5.36
     8486       0.3382   5.36
     8487       0.3368   5.36
     8488       0.3377   5.36
     8489       0.3374   5.36
     8490       0.3371   5.36
     8491       0.3524   5.36
     8492       0.3376   5.36
     8493       0.3371   5.37
     8494       0.3374   5.37
     8495       0.3453   5.36
     8496       0.3376   5.37
     8497       0.3369   5.37
     8498       0.3470   5.37
     8499       0.3382   5.37
     8500       0.3372   5.36
     8501       0.3375   5.36
     8502       0.3385   5.36
     8503       0.3377   5.37
     8504       0.3382   5.37
     8505       0.3375   5.37
     8506       0.3371   5.37
     8507       0.3377   5.37
     8508       0.3377   5.36
     8509       0.3376   5.36
     8510       0.3383   5.36
     8511       0.3382   5.36
     8512       0.3369   5.37
     8513       0.3511   5.37
     8514       0.3445   5.36
     8515       0.3372   5.37
     8516       0.3542   5.37
     8517       0.3381   5.37
     8518       0.3374   5.36
     8519       0.3363   5.36
     8520       0.3467   5.36
     8521       0.3372   5.36
     8522       0.3371   5.37
     8523       0.3379   5.37
     8524       0.3409   5.36
     8525       0.3371   5.36
     8526       0.3496   5.36
     8527       0.3375   5.36
     8528       0.3373   5.36
     8529       0.3381   5.36
     8530       0.3377   5.37
     8531       0.3363   5.36
     8532       0.3368   5.36
     8533       0.3372   5.36
     8534       0.3359   5.37
     8535       0.3370   5.37
     8536       0.3438   5.37
     8537       0.3363   5.36
     8538       0.3382   5.36
     8539       0.3384   5.37
     8540       0.3374   5.37
     8541       0.3378   5.37
     8542       0.3376   5.36
     8543       0.3381   5.36
     8544       0.3368   5.37
     8545       0.3376   5.37
     8546       0.3376   5.36
     8547       0.3372   5.36
     8548       0.3371   5.36
     8549       0.3378   5.37
     8550       0.3367   5.37
     8551       0.3485   5.37
     8552       0.3377   5.37
     8553       0.3366   5.37
     8554       0.3499   5.37
     8555       0.3370   5.37
     8556       0.3366   5.36
     8557       0.3382   5.36
     8558       0.3382   5.37
     8559       0.3378   5.36
     8560       0.3373   5.36
     8561       0.3369   5.36
     8562       0.3365   5.37
     8563       0.3377   5.37
     8564       0.3376   5.37
     8565       0.3368   5.37
     8566       0.3535   5.37
     8567       0.3464   5.36
     8568       0.3382   5.36
     8569       0.3370   5.37
     8570       0.3387   5.37
     8571       0.3403   5.37
     8572       0.3364   5.36
     8573       0.3376   5.36
     8574       0.3386   5.36
     8575       0.3372   5.36
     8576       0.3377   5.36
     8577       0.3373   5.36
     8578       0.3368   5.36
     8579       0.3380   5.36
     8580       0.3374   5.37
     8581       0.3373   5.36
     8582       0.3514   5.36
     8583       0.3378   5.37
     8584       0.3366   5.36
     8585       0.3379   5.36
     8586       0.3378   5.37
     8587       0.3375   5.37
     8588       0.3539   5.37
     8589       0.3468   5.37
     8590       0.3381   5.36
     8591       0.3381   5.36
     8592       0.3381   5.36
     8593       0.3399   5.36
     8594       0.3378   5.36
     8595       0.3380   5.36
     8596       0.3381   5.37
     8597       0.3377   5.36
     8598       0.3373   5.36
     8599       0.3412   5.36
     8600       0.3373   5.36
     8601       0.3381   5.36
     8602       0.3383   5.36
     8603       0.3371   5.37
     8604       0.3511   5.37
     8605       0.3370   5.36
     8606       0.3371   5.37
     8607       0.3371   5.37
     8608       0.3445   5.37
     8609       0.3374   5.37
     8610       0.3384   5.37
     8611       0.3378   5.37
     8612       0.3379   5.36
     8613       0.3368   5.36
     8614       0.3378   5.36
     8615       0.3374   5.36
     8616       0.3360   5.36
     8617       0.3473   5.36
     8618       0.3396   5.36
     8619       0.3371   5.37
     8620       0.3382   5.37
     8621       0.3375   5.36
     8622       0.3373   5.37
     8623       0.3378   5.37
     8624       0.3380   5.36
     8625       0.3374   5.36
     8626       0.3380   5.36
     8627       0.3436   5.37
     8628       0.3362   5.36
     8629       0.3375   5.36
     8630       0.3378   5.36
     8631       0.3378   5.36
     8632       0.3375   5.36
     8633       0.3376   5.37
     8634       0.3383   5.36
     8635       0.3537   5.36
     8636       0.3378   5.36
     8637       0.3373   5.36
     8638       0.3371   5.36
     8639       0.3376   5.36
     8640       0.3376   5.37
     8641       0.3372   5.37
     8642       0.3382   5.37
     8643       0.3373   5.37
     8644       0.3362   5.36
     8645       0.3382   5.36
     8646       0.3376   5.36
     8647       0.3364   5.36
     8648       0.3373   5.36
     8649       0.3368   5.36
     8650       0.3369   5.37
     8651       0.3383   5.37
     8652       0.3374   5.36
     8653       0.3365   5.36
     8654       0.3383   5.36
     8655       0.3385   5.37
     8656       0.3375   5.37
     8657       0.3373   5.37
     8658       0.3378   5.36
     8659       0.3376   5.36
     8660       0.3535   5.36
     8661       0.3376   5.36
     8662       0.3368   5.36
     8663       0.3367   5.36
     8664       0.3375   5.36
     8665       0.3380   5.37
     8666       0.3373   5.36
     8667       0.3379   5.36
     8668       0.3392   5.37
     8669       0.3367   5.36
     8670       0.3381   5.36
     8671       0.3375   5.37
     8672       0.3370   5.36
     8673       0.3370   5.36
     8674       0.3373   5.36
     8675       0.3366   5.37
     8676       0.3374   5.37
     8677       0.3415   5.37
     8678       0.3369   5.36
     8679       0.3508   5.36
     8680       0.3472   5.36
     8681       0.3369   5.37
     8682       0.3529   5.37
     8683       0.3376   5.37
     8684       0.3374   5.37
     8685       0.3377   5.37
     8686       0.3378   5.36
     8687       0.3377   5.36
     8688       0.3367   5.36
     8689       0.3373   5.36
     8690       0.3368   5.37
     8691       0.3368   5.37
     8692       0.3474   5.37
     8693       0.3370   5.37
     8694       0.3366   5.37
     8695       0.3373   5.37
     8696       0.3373   5.37
     8697       0.3363   5.37
     8698       0.3502   5.37
     8699       0.3371   5.36
     8700       0.3362   5.36
     8701       0.3377   5.36
     8702       0.3428   5.37
     8703       0.3364   5.37
     8704       0.3378   5.37
     8705       0.3381   5.37
     8706       0.3371   5.37
     8707       0.3380   5.37
     8708       0.3374   5.37
     8709       0.3368   5.37
     8710       0.3377   5.37
     8711       0.3374   5.36
     8712       0.3379   5.37
     8713       0.3368   5.37
     8714       0.3380   5.37
     8715       0.3380   5.36
     8716       0.3372   5.36
     8717       0.3378   5.36
     8718       0.3384   5.37
     8719       0.3372   5.36
     8720       0.3379   5.36
     8721       0.3373   5.36
     8722       0.3367   5.37
     8723       0.3374   5.37
     8724       0.3383   5.37
     8725       0.3374   5.36
     8726       0.3378   5.36
     8727       0.3372   5.37
     8728       0.3372   5.36
     8729       0.3377   5.36
     8730       0.3381   5.36
     8731       0.3372   5.37
     8732       0.3379   5.37
     8733       0.3378   5.37
     8734       0.3372   5.36
     8735       0.3387   5.36
     8736       0.3376   5.36
     8737       0.3366   5.36
     8738       0.3376   5.36
     8739       0.3372   5.36
     8740       0.3362   5.37
     8741       0.3374   5.37
     8742       0.3375   5.37
     8743       0.3364   5.37
     8744       0.3370   5.36
     8745       0.3469   5.36
     8746       0.3399   5.37
     8747       0.3372   5.37
     8748       0.3481   5.37
     8749       0.3381   5.36
     8750       0.3373   5.37
     8751       0.3502   5.37
     8752       0.3381   5.36
     8753       0.3370   5.36
     8754       0.3376   5.36
     8755       0.3375   5.37
     8756       0.3373   5.36
     8757       0.3519   5.36
     8758       0.3378   5.36
     8759       0.3370   5.36
     8760       0.3384   5.36
     8761       0.3373   5.37
     8762       0.3371   5.37
     8763       0.3372   5.37
     8764       0.3376   5.37
     8765       0.3377   5.37
     8766       0.3368   5.36
     8767       0.3378   5.36
     8768       0.3386   5.37
     8769       0.3376   5.36
     8770       0.3380   5.36
     8771       0.3377   5.36
     8772       0.3379   5.36
     8773       0.3374   5.36
     8774       0.3409   5.36
     8775       0.3368   5.36
     8776       0.3500   5.36
     8777       0.3370   5.36
     8778       0.3361   5.36
     8779       0.3510   5.36
     8780       0.3430   5.37
     8781       0.3365   5.37
     8782       0.3381   5.37
     8783       0.3378   5.36
     8784       0.3369   5.36
     8785       0.3366   5.36
     8786       0.3374   5.37
     8787       0.3377   5.36
     8788       0.3379   5.36
     8789       0.3470   5.36
     8790       0.3373   5.36
     8791       0.3363   5.36
     8792       0.3378   5.36
     8793       0.3376   5.37
     8794       0.3370   5.36
     8795       0.3380   5.36
     8796       0.3379   5.36
     8797       0.3370   5.36
     8798       0.3491   5.36
     8799       0.3380   5.37
     8800       0.3377   5.37
     8801       0.3384   5.37
     8802       0.3424   5.36
     8803       0.3362   5.36
     8804       0.3370   5.36
     8805       0.3379   5.36
     8806       0.3367   5.36
     8807       0.3380   5.36
     8808       0.3378   5.37
     8809       0.3373   5.36
     8810       0.3383   5.36
     8811       0.3376   5.36
     8812       0.3378   5.36
     8813       0.3382   5.36
     8814       0.3372   5.36
     8815       0.3371   5.36
     8816       0.3367   5.36
     8817       0.3381   5.36
     8818       0.3377   5.37
     8819       0.3373   5.37
     8820       0.3377   5.37
     8821       0.3371   5.36
     8822       0.3373   5.36
     8823       0.3380   5.36
     8824       0.3414   5.36
     8825       0.3374   5.37
     8826       0.3378   5.37
     8827       0.3376   5.37
     8828       0.3369   5.36
     8829       0.3509   5.36
     8830       0.3377   5.36
     8831       0.3350   5.36
     8832       0.3370   5.36
     8833       0.3370   5.36
     8834       0.3372   5.36
     8835       0.3383   5.36
     8836       0.3383   5.36
     8837       0.3371   5.37
     8838       0.3542   5.37
     8839       0.3370   5.36
     8840       0.3381   5.36
     8841       0.3369   5.36
     8842       0.3382   5.36
     8843       0.3384   5.36
     8844       0.3371   5.36
     8845       0.3373   5.36
     8846       0.3377   5.36
     8847       0.3366   5.36
     8848       0.3376   5.36
     8849       0.3367   5.36
     8850       0.3362   5.36
     8851       0.3381   5.36
     8852       0.3385   5.36
     8853       0.3377   5.37
     8854       0.3381   5.37
     8855       0.3378   5.36
     8856       0.3379   5.36
     8857       0.3382   5.36
     8858       0.3382   5.36
     8859       0.3367   5.36
     8860       0.3380   5.36
     8861       0.3382   5.36
     8862       0.3384   5.36
     8863       0.3373   5.36
     8864       0.3378   5.36
     8865       0.3371   5.36
     8866       0.3371   5.36
     8867       0.3464   5.36
     8868       0.3378   5.36
     8869       0.3374   5.36
     8870       0.3382   5.36
     8871       0.3387   5.36
     8872       0.3362   5.36
     8873       0.3381   5.36
     8874       0.3402   5.36
     8875       0.3380   5.36
     8876       0.3379   5.36
     8877       0.3378   5.36
     8878       0.3381   5.36
     8879       0.3387   5.36
     8880       0.3380   5.36
     8881       0.3372   5.36
     8882       0.3377   5.36
     8883       0.3378   5.36
     8884       0.3369   5.36
     8885       0.3371   5.36
     8886       0.3369   5.36
     8887       0.3364   5.36
     8888       0.3529   5.36
     8889       0.3381   5.36
     8890       0.3371   5.36
     8891       0.3377   5.36
     8892       0.3460   5.36
     8893       0.3380   5.36
     8894       0.3371   5.36
     8895       0.3473   5.36
     8896       0.3373   5.36
     8897       0.3364   5.36
     8898       0.3379   5.36
     8899       0.3378   5.36
     8900       0.3365   5.37
     8901       0.3377   5.37
     8902       0.3381   5.36
     8903       0.3361   5.36
     8904       0.3506   5.36
     8905       0.3424   5.36
     8906       0.3373   5.36
     8907       0.3379   5.36
     8908       0.3382   5.37
     8909       0.3382   5.36
     8910       0.3382   5.36
     8911       0.3377   5.36
     8912       0.3377   5.36
     8913       0.3544   5.36
     8914       0.3384   5.36
     8915       0.3378   5.36
     8916       0.3376   5.36
     8917       0.3479   5.36
     8918       0.3374   5.36
     8919       0.3370   5.36
     8920       0.3491   5.36
     8921       0.3378   5.36
     8922       0.3374   5.36
     8923       0.3375   5.36
     8924       0.3373   5.36
     8925       0.3369   5.37
     8926       0.3371   5.37
     8927       0.3376   5.36
     8928       0.3374   5.36
     8929       0.3519   5.36
     8930       0.3377   5.36
     8931       0.3375   5.36
     8932       0.3383   5.36
     8933       0.3379   5.36
     8934       0.3370   5.36
     8935       0.3374   5.36
     8936       0.3378   5.36
     8937       0.3388   5.36
     8938       0.3369   5.36
     8939       0.3378   5.36
     8940       0.3389   5.36
     8941       0.3368   5.36
     8942       0.3382   5.36
     8943       0.3374   5.36
     8944       0.3366   5.36
     8945       0.3387   5.36
     8946       0.3378   5.36
     8947       0.3375   5.36
     8948       0.3497   5.36
     8949       0.3382   5.36
     8950       0.3375   5.37
     8951       0.3379   5.37
     8952       0.3430   5.36
     8953       0.3369   5.36
     8954       0.3376   5.36
     8955       0.3372   5.36
     8956       0.3370   5.37
     8957       0.3371   5.37
     8958       0.3377   5.37
     8959       0.3368   5.36
     8960       0.3540   5.36
     8961       0.3369   5.36
     8962       0.3374   5.36
     8963       0.3370   5.37
     8964       0.3377   5.37
     8965       0.3374   5.37
     8966       0.3360   5.37
     8967       0.3380   5.37
     8968       0.3390   5.36
     8969       0.3368   5.37
     8970       0.3372   5.37
     8971       0.3376   5.37
     8972       0.3367   5.37
     8973       0.3385   5.37
     8974       0.3413   5.36
     8975       0.3370   5.37
     8976       0.3471   5.37
     8977       0.3426   5.37
     8978       0.3369   5.37
     8979       0.3376   5.37
     8980       0.3444   5.37
     8981       0.3376   5.36
     8982       0.3373   5.36
     8983       0.3384   5.37
     8984       0.3371   5.37
     8985       0.3381   5.37
     8986       0.3466   5.36
     8987       0.3381   5.36
     8988       0.3374   5.36
     8989       0.3384   5.36
     8990       0.3381   5.36
     8991       0.3368   5.36
     8992       0.3380   5.36
     8993       0.3384   5.36
     8994       0.3373   5.36
     8995       0.3491   5.36
     8996       0.3384   5.36
     8997       0.3370   5.36
     8998       0.3510   5.36
     8999       0.3382   5.36
     9000       0.3370   5.36
     9001       0.3374   5.36
     9002       0.3382   5.36
     9003       0.3368   5.36
     9004       0.3380   5.36
     9005       0.3375   5.36
     9006       0.3371   5.36
     9007       0.3380   5.36
     9008       0.3382   5.36
     9009       0.3387   5.36
     9010       0.3366   5.36
     9011       0.3471   5.36
     9012       0.3378   5.36
     9013       0.3361   5.36
     9014       0.3370   5.36
     9015       0.3374   5.37
     9016       0.3361   5.37
     9017       0.3371   5.37
     9018       0.3381   5.36
     9019       0.3363   5.37
     9020       0.3383   5.37
     9021       0.3370   5.36
     9022       0.3369   5.36
     9023       0.3381   5.36
     9024       0.3381   5.36
     9025       0.3376   5.36
     9026       0.3378   5.36
     9027       0.3376   5.36
     9028       0.3367   5.36
     9029       0.3372   5.36
     9030       0.3369   5.36
     9031       0.3367   5.36
     9032       0.3379   5.36
     9033       0.3440   5.37
     9034       0.3376   5.37
     9035       0.3372   5.37
     9036       0.3373   5.37
     9037       0.3370   5.37
     9038       0.3364   5.37
     9039       0.3372   5.37
     9040       0.3379   5.36
     9041       0.3366   5.37
     9042       0.3437   5.37
     9043       0.3376   5.37
     9044       0.3374   5.37
     9045       0.3379   5.37
     9046       0.3401   5.37
     9047       0.3368   5.37
     9048       0.3375   5.37
     9049       0.3376   5.37
     9050       0.3361   5.37
     9051       0.3384   5.37
     9052       0.3429   5.37
     9053       0.3367   5.37
     9054       0.3522   5.37
     9055       0.3380   5.36
     9056       0.3373   5.36
     9057       0.3379   5.36
     9058       0.3384   5.37
     9059       0.3374   5.36
     9060       0.3377   5.36
     9061       0.3376   5.36
     9062       0.3374   5.36
     9063       0.3370   5.37
     9064       0.3375   5.37
     9065       0.3380   5.36
     9066       0.3369   5.36
     9067       0.3381   5.36
     9068       0.3378   5.36
     9069       0.3376   5.36
     9070       0.3381   5.36
     9071       0.3405   5.36
     9072       0.3370   5.36
     9073       0.3499   5.36
     9074       0.3384   5.36
     9075       0.3362   5.36
     9076       0.3509   5.36
     9077       0.3439   5.37
     9078       0.3371   5.36
     9079       0.3378   5.36
     9080       0.3378   5.36
     9081       0.3378   5.36
     9082       0.3380   5.36
     9083       0.3373   5.37
     9084       0.3379   5.36
     9085       0.3376   5.36
     9086       0.3379   5.36
     9087       0.3384   5.36
     9088       0.3371   5.36
     9089       0.3381   5.36
     9090       0.3376   5.36
     9091       0.3362   5.36
     9092       0.3379   5.36
     9093       0.3379   5.36
     9094       0.3367   5.36
     9095       0.3378   5.36
     9096       0.3384   5.36
     9097       0.3363   5.37
     9098       0.3378   5.37
     9099       0.3372   5.37
     9100       0.3365   5.36
     9101       0.3376   5.36
     9102       0.3378   5.36
     9103       0.3372   5.36
     9104       0.3377   5.36
     9105       0.3434   5.37
     9106       0.3370   5.37
     9107       0.3527   5.37
     9108       0.3381   5.37
     9109       0.3369   5.36
     9110       0.3543   5.36
     9111       0.3467   5.36
     9112       0.3381   5.36
     9113       0.3369   5.36
     9114       0.3371   5.36
     9115       0.3378   5.37
     9116       0.3367   5.37
     9117       0.3378   5.37
     9118       0.3374   5.37
     9119       0.3374   5.37
     9120       0.3500   5.37
     9121       0.3381   5.37
     9122       0.3381   5.36
     9123       0.3383   5.36
     9124       0.3439   5.36
     9125       0.3364   5.36
     9126       0.3370   5.36
     9127       0.3444   5.36
     9128       0.3380   5.37
     9129       0.3373   5.37
     9130       0.3372   5.36
     9131       0.3371   5.36
     9132       0.3377   5.36
     9133       0.3367   5.36
     9134       0.3381   5.37
     9135       0.3365   5.37
     9136       0.3373   5.37
     9137       0.3385   5.37
     9138       0.3372   5.37
     9139       0.3378   5.37
     9140       0.3375   5.37
     9141       0.3369   5.36
     9142       0.3372   5.36
     9143       0.3381   5.36
     9144       0.3372   5.37
     9145       0.3382   5.37
     9146       0.3420   5.36
     9147       0.3374   5.36
     9148       0.3376   5.36
     9149       0.3371   5.36
     9150       0.3367   5.36
     9151       0.3365   5.36
     9152       0.3433   5.37
     9153       0.3370   5.37
     9154       0.3383   5.37
     9155       0.3385   5.36
     9156       0.3370   5.36
     9157       0.3374   5.36
     9158       0.3379   5.36
     9159       0.3374   5.37
     9160       0.3379   5.37
     9161       0.3460   5.37
     9162       0.3373   5.36
     9163       0.3363   5.36
     9164       0.3372   5.36
     9165       0.3385   5.36
     9166       0.3375   5.37
     9167       0.3381   5.37
     9168       0.3379   5.36
     9169       0.3367   5.36
     9170       0.3379   5.36
     9171       0.3381   5.36
     9172       0.3365   5.37
     9173       0.3490   5.37
     9174       0.3370   5.37
     9175       0.3368   5.37
     9176       0.3373   5.37
     9177       0.3425   5.37
     9178       0.3372   5.37
     9179       0.3375   5.37
     9180       0.3431   5.37
     9181       0.3371   5.37
     9182       0.3536   5.37
     9183       0.3375   5.36
     9184       0.3376   5.37
     9185       0.3362   5.36
     9186       0.3376   5.36
     9187       0.3378   5.36
     9188       0.3373   5.37
     9189       0.3378   5.37
     9190       0.3379   5.36
     9191       0.3374   5.36
     9192       0.3382   5.36
     9193       0.3375   5.37
     9194       0.3374   5.36
     9195       0.3378   5.36
     9196       0.3408   5.36
     9197       0.3361   5.36
     9198       0.3382   5.36
     9199       0.3384   5.36
     9200       0.3375   5.37
     9201       0.3379   5.37
     9202       0.3387   5.36
     9203       0.3377   5.36
     9204       0.3382   5.36
     9205       0.3445   5.36
     9206       0.3365   5.36
     9207       0.3369   5.36
     9208       0.3447   5.36
     9209       0.3376   5.36
     9210       0.3552   5.36
     9211       0.3471   5.36
     9212       0.3385   5.36
     9213       0.3364   5.36
     9214       0.3370   5.36
     9215       0.3404   5.36
     9216       0.3363   5.36
     9217       0.3382   5.36
     9218       0.3382   5.36
     9219       0.3374   5.36
     9220       0.3374   5.36
     9221       0.3381   5.36
     9222       0.3377   5.36
     9223       0.3518   5.36
     9224       0.3379   5.36
     9225       0.3381   5.36
     9226       0.3376   5.36
     9227       0.3383   5.36
     9228       0.3377   5.36
     9229       0.3379   5.36
     9230       0.3373   5.36
     9231       0.3369   5.36
     9232       0.3372   5.36
     9233       0.3464   5.36
     9234       0.3387   5.36
     9235       0.3364   5.36
     9236       0.3376   5.36
     9237       0.3371   5.36
     9238       0.3378   5.36
     9239       0.3480   5.36
     9240       0.3380   5.36
     9241       0.3366   5.37
     9242       0.3380   5.37
     9243       0.3428   5.37
     9244       0.3372   5.36
     9245       0.3381   5.36
     9246       0.3376   5.36
     9247       0.3366   5.36
     9248       0.3374   5.36
     9249       0.3377   5.37
     9250       0.3364   5.36
     9251       0.3380   5.36
     9252       0.3376   5.37
     9253       0.3370   5.37
     9254       0.3375   5.37
     9255       0.3379   5.36
     9256       0.3367   5.37
     9257       0.3380   5.37
     9258       0.3376   5.36
     9259       0.3379   5.36
     9260       0.3373   5.36
     9261       0.3376   5.36
     9262       0.3382   5.37
     9263       0.3373   5.36
     9264       0.3371   5.36
     9265       0.3369   5.36
     9266       0.3364   5.36
     9267       0.3375   5.36
     9268       0.3385   5.37
     9269       0.3372   5.37
     9270       0.3377   5.37
     9271       0.3372   5.36
     9272       0.3361   5.36
     9273       0.3380   5.36
     9274       0.3381   5.36
     9275       0.3369   5.36
     9276       0.3514   5.36
     9277       0.3375   5.37
     9278       0.3364   5.36
     9279       0.3378   5.36
     9280       0.3443   5.36
     9281       0.3365   5.37
     9282       0.3372   5.37
     9283       0.3374   5.36
     9284       0.3364   5.37
     9285       0.3369   5.37
     9286       0.3375   5.36
     9287       0.3386   5.37
     9288       0.3374   5.36
     9289       0.3382   5.36
     9290       0.3377   5.37
     9291       0.3371   5.37
     9292       0.3376   5.37
     9293       0.3378   5.37
     9294       0.3369   5.37
     9295       0.3473   5.37
     9296       0.3379   5.36
     9297       0.3371   5.36
     9298       0.3378   5.36
     9299       0.3417   5.37
     9300       0.3365   5.37
     9301       0.3373   5.37
     9302       0.3423   5.37
     9303       0.3361   5.37
     9304       0.3518   5.37
     9305       0.3459   5.37
     9306       0.3372   5.37
     9307       0.3376   5.37
     9308       0.3383   5.36
     9309       0.3379   5.37
     9310       0.3378   5.36
     9311       0.3473   5.36
     9312       0.3403   5.36
     9313       0.3376   5.36
     9314       0.3486   5.36
     9315       0.3411   5.36
     9316       0.3360   5.36
     9317       0.3497   5.36
     9318       0.3384   5.37
     9319       0.3368   5.37
     9320       0.3381   5.37
     9321       0.3376   5.36
     9322       0.3368   5.36
     9323       0.3378   5.36
     9324       0.3383   5.37
     9325       0.3378   5.37
     9326       0.3383   5.37
     9327       0.3377   5.36
     9328       0.3358   5.36
     9329       0.3373   5.36
     9330       0.3377   5.36
     9331       0.3391   5.37
     9332       0.3367   5.36
     9333       0.3376   5.36
     9334       0.3381   5.37
     9335       0.3373   5.36
     9336       0.3469   5.36
     9337       0.3383   5.36
     9338       0.3370   5.37
     9339       0.3377   5.37
     9340       0.3373   5.36
     9341       0.3371   5.36
     9342       0.3384   5.36
     9343       0.3374   5.36
     9344       0.3375   5.37
     9345       0.3506   5.37
     9346       0.3377   5.36
     9347       0.3375   5.37
     9348       0.3519   5.37
     9349       0.3379   5.37
     9350       0.3377   5.36
     9351       0.3542   5.36
     9352       0.3378   5.36
     9353       0.3381   5.36
     9354       0.3371   5.36
     9355       0.3379   5.36
     9356       0.3379   5.37
     9357       0.3368   5.37
     9358       0.3384   5.37
     9359       0.3379   5.36
     9360       0.3371   5.36
     9361       0.3375   5.36
     9362       0.3418   5.36
     9363       0.3367   5.36
     9364       0.3500   5.36
     9365       0.3375   5.36
     9366       0.3370   5.37
     9367       0.3378   5.37
     9368       0.3378   5.36
     9369       0.3375   5.36
     9370       0.3386   5.36
     9371       0.3380   5.36
     9372       0.3381   5.36
     9373       0.3391   5.36
     9374       0.3381   5.37
     9375       0.3369   5.36
     9376       0.3384   5.36
     9377       0.3381   5.36
     9378       0.3386   5.36
     9379       0.3375   5.36
     9380       0.3379   5.36
     9381       0.3390   5.36
     9382       0.3371   5.35
     9383       0.3380   5.35
     9384       0.3376   5.36
     9385       0.3370   5.36
     9386       0.3380   5.36
     9387       0.3381   5.36
     9388       0.3367   5.36
     9389       0.3374   5.36
     9390       0.3369   5.36
     9391       0.3372   5.36
     9392       0.3380   5.36
     9393       0.3372   5.36
     9394       0.3368   5.36
     9395       0.3379   5.36
     9396       0.3378   5.36
     9397       0.3371   5.36
     9398       0.3377   5.36
     9399       0.3379   5.36
     9400       0.3371   5.36
     9401       0.3528   5.36
     9402       0.3375   5.36
     9403       0.3365   5.36
     9404       0.3375   5.36
     9405       0.3373   5.36
     9406       0.3387   5.37
     9407       0.3369   5.36
     9408       0.3475   5.36
     9409       0.3392   5.36
     9410       0.3366   5.36
     9411       0.3375   5.36
     9412       0.3374   5.37
     9413       0.3373   5.37
     9414       0.3378   5.37
     9415       0.3376   5.36
     9416       0.3376   5.36
     9417       0.3382   5.36
     9418       0.3380   5.37
     9419       0.3363   5.36
     9420       0.3373   5.36
     9421       0.3372   5.37
     9422       0.3368   5.37
     9423       0.3376   5.37
     9424       0.3434   5.36
     9425       0.3373   5.37
     9426       0.3525   5.37
     9427       0.3379   5.37
     9428       0.3376   5.37
     9429       0.3547   5.37
     9430       0.3371   5.36
     9431       0.3374   5.36
     9432       0.3367   5.36
     9433       0.3381   5.36
     9434       0.3375   5.37
     9435       0.3377   5.36
     9436       0.3380   5.36
     9437       0.3379   5.36
     9438       0.3373   5.36
     9439       0.3375   5.36
     9440       0.3373   5.37
     9441       0.3360   5.37
     9442       0.3376   5.37
     9443       0.3376   5.36
     9444       0.3362   5.37
     9445       0.3372   5.37
     9446       0.3374   5.37
     9447       0.3378   5.37
     9448       0.3522   5.37
     9449       0.3380   5.37
     9450       0.3374   5.36
     9451       0.3379   5.36
     9452       0.3454   5.36
     9453       0.3377   5.37
     9454       0.3361   5.36
     9455       0.3377   5.36
     9456       0.3381   5.37
     9457       0.3365   5.37
     9458       0.3377   5.37
     9459       0.3381   5.36
     9460       0.3366   5.36
     9461       0.3381   5.36
     9462       0.3399   5.37
     9463       0.3369   5.36
     9464       0.3374   5.36
     9465       0.3371   5.36
     9466       0.3358   5.37
     9467       0.3373   5.37
     9468       0.3371   5.37
     9469       0.3377   5.37
     9470       0.3382   5.37
     9471       0.3380   5.36
     9472       0.3370   5.36
     9473       0.3379   5.36
     9474       0.3380   5.36
     9475       0.3361   5.36
     9476       0.3376   5.36
     9477       0.3372   5.36
     9478       0.3366   5.36
     9479       0.3381   5.36
     9480       0.3380   5.37
     9481       0.3372   5.37
     9482       0.3360   5.37
     9483       0.3373   5.37
     9484       0.3373   5.36
     9485       0.3366   5.37
     9486       0.3470   5.37
     9487       0.3374   5.37
     9488       0.3375   5.36
     9489       0.3379   5.36
     9490       0.3373   5.37
     9491       0.3378   5.36
     9492       0.3380   5.36
     9493       0.3377   5.36
     9494       0.3371   5.36
     9495       0.3373   5.36
     9496       0.3380   5.36
     9497       0.3375   5.36
     9498       0.3384   5.36
     9499       0.3375   5.37
     9500       0.3372   5.36
     9501       0.3388   5.36
     9502       0.3384   5.36
     9503       0.3375   5.36
     9504       0.3378   5.36
     9505       0.3375   5.36
     9506       0.3367   5.36
     9507       0.3379   5.36
     9508       0.3377   5.36
     9509       0.3363   5.36
     9510       0.3376   5.36
     9511       0.3380   5.36
     9512       0.3385   5.37
     9513       0.3378   5.37
     9514       0.3380   5.37
     9515       0.3373   5.36
     9516       0.3374   5.36
     9517       0.3486   5.36
     9518       0.3376   5.36
     9519       0.3371   5.36
     9520       0.3377   5.36
     9521       0.3377   5.36
     9522       0.3372   5.36
     9523       0.3501   5.36
     9524       0.3375   5.37
     9525       0.3362   5.36
     9526       0.3377   5.36
     9527       0.3376   5.36
     9528       0.3364   5.36
     9529       0.3381   5.36
     9530       0.3383   5.37
     9531       0.3372   5.37
     9532       0.3381   5.37
     9533       0.3377   5.36
     9534       0.3371   5.36
     9535       0.3375   5.36
     9536       0.3368   5.36
     9537       0.3362   5.37
     9538       0.3374   5.37
     9539       0.3375   5.37
     9540       0.3382   5.37
     9541       0.3376   5.36
     9542       0.3381   5.36
     9543       0.3380   5.36
     9544       0.3373   5.36
     9545       0.3374   5.36
     9546       0.3378   5.36
     9547       0.3367   5.36
     9548       0.3483   5.36
     9549       0.3368   5.37
     9550       0.3365   5.37
     9551       0.3375   5.37
     9552       0.3379   5.37
     9553       0.3381   5.37
     9554       0.3514   5.37
     9555       0.3382   5.36
     9556       0.3374   5.36
     9557       0.3376   5.36
     9558       0.3380   5.36
     9559       0.3370   5.36
     9560       0.3535   5.36
     9561       0.3370   5.36
     9562       0.3384   5.36
     9563       0.3370   5.36
     9564       0.3379   5.36
     9565       0.3379   5.36
     9566       0.3371   5.36
     9567       0.3478   5.36
     9568       0.3378   5.36
     9569       0.3370   5.36
     9570       0.3380   5.36
     9571       0.3414   5.36
     9572       0.3362   5.36
     9573       0.3385   5.36
     9574       0.3379   5.36
     9575       0.3369   5.37
     9576       0.3382   5.37
     9577       0.3376   5.36
     9578       0.3367   5.36
     9579       0.3375   5.36
     9580       0.3376   5.36
     9581       0.3363   5.36
     9582       0.3376   5.36
     9583       0.3369   5.36
     9584       0.3360   5.37
     9585       0.3380   5.37
     9586       0.3458   5.37
     9587       0.3380   5.36
     9588       0.3376   5.36
     9589       0.3468   5.36
     9590       0.3379   5.36
     9591       0.3372   5.36
     9592       0.3384   5.36
     9593       0.3378   5.37
     9594       0.3359   5.36
     9595       0.3492   5.36
     9596       0.3379   5.36
     9597       0.3364   5.36
     9598       0.3373   5.36
     9599       0.3370   5.37
     9600       0.3364   5.36
     9601       0.3367   5.36
     9602       0.3371   5.36
     9603       0.3373   5.36
     9604       0.3517   5.36
     9605       0.3373   5.36
     9606       0.3359   5.36
     9607       0.3529   5.36
     9608       0.3369   5.36
     9609       0.3374   5.37
     9610       0.3371   5.36
     9611       0.3374   5.36
     9612       0.3368   5.37
     9613       0.3371   5.36
     9614       0.3377   5.36
     9615       0.3377   5.36
     9616       0.3374   5.36
     9617       0.3485   5.36
     9618       0.3381   5.37
     9619       0.3366   5.37
     9620       0.3373   5.37
     9621       0.3382   5.36
     9622       0.3366   5.36
     9623       0.3374   5.36
     9624       0.3366   5.36
     9625       0.3373   5.36
     9626       0.3378   5.36
     9627       0.3376   5.36
     9628       0.3373   5.36
     9629       0.3374   5.36
     9630       0.3437   5.36
     9631       0.3372   5.36
     9632       0.3377   5.36
     9633       0.3372   5.36
     9634       0.3361   5.36
     9635       0.3541   5.36
     9636       0.3379   5.37
     9637       0.3375   5.36
     9638       0.3372   5.36
     9639       0.3377   5.36
     9640       0.3378   5.37
     9641       0.3367   5.36
     9642       0.3382   5.36
     9643       0.3382   5.36
     9644       0.3366   5.36
     9645       0.3493   5.36
     9646       0.3377   5.36
     9647       0.3368   5.36
     9648       0.3508   5.36
     9649       0.3382   5.36
     9650       0.3379   5.36
     9651       0.3385   5.36
     9652       0.3379   5.36
     9653       0.3372   5.36
     9654       0.3381   5.36
     9655       0.3373   5.36
     9656       0.3362   5.36
     9657       0.3371   5.36
     9658       0.3377   5.36
     9659       0.3372   5.36
     9660       0.3362   5.36
     9661       0.3371   5.36
     9662       0.3372   5.37
     9663       0.3374   5.37
     9664       0.3378   5.37
     9665       0.3370   5.37
     9666       0.3368   5.37
     9667       0.3379   5.37
     9668       0.3403   5.36
     9669       0.3372   5.36
     9670       0.3370   5.36
     9671       0.3400   5.36
     9672       0.3365   5.37
     9673       0.3496   5.37
     9674       0.3372   5.37
     9675       0.3369   5.36
     9676       0.3372   5.36
     9677       0.3370   5.37
     9678       0.3363   5.37
     9679       0.3517   5.37
     9680       0.3376   5.37
     9681       0.3372   5.36
     9682       0.3376   5.36
     9683       0.3378   5.36
     9684       0.3366   5.36
     9685       0.3384   5.36
     9686       0.3378   5.36
     9687       0.3385   5.36
     9688       0.3363   5.36
     9689       0.3376   5.36
     9690       0.3369   5.36
     9691       0.3365   5.36
     9692       0.3381   5.36
     9693       0.3381   5.36
     9694       0.3360   5.36
     9695       0.3371   5.36
     9696       0.3379   5.36
     9697       0.3376   5.37
     9698       0.3374   5.37
     9699       0.3381   5.36
     9700       0.3374   5.36
     9701       0.3375   5.36
     9702       0.3378   5.36
     9703       0.3363   5.36
     9704       0.3376   5.36
     9705       0.3383   5.36
     9706       0.3366   5.36
     9707       0.3377   5.36
     9708       0.3381   5.36
     9709       0.3368   5.36
     9710       0.3535   5.36
     9711       0.3380   5.36
     9712       0.3371   5.36
     9713       0.3371   5.36
     9714       0.3376   5.37
     9715       0.3372   5.36
     9716       0.3364   5.36
     9717       0.3473   5.36
     9718       0.3397   5.36
     9719       0.3361   5.36
     9720       0.3367   5.36
     9721       0.3375   5.37
     9722       0.3363   5.36
     9723       0.3497   5.36
     9724       0.3376   5.36
     9725       0.3365   5.36
     9726       0.3373   5.36
     9727       0.3371   5.37
     9728       0.3370   5.37
     9729       0.3368   5.37
     9730       0.3372   5.37
     9731       0.3366   5.37
     9732       0.3368   5.37
     9733       0.3372   5.37
     9734       0.3370   5.37
     9735       0.3368   5.37
     9736       0.3370   5.37
     9737       0.3365   5.37
     9738       0.3374   5.37
     9739       0.3378   5.37
     9740       0.3370   5.37
     9741       0.3370   5.37
     9742       0.3376   5.36
     9743       0.3373   5.37
     9744       0.3367   5.36
     9745       0.3383   5.36
     9746       0.3388   5.36
     9747       0.3368   5.36
     9748       0.3385   5.36
     9749       0.3383   5.36
     9750       0.3377   5.36
     9751       0.3372   5.36
     9752       0.3373   5.36
     9753       0.3357   5.36
     9754       0.3374   5.36
     9755       0.3376   5.36
     9756       0.3375   5.36
     9757       0.3508   5.36
     9758       0.3429   5.36
     9759       0.3369   5.36
     9760       0.3376   5.36
     9761       0.3372   5.36
     9762       0.3375   5.36
     9763       0.3366   5.36
     9764       0.3371   5.36
     9765       0.3365   5.36
     9766       0.3369   5.36
     9767       0.3372   5.36
     9768       0.3368   5.37
     9769       0.3372   5.37
     9770       0.3386   5.37
     9771       0.3389   5.37
     9772       0.3371   5.36
     9773       0.3377   5.36
     9774       0.3378   5.36
     9775       0.3371   5.36
     9776       0.3385   5.36
     9777       0.3380   5.36
     9778       0.3373   5.36
     9779       0.3370   5.36
     9780       0.3368   5.36
     9781       0.3365   5.36
     9782       0.3499   5.36
     9783       0.3417   5.36
     9784       0.3367   5.37
     9785       0.3385   5.37
     9786       0.3379   5.37
     9787       0.3372   5.36
     9788       0.3526   5.36
     9789       0.3378   5.36
     9790       0.3373   5.36
     9791       0.3370   5.36
     9792       0.3378   5.36
     9793       0.3381   5.36
     9794       0.3363   5.36
     9795       0.3470   5.36
     9796       0.3380   5.36
     9797       0.3363   5.36
     9798       0.3378   5.36
     9799       0.3378   5.36
     9800       0.3377   5.36
     9801       0.3383   5.36
     9802       0.3378   5.36
     9803       0.3377   5.36
     9804       0.3379   5.36
     9805       0.3382   5.36
     9806       0.3371   5.36
     9807       0.3375   5.36
     9808       0.3378   5.36
     9809       0.3368   5.36
     9810       0.3369   5.36
     9811       0.3367   5.36
     9812       0.3360   5.36
     9813       0.3379   5.36
     9814       0.3380   5.36
     9815       0.3378   5.36
     9816       0.3528   5.36
     9817       0.3381   5.36
     9818       0.3384   5.36
     9819       0.3361   5.36
     9820       0.3374   5.36
     9821       0.3375   5.36
     9822       0.3368   5.36
     9823       0.3379   5.36
     9824       0.3376   5.36
     9825       0.3365   5.36
     9826       0.3374   5.36
     9827       0.3375   5.36
     9828       0.3367   5.36
     9829       0.3371   5.36
     9830       0.3404   5.36
     9831       0.3370   5.36
     9832       0.3374   5.36
     9833       0.3373   5.37
     9834       0.3374   5.37
     9835       0.3379   5.37
     9836       0.3423   5.36
     9837       0.3375   5.36
     9838       0.3521   5.36
     9839       0.3379   5.36
     9840       0.3373   5.36
     9841       0.3379   5.36
     9842       0.3457   5.36
     9843       0.3369   5.36
     9844       0.3366   5.36
     9845       0.3456   5.36
     9846       0.3379   5.37
     9847       0.3372   5.37
     9848       0.3381   5.37
     9849       0.3387   5.37
     9850       0.3377   5.36
     9851       0.3381   5.36
     9852       0.3382   5.36
     9853       0.3369   5.36
     9854       0.3377   5.36
     9855       0.3372   5.36
     9856       0.3362   5.36
     9857       0.3370   5.36
     9858       0.3372   5.36
     9859       0.3366   5.36
     9860       0.3368   5.36
     9861       0.3379   5.36
     9862       0.3364   5.36
     9863       0.3369   5.36
     9864       0.3364   5.36
     9865       0.3366   5.37
     9866       0.3381   5.37
     9867       0.3377   5.36
     9868       0.3372   5.36
     9869       0.3380   5.36
     9870       0.3377   5.36
     9871       0.3365   5.36
     9872       0.3550   5.36
     9873       0.3378   5.36
     9874       0.3378   5.36
     9875       0.3361   5.36
     9876       0.3380   5.36
     9877       0.3376   5.36
     9878       0.3367   5.37
     9879       0.3380   5.37
     9880       0.3383   5.36
     9881       0.3362   5.36
     9882       0.3365   5.36
     9883       0.3366   5.36
     9884       0.3366   5.36
     9885       0.3497   5.36
     9886       0.3374   5.36
     9887       0.3368   5.37
     9888       0.3517   5.37
     9889       0.3385   5.36
     9890       0.3362   5.36
     9891       0.3373   5.36
     9892       0.3371   5.36
     9893       0.3366   5.36
     9894       0.3373   5.36
     9895       0.3379   5.37
     9896       0.3386   5.37
     9897       0.3369   5.36
     9898       0.3378   5.36
     9899       0.3363   5.36
     9900       0.3353   5.36
     9901       0.3461   5.36
     9902       0.3373   5.36
     9903       0.3369   5.37
     9904       0.3484   5.37
     9905       0.3409   5.37
     9906       0.3360   5.36
     9907       0.3375   5.36
     9908       0.3374   5.37
     9909       0.3367   5.37
     9910       0.3376   5.37
     9911       0.3378   5.37
     9912       0.3364   5.37
     9913       0.3367   5.37
     9914       0.3371   5.37
     9915       0.3364   5.36
     9916       0.3519   5.36
     9917       0.3377   5.37
     9918       0.3374   5.36
     9919       0.3380   5.36
     9920       0.3373   5.36
     9921       0.3368   5.37
     9922       0.3366   5.37
     9923       0.3373   5.36
     9924       0.3377   5.36
     9925       0.3368   5.36
     9926       0.3374   5.36
     9927       0.3372   5.36
     9928       0.3368   5.36
     9929       0.3477   5.36
     9930       0.3381   5.36
     9931       0.3368   5.37
     9932       0.3373   5.37
     9933       0.3373   5.37
     9934       0.3371   5.36
     9935       0.3377   5.36
     9936       0.3373   5.36
     9937       0.3363   5.37
     9938       0.3380   5.37
     9939       0.3377   5.36
     9940       0.3374   5.37
     9941       0.3520   5.37
     9942       0.3376   5.36
     9943       0.3360   5.36
     9944       0.3370   5.36
     9945       0.3371   5.36
     9946       0.3362   5.36
     9947       0.3370   5.36
     9948       0.3377   5.36
     9949       0.3382   5.36
     9950       0.3369   5.36
     9951       0.3382   5.36
     9952       0.3380   5.36
     9953       0.3367   5.36
     9954       0.3373   5.36
     9955       0.3367   5.37
     9956       0.3370   5.36
     9957       0.3372   5.36
     9958       0.3372   5.36
     9959       0.3367   5.37
     9960       0.3486   5.37
     9961       0.3413   5.37
     9962       0.3371   5.37
     9963       0.3508   5.37
     9964       0.3370   5.37
     9965       0.3366   5.36
     9966       0.3381   5.36
     9967       0.3382   5.37
     9968       0.3370   5.37
     9969       0.3375   5.37
     9970       0.3383   5.37
     9971       0.3374   5.36
     9972       0.3384   5.36
     9973       0.3463   5.36
     9974       0.3372   5.36
     9975       0.3366   5.36
     9976       0.3473   5.36
     9977       0.3370   5.36
     9978       0.3368   5.36
     9979       0.3379   5.36
     9980       0.3377   5.37
     9981       0.3363   5.36
     9982       0.3376   5.36
     9983       0.3372   5.36
     9984       0.3360   5.36
     9985       0.3382   5.36
     9986       0.3369   5.36
     9987       0.3368   5.36
     9988       0.3368   5.36
     9989       0.3376   5.37
     9990       0.3373   5.37
     9991       0.3374   5.37
     9992       0.3377   5.36
     9993       0.3356   5.36
     9994       0.3374   5.36
     9995       0.3380   5.36
     9996       0.3370   5.36
     9997       0.3379   5.36
     9998       0.3370   5.36
     9999       0.3369   5.36
    10000       0.3538   5.36
    10001       0.3377   5.36
    10002       0.3376   5.36
    10003       0.3362   5.36
    10004       0.3378   5.36
    10005       0.3377   5.36
    10006       0.3372   5.36
    10007       0.3370   5.36
    10008       0.3366   5.36
    10009       0.3362   5.36
    10010       0.3370   5.36
    10011       0.3377   5.36
    10012       0.3369   5.37
    10013       0.3499   5.37
    10014       0.3419   5.36
    10015       0.3371   5.36
    10016       0.3382   5.36
    10017       0.3438   5.37
    10018       0.3366   5.37
    10019       0.3374   5.37
    10020       0.3376   5.36
    10021       0.3372   5.36
    10022       0.3372   5.36
    10023       0.3381   5.36
    10024       0.3372   5.36
    10025       0.3376   5.36
    10026       0.3373   5.37
    10027       0.3380   5.36
    10028       0.3367   5.36
    10029       0.3372   5.36
    10030       0.3383   5.36
    10031       0.3365   5.36
    10032       0.3375   5.36
    10033       0.3394   5.36
    10034       0.3377   5.36
    10035       0.3374   5.36
    10036       0.3370   5.36
    10037       0.3381   5.37
    10038       0.3378   5.37
    10039       0.3374   5.36
    10040       0.3356   5.36
    10041       0.3495   5.36
    10042       0.3432   5.36
    10043       0.3360   5.36
    10044       0.3382   5.36
    10045       0.3440   5.36
    10046       0.3369   5.36
    10047       0.3372   5.36
    10048       0.3380   5.36
    10049       0.3369   5.36
    10050       0.3373   5.36
    10051       0.3378   5.36
    10052       0.3374   5.36
    10053       0.3544   5.36
    10054       0.3378   5.36
    10055       0.3373   5.37
    10056       0.3365   5.36
    10057       0.3372   5.36
    10058       0.3367   5.36
    10059       0.3362   5.36
    10060       0.3376   5.36
    10061       0.3374   5.37
    10062       0.3359   5.37
    10063       0.3371   5.37
    10064       0.3371   5.37
    10065       0.3362   5.37
    10066       0.3370   5.37
    10067       0.3415   5.37
    10068       0.3364   5.37
    10069       0.3376   5.37
    10070       0.3436   5.37
    10071       0.3374   5.36
    10072       0.3519   5.36
    10073       0.3384   5.36
    10074       0.3374   5.37
    10075       0.3538   5.37
    10076       0.3375   5.37
    10077       0.3373   5.37
    10078       0.3357   5.37
    10079       0.3372   5.37
    10080       0.3373   5.37
    10081       0.3369   5.37
    10082       0.3380   5.37
    10083       0.3377   5.36
    10084       0.3371   5.36
    10085       0.3381   5.36
    10086       0.3379   5.36
    10087       0.3366   5.36
    10088       0.3491   5.36
    10089       0.3374   5.36
    10090       0.3367   5.37
    10091       0.3367   5.37
    10092       0.3371   5.36
    10093       0.3368   5.37
    10094       0.3517   5.37
    10095       0.3366   5.37
    10096       0.3370   5.37
    10097       0.3383   5.37
    10098       0.3455   5.37
    10099       0.3380   5.37
    10100       0.3374   5.36
    10101       0.3373   5.36
    10102       0.3372   5.36
    10103       0.3367   5.37
    10104       0.3476   5.37
    10105       0.3375   5.36
    10106       0.3370   5.36
    10107       0.3486   5.36
    10108       0.3371   5.37
    10109       0.3372   5.37
    10110       0.3381   5.37
    10111       0.3370   5.36
    10112       0.3373   5.36
    10113       0.3377   5.36
    10114       0.3381   5.36
    10115       0.3372   5.36
    10116       0.3376   5.36
    10117       0.3438   5.36
    10118       0.3369   5.36
    10119       0.3378   5.36
    10120       0.3378   5.36
    10121       0.3373   5.36
    10122       0.3531   5.36
    10123       0.3373   5.36
    10124       0.3378   5.37
    10125       0.3367   5.37
    10126       0.3372   5.37
    10127       0.3371   5.36
    10128       0.3367   5.36
    10129       0.3375   5.36
    10130       0.3391   5.36
    10131       0.3363   5.36
    10132       0.3370   5.36
    10133       0.3366   5.37
    10134       0.3368   5.37
    10135       0.3371   5.37
    10136       0.3369   5.37
    10137       0.3361   5.36
    10138       0.3368   5.36
    10139       0.3372   5.37
    10140       0.3367   5.37
    10141       0.3375   5.37
    10142       0.3374   5.37
    10143       0.3372   5.36
    10144       0.3376   5.36
    10145       0.3377   5.37
    10146       0.3365   5.37
    10147       0.3380   5.37
    10148       0.3377   5.37
    10149       0.3362   5.37
    10150       0.3375   5.37
    10151       0.3377   5.36
    10152       0.3365   5.36
    10153       0.3538   5.36
    10154       0.3374   5.36
    10155       0.3368   5.37
    10156       0.3368   5.37
    10157       0.3382   5.37
    10158       0.3377   5.37
    10159       0.3367   5.36
    10160       0.3381   5.36
    10161       0.3374   5.36
    10162       0.3372   5.36
    10163       0.3492   5.36
    10164       0.3373   5.36
    10165       0.3369   5.36
    10166       0.3376   5.36
    10167       0.3372   5.36
    10168       0.3369   5.36
    10169       0.3516   5.36
    10170       0.3373   5.37
    10171       0.3371   5.36
    10172       0.3378   5.36
    10173       0.3372   5.36
    10174       0.3364   5.36
    10175       0.3365   5.36
    10176       0.3370   5.36
    10177       0.3368   5.36
    10178       0.3359   5.36
    10179       0.3374   5.37
    10180       0.3377   5.37
    10181       0.3375   5.37
    10182       0.3470   5.37
    10183       0.3372   5.37
    10184       0.3368   5.36
    10185       0.3380   5.36
    10186       0.3385   5.36
    10187       0.3368   5.36
    10188       0.3491   5.36
    10189       0.3416   5.36
    10190       0.3354   5.37
    10191       0.3375   5.37
    10192       0.3372   5.36
    10193       0.3372   5.37
    10194       0.3375   5.37
    10195       0.3378   5.37
    10196       0.3367   5.36
    10197       0.3521   5.36
    10198       0.3373   5.36
    10199       0.3351   5.37
    10200       0.3373   5.37
    10201       0.3369   5.37
    10202       0.3366   5.37
    10203       0.3354   5.36
    10204       0.3376   5.36
    10205       0.3374   5.37
    10206       0.3367   5.37
    10207       0.3370   5.37
    10208       0.3361   5.37
    10209       0.3358   5.37
    10210       0.3471   5.37
    10211       0.3404   5.37
    10212       0.3370   5.37
    10213       0.3374   5.37
    10214       0.3371   5.37
    10215       0.3369   5.37
    10216       0.3378   5.37
    10217       0.3374   5.36
    10218       0.3369   5.36
    10219       0.3375   5.36
    10220       0.3374   5.37
    10221       0.3363   5.36
    10222       0.3376   5.36
    10223       0.3372   5.36
    10224       0.3370   5.37
    10225       0.3369   5.37
    10226       0.3374   5.36
    10227       0.3368   5.36
    10228       0.3375   5.36
    10229       0.3377   5.37
    10230       0.3370   5.37
    10231       0.3540   5.37
    10232       0.3377   5.36
    10233       0.3379   5.36
    10234       0.3371   5.36
    10235       0.3374   5.36
    10236       0.3368   5.36
    10237       0.3360   5.36
    10238       0.3372   5.36
    10239       0.3374   5.36
    10240       0.3358   5.36
    10241       0.3378   5.36
    10242       0.3408   5.37
    10243       0.3368   5.36
    10244       0.3369   5.36
    10245       0.3373   5.37
    10246       0.3360   5.37
    10247       0.3367   5.37
    10248       0.3371   5.37
    10249       0.3370   5.37
    10250       0.3376   5.37
    10251       0.3373   5.37
    10252       0.3364   5.36
    10253       0.3374   5.36
    10254       0.3373   5.37
    10255       0.3366   5.36
    10256       0.3370   5.36
    10257       0.3367   5.36
    10258       0.3362   5.36
    10259       0.3377   5.36
    10260       0.3373   5.37
    10261       0.3372   5.37
    10262       0.3368   5.37
    10263       0.3467   5.37
    10264       0.3373   5.37
    10265       0.3364   5.36
    10266       0.3372   5.36
    10267       0.3388   5.36
    10268       0.3362   5.37
    10269       0.3374   5.37
    10270       0.3376   5.37
    10271       0.3373   5.37
    10272       0.3383   5.37
    10273       0.3377   5.36
    10274       0.3369   5.36
    10275       0.3383   5.36
    10276       0.3377   5.36
    10277       0.3365   5.36
    10278       0.3512   5.36
    10279       0.3381   5.36
    10280       0.3375   5.36
    10281       0.3374   5.36
    10282       0.3446   5.37
    10283       0.3367   5.36
    10284       0.3374   5.36
    10285       0.3370   5.36
    10286       0.3364   5.36
    10287       0.3376   5.36
    10288       0.3378   5.37
    10289       0.3385   5.37
    10290       0.3371   5.36
    10291       0.3378   5.36
    10292       0.3374   5.36
    10293       0.3365   5.36
    10294       0.3378   5.36
    10295       0.3396   5.36
    10296       0.3370   5.36
    10297       0.3373   5.36
    10298       0.3404   5.36
    10299       0.3366   5.37
    10300       0.3371   5.37
    10301       0.3375   5.36
    10302       0.3362   5.36
    10303       0.3502   5.36
    10304       0.3373   5.37
    10305       0.3373   5.37
    10306       0.3376   5.37
    10307       0.3375   5.37
    10308       0.3364   5.37
    10309       0.3370   5.37
    10310       0.3366   5.36
    10311       0.3367   5.37
    10312       0.3387   5.37
    10313       0.3374   5.37
    10314       0.3367   5.37
    10315       0.3368   5.37
    10316       0.3377   5.36
    10317       0.3382   5.36
    10318       0.3363   5.37
    10319       0.3376   5.37
    10320       0.3374   5.37
    10321       0.3363   5.37
    10322       0.3372   5.37
    10323       0.3400   5.37
    10324       0.3367   5.36
    10325       0.3373   5.36
    10326       0.3374   5.37
    10327       0.3371   5.37
    10328       0.3374   5.37
    10329       0.3373   5.37
    10330       0.3366   5.36
    10331       0.3378   5.36
    10332       0.3370   5.36
    10333       0.3364   5.37
    10334       0.3505   5.37
    10335       0.3370   5.37
    10336       0.3374   5.37
    10337       0.3528   5.37
    10338       0.3453   5.37
    10339       0.3363   5.36
    10340       0.3359   5.37
    10341       0.3373   5.37
    10342       0.3367   5.36
    10343       0.3358   5.36
    10344       0.3379   5.36
    10345       0.3382   5.37
    10346       0.3369   5.36
    10347       0.3477   5.36
    10348       0.3383   5.36
    10349       0.3372   5.37
    10350       0.3381   5.37
    10351       0.3378   5.36
    10352       0.3375   5.36
    10353       0.3373   5.36
    10354       0.3375   5.36
    10355       0.3362   5.36
    10356       0.3378   5.36
    10357       0.3427   5.36
    10358       0.3361   5.36
    10359       0.3369   5.36
    10360       0.3377   5.37
    10361       0.3365   5.36
    10362       0.3371   5.36
    10363       0.3373   5.37
    10364       0.3368   5.37
    10365       0.3374   5.37
    10366       0.3381   5.37
    10367       0.3375   5.36
    10368       0.3376   5.36
    10369       0.3463   5.36
    10370       0.3372   5.36
    10371       0.3367   5.36
    10372       0.3381   5.36
    10373       0.3392   5.37
    10374       0.3372   5.36
    10375       0.3374   5.36
    10376       0.3400   5.36
    10377       0.3369   5.36
    10378       0.3374   5.36
    10379       0.3373   5.36
    10380       0.3367   5.36
    10381       0.3374   5.36
    10382       0.3373   5.36
    10383       0.3355   5.36
    10384       0.3371   5.36
    10385       0.3378   5.36
    10386       0.3371   5.36
    10387       0.3373   5.36
    10388       0.3423   5.36
    10389       0.3353   5.37
    10390       0.3376   5.37
    10391       0.3444   5.37
    10392       0.3359   5.37
    10393       0.3378   5.37
    10394       0.3376   5.37
    10395       0.3372   5.37
    10396       0.3368   5.36
    10397       0.3376   5.36
    10398       0.3374   5.36
    10399       0.3365   5.37
    10400       0.3471   5.37
    10401       0.3375   5.36
    10402       0.3368   5.37
    10403       0.3375   5.37
    10404       0.3369   5.36
    10405       0.3357   5.36
    10406       0.3383   5.36
    10407       0.3380   5.37
    10408       0.3367   5.36
    10409       0.3503   5.36
    10410       0.3375   5.36
    10411       0.3374   5.36
    10412       0.3376   5.36
    10413       0.3380   5.36
    10414       0.3376   5.36
    10415       0.3528   5.36
    10416       0.3374   5.36
    10417       0.3368   5.36
    10418       0.3378   5.36
    10419       0.3463   5.36
    10420       0.3384   5.36
    10421       0.3359   5.37
    10422       0.3467   5.37
    10423       0.3385   5.37
    10424       0.3367   5.36
    10425       0.3371   5.36
    10426       0.3380   5.36
    10427       0.3363   5.36
    10428       0.3378   5.36
    10429       0.3380   5.36
    10430       0.3370   5.36
    10431       0.3504   5.36
    10432       0.3433   5.36
    10433       0.3375   5.36
    10434       0.3379   5.36
    10435       0.3372   5.36
    10436       0.3368   5.37
    10437       0.3372   5.37
    10438       0.3448   5.37
    10439       0.3376   5.36
    10440       0.3381   5.36
    10441       0.3376   5.36
    10442       0.3376   5.36
    10443       0.3361   5.36
    10444       0.3464   5.36
    10445       0.3371   5.36
    10446       0.3367   5.36
    10447       0.3378   5.36
    10448       0.3371   5.36
    10449       0.3366   5.36
    10450       0.3378   5.36
    10451       0.3382   5.36
    10452       0.3373   5.36
    10453       0.3384   5.36
    10454       0.3374   5.36
    10455       0.3366   5.36
    10456       0.3391   5.36
    10457       0.3371   5.36
    10458       0.3364   5.36
    10459       0.3509   5.36
    10460       0.3371   5.36
    10461       0.3374   5.36
    10462       0.3375   5.36
    10463       0.3440   5.36
    10464       0.3367   5.36
    10465       0.3383   5.36
    10466       0.3378   5.36
    10467       0.3378   5.36
    10468       0.3364   5.36
    10469       0.3371   5.36
    10470       0.3383   5.36
    10471       0.3376   5.36
    10472       0.3474   5.36
    10473       0.3376   5.36
    10474       0.3370   5.36
    10475       0.3374   5.36
    10476       0.3370   5.36
    10477       0.3364   5.36
    10478       0.3369   5.36
    10479       0.3374   5.36
    10480       0.3376   5.37
    10481       0.3370   5.37
    10482       0.3373   5.37
    10483       0.3368   5.36
    10484       0.3372   5.36
    10485       0.3369   5.36
    10486       0.3369   5.36
    10487       0.3517   5.36
    10488       0.3370   5.36
    10489       0.3371   5.36
    10490       0.3533   5.36
    10491       0.3376   5.36
    10492       0.3378   5.36
    10493       0.3366   5.36
    10494       0.3371   5.36
    10495       0.3371   5.36
    10496       0.3363   5.36
    10497       0.3376   5.36
    10498       0.3395   5.36
    10499       0.3372   5.36
    10500       0.3368   5.36
    10501       0.3368   5.36
    10502       0.3366   5.36
    10503       0.3379   5.36
    10504       0.3381   5.36
    10505       0.3369   5.36
    10506       0.3381   5.36
    10507       0.3371   5.36
    10508       0.3364   5.36
    10509       0.3380   5.36
    10510       0.3435   5.36
    10511       0.3364   5.36
    10512       0.3381   5.36
    10513       0.3439   5.36
    10514       0.3366   5.36
    10515       0.3533   5.36
    10516       0.3384   5.36
    10517       0.3375   5.36
    10518       0.3373   5.37
    10519       0.3384   5.37
    10520       0.3468   5.36
    10521       0.3365   5.36
    10522       0.3364   5.36
    10523       0.3369   5.36
    10524       0.3367   5.36
    10525       0.3374   5.36
    10526       0.3377   5.36
    10527       0.3372   5.36
    10528       0.3497   5.36
    10529       0.3372   5.36
    10530       0.3368   5.36
    10531       0.3377   5.36
    10532       0.3420   5.36
    10533       0.3364   5.36
    10534       0.3367   5.36
    10535       0.3375   5.37
    10536       0.3380   5.36
    10537       0.3378   5.36
    10538       0.3374   5.36
    10539       0.3370   5.36
    10540       0.3371   5.36
    10541       0.3379   5.36
    10542       0.3363   5.36
    10543       0.3369   5.36
    10544       0.3370   5.36
    10545       0.3369   5.36
    10546       0.3366   5.36
    10547       0.3375   5.36
    10548       0.3447   5.36
    10549       0.3436   5.37
    10550       0.3370   5.37
    10551       0.3375   5.36
    10552       0.3369   5.36
    10553       0.3487   5.36
    10554       0.3376   5.37
    10555       0.3373   5.37
    10556       0.3382   5.37
    10557       0.3380   5.36
    10558       0.3373   5.36
    10559       0.3381   5.36
    10560       0.3379   5.36
    10561       0.3374   5.36
    10562       0.3381   5.36
    10563       0.3380   5.36
    10564       0.3367   5.36
    10565       0.3370   5.36
    10566       0.3373   5.37
    10567       0.3377   5.37
    10568       0.3385   5.37
    10569       0.3371   5.36
    10570       0.3373   5.36
    10571       0.3367   5.36
    10572       0.3465   5.36
    10573       0.3373   5.36
    10574       0.3362   5.36
    10575       0.3367   5.36
    10576       0.3372   5.36
    10577       0.3369   5.37
    10578       0.3485   5.37
    10579       0.3404   5.37
    10580       0.3365   5.36
    10581       0.3366   5.36
    10582       0.3367   5.36
    10583       0.3366   5.37
    10584       0.3502   5.37
    10585       0.3371   5.37
    10586       0.3370   5.37
    10587       0.3521   5.37
    10588       0.3379   5.36
    10589       0.3371   5.36
    10590       0.3533   5.36
    10591       0.3370   5.37
    10592       0.3381   5.37
    10593       0.3369   5.36
    10594       0.3376   5.36
    10595       0.3377   5.36
    10596       0.3366   5.37
    10597       0.3375   5.37
    10598       0.3397   5.36
    10599       0.3374   5.36
    10600       0.3371   5.36
    10601       0.3377   5.37
    10602       0.3367   5.36
    10603       0.3374   5.36
    10604       0.3372   5.36
    10605       0.3370   5.36
    10606       0.3383   5.36
    10607       0.3382   5.36
    10608       0.3385   5.36
    10609       0.3373   5.36
    10610       0.3378   5.36
    10611       0.3373   5.36
    10612       0.3377   5.36
    10613       0.3381   5.36
    10614       0.3374   5.36
    10615       0.3536   5.36
    10616       0.3458   5.36
    10617       0.3378   5.36
    10618       0.3354   5.36
    10619       0.3384   5.36
    10620       0.3381   5.36
    10621       0.3368   5.36
    10622       0.3374   5.36
    10623       0.3369   5.36
    10624       0.3360   5.36
    10625       0.3376   5.36
    10626       0.3399   5.36
    10627       0.3359   5.36
    10628       0.3368   5.36
    10629       0.3360   5.36
    10630       0.3368   5.36
    10631       0.3501   5.36
    10632       0.3421   5.36
    10633       0.3365   5.36
    10634       0.3517   5.36
    10635       0.3375   5.36
    10636       0.3370   5.37
    10637       0.3387   5.37
    10638       0.3373   5.37
    10639       0.3366   5.36
    10640       0.3378   5.36
    10641       0.3372   5.37
    10642       0.3376   5.36
    10643       0.3358   5.36
    10644       0.3389   5.36
    10645       0.3375   5.37
    10646       0.3371   5.37
    10647       0.3379   5.37
    10648       0.3373   5.36
    10649       0.3374   5.36
    10650       0.3377   5.36
    10651       0.3373   5.36
    10652       0.3372   5.36
    10653       0.3373   5.36
    10654       0.3374   5.36
    10655       0.3367   5.37
    10656       0.3378   5.37
    10657       0.3420   5.36
    10658       0.3379   5.36
    10659       0.3372   5.36
    10660       0.3369   5.37
    10661       0.3374   5.36
    10662       0.3373   5.36
    10663       0.3376   5.36
    10664       0.3361   5.36
    10665       0.3379   5.36
    10666       0.3374   5.36
    10667       0.3366   5.37
    10668       0.3372   5.37
    10669       0.3456   5.36
    10670       0.3370   5.36
    10671       0.3383   5.36
    10672       0.3383   5.36
    10673       0.3377   5.36
    10674       0.3364   5.37
    10675       0.3476   5.37
    10676       0.3374   5.36
    10677       0.3372   5.36
    10678       0.3375   5.36
    10679       0.3382   5.36
    10680       0.3364   5.36
    10681       0.3372   5.36
    10682       0.3376   5.37
    10683       0.3369   5.36
    10684       0.3377   5.36
    10685       0.3372   5.36
    10686       0.3366   5.36
    10687       0.3512   5.36
    10688       0.3377   5.37
    10689       0.3361   5.37
    10690       0.3531   5.37
    10691       0.3377   5.36
    10692       0.3375   5.36
    10693       0.3372   5.36
    10694       0.3373   5.37
    10695       0.3381   5.36
    10696       0.3363   5.36
    10697       0.3376   5.36
    10698       0.3382   5.37
    10699       0.3367   5.37
    10700       0.3373   5.37
    10701       0.3363   5.37
    10702       0.3360   5.36
    10703       0.3370   5.36
    10704       0.3365   5.36
    10705       0.3360   5.37
    10706       0.3374   5.37
    10707       0.3375   5.37
    10708       0.3365   5.37
    10709       0.3372   5.37
    10710       0.3373   5.37
    10711       0.3368   5.37
    10712       0.3371   5.37
    10713       0.3373   5.37
    10714       0.3369   5.36
    10715       0.3378   5.36
    10716       0.3375   5.36
    10717       0.3370   5.36
    10718       0.3383   5.36
    10719       0.3387   5.37
    10720       0.3376   5.36
    10721       0.3375   5.36
    10722       0.3371   5.36
    10723       0.3360   5.36
    10724       0.3382   5.36
    10725       0.3377   5.36
    10726       0.3365   5.36
    10727       0.3367   5.36
    10728       0.3373   5.36
    10729       0.3380   5.36
    10730       0.3357   5.36
    10731       0.3379   5.36
    10732       0.3380   5.36
    10733       0.3372   5.36
    10734       0.3483   5.36
    10735       0.3371   5.36
    10736       0.3360   5.36
    10737       0.3496   5.36
    10738       0.3422   5.36
    10739       0.3364   5.36
    10740       0.3377   5.36
    10741       0.3430   5.36
    10742       0.3364   5.36
    10743       0.3364   5.36
    10744       0.3435   5.36
    10745       0.3365   5.37
    10746       0.3370   5.37
    10747       0.3448   5.37
    10748       0.3380   5.36
    10749       0.3367   5.36
    10750       0.3462   5.36
    10751       0.3367   5.37
    10752       0.3370   5.37
    10753       0.3379   5.37
    10754       0.3375   5.37
    10755       0.3370   5.37
    10756       0.3375   5.37
    10757       0.3385   5.36
    10758       0.3364   5.36
    10759       0.3374   5.36
    10760       0.3373   5.36
    10761       0.3361   5.36
    10762       0.3499   5.36
    10763       0.3374   5.36
    10764       0.3368   5.36
    10765       0.3374   5.36
    10766       0.3433   5.36
    10767       0.3366   5.36
    10768       0.3373   5.36
    10769       0.3371   5.36
    10770       0.3361   5.37
    10771       0.3377   5.37
    10772       0.3377   5.37
    10773       0.3366   5.37
    10774       0.3376   5.37
    10775       0.3372   5.36
    10776       0.3369   5.36
    10777       0.3379   5.36
    10778       0.3377   5.36
    10779       0.3378   5.37
    10780       0.3373   5.36
    10781       0.3375   5.36
    10782       0.3372   5.36
    10783       0.3366   5.36
    10784       0.3369   5.36
    10785       0.3406   5.36
    10786       0.3374   5.36
    10787       0.3493   5.36
    10788       0.3371   5.36
    10789       0.3372   5.36
    10790       0.3504   5.36
    10791       0.3373   5.36
    10792       0.3362   5.36
    10793       0.3378   5.36
    10794       0.3375   5.36
    10795       0.3370   5.36
    10796       0.3533   5.36
    10797       0.3379   5.37
    10798       0.3377   5.36
    10799       0.3365   5.36
    10800       0.3372   5.36
    10801       0.3375   5.36
    10802       0.3363   5.37
    10803       0.3372   5.37
    10804       0.3384   5.36
    10805       0.3365   5.36
    10806       0.3377   5.36
    10807       0.3372   5.36
    10808       0.3367   5.37
    10809       0.3491   5.37
    10810       0.3380   5.37
    10811       0.3375   5.36
    10812       0.3377   5.36
    10813       0.3477   5.36
    10814       0.3375   5.37
    10815       0.3381   5.37
    10816       0.3379   5.36
    10817       0.3368   5.36
    10818       0.3524   5.36
    10819       0.3370   5.36
    10820       0.3371   5.36
    10821       0.3380   5.36
    10822       0.3383   5.36
    10823       0.3381   5.36
    10824       0.3365   5.36
    10825       0.3376   5.36
    10826       0.3384   5.36
    10827       0.3369   5.36
    10828       0.3374   5.36
    10829       0.3378   5.36
    10830       0.3363   5.36
    10831       0.3366   5.36
    10832       0.3375   5.36
    10833       0.3368   5.36
    10834       0.3380   5.36
    10835       0.3417   5.36
    10836       0.3372   5.36
    10837       0.3382   5.36
    10838       0.3384   5.36
    10839       0.3371   5.36
    10840       0.3514   5.36
    10841       0.3370   5.36
    10842       0.3369   5.36
    10843       0.3375   5.36
    10844       0.3374   5.36
    10845       0.3364   5.36
    10846       0.3381   5.36
    10847       0.3378   5.36
    10848       0.3364   5.36
    10849       0.3541   5.36
    10850       0.3471   5.36
    10851       0.3365   5.36
    10852       0.3365   5.36
    10853       0.3375   5.36
    10854       0.3370   5.36
    10855       0.3364   5.36
    10856       0.3485   5.36
    10857       0.3377   5.36
    10858       0.3361   5.37
    10859       0.3374   5.37
    10860       0.3425   5.36
    10861       0.3368   5.36
    10862       0.3514   5.36
    10863       0.3377   5.36
    10864       0.3368   5.36
    10865       0.3371   5.36
    10866       0.3369   5.37
    10867       0.3367   5.36
    10868       0.3367   5.36
    10869       0.3377   5.36
    10870       0.3365   5.37
    10871       0.3370   5.37
    10872       0.3373   5.37
    10873       0.3369   5.36
    10874       0.3368   5.36
    10875       0.3373   5.36
    10876       0.3380   5.36
    10877       0.3367   5.36
    10878       0.3373   5.36
    10879       0.3373   5.37
    10880       0.3362   5.37
    10881       0.3485   5.37
    10882       0.3377   5.37
    10883       0.3372   5.37
    10884       0.3376   5.37
    10885       0.3372   5.36
    10886       0.3370   5.36
    10887       0.3378   5.36
    10888       0.3380   5.37
    10889       0.3370   5.37
    10890       0.3376   5.37
    10891       0.3376   5.36
    10892       0.3364   5.36
    10893       0.3373   5.36
    10894       0.3373   5.36
    10895       0.3364   5.36
    10896       0.3372   5.36
    10897       0.3374   5.36
    10898       0.3359   5.37
    10899       0.3379   5.37
    10900       0.3455   5.37
    10901       0.3377   5.36
    10902       0.3377   5.37
    10903       0.3383   5.37
    10904       0.3392   5.37
    10905       0.3361   5.37
    10906       0.3483   5.37
    10907       0.3404   5.36
    10908       0.3361   5.36
    10909       0.3371   5.36
    10910       0.3370   5.36
    10911       0.3361   5.37
    10912       0.3371   5.37
    10913       0.3368   5.37
    10914       0.3360   5.36
    10915       0.3369   5.36
    10916       0.3374   5.37
    10917       0.3371   5.37
    10918       0.3375   5.37
    10919       0.3372   5.36
    10920       0.3369   5.36
    10921       0.3378   5.36
    10922       0.3441   5.36
    10923       0.3370   5.36
    10924       0.3373   5.36
    10925       0.3454   5.37
    10926       0.3367   5.36
    10927       0.3370   5.37
    10928       0.3370   5.37
    10929       0.3378   5.37
    10930       0.3375   5.37
    10931       0.3382   5.37
    10932       0.3397   5.36
    10933       0.3360   5.36
    10934       0.3481   5.36
    10935       0.3371   5.36
    10936       0.3366   5.37
    10937       0.3381   5.37
    10938       0.3376   5.36
    10939       0.3368   5.36
    10940       0.3375   5.36
    10941       0.3379   5.37
    10942       0.3371   5.37
    10943       0.3513   5.37
    10944       0.3378   5.36
    10945       0.3376   5.36
    10946       0.3380   5.36
    10947       0.3376   5.36
    10948       0.3366   5.36
    10949       0.3535   5.36
    10950       0.3370   5.36
    10951       0.3379   5.36
    10952       0.3371   5.36
    10953       0.3371   5.36
    10954       0.3387   5.36
    10955       0.3369   5.36
    10956       0.3381   5.36
    10957       0.3375   5.36
    10958       0.3370   5.37
    10959       0.3374   5.37
    10960       0.3399   5.36
    10961       0.3364   5.36
    10962       0.3380   5.36
    10963       0.3381   5.37
    10964       0.3370   5.37
    10965       0.3374   5.37
    10966       0.3375   5.37
    10967       0.3375   5.36
    10968       0.3371   5.36
    10969       0.3373   5.36
    10970       0.3371   5.36
    10971       0.3524   5.36
    10972       0.3377   5.37
    10973       0.3381   5.36
    10974       0.3377   5.36
    10975       0.3375   5.36
    10976       0.3377   5.37
    10977       0.3372   5.36
    10978       0.3377   5.36
    10979       0.3379   5.36
    10980       0.3365   5.36
    10981       0.3375   5.36
    10982       0.3381   5.37
    10983       0.3370   5.36
    10984       0.3386   5.36
    10985       0.3386   5.36
    10986       0.3358   5.36
    10987       0.3491   5.36
    10988       0.3373   5.36
    10989       0.3362   5.36
    10990       0.3373   5.36
    10991       0.3373   5.37
    10992       0.3364   5.37
    10993       0.3515   5.37
    10994       0.3379   5.36
    10995       0.3367   5.36
    10996       0.3375   5.36
    10997       0.3375   5.36
    10998       0.3368   5.37
    10999       0.3374   5.37
    11000       0.3373   5.36
    11001       0.3359   5.37
    11002       0.3382   5.37
    11003       0.3379   5.37
    11004       0.3378   5.37
    11005       0.3369   5.36
    11006       0.3383   5.36
    11007       0.3383   5.36
    11008       0.3368   5.36
    11009       0.3474   5.36
    11010       0.3375   5.36
    11011       0.3368   5.36
    11012       0.3374   5.36
    11013       0.3371   5.36
    11014       0.3369   5.36
    11015       0.3376   5.36
    11016       0.3369   5.36
    11017       0.3360   5.36
    11018       0.3372   5.36
    11019       0.3421   5.37
    11020       0.3372   5.36
    11021       0.3516   5.36
    11022       0.3373   5.36
    11023       0.3364   5.37
    11024       0.3370   5.37
    11025       0.3450   5.37
    11026       0.3370   5.37
    11027       0.3373   5.37
    11028       0.3381   5.36
    11029       0.3380   5.36
    11030       0.3362   5.36
    11031       0.3381   5.36
    11032       0.3373   5.37
    11033       0.3367   5.37
    11034       0.3482   5.37
    11035       0.3375   5.36
    11036       0.3365   5.36
    11037       0.3376   5.36
    11038       0.3380   5.36
    11039       0.3377   5.36
    11040       0.3380   5.36
    11041       0.3384   5.36
    11042       0.3380   5.37
    11043       0.3374   5.37
    11044       0.3374   5.36
    11045       0.3364   5.36
    11046       0.3383   5.36
    11047       0.3383   5.36
    11048       0.3370   5.37
    11049       0.3377   5.37
    11050       0.3379   5.36
    11051       0.3375   5.36
    11052       0.3380   5.36
    11053       0.3375   5.36
    11054       0.3375   5.36
    11055       0.3374   5.36
    11056       0.3369   5.36
    11057       0.3372   5.36
    11058       0.3377   5.36
    11059       0.3379   5.36
    11060       0.3378   5.36
    11061       0.3357   5.36
    11062       0.3373   5.36
    11063       0.3372   5.36
    11064       0.3370   5.36
    11065       0.3372   5.36
    11066       0.3363   5.36
    11067       0.3367   5.36
    11068       0.3371   5.36
    11069       0.3370   5.36
    11070       0.3372   5.36
    11071       0.3379   5.36
    11072       0.3419   5.36
    11073       0.3372   5.37
    11074       0.3374   5.37
    11075       0.3374   5.36
    11076       0.3362   5.36
    11077       0.3376   5.36
    11078       0.3439   5.36
    11079       0.3366   5.36
    11080       0.3378   5.36
    11081       0.3374   5.36
    11082       0.3367   5.37
    11083       0.3369   5.37
    11084       0.3456   5.37
    11085       0.3384   5.36
    11086       0.3366   5.36
    11087       0.3383   5.36
    11088       0.3380   5.36
    11089       0.3372   5.36
    11090       0.3477   5.36
    11091       0.3378   5.36
    11092       0.3361   5.36
    11093       0.3490   5.36
    11094       0.3372   5.36
    11095       0.3377   5.36
    11096       0.3381   5.36
    11097       0.3385   5.36
    11098       0.3379   5.36
    11099       0.3372   5.36
    11100       0.3374   5.36
    11101       0.3370   5.36
    11102       0.3372   5.36
    11103       0.3368   5.37
    11104       0.3367   5.36
    11105       0.3381   5.36
    11106       0.3375   5.36
    11107       0.3366   5.36
    11108       0.3386   5.36
    11109       0.3474   5.36
    11110       0.3371   5.36
    11111       0.3368   5.36
    11112       0.3368   5.36
    11113       0.3375   5.36
    11114       0.3373   5.36
    11115       0.3478   5.36
    11116       0.3374   5.37
    11117       0.3369   5.36
    11118       0.3366   5.36
    11119       0.3371   5.36
    11120       0.3368   5.36
    11121       0.3494   5.36
    11122       0.3373   5.36
    11123       0.3372   5.36
    11124       0.3373   5.36
    11125       0.3369   5.36
    11126       0.3372   5.36
    11127       0.3521   5.36
    11128       0.3368   5.36
    11129       0.3359   5.36
    11130       0.3365   5.36
    11131       0.3372   5.36
    11132       0.3370   5.37
    11133       0.3544   5.37
    11134       0.3474   5.36
    11135       0.3372   5.36
    11136       0.3369   5.36
    11137       0.3377   5.36
    11138       0.3383   5.36
    11139       0.3362   5.36
    11140       0.3378   5.36
    11141       0.3380   5.36
    11142       0.3369   5.36
    11143       0.3502   5.36
    11144       0.3382   5.36
    11145       0.3373   5.36
    11146       0.3375   5.36
    11147       0.3375   5.36
    11148       0.3374   5.36
    11149       0.3521   5.36
    11150       0.3382   5.36
    11151       0.3368   5.36
    11152       0.3537   5.36
    11153       0.3372   5.36
    11154       0.3385   5.36
    11155       0.3372   5.36
    11156       0.3390   5.36
    11157       0.3380   5.36
    11158       0.3370   5.36
    11159       0.3380   5.36
    11160       0.3377   5.36
    11161       0.3369   5.36
    11162       0.3372   5.36
    11163       0.3372   5.36
    11164       0.3370   5.36
    11165       0.3497   5.36
    11166       0.3373   5.36
    11167       0.3360   5.36
    11168       0.3511   5.36
    11169       0.3434   5.36
    11170       0.3362   5.36
    11171       0.3381   5.36
    11172       0.3448   5.36
    11173       0.3361   5.37
    11174       0.3372   5.37
    11175       0.3373   5.36
    11176       0.3373   5.37
    11177       0.3357   5.37
    11178       0.3374   5.37
    11179       0.3378   5.36
    11180       0.3370   5.36
    11181       0.3478   5.36
    11182       0.3377   5.36
    11183       0.3380   5.36
    11184       0.3377   5.36
    11185       0.3373   5.36
    11186       0.3368   5.36
    11187       0.3498   5.36
    11188       0.3365   5.36
    11189       0.3371   5.36
    11190       0.3370   5.36
    11191       0.3374   5.37
    11192       0.3367   5.36
    11193       0.3376   5.36
    11194       0.3377   5.36
    11195       0.3365   5.37
    11196       0.3376   5.37
    11197       0.3380   5.37
    11198       0.3375   5.36
    11199       0.3369   5.36
    11200       0.3457   5.36
    11201       0.3376   5.36
    11202       0.3362   5.36
    11203       0.3371   5.36
    11204       0.3375   5.37
    11205       0.3367   5.36
    11206       0.3377   5.36
    11207       0.3381   5.36
    11208       0.3369   5.36
    11209       0.3384   5.36
    11210       0.3375   5.36
    11211       0.3366   5.37
    11212       0.3383   5.37
    11213       0.3383   5.36
    11214       0.3369   5.36
    11215       0.3379   5.36
    11216       0.3379   5.36
    11217       0.3374   5.36
    11218       0.3378   5.36
    11219       0.3431   5.36
    11220       0.3376   5.36
    11221       0.3375   5.36
    11222       0.3378   5.36
    11223       0.3364   5.36
    11224       0.3381   5.36
    11225       0.3374   5.36
    11226       0.3366   5.36
    11227       0.3379   5.36
    11228       0.3462   5.36
    11229       0.3375   5.36
    11230       0.3367   5.36
    11231       0.3380   5.36
    11232       0.3373   5.36
    11233       0.3367   5.36
    11234       0.3376   5.36
    11235       0.3379   5.36
    11236       0.3372   5.36
    11237       0.3371   5.36
    11238       0.3376   5.36
    11239       0.3376   5.36
    11240       0.3494   5.36
    11241       0.3377   5.36
    11242       0.3365   5.36
    11243       0.3381   5.36
    11244       0.3375   5.36
    11245       0.3359   5.36
    11246       0.3375   5.36
    11247       0.3378   5.36
    11248       0.3370   5.36
    11249       0.3368   5.36
    11250       0.3436   5.36
    11251       0.3360   5.36
    11252       0.3374   5.36
    11253       0.3370   5.36
    11254       0.3357   5.36
    11255       0.3537   5.36
    11256       0.3457   5.36
    11257       0.3368   5.37
    11258       0.3361   5.37
    11259       0.3374   5.37
    11260       0.3378   5.36
    11261       0.3369   5.37
    11262       0.3377   5.37
    11263       0.3406   5.37
    11264       0.3365   5.37
    11265       0.3374   5.37
    11266       0.3370   5.37
    11267       0.3356   5.36
    11268       0.3378   5.36
    11269       0.3365   5.36
    11270       0.3365   5.36
    11271       0.3381   5.36
    11272       0.3442   5.37
    11273       0.3361   5.36
    11274       0.3380   5.36
    11275       0.3374   5.36
    11276       0.3366   5.36
    11277       0.3376   5.36
    11278       0.3376   5.36
    11279       0.3371   5.36
    11280       0.3372   5.36
    11281       0.3377   5.36
    11282       0.3367   5.36
    11283       0.3370   5.36
    11284       0.3463   5.36
    11285       0.3384   5.37
    11286       0.3374   5.37
    11287       0.3381   5.37
    11288       0.3378   5.36
    11289       0.3368   5.36
    11290       0.3378   5.36
    11291       0.3405   5.36
    11292       0.3370   5.36
    11293       0.3370   5.36
    11294       0.3373   5.36
    11295       0.3368   5.37
    11296       0.3375   5.37
    11297       0.3379   5.36
    11298       0.3372   5.36
    11299       0.3509   5.36
    11300       0.3373   5.36
    11301       0.3364   5.36
    11302       0.3368   5.36
    11303       0.3364   5.36
    11304       0.3368   5.36
    11305       0.3366   5.36
    11306       0.3444   5.36
    11307       0.3367   5.36
    11308       0.3367   5.36
    11309       0.3376   5.36
    11310       0.3368   5.36
    11311       0.3368   5.36
    11312       0.3369   5.36
    11313       0.3385   5.36
    11314       0.3366   5.37
    11315       0.3374   5.37
    11316       0.3384   5.36
    11317       0.3363   5.36
    11318       0.3377   5.36
    11319       0.3373   5.36
    11320       0.3370   5.36
    11321       0.3371   5.36
    11322       0.3377   5.37
    11323       0.3370   5.37
    11324       0.3373   5.37
    11325       0.3418   5.37
    11326       0.3359   5.37
    11327       0.3382   5.37
    11328       0.3433   5.36
    11329       0.3367   5.36
    11330       0.3374   5.36
    11331       0.3443   5.36
    11332       0.3362   5.36
    11333       0.3375   5.36
    11334       0.3374   5.36
    11335       0.3370   5.37
    11336       0.3366   5.37
    11337       0.3380   5.36
    11338       0.3383   5.36
    11339       0.3370   5.36
    11340       0.3373   5.36
    11341       0.3368   5.36
    11342       0.3370   5.36
    11343       0.3373   5.36
    11344       0.3398   5.36
    11345       0.3363   5.36
    11346       0.3483   5.36
    11347       0.3374   5.36
    11348       0.3373   5.37
    11349       0.3372   5.37
    11350       0.3364   5.37
    11351       0.3360   5.37
    11352       0.3371   5.37
    11353       0.3423   5.37
    11354       0.3368   5.36
    11355       0.3376   5.36
    11356       0.3369   5.36
    11357       0.3365   5.37
    11358       0.3380   5.37
    11359       0.3372   5.36
    11360       0.3359   5.36
    11361       0.3381   5.36
    11362       0.3370   5.36
    11363       0.3366   5.37
    11364       0.3366   5.37
    11365       0.3452   5.36
    11366       0.3376   5.36
    11367       0.3370   5.37
    11368       0.3373   5.37
    11369       0.3374   5.37
    11370       0.3371   5.37
    11371       0.3481   5.37
    11372       0.3371   5.37
    11373       0.3369   5.37
    11374       0.3374   5.37
    11375       0.3367   5.36
    11376       0.3364   5.36
    11377       0.3492   5.36
    11378       0.3372   5.37
    11379       0.3367   5.37
    11380       0.3368   5.37
    11381       0.3374   5.37
    11382       0.3370   5.37
    11383       0.3374   5.37
    11384       0.3373   5.37
    11385       0.3372   5.37
    11386       0.3382   5.37
    11387       0.3372   5.36
    11388       0.3368   5.36
    11389       0.3375   5.36
    11390       0.3378   5.36
    11391       0.3384   5.37
    11392       0.3366   5.36
    11393       0.3373   5.36
    11394       0.3366   5.36
    11395       0.3369   5.36
    11396       0.3374   5.36
    11397       0.3376   5.37
    11398       0.3373   5.36
    11399       0.3381   5.36
    11400       0.3375   5.36
    11401       0.3369   5.36
    11402       0.3376   5.36
    11403       0.3376   5.36
    11404       0.3372   5.36
    11405       0.3385   5.36
    11406       0.3377   5.36
    11407       0.3361   5.36
    11408       0.3376   5.36
    11409       0.3425   5.36
    11410       0.3370   5.36
    11411       0.3379   5.36
    11412       0.3368   5.36
    11413       0.3363   5.37
    11414       0.3379   5.37
    11415       0.3448   5.36
    11416       0.3362   5.36
    11417       0.3377   5.36
    11418       0.3375   5.36
    11419       0.3365   5.37
    11420       0.3366   5.37
    11421       0.3372   5.36
    11422       0.3380   5.36
    11423       0.3371   5.36
    11424       0.3375   5.36
    11425       0.3367   5.36
    11426       0.3363   5.36
    11427       0.3371   5.36
    11428       0.3467   5.36
    11429       0.3362   5.37
    11430       0.3368   5.37
    11431       0.3375   5.37
    11432       0.3364   5.36
    11433       0.3369   5.36
    11434       0.3371   5.36
    11435       0.3375   5.37
    11436       0.3370   5.37
    11437       0.3365   5.37
    11438       0.3365   5.37
    11439       0.3375   5.37
    11440       0.3370   5.37
    11441       0.3361   5.36
    11442       0.3370   5.36
    11443       0.3376   5.37
    11444       0.3359   5.36
    11445       0.3376   5.36
    11446       0.3366   5.36
    11447       0.3367   5.37
    11448       0.3379   5.37
    11449       0.3445   5.37
    11450       0.3375   5.36
    11451       0.3366   5.37
    11452       0.3370   5.37
    11453       0.3389   5.37
    11454       0.3364   5.36
    11455       0.3370   5.36
    11456       0.3368   5.37
    11457       0.3369   5.37
    11458       0.3475   5.37
    11459       0.3401   5.36
    11460       0.3364   5.37
    11461       0.3488   5.37
    11462       0.3377   5.37
    11463       0.3368   5.37
    11464       0.3510   5.37
    11465       0.3434   5.36
    11466       0.3374   5.37
    11467       0.3373   5.37
    11468       0.3372   5.37
    11469       0.3371   5.37
    11470       0.3383   5.37
    11471       0.3445   5.36
    11472       0.3370   5.36
    11473       0.3371   5.37
    11474       0.3381   5.37
    11475       0.3383   5.37
    11476       0.3373   5.36
    11477       0.3379   5.36
    11478       0.3393   5.36
    11479       0.3364   5.36
    11480       0.3484   5.36
    11481       0.3408   5.36
    11482       0.3371   5.36
    11483       0.3494   5.36
    11484       0.3378   5.36
    11485       0.3370   5.36
    11486       0.3368   5.36
    11487       0.3372   5.36
    11488       0.3366   5.36
    11489       0.3380   5.36
    11490       0.3452   5.36
    11491       0.3361   5.36
    11492       0.3369   5.36
    11493       0.3377   5.36
    11494       0.3371   5.37
    11495       0.3372   5.37
    11496       0.3375   5.37
    11497       0.3370   5.36
    11498       0.3368   5.36
    11499       0.3374   5.36
    11500       0.3370   5.36
    11501       0.3377   5.36
    11502       0.3377   5.36
    11503       0.3374   5.37
    11504       0.3360   5.36
    11505       0.3375   5.36
    11506       0.3371   5.36
    11507       0.3368   5.36
    11508       0.3363   5.36
    11509       0.3365   5.36
    11510       0.3372   5.37
    11511       0.3495   5.37
    11512       0.3371   5.37
    11513       0.3367   5.36
    11514       0.3374   5.36
    11515       0.3369   5.37
    11516       0.3379   5.37
    11517       0.3381   5.37
    11518       0.3371   5.37
    11519       0.3364   5.36
    11520       0.3381   5.36
    11521       0.3372   5.36
    11522       0.3366   5.36
    11523       0.3373   5.36
    11524       0.3377   5.37
    11525       0.3366   5.36
    11526       0.3370   5.36
    11527       0.3373   5.36
    11528       0.3370   5.36
    11529       0.3372   5.36
    11530       0.3375   5.36
    11531       0.3373   5.37
    11532       0.3367   5.37
    11533       0.3477   5.37
    11534       0.3376   5.36
    11535       0.3368   5.36
    11536       0.3373   5.36
    11537       0.3375   5.36
    11538       0.3372   5.36
    11539       0.3372   5.36
    11540       0.3376   5.36
    11541       0.3369   5.37
    11542       0.3383   5.37
    11543       0.3373   5.36
    11544       0.3366   5.36
    11545       0.3383   5.36
    11546       0.3380   5.37
    11547       0.3369   5.36
    11548       0.3522   5.36
    11549       0.3378   5.36
    11550       0.3372   5.36
    11551       0.3381   5.36
    11552       0.3380   5.36
    11553       0.3374   5.36
    11554       0.3367   5.36
    11555       0.3382   5.36
    11556       0.3379   5.36
    11557       0.3362   5.36
    11558       0.3376   5.36
    11559       0.3373   5.36
    11560       0.3363   5.36
    11561       0.3381   5.36
    11562       0.3381   5.37
    11563       0.3367   5.36
    11564       0.3378   5.36
    11565       0.3409   5.36
    11566       0.3366   5.36
    11567       0.3376   5.36
    11568       0.3374   5.36
    11569       0.3374   5.36
    11570       0.3513   5.36
    11571       0.3380   5.36
    11572       0.3365   5.36
    11573       0.3520   5.36
    11574       0.3376   5.37
    11575       0.3372   5.37
    11576       0.3373   5.37
    11577       0.3378   5.36
    11578       0.3378   5.36
    11579       0.3362   5.36
    11580       0.3367   5.36
    11581       0.3367   5.37
    11582       0.3362   5.36
    11583       0.3373   5.36
    11584       0.3372   5.37
    11585       0.3369   5.37
    11586       0.3368   5.37
    11587       0.3373   5.37
    11588       0.3369   5.37
    11589       0.3378   5.37
    11590       0.3370   5.36
    11591       0.3371   5.36
    11592       0.3372   5.36
    11593       0.3374   5.37
    11594       0.3369   5.36
    11595       0.3505   5.36
    11596       0.3424   5.36
    11597       0.3364   5.36
    11598       0.3382   5.36
    11599       0.3438   5.37
    11600       0.3367   5.37
    11601       0.3373   5.37
    11602       0.3375   5.36
    11603       0.3366   5.36
    11604       0.3371   5.36
    11605       0.3373   5.36
    11606       0.3376   5.37
    11607       0.3366   5.37
    11608       0.3374   5.37
    11609       0.3365   5.37
    11610       0.3364   5.37
    11611       0.3469   5.37
    11612       0.3374   5.36
    11613       0.3371   5.37
    11614       0.3487   5.37
    11615       0.3368   5.37
    11616       0.3367   5.36
    11617       0.3499   5.36
    11618       0.3429   5.37
    11619       0.3373   5.36
    11620       0.3383   5.36
    11621       0.3378   5.36
    11622       0.3372   5.36
    11623       0.3372   5.36
    11624       0.3372   5.36
    11625       0.3362   5.36
    11626       0.3378   5.36
    11627       0.3377   5.36
    11628       0.3359   5.36
    11629       0.3371   5.36
    11630       0.3372   5.36
    11631       0.3369   5.36
    11632       0.3369   5.36
    11633       0.3467   5.36
    11634       0.3367   5.36
    11635       0.3368   5.36
    11636       0.3374   5.36
    11637       0.3372   5.37
    11638       0.3364   5.37
    11639       0.3379   5.37
    11640       0.3374   5.36
    11641       0.3371   5.36
    11642       0.3372   5.36
    11643       0.3374   5.37
    11644       0.3371   5.36
    11645       0.3504   5.36
    11646       0.3376   5.36
    11647       0.3368   5.37
    11648       0.3514   5.37
    11649       0.3443   5.37
    11650       0.3373   5.36
    11651       0.3371   5.36
    11652       0.3452   5.36
    11653       0.3377   5.36
    11654       0.3369   5.36
    11655       0.3471   5.36
    11656       0.3374   5.36
    11657       0.3383   5.36
    11658       0.3376   5.36
    11659       0.3375   5.36
    11660       0.3367   5.36
    11661       0.3487   5.36
    11662       0.3367   5.36
    11663       0.3367   5.36
    11664       0.3365   5.36
    11665       0.3376   5.36
    11666       0.3367   5.36
    11667       0.3374   5.36
    11668       0.3423   5.36
    11669       0.3361   5.37
    11670       0.3377   5.37
    11671       0.3440   5.36
    11672       0.3366   5.37
    11673       0.3376   5.37
    11674       0.3376   5.37
    11675       0.3367   5.37
    11676       0.3374   5.37
    11677       0.3377   5.36
    11678       0.3384   5.36
    11679       0.3376   5.36
    11680       0.3465   5.36
    11681       0.3380   5.36
    11682       0.3363   5.37
    11683       0.3379   5.37
    11684       0.3376   5.36
    11685       0.3357   5.36
    11686       0.3371   5.36
    11687       0.3382   5.36
    11688       0.3360   5.36
    11689       0.3374   5.36
    11690       0.3411   5.37
    11691       0.3362   5.36
    11692       0.3378   5.36
    11693       0.3376   5.36
    11694       0.3368   5.36
    11695       0.3377   5.36
    11696       0.3379   5.37
    11697       0.3368   5.36
    11698       0.3513   5.36
    11699       0.3376   5.36
    11700       0.3365   5.37
    11701       0.3381   5.37
    11702       0.3374   5.37
    11703       0.3374   5.37
    11704       0.3372   5.37
    11705       0.3371   5.37
    11706       0.3372   5.36
    11707       0.3369   5.36
    11708       0.3376   5.36
    11709       0.3374   5.36
    11710       0.3365   5.37
    11711       0.3371   5.37
    11712       0.3391   5.37
    11713       0.3376   5.37
    11714       0.3486   5.37
    11715       0.3374   5.36
    11716       0.3364   5.36
    11717       0.3373   5.36
    11718       0.3377   5.37
    11719       0.3374   5.37
    11720       0.3374   5.37
    11721       0.3469   5.36
    11722       0.3367   5.36
    11723       0.3377   5.36
    11724       0.3374   5.36
    11725       0.3376   5.37
    11726       0.3375   5.37
    11727       0.3373   5.36
    11728       0.3369   5.36
    11729       0.3379   5.36
    11730       0.3379   5.36
    11731       0.3372   5.37
    11732       0.3380   5.37
    11733       0.3378   5.37
    11734       0.3379   5.36
    11735       0.3373   5.36
    11736       0.3379   5.36
    11737       0.3386   5.36
    11738       0.3363   5.36
    11739       0.3476   5.36
    11740       0.3377   5.36
    11741       0.3367   5.36
    11742       0.3369   5.36
    11743       0.3380   5.36
    11744       0.3368   5.36
    11745       0.3379   5.36
    11746       0.3377   5.36
    11747       0.3364   5.36
    11748       0.3365   5.36
    11749       0.3369   5.36
    11750       0.3366   5.37
    11751       0.3519   5.37
    11752       0.3376   5.37
    11753       0.3367   5.36
    11754       0.3533   5.36
    11755       0.3376   5.37
    11756       0.3368   5.36
    11757       0.3369   5.36
    11758       0.3466   5.36
    11759       0.3383   5.36
    11760       0.3379   5.37
    11761       0.3381   5.37
    11762       0.3376   5.37
    11763       0.3363   5.36
    11764       0.3376   5.36
    11765       0.3372   5.36
    11766       0.3370   5.36
    11767       0.3377   5.36
    11768       0.3372   5.36
    11769       0.3364   5.36
    11770       0.3366   5.36
    11771       0.3375   5.37
    11772       0.3375   5.36
    11773       0.3377   5.36
    11774       0.3384   5.36
    11775       0.3374   5.37
    11776       0.3374   5.37
    11777       0.3380   5.36
    11778       0.3370   5.36
    11779       0.3374   5.36
    11780       0.3379   5.36
    11781       0.3362   5.36
    11782       0.3535   5.36
    11783       0.3375   5.36
    11784       0.3395   5.36
    11785       0.3363   5.37
    11786       0.3473   5.37
    11787       0.3403   5.36
    11788       0.3374   5.36
    11789       0.3372   5.36
    11790       0.3377   5.36
    11791       0.3363   5.36
    11792       0.3382   5.36
    11793       0.3381   5.36
    11794       0.3371   5.36
    11795       0.3377   5.36
    11796       0.3430   5.36
    11797       0.3368   5.36
    11798       0.3374   5.36
    11799       0.3375   5.36
    11800       0.3359   5.36
    11801       0.3375   5.36
    11802       0.3372   5.36
    11803       0.3349   5.37
    11804       0.3363   5.37
    11805       0.3371   5.36
    11806       0.3369   5.37
    11807       0.3376   5.37
    11808       0.3372   5.37
    11809       0.3362   5.37
    11810       0.3377   5.37
    11811       0.3379   5.37
    11812       0.3373   5.36
    11813       0.3372   5.37
    11814       0.3381   5.37
    11815       0.3384   5.36
    11816       0.3367   5.36
    11817       0.3471   5.36
    11818       0.3371   5.36
    11819       0.3367   5.37
    11820       0.3378   5.37
    11821       0.3376   5.37
    11822       0.3364   5.37
    11823       0.3502   5.37
    11824       0.3377   5.36
    11825       0.3362   5.36
    11826       0.3379   5.36
    11827       0.3382   5.37
    11828       0.3376   5.37
    11829       0.3382   5.37
    11830       0.3376   5.36
    11831       0.3364   5.36
    11832       0.3535   5.36
    11833       0.3378   5.36
    11834       0.3374   5.36
    11835       0.3377   5.36
    11836       0.3377   5.36
    11837       0.3371   5.37
    11838       0.3362   5.36
    11839       0.3474   5.36
    11840       0.3373   5.37
    11841       0.3357   5.36
    11842       0.3483   5.36
    11843       0.3376   5.37
    11844       0.3384   5.37
    11845       0.3372   5.37
    11846       0.3379   5.37
    11847       0.3367   5.36
    11848       0.3376   5.36
    11849       0.3423   5.36
    11850       0.3377   5.36
    11851       0.3373   5.36
    11852       0.3378   5.36
    11853       0.3365   5.36
    11854       0.3531   5.36
    11855       0.3375   5.36
    11856       0.3367   5.36
    11857       0.3363   5.37
    11858       0.3374   5.37
    11859       0.3380   5.37
    11860       0.3366   5.36
    11861       0.3376   5.36
    11862       0.3390   5.36
    11863       0.3360   5.36
    11864       0.3373   5.36
    11865       0.3379   5.36
    11866       0.3362   5.37
    11867       0.3377   5.37
    11868       0.3376   5.36
    11869       0.3363   5.36
    11870       0.3377   5.36
    11871       0.3375   5.36
    11872       0.3370   5.37
    11873       0.3376   5.37
    11874       0.3373   5.36
    11875       0.3369   5.36
    11876       0.3371   5.36
    11877       0.3424   5.36
    11878       0.3373   5.37
    11879       0.3379   5.37
    11880       0.3373   5.37
    11881       0.3363   5.36
    11882       0.3373   5.36
    11883       0.3374   5.36
    11884       0.3368   5.37
    11885       0.3373   5.37
    11886       0.3368   5.37
    11887       0.3370   5.37
    11888       0.3536   5.37
    11889       0.3367   5.36
    11890       0.3376   5.37
    11891       0.3365   5.36
    11892       0.3372   5.36
    11893       0.3376   5.37
    11894       0.3367   5.36
    11895       0.3370   5.36
    11896       0.3366   5.36
    11897       0.3362   5.37
    11898       0.3487   5.37
    11899       0.3419   5.37
    11900       0.3373   5.37
    11901       0.3381   5.37
    11902       0.3376   5.36
    11903       0.3360   5.36
    11904       0.3517   5.36
    11905       0.3373   5.36
    11906       0.3364   5.36
    11907       0.3364   5.36
    11908       0.3375   5.37
    11909       0.3367   5.36
    11910       0.3368   5.36
    11911       0.3376   5.37
    11912       0.3375   5.36
    11913       0.3362   5.36
    11914       0.3375   5.36
    11915       0.3377   5.37
    11916       0.3363   5.36
    11917       0.3369   5.36
    11918       0.3381   5.36
    11919       0.3365   5.36
    11920       0.3379   5.36
    11921       0.3375   5.37
    11922       0.3367   5.37
    11923       0.3384   5.37
    11924       0.3380   5.36
    11925       0.3379   5.36
    11926       0.3376   5.36
    11927       0.3375   5.36
    11928       0.3364   5.36
    11929       0.3375   5.36
    11930       0.3377   5.36
    11931       0.3373   5.36
    11932       0.3375   5.36
    11933       0.3431   5.37
    11934       0.3359   5.36
    11935       0.3377   5.36
    11936       0.3380   5.36
    11937       0.3370   5.36
    11938       0.3375   5.36
    11939       0.3386   5.36
    11940       0.3369   5.36
    11941       0.3542   5.36
    11942       0.3375   5.36
    11943       0.3376   5.37
    11944       0.3361   5.36
    11945       0.3371   5.36
    11946       0.3379   5.36
    11947       0.3377   5.36
    11948       0.3379   5.36
    11949       0.3374   5.37
    11950       0.3363   5.37
    11951       0.3383   5.37
    11952       0.3385   5.36
    11953       0.3362   5.36
    11954       0.3380   5.36
    11955       0.3429   5.36
    11956       0.3373   5.36
    11957       0.3378   5.36
    11958       0.3437   5.36
    11959       0.3365   5.36
    11960       0.3371   5.36
    11961       0.3440   5.36
    11962       0.3363   5.36
    11963       0.3379   5.36
    11964       0.3459   5.36
    11965       0.3377   5.36
    11966       0.3375   5.36
    11967       0.3379   5.36
    11968       0.3392   5.36
    11969       0.3366   5.36
    11970       0.3368   5.36
    11971       0.3377   5.36
    11972       0.3364   5.36
    11973       0.3479   5.36
    11974       0.3367   5.36
    11975       0.3369   5.36
    11976       0.3492   5.36
    11977       0.3417   5.37
    11978       0.3372   5.37
    11979       0.3382   5.37
    11980       0.3380   5.37
    11981       0.3374   5.36
    11982       0.3523   5.36
    11983       0.3376   5.36
    11984       0.3370   5.36
    11985       0.3370   5.36
    11986       0.3378   5.36
    11987       0.3379   5.36
    11988       0.3366   5.36
    11989       0.3375   5.36
    11990       0.3381   5.37
    11991       0.3376   5.36
    11992       0.3378   5.36
    11993       0.3392   5.36
    11994       0.3374   5.36
    11995       0.3483   5.36
    11996       0.3373   5.36
    11997       0.3366   5.36
    11998       0.3375   5.36
    11999       0.3372   5.36
    12000       0.3360   5.36
    12001       0.3502   5.36
    12002       0.3372   5.36
    12003       0.3364   5.37
    12004       0.3378   5.37
    12005       0.3381   5.37
    12006       0.3374   5.37
    12007       0.3385   5.37
    12008       0.3373   5.37
    12009       0.3371   5.36
    12010       0.3369   5.36
    12011       0.3376   5.36
    12012       0.3370   5.36
    12013       0.3382   5.36
    12014       0.3385   5.36
    12015       0.3371   5.36
    12016       0.3366   5.36
    12017       0.3371   5.36
    12018       0.3372   5.36
    12019       0.3366   5.36
    12020       0.3372   5.36
    12021       0.3391   5.36
    12022       0.3371   5.36
    12023       0.3380   5.36
    12024       0.3371   5.36
    12025       0.3366   5.36
    12026       0.3370   5.36
    12027       0.3373   5.36
    12028       0.3371   5.36
    12029       0.3377   5.36
    12030       0.3382   5.37
    12031       0.3373   5.36
    12032       0.3381   5.36
    12033       0.3379   5.36
    12034       0.3379   5.36
    12035       0.3524   5.36
    12036       0.3382   5.36
    12037       0.3377   5.36
    12038       0.3382   5.36
    12039       0.3475   5.36
    12040       0.3370   5.36
    12041       0.3370   5.36
    12042       0.3382   5.36
    12043       0.3393   5.36
    12044       0.3363   5.36
    12045       0.3474   5.36
    12046       0.3371   5.36
    12047       0.3370   5.36
    12048       0.3379   5.36
    12049       0.3380   5.36
    12050       0.3370   5.36
    12051       0.3382   5.36
    12052       0.3379   5.36
    12053       0.3364   5.36
    12054       0.3502   5.36
    12055       0.3373   5.36
    12056       0.3368   5.36
    12057       0.3436   5.36
    12058       0.3377   5.36
    12059       0.3369   5.36
    12060       0.3378   5.36
    12061       0.3376   5.36
    12062       0.3366   5.36
    12063       0.3373   5.36
    12064       0.3372   5.36
    12065       0.3377   5.36
    12066       0.3363   5.36
    12067       0.3368   5.36
    12068       0.3373   5.36
    12069       0.3363   5.36
    12070       0.3368   5.36
    12071       0.3368   5.36
    12072       0.3359   5.37
    12073       0.3382   5.37
    12074       0.3383   5.37
    12075       0.3363   5.36
    12076       0.3380   5.36
    12077       0.3363   5.36
    12078       0.3361   5.36
    12079       0.3495   5.36
    12080       0.3375   5.36
    12081       0.3365   5.36
    12082       0.3374   5.36
    12083       0.3374   5.36
    12084       0.3369   5.36
    12085       0.3372   5.36
    12086       0.3377   5.36
    12087       0.3368   5.36
    12088       0.3374   5.36
    12089       0.3377   5.36
    12090       0.3371   5.37
    12091       0.3375   5.37
    12092       0.3376   5.36
    12093       0.3377   5.36
    12094       0.3369   5.36
    12095       0.3370   5.36
    12096       0.3376   5.36
    12097       0.3375   5.36
    12098       0.3376   5.36
    12099       0.3375   5.37
    12100       0.3363   5.36
    12101       0.3372   5.36
    12102       0.3372   5.36
    12103       0.3363   5.36
    12104       0.3379   5.36
    12105       0.3380   5.36
    12106       0.3368   5.37
    12107       0.3493   5.37
    12108       0.3374   5.37
    12109       0.3375   5.36
    12110       0.3378   5.36
    12111       0.3429   5.36
    12112       0.3372   5.36
    12113       0.3380   5.36
    12114       0.3379   5.36
    12115       0.3368   5.36
    12116       0.3386   5.36
    12117       0.3453   5.36
    12118       0.3371   5.36
    12119       0.3379   5.36
    12120       0.3374   5.36
    12121       0.3373   5.36
    12122       0.3361   5.37
    12123       0.3373   5.37
    12124       0.3374   5.36
    12125       0.3365   5.36
    12126       0.3378   5.36
    12127       0.3387   5.36
    12128       0.3363   5.36
    12129       0.3471   5.36
    12130       0.3376   5.37
    12131       0.3359   5.37
    12132       0.3364   5.37
    12133       0.3373   5.37
    12134       0.3374   5.37
    12135       0.3375   5.37
    12136       0.3371   5.36
    12137       0.3372   5.36
    12138       0.3380   5.36
    12139       0.3379   5.36
    12140       0.3368   5.36
    12141       0.3381   5.36
    12142       0.3380   5.36
    12143       0.3363   5.36
    12144       0.3373   5.36
    12145       0.3376   5.36
    12146       0.3369   5.36
    12147       0.3375   5.36
    12148       0.3457   5.36
    12149       0.3383   5.36
    12150       0.3371   5.36
    12151       0.3477   5.36
    12152       0.3378   5.36
    12153       0.3366   5.36
    12154       0.3370   5.36
    12155       0.3376   5.36
    12156       0.3371   5.36
    12157       0.3381   5.36
    12158       0.3376   5.36
    12159       0.3375   5.36
    12160       0.3382   5.36
    12161       0.3379   5.36
    12162       0.3373   5.36
    12163       0.3378   5.36
    12164       0.3428   5.36
    12165       0.3371   5.36
    12166       0.3379   5.36
    12167       0.3433   5.36
    12168       0.3373   5.36
    12169       0.3376   5.36
    12170       0.3375   5.36
    12171       0.3360   5.36
    12172       0.3380   5.36
    12173       0.3374   5.36
    12174       0.3376   5.36
    12175       0.3374   5.36
    12176       0.3377   5.36
    12177       0.3381   5.36
    12178       0.3376   5.36
    12179       0.3374   5.36
    12180       0.3381   5.36
    12181       0.3365   5.36
    12182       0.3380   5.36
    12183       0.3377   5.36
    12184       0.3373   5.36
    12185       0.3378   5.36
    12186       0.3380   5.36
    12187       0.3367   5.36
    12188       0.3496   5.36
    12189       0.3375   5.36
    12190       0.3362   5.36
    12191       0.3505   5.36
    12192       0.3435   5.36
    12193       0.3358   5.36
    12194       0.3372   5.36
    12195       0.3370   5.36
    12196       0.3375   5.36
    12197       0.3536   5.36
    12198       0.3372   5.36
    12199       0.3380   5.36
    12200       0.3362   5.36
    12201       0.3456   5.36
    12202       0.3395   5.36
    12203       0.3363   5.37
    12204       0.3485   5.37
    12205       0.3371   5.36
    12206       0.3367   5.36
    12207       0.3375   5.36
    12208       0.3379   5.37
    12209       0.3371   5.36
    12210       0.3376   5.36
    12211       0.3379   5.36
    12212       0.3358   5.36
    12213       0.3375   5.36
    12214       0.3365   5.36
    12215       0.3371   5.36
    12216       0.3370   5.36
    12217       0.3436   5.37
    12218       0.3371   5.37
    12219       0.3379   5.37
    12220       0.3377   5.36
    12221       0.3377   5.36
    12222       0.3390   5.36
    12223       0.3459   5.36
    12224       0.3389   5.36
    12225       0.3376   5.36
    12226       0.3471   5.36
    12227       0.3401   5.36
    12228       0.3372   5.36
    12229       0.3372   5.36
    12230       0.3410   5.36
    12231       0.3375   5.36
    12232       0.3375   5.36
    12233       0.3370   5.36
    12234       0.3370   5.36
    12235       0.3509   5.36
    12236       0.3430   5.36
    12237       0.3361   5.36
    12238       0.3377   5.36
    12239       0.3377   5.36
    12240       0.3374   5.36
    12241       0.3378   5.36
    12242       0.3379   5.36
    12243       0.3370   5.36
    12244       0.3377   5.36
    12245       0.3380   5.36
    12246       0.3383   5.36
    12247       0.3370   5.36
    12248       0.3378   5.36
    12249       0.3394   5.36
    12250       0.3375   5.36
    12251       0.3370   5.36
    12252       0.3375   5.36
    12253       0.3369   5.36
    12254       0.3373   5.36
    12255       0.3378   5.36
    12256       0.3374   5.36
    12257       0.3498   5.36
    12258       0.3418   5.36
    12259       0.3366   5.36
    12260       0.3377   5.36
    12261       0.3375   5.36
    12262       0.3364   5.36
    12263       0.3515   5.36
    12264       0.3380   5.36
    12265       0.3374   5.36
    12266       0.3527   5.36
    12267       0.3376   5.36
    12268       0.3375   5.36
    12269       0.3371   5.36
    12270       0.3383   5.36
    12271       0.3380   5.36
    12272       0.3358   5.36
    12273       0.3366   5.36
    12274       0.3384   5.36
    12275       0.3361   5.36
    12276       0.3483   5.36
    12277       0.3376   5.36
    12278       0.3371   5.36
    12279       0.3364   5.36
    12280       0.3372   5.36
    12281       0.3364   5.37
    12282       0.3372   5.37
    12283       0.3379   5.37
    12284       0.3374   5.37
    12285       0.3373   5.37
    12286       0.3375   5.36
    12287       0.3363   5.36
    12288       0.3371   5.36
    12289       0.3433   5.37
    12290       0.3369   5.36
    12291       0.3383   5.36
    12292       0.3380   5.36
    12293       0.3376   5.36
    12294       0.3373   5.36
    12295       0.3452   5.36
    12296       0.3381   5.36
    12297       0.3361   5.36
    12298       0.3373   5.36
    12299       0.3379   5.36
    12300       0.3362   5.37
    12301       0.3368   5.37
    12302       0.3367   5.36
    12303       0.3361   5.36
    12304       0.3378   5.36
    12305       0.3400   5.36
    12306       0.3368   5.36
    12307       0.3377   5.36
    12308       0.3367   5.37
    12309       0.3363   5.37
    12310       0.3380   5.37
    12311       0.3379   5.37
    12312       0.3365   5.36
    12313       0.3505   5.36
    12314       0.3371   5.37
    12315       0.3371   5.36
    12316       0.3370   5.36
    12317       0.3376   5.37
    12318       0.3362   5.36
    12319       0.3378   5.36
    12320       0.3382   5.36
    12321       0.3377   5.36
    12322       0.3368   5.36
    12323       0.3368   5.36
    12324       0.3376   5.37
    12325       0.3364   5.36
    12326       0.3376   5.36
    12327       0.3384   5.36
    12328       0.3360   5.36
    12329       0.3380   5.36
    12330       0.3381   5.37
    12331       0.3364   5.36
    12332       0.3476   5.36
    12333       0.3383   5.36
    12334       0.3370   5.36
    12335       0.3371   5.36
    12336       0.3373   5.36
    12337       0.3364   5.37
    12338       0.3502   5.37
    12339       0.3423   5.37
    12340       0.3365   5.36
    12341       0.3379   5.36
    12342       0.3385   5.36
    12343       0.3381   5.37
    12344       0.3531   5.37
    12345       0.3379   5.36
    12346       0.3374   5.36
    12347       0.3372   5.36
    12348       0.3379   5.36
    12349       0.3386   5.36
    12350       0.3366   5.36
    12351       0.3376   5.36
    12352       0.3367   5.36
    12353       0.3365   5.36
    12354       0.3379   5.36
    12355       0.3370   5.36
    12356       0.3359   5.36
    12357       0.3368   5.36
    12358       0.3407   5.36
    12359       0.3368   5.36
    12360       0.3378   5.36
    12361       0.3379   5.36
    12362       0.3382   5.36
    12363       0.3381   5.36
    12364       0.3375   5.36
    12365       0.3370   5.36
    12366       0.3369   5.36
    12367       0.3369   5.36
    12368       0.3362   5.36
    12369       0.3377   5.36
    12370       0.3373   5.36
    12371       0.3361   5.36
    12372       0.3374   5.36
    12373       0.3369   5.36
    12374       0.3369   5.36
    12375       0.3379   5.36
    12376       0.3379   5.36
    12377       0.3377   5.37
    12378       0.3373   5.36
    12379       0.3469   5.36
    12380       0.3368   5.36
    12381       0.3365   5.36
    12382       0.3378   5.36
    12383       0.3372   5.37
    12384       0.3366   5.37
    12385       0.3373   5.37
    12386       0.3398   5.36
    12387       0.3378   5.36
    12388       0.3377   5.36
    12389       0.3373   5.37
    12390       0.3365   5.36
    12391       0.3500   5.36
    12392       0.3421   5.36
    12393       0.3367   5.36
    12394       0.3372   5.36
    12395       0.3367   5.36
    12396       0.3370   5.36
    12397       0.3527   5.36
    12398       0.3373   5.36
    12399       0.3368   5.36
    12400       0.3385   5.36
    12401       0.3376   5.37
    12402       0.3372   5.37
    12403       0.3363   5.36
    12404       0.3378   5.36
    12405       0.3380   5.36
    12406       0.3375   5.36
    12407       0.3386   5.36
    12408       0.3397   5.36
    12409       0.3362   5.36
    12410       0.3375   5.36
    12411       0.3375   5.37
    12412       0.3365   5.36
    12413       0.3374   5.36
    12414       0.3415   5.37
    12415       0.3365   5.36
    12416       0.3372   5.36
    12417       0.3373   5.36
    12418       0.3366   5.37
    12419       0.3376   5.37
    12420       0.3434   5.37
    12421       0.3376   5.36
    12422       0.3378   5.36
    12423       0.3441   5.36
    12424       0.3369   5.36
    12425       0.3372   5.36
    12426       0.3369   5.36
    12427       0.3365   5.37
    12428       0.3370   5.37
    12429       0.3374   5.37
    12430       0.3373   5.37
    12431       0.3369   5.37
    12432       0.3369   5.37
    12433       0.3386   5.37
    12434       0.3365   5.36
    12435       0.3375   5.36
    12436       0.3373   5.37
    12437       0.3374   5.37
    12438       0.3490   5.37
    12439       0.3374   5.37
    12440       0.3363   5.36
    12441       0.3372   5.36
    12442       0.3373   5.36
    12443       0.3375   5.37
    12444       0.3375   5.37
    12445       0.3426   5.37
    12446       0.3367   5.37
    12447       0.3373   5.37
    12448       0.3433   5.36
    12449       0.3369   5.36
    12450       0.3528   5.36
    12451       0.3376   5.37
    12452       0.3365   5.36
    12453       0.3373   5.36
    12454       0.3374   5.36
    12455       0.3382   5.36
    12456       0.3366   5.36
    12457       0.3376   5.36
    12458       0.3377   5.36
    12459       0.3370   5.37
    12460       0.3374   5.37
    12461       0.3375   5.37
    12462       0.3369   5.36
    12463       0.3375   5.36
    12464       0.3379   5.37
    12465       0.3369   5.36
    12466       0.3374   5.36
    12467       0.3377   5.36
    12468       0.3367   5.37
    12469       0.3382   5.37
    12470       0.3373   5.36
    12471       0.3366   5.36
    12472       0.3379   5.36
    12473       0.3373   5.36
    12474       0.3367   5.36
    12475       0.3373   5.36
    12476       0.3373   5.36
    12477       0.3368   5.36
    12478       0.3529   5.36
    12479       0.3375   5.36
    12480       0.3368   5.36
    12481       0.3375   5.36
    12482       0.3461   5.36
    12483       0.3378   5.36
    12484       0.3360   5.36
    12485       0.3373   5.36
    12486       0.3378   5.36
    12487       0.3367   5.36
    12488       0.3375   5.36
    12489       0.3373   5.37
    12490       0.3373   5.36
    12491       0.3385   5.36
    12492       0.3421   5.36
    12493       0.3366   5.36
    12494       0.3375   5.36
    12495       0.3368   5.36
    12496       0.3370   5.36
    12497       0.3510   5.36
    12498       0.3372   5.36
    12499       0.3354   5.36
    12500       0.3376   5.36
    12501       0.3376   5.36
    12502       0.3374   5.36
    12503       0.3372   5.36
    12504       0.3445   5.37
    12505       0.3369   5.36
    12506       0.3384   5.36
    12507       0.3379   5.36
    12508       0.3368   5.36
    12509       0.3367   5.36
    12510       0.3379   5.36
    12511       0.3391   5.36
    12512       0.3365   5.36
    12513       0.3375   5.36
    12514       0.3373   5.37
    12515       0.3371   5.36
    12516       0.3485   5.36
    12517       0.3410   5.36
    12518       0.3372   5.36
    12519       0.3499   5.36
    12520       0.3422   5.37
    12521       0.3366   5.37
    12522       0.3374   5.37
    12523       0.3373   5.37
    12524       0.3368   5.36
    12525       0.3375   5.36
    12526       0.3445   5.36
    12527       0.3362   5.36
    12528       0.3377   5.36
    12529       0.3373   5.37
    12530       0.3367   5.36
    12531       0.3358   5.36
    12532       0.3460   5.37
    12533       0.3387   5.37
    12534       0.3369   5.36
    12535       0.3371   5.36
    12536       0.3367   5.37
    12537       0.3362   5.36
    12538       0.3376   5.36
    12539       0.3401   5.36
    12540       0.3366   5.36
    12541       0.3375   5.36
    12542       0.3377   5.37
    12543       0.3369   5.37
    12544       0.3379   5.37
    12545       0.3375   5.36
    12546       0.3365   5.36
    12547       0.3375   5.36
    12548       0.3376   5.37
    12549       0.3370   5.36
    12550       0.3373   5.36
    12551       0.3371   5.36
    12552       0.3367   5.37
    12553       0.3369   5.37
    12554       0.3371   5.37
    12555       0.3365   5.36
    12556       0.3526   5.36
    12557       0.3457   5.36
    12558       0.3382   5.37
    12559       0.3359   5.37
    12560       0.3379   5.37
    12561       0.3381   5.36
    12562       0.3364   5.36
    12563       0.3372   5.36
    12564       0.3376   5.36
    12565       0.3359   5.37
    12566       0.3485   5.37
    12567       0.3381   5.37
    12568       0.3366   5.37
    12569       0.3502   5.37
    12570       0.3426   5.36
    12571       0.3362   5.36
    12572       0.3376   5.36
    12573       0.3433   5.36
    12574       0.3373   5.36
    12575       0.3374   5.36
    12576       0.3374   5.37
    12577       0.3369   5.36
    12578       0.3375   5.36
    12579       0.3374   5.36
    12580       0.3372   5.36
    12581       0.3542   5.36
    12582       0.3377   5.36
    12583       0.3380   5.36
    12584       0.3362   5.36
    12585       0.3378   5.36
    12586       0.3378   5.36
    12587       0.3360   5.36
    12588       0.3483   5.36
    12589       0.3368   5.36
    12590       0.3365   5.36
    12591       0.3370   5.36
    12592       0.3373   5.36
    12593       0.3368   5.37
    12594       0.3509   5.37
    12595       0.3375   5.36
    12596       0.3362   5.36
    12597       0.3516   5.36
    12598       0.3370   5.36
    12599       0.3371   5.37
    12600       0.3378   5.37
    12601       0.3378   5.37
    12602       0.3374   5.37
    12603       0.3371   5.36
    12604       0.3374   5.36
    12605       0.3375   5.36
    12606       0.3367   5.37
    12607       0.3374   5.37
    12608       0.3370   5.37
    12609       0.3366   5.37
    12610       0.3371   5.37
    12611       0.3382   5.37
    12612       0.3373   5.37
    12613       0.3373   5.37
    12614       0.3411   5.36
    12615       0.3368   5.36
    12616       0.3382   5.36
    12617       0.3416   5.36
    12618       0.3360   5.37
    12619       0.3370   5.37
    12620       0.3380   5.36
    12621       0.3370   5.36
    12622       0.3379   5.36
    12623       0.3376   5.37
    12624       0.3369   5.36
    12625       0.3377   5.36
    12626       0.3376   5.36
    12627       0.3368   5.36
    12628       0.3373   5.36
    12629       0.3375   5.36
    12630       0.3369   5.36
    12631       0.3540   5.36
    12632       0.3379   5.36
    12633       0.3388   5.37
    12634       0.3375   5.37
    12635       0.3385   5.37
    12636       0.3399   5.36
    12637       0.3368   5.36
    12638       0.3377   5.36
    12639       0.3380   5.36
    12640       0.3374   5.36
    12641       0.3379   5.36
    12642       0.3375   5.36
    12643       0.3368   5.36
    12644       0.3370   5.36
    12645       0.3413   5.36
    12646       0.3364   5.36
    12647       0.3368   5.36
    12648       0.3370   5.36
    12649       0.3359   5.36
    12650       0.3368   5.36
    12651       0.3376   5.37
    12652       0.3367   5.36
    12653       0.3469   5.36
    12654       0.3373   5.36
    12655       0.3356   5.36
    12656       0.3377   5.36
    12657       0.3372   5.37
    12658       0.3371   5.37
    12659       0.3367   5.37
    12660       0.3376   5.37
    12661       0.3384   5.37
    12662       0.3365   5.36
    12663       0.3372   5.36
    12664       0.3395   5.36
    12665       0.3379   5.37
    12666       0.3384   5.37
    12667       0.3402   5.36
    12668       0.3365   5.36
    12669       0.3369   5.36
    12670       0.3365   5.36
    12671       0.3360   5.36
    12672       0.3375   5.36
    12673       0.3376   5.36
    12674       0.3368   5.36
    12675       0.3376   5.36
    12676       0.3432   5.36
    12677       0.3372   5.37
    12678       0.3378   5.37
    12679       0.3440   5.36
    12680       0.3356   5.36
    12681       0.3377   5.36
    12682       0.3380   5.37
    12683       0.3366   5.36
    12684       0.3376   5.36
    12685       0.3459   5.36
    12686       0.3379   5.36
    12687       0.3367   5.36
    12688       0.3468   5.36
    12689       0.3374   5.36
    12690       0.3368   5.36
    12691       0.3476   5.36
    12692       0.3376   5.37
    12693       0.3362   5.36
    12694       0.3372   5.36
    12695       0.3375   5.36
    12696       0.3368   5.36
    12697       0.3497   5.36
    12698       0.3372   5.36
    12699       0.3371   5.37
    12700       0.3372   5.37
    12701       0.3369   5.36
    12702       0.3360   5.36
    12703       0.3370   5.36
    12704       0.3374   5.36
    12705       0.3376   5.37
    12706       0.3531   5.37
    12707       0.3373   5.36
    12708       0.3379   5.37
    12709       0.3368   5.37
    12710       0.3465   5.37
    12711       0.3386   5.37
    12712       0.3373   5.36
    12713       0.3382   5.36
    12714       0.3375   5.36
    12715       0.3370   5.36
    12716       0.3399   5.36
    12717       0.3383   5.36
    12718       0.3365   5.36
    12719       0.3380   5.36
    12720       0.3379   5.36
    12721       0.3368   5.36
    12722       0.3388   5.36
    12723       0.3378   5.36
    12724       0.3365   5.36
    12725       0.3377   5.36
    12726       0.3370   5.36
    12727       0.3361   5.36
    12728       0.3522   5.36
    12729       0.3375   5.36
    12730       0.3369   5.36
    12731       0.3370   5.36
    12732       0.3372   5.36
    12733       0.3364   5.36
    12734       0.3543   5.36
    12735       0.3373   5.36
    12736       0.3374   5.36
    12737       0.3371   5.36
    12738       0.3380   5.36
    12739       0.3399   5.36
    12740       0.3363   5.36
    12741       0.3373   5.36
    12742       0.3409   5.36
    12743       0.3361   5.36
    12744       0.3498   5.36
    12745       0.3379   5.36
    12746       0.3371   5.36
    12747       0.3374   5.36
    12748       0.3376   5.36
    12749       0.3362   5.36
    12750       0.3373   5.36
    12751       0.3371   5.36
    12752       0.3362   5.36
    12753       0.3378   5.36
    12754       0.3383   5.37
    12755       0.3369   5.36
    12756       0.3379   5.36
    12757       0.3375   5.36
    12758       0.3368   5.36
    12759       0.3355   5.36
    12760       0.3376   5.36
    12761       0.3384   5.37
    12762       0.3367   5.36
    12763       0.3377   5.36
    12764       0.3375   5.36
    12765       0.3362   5.36
    12766       0.3374   5.36
    12767       0.3369   5.36
    12768       0.3373   5.36
    12769       0.3379   5.36
    12770       0.3371   5.37
    12771       0.3372   5.37
    12772       0.3373   5.37
    12773       0.3404   5.36
    12774       0.3361   5.36
    12775       0.3379   5.36
    12776       0.3371   5.36
    12777       0.3369   5.36
    12778       0.3372   5.36
    12779       0.3431   5.37
    12780       0.3369   5.36
    12781       0.3383   5.36
    12782       0.3379   5.36
    12783       0.3366   5.36
    12784       0.3369   5.36
    12785       0.3372   5.36
    12786       0.3370   5.36
    12787       0.3372   5.36
    12788       0.3375   5.36
    12789       0.3380   5.36
    12790       0.3362   5.36
    12791       0.3380   5.36
    12792       0.3384   5.36
    12793       0.3373   5.36
    12794       0.3477   5.36
    12795       0.3376   5.37
    12796       0.3366   5.37
    12797       0.3372   5.37
    12798       0.3372   5.36
    12799       0.3365   5.36
    12800       0.3494   5.36
    12801       0.3375   5.36
    12802       0.3371   5.37
    12803       0.3384   5.37
    12804       0.3381   5.36
    12805       0.3366   5.36
    12806       0.3378   5.36
    12807       0.3381   5.36
    12808       0.3366   5.36
    12809       0.3383   5.36
    12810       0.3375   5.36
    12811       0.3370   5.36
    12812       0.3380   5.36
    12813       0.3379   5.36
    12814       0.3365   5.36
    12815       0.3366   5.36
    12816       0.3375   5.36
    12817       0.3372   5.36
    12818       0.3368   5.36
    12819       0.3375   5.36
    12820       0.3382   5.36
    12821       0.3365   5.36
    12822       0.3389   5.36
    12823       0.3371   5.36
    12824       0.3361   5.36
    12825       0.3375   5.36
    12826       0.3400   5.37
    12827       0.3369   5.37
    12828       0.3376   5.37
    12829       0.3379   5.36
    12830       0.3362   5.36
    12831       0.3376   5.36
    12832       0.3421   5.36
    12833       0.3375   5.36
    12834       0.3373   5.36
    12835       0.3435   5.36
    12836       0.3369   5.36
    12837       0.3364   5.36
    12838       0.3374   5.36
    12839       0.3369   5.36
    12840       0.3377   5.36
    12841       0.3373   5.37
    12842       0.3377   5.36
    12843       0.3384   5.36
    12844       0.3376   5.36
    12845       0.3374   5.36
    12846       0.3365   5.36
    12847       0.3378   5.36
    12848       0.3373   5.36
    12849       0.3378   5.37
    12850       0.3379   5.37
    12851       0.3386   5.36
    12852       0.3373   5.36
    12853       0.3487   5.36
    12854       0.3385   5.36
    12855       0.3368   5.36
    12856       0.3378   5.36
    12857       0.3426   5.36
    12858       0.3368   5.36
    12859       0.3377   5.36
    12860       0.3379   5.36
    12861       0.3374   5.36
    12862       0.3376   5.36
    12863       0.3373   5.36
    12864       0.3365   5.36
    12865       0.3375   5.36
    12866       0.3375   5.36
    12867       0.3366   5.36
    12868       0.3382   5.36
    12869       0.3379   5.36
    12870       0.3382   5.36
    12871       0.3373   5.36
    12872       0.3375   5.36
    12873       0.3381   5.36
    12874       0.3369   5.36
    12875       0.3373   5.36
    12876       0.3388   5.36
    12877       0.3368   5.36
    12878       0.3476   5.36
    12879       0.3377   5.36
    12880       0.3366   5.36
    12881       0.3493   5.36
    12882       0.3369   5.36
    12883       0.3361   5.36
    12884       0.3376   5.36
    12885       0.3371   5.36
    12886       0.3373   5.36
    12887       0.3516   5.36
    12888       0.3372   5.36
    12889       0.3367   5.36
    12890       0.3374   5.36
    12891       0.3380   5.36
    12892       0.3379   5.36
    12893       0.3386   5.36
    12894       0.3381   5.36
    12895       0.3367   5.36
    12896       0.3359   5.36
    12897       0.3371   5.36
    12898       0.3375   5.36
    12899       0.3359   5.36
    12900       0.3370   5.36
    12901       0.3369   5.37
    12902       0.3377   5.36
    12903       0.3389   5.36
    12904       0.3386   5.36
    12905       0.3371   5.36
    12906       0.3380   5.36
    12907       0.3407   5.36
    12908       0.3359   5.36
    12909       0.3370   5.36
    12910       0.3376   5.36
    12911       0.3374   5.37
    12912       0.3376   5.37
    12913       0.3426   5.37
    12914       0.3372   5.36
    12915       0.3378   5.36
    12916       0.3379   5.36
    12917       0.3362   5.36
    12918       0.3521   5.36
    12919       0.3372   5.36
    12920       0.3370   5.37
    12921       0.3380   5.37
    12922       0.3374   5.37
    12923       0.3377   5.36
    12924       0.3362   5.36
    12925       0.3375   5.36
    12926       0.3381   5.36
    12927       0.3370   5.36
    12928       0.3368   5.36
    12929       0.3369   5.36
    12930       0.3366   5.36
    12931       0.3381   5.36
    12932       0.3378   5.37
    12933       0.3374   5.36
    12934       0.3494   5.36
    12935       0.3375   5.36
    12936       0.3378   5.36
    12937       0.3377   5.36
    12938       0.3375   5.36
    12939       0.3364   5.36
    12940       0.3380   5.36
    12941       0.3374   5.36
    12942       0.3372   5.36
    12943       0.3372   5.36
    12944       0.3441   5.37
    12945       0.3366   5.37
    12946       0.3536   5.37
    12947       0.3466   5.36
    12948       0.3380   5.36
    12949       0.3367   5.36
    12950       0.3379   5.36
    12951       0.3370   5.37
    12952       0.3366   5.36
    12953       0.3482   5.36
    12954       0.3381   5.37
    12955       0.3365   5.36
    12956       0.3371   5.36
    12957       0.3420   5.36
    12958       0.3370   5.36
    12959       0.3382   5.36
    12960       0.3379   5.36
    12961       0.3365   5.36
    12962       0.3372   5.36
    12963       0.3373   5.36
    12964       0.3362   5.36
    12965       0.3516   5.36
    12966       0.3449   5.36
    12967       0.3367   5.37
    12968       0.3373   5.37
    12969       0.3372   5.36
    12970       0.3366   5.36
    12971       0.3368   5.37
    12972       0.3372   5.37
    12973       0.3371   5.37
    12974       0.3367   5.36
    12975       0.3368   5.36
    12976       0.3364   5.36
    12977       0.3355   5.36
    12978       0.3377   5.36
    12979       0.3381   5.37
    12980       0.3368   5.36
    12981       0.3377   5.36
    12982       0.3372   5.36
    12983       0.3367   5.37
    12984       0.3496   5.37
    12985       0.3413   5.36
    12986       0.3373   5.36
    12987       0.3372   5.36
    12988       0.3371   5.37
    12989       0.3369   5.37
    12990       0.3526   5.37
    12991       0.3375   5.36
    12992       0.3365   5.36
    12993       0.3372   5.36
    12994       0.3376   5.37
    12995       0.3368   5.37
    12996       0.3376   5.37
    12997       0.3466   5.36
    12998       0.3382   5.36
    12999       0.3354   5.36
    13000       0.3373   5.36
    13001       0.3381   5.36
    13002       0.3372   5.36
    13003       0.3378   5.36
    13004       0.3405   5.36
    13005       0.3371   5.36
    13006       0.3377   5.36
    13007       0.3376   5.36
    13008       0.3369   5.36
    13009       0.3370   5.36
    13010       0.3413   5.36
    13011       0.3366   5.36
    13012       0.3373   5.36
    13013       0.3379   5.36
    13014       0.3375   5.36
    13015       0.3518   5.36
    13016       0.3369   5.36
    13017       0.3361   5.36
    13018       0.3370   5.36
    13019       0.3374   5.36
    13020       0.3366   5.36
    13021       0.3379   5.36
    13022       0.3461   5.36
    13023       0.3382   5.36
    13024       0.3358   5.36
    13025       0.3471   5.36
    13026       0.3364   5.37
    13027       0.3366   5.37
    13028       0.3375   5.37
    13029       0.3377   5.37
    13030       0.3368   5.37
    13031       0.3487   5.37
    13032       0.3371   5.36
    13033       0.3369   5.37
    13034       0.3505   5.37
    13035       0.3375   5.37
    13036       0.3371   5.36
    13037       0.3383   5.36
    13038       0.3373   5.37
    13039       0.3372   5.36
    13040       0.3376   5.36
    13041       0.3370   5.36
    13042       0.3374   5.36
    13043       0.3373   5.36
    13044       0.3378   5.37
    13045       0.3373   5.36
    13046       0.3369   5.36
    13047       0.3372   5.36
    13048       0.3391   5.36
    13049       0.3371   5.37
    13050       0.3371   5.37
    13051       0.3376   5.36
    13052       0.3375   5.36
    13053       0.3373   5.36
    13054       0.3371   5.36
    13055       0.3366   5.36
    13056       0.3372   5.36
    13057       0.3408   5.36
    13058       0.3360   5.36
    13059       0.3373   5.36
    13060       0.3374   5.37
    13061       0.3372   5.36
    13062       0.3384   5.36
    13063       0.3382   5.36
    13064       0.3362   5.36
    13065       0.3369   5.36
    13066       0.3431   5.36
    13067       0.3368   5.36
    13068       0.3383   5.36
    13069       0.3381   5.36
    13070       0.3369   5.36
    13071       0.3379   5.36
    13072       0.3455   5.37
    13073       0.3381   5.37
    13074       0.3369   5.36
    13075       0.3371   5.36
    13076       0.3380   5.36
    13077       0.3359   5.36
    13078       0.3370   5.36
    13079       0.3387   5.36
    13080       0.3363   5.36
    13081       0.3369   5.36
    13082       0.3396   5.36
    13083       0.3371   5.36
    13084       0.3498   5.36
    13085       0.3373   5.36
    13086       0.3360   5.36
    13087       0.3368   5.36
    13088       0.3369   5.36
    13089       0.3368   5.36
    13090       0.3378   5.36
    13091       0.3380   5.37
    13092       0.3362   5.37
    13093       0.3383   5.37
    13094       0.3375   5.36
    13095       0.3367   5.36
    13096       0.3374   5.36
    13097       0.3373   5.36
    13098       0.3364   5.36
    13099       0.3374   5.36
    13100       0.3372   5.36
    13101       0.3372   5.36
    13102       0.3373   5.36
    13103       0.3379   5.37
    13104       0.3375   5.36
    13105       0.3365   5.36
    13106       0.3372   5.36
    13107       0.3381   5.36
    13108       0.3369   5.37
    13109       0.3371   5.37
    13110       0.3367   5.36
    13111       0.3368   5.37
    13112       0.3373   5.37
    13113       0.3381   5.37
    13114       0.3361   5.37
    13115       0.3378   5.37
    13116       0.3376   5.36
    13117       0.3350   5.36
    13118       0.3498   5.36
    13119       0.3373   5.37
    13120       0.3370   5.36
    13121       0.3376   5.36
    13122       0.3371   5.37
    13123       0.3357   5.36
    13124       0.3526   5.36
    13125       0.3374   5.36
    13126       0.3364   5.36
    13127       0.3531   5.36
    13128       0.3375   5.37
    13129       0.3379   5.37
    13130       0.3369   5.37
    13131       0.3372   5.37
    13132       0.3376   5.36
    13133       0.3368   5.36
    13134       0.3377   5.36
    13135       0.3369   5.36
    13136       0.3367   5.37
    13137       0.3374   5.37
    13138       0.3367   5.37
    13139       0.3362   5.37
    13140       0.3378   5.37
    13141       0.3415   5.37
    13142       0.3358   5.36
    13143       0.3375   5.36
    13144       0.3372   5.36
    13145       0.3357   5.37
    13146       0.3373   5.37
    13147       0.3380   5.37
    13148       0.3368   5.36
    13149       0.3370   5.36
    13150       0.3373   5.37
    13151       0.3366   5.36
    13152       0.3377   5.36
    13153       0.3372   5.36
    13154       0.3367   5.37
    13155       0.3367   5.37
    13156       0.3367   5.37
    13157       0.3360   5.36
    13158       0.3370   5.36
    13159       0.3367   5.36
    13160       0.3372   5.37
    13161       0.3378   5.37
    13162       0.3467   5.37
    13163       0.3376   5.37
    13164       0.3369   5.36
    13165       0.3375   5.36
    13166       0.3371   5.36
    13167       0.3364   5.37
    13168       0.3378   5.37
    13169       0.3411   5.37
    13170       0.3367   5.36
    13171       0.3381   5.36
    13172       0.3371   5.36
    13173       0.3367   5.36
    13174       0.3373   5.36
    13175       0.3378   5.36
    13176       0.3367   5.36
    13177       0.3509   5.36
    13178       0.3434   5.37
    13179       0.3366   5.37
    13180       0.3375   5.37
    13181       0.3369   5.36
    13182       0.3361   5.37
    13183       0.3535   5.37
    13184       0.3374   5.37
    13185       0.3388   5.37
    13186       0.3373   5.36
    13187       0.3384   5.36
    13188       0.3391   5.37
    13189       0.3365   5.36
    13190       0.3372   5.36
    13191       0.3373   5.36
    13192       0.3364   5.36
    13193       0.3377   5.36
    13194       0.3373   5.37
    13195       0.3367   5.36
    13196       0.3371   5.36
    13197       0.3370   5.36
    13198       0.3364   5.37
    13199       0.3370   5.37
    13200       0.3369   5.37
    13201       0.3359   5.37
    13202       0.3377   5.37
    13203       0.3378   5.37
    13204       0.3366   5.36
    13205       0.3368   5.36
    13206       0.3368   5.37
    13207       0.3371   5.37
    13208       0.3528   5.37
    13209       0.3374   5.37
    13210       0.3369   5.36
    13211       0.3369   5.37
    13212       0.3381   5.37
    13213       0.3392   5.37
    13214       0.3369   5.36
    13215       0.3377   5.36
    13216       0.3372   5.36
    13217       0.3361   5.36
    13218       0.3371   5.36
    13219       0.3374   5.36
    13220       0.3367   5.37
    13221       0.3375   5.37
    13222       0.3406   5.37
    13223       0.3368   5.37
    13224       0.3376   5.37
    13225       0.3371   5.37
    13226       0.3361   5.36
    13227       0.3373   5.36
    13228       0.3370   5.36
    13229       0.3373   5.37
    13230       0.3383   5.37
    13231       0.3379   5.37
    13232       0.3373   5.37
    13233       0.3375   5.37
    13234       0.3381   5.36
    13235       0.3370   5.36
    13236       0.3374   5.36
    13237       0.3371   5.36
    13238       0.3363   5.36
    13239       0.3375   5.36
    13240       0.3382   5.36
    13241       0.3389   5.36
    13242       0.3367   5.36
    13243       0.3372   5.36
    13244       0.3372   5.36
    13245       0.3368   5.36
    13246       0.3374   5.36
    13247       0.3367   5.37
    13248       0.3363   5.36
    13249       0.3374   5.36
    13250       0.3383   5.36
    13251       0.3362   5.36
    13252       0.3375   5.36
    13253       0.3405   5.37
    13254       0.3370   5.36
    13255       0.3376   5.36
    13256       0.3382   5.37
    13257       0.3367   5.36
    13258       0.3364   5.36
    13259       0.3375   5.37
    13260       0.3367   5.37
    13261       0.3373   5.37
    13262       0.3368   5.36
    13263       0.3365   5.37
    13264       0.3368   5.37
    13265       0.3378   5.37
    13266       0.3367   5.37
    13267       0.3378   5.37
    13268       0.3467   5.37
    13269       0.3381   5.37
    13270       0.3376   5.37
    13271       0.3374   5.36
    13272       0.3383   5.36
    13273       0.3367   5.36
    13274       0.3371   5.36
    13275       0.3371   5.36
    13276       0.3373   5.36
    13277       0.3379   5.36
    13278       0.3375   5.36
    13279       0.3374   5.37
    13280       0.3395   5.37
    13281       0.3374   5.36
    13282       0.3361   5.36
    13283       0.3496   5.36
    13284       0.3383   5.36
    13285       0.3371   5.36
    13286       0.3508   5.36
    13287       0.3376   5.36
    13288       0.3374   5.36
    13289       0.3370   5.36
    13290       0.3367   5.36
    13291       0.3359   5.36
    13292       0.3367   5.36
    13293       0.3370   5.36
    13294       0.3366   5.36
    13295       0.3534   5.36
    13296       0.3377   5.37
    13297       0.3373   5.37
    13298       0.3365   5.37
    13299       0.3379   5.37
    13300       0.3385   5.36
    13301       0.3376   5.36
    13302       0.3490   5.36
    13303       0.3368   5.36
    13304       0.3377   5.36
    13305       0.3372   5.36
    13306       0.3367   5.36
    13307       0.3355   5.36
    13308       0.3500   5.36
    13309       0.3432   5.36
    13310       0.3364   5.37
    13311       0.3383   5.37
    13312       0.3384   5.36
    13313       0.3376   5.36
    13314       0.3538   5.36
    13315       0.3462   5.36
    13316       0.3371   5.36
    13317       0.3365   5.36
    13318       0.3465   5.36
    13319       0.3371   5.36
    13320       0.3365   5.37
    13321       0.3370   5.37
    13322       0.3380   5.37
    13323       0.3377   5.37
    13324       0.3380   5.37
    13325       0.3375   5.36
    13326       0.3369   5.36
    13327       0.3496   5.36
    13328       0.3372   5.36
    13329       0.3373   5.36
    13330       0.3365   5.36
    13331       0.3373   5.36
    13332       0.3361   5.36
    13333       0.3373   5.36
    13334       0.3372   5.36
    13335       0.3371   5.37
    13336       0.3370   5.37
    13337       0.3374   5.37
    13338       0.3370   5.36
    13339       0.3385   5.36
    13340       0.3371   5.36
    13341       0.3362   5.36
    13342       0.3362   5.36
    13343       0.3372   5.36
    13344       0.3382   5.37
    13345       0.3356   5.37
    13346       0.3375   5.37
    13347       0.3371   5.37
    13348       0.3366   5.36
    13349       0.3474   5.36
    13350       0.3399   5.36
    13351       0.3352   5.37
    13352       0.3374   5.37
    13353       0.3378   5.37
    13354       0.3369   5.37
    13355       0.3376   5.37
    13356       0.3373   5.36
    13357       0.3373   5.36
    13358       0.3379   5.36
    13359       0.3378   5.36
    13360       0.3372   5.36
    13361       0.3514   5.36
    13362       0.3440   5.37
    13363       0.3361   5.36
    13364       0.3376   5.36
    13365       0.3373   5.37
    13366       0.3373   5.36
    13367       0.3368   5.36
    13368       0.3455   5.36
    13369       0.3373   5.36
    13370       0.3356   5.37
    13371       0.3370   5.37
    13372       0.3367   5.37
    13373       0.3356   5.36
    13374       0.3367   5.36
    13375       0.3393   5.37
    13376       0.3365   5.37
    13377       0.3366   5.37
    13378       0.3369   5.37
    13379       0.3361   5.37
    13380       0.3487   5.37
    13381       0.3416   5.36
    13382       0.3364   5.37
    13383       0.3503   5.37
    13384       0.3374   5.37
    13385       0.3368   5.36
    13386       0.3371   5.36
    13387       0.3431   5.37
    13388       0.3366   5.37
    13389       0.3531   5.37
    13390       0.3376   5.37
    13391       0.3367   5.36
    13392       0.3371   5.37
    13393       0.3374   5.37
    13394       0.3387   5.37
    13395       0.3361   5.36
    13396       0.3376   5.36
    13397       0.3375   5.36
    13398       0.3360   5.37
    13399       0.3382   5.37
    13400       0.3385   5.36
    13401       0.3364   5.37
    13402       0.3375   5.37
    13403       0.3414   5.36
    13404       0.3371   5.36
    13405       0.3501   5.36
    13406       0.3374   5.36
    13407       0.3351   5.36
    13408       0.3514   5.36
    13409       0.3371   5.37
    13410       0.3369   5.36
    13411       0.3528   5.36
    13412       0.3379   5.36
    13413       0.3384   5.37
    13414       0.3373   5.37
    13415       0.3381   5.37
    13416       0.3373   5.36
    13417       0.3365   5.36
    13418       0.3374   5.36
    13419       0.3393   5.36
    13420       0.3368   5.36
    13421       0.3374   5.36
    13422       0.3377   5.37
    13423       0.3374   5.36
    13424       0.3371   5.36
    13425       0.3373   5.36
    13426       0.3372   5.36
    13427       0.3378   5.36
    13428       0.3375   5.36
    13429       0.3371   5.36
    13430       0.3384   5.36
    13431       0.3384   5.36
    13432       0.3369   5.36
    13433       0.3373   5.36
    13434       0.3380   5.36
    13435       0.3360   5.36
    13436       0.3376   5.36
    13437       0.3449   5.36
    13438       0.3373   5.36
    13439       0.3379   5.36
    13440       0.3380   5.36
    13441       0.3364   5.36
    13442       0.3374   5.36
    13443       0.3459   5.36
    13444       0.3373   5.36
    13445       0.3371   5.37
    13446       0.3377   5.37
    13447       0.3380   5.37
    13448       0.3361   5.36
    13449       0.3375   5.36
    13450       0.3372   5.36
    13451       0.3368   5.36
    13452       0.3374   5.36
    13453       0.3381   5.36
    13454       0.3371   5.36
    13455       0.3376   5.36
    13456       0.3373   5.36
    13457       0.3367   5.36
    13458       0.3376   5.36
    13459       0.3377   5.36
    13460       0.3372   5.36
    13461       0.3378   5.36
    13462       0.3372   5.37
    13463       0.3372   5.37
    13464       0.3380   5.37
    13465       0.3370   5.36
    13466       0.3368   5.36
    13467       0.3375   5.36
    13468       0.3388   5.36
    13469       0.3361   5.37
    13470       0.3378   5.37
    13471       0.3463   5.36
    13472       0.3379   5.36
    13473       0.3356   5.36
    13474       0.3366   5.36
    13475       0.3367   5.36
    13476       0.3364   5.36
    13477       0.3471   5.36
    13478       0.3378   5.37
    13479       0.3371   5.37
    13480       0.3376   5.37
    13481       0.3407   5.36
    13482       0.3365   5.36
    13483       0.3364   5.36
    13484       0.3376   5.37
    13485       0.3371   5.37
    13486       0.3504   5.37
    13487       0.3368   5.37
    13488       0.3361   5.37
    13489       0.3519   5.37
    13490       0.3373   5.37
    13491       0.3360   5.37
    13492       0.3366   5.37
    13493       0.3370   5.36
    13494       0.3370   5.36
    13495       0.3537   5.36
    13496       0.3381   5.37
    13497       0.3378   5.36
    13498       0.3365   5.36
    13499       0.3372   5.36
    13500       0.3370   5.36
    13501       0.3368   5.37
    13502       0.3492   5.37
    13503       0.3378   5.36
    13504       0.3368   5.36
    13505       0.3369   5.36
    13506       0.3377   5.36
    13507       0.3367   5.36
    13508       0.3376   5.36
    13509       0.3370   5.36
    13510       0.3376   5.36
    13511       0.3373   5.36
    13512       0.3383   5.37
    13513       0.3369   5.36
    13514       0.3374   5.36
    13515       0.3373   5.36
    13516       0.3365   5.36
    13517       0.3536   5.36
    13518       0.3374   5.36
    13519       0.3377   5.36
    13520       0.3358   5.36
    13521       0.3370   5.36
    13522       0.3373   5.36
    13523       0.3365   5.36
    13524       0.3472   5.36
    13525       0.3379   5.36
    13526       0.3370   5.36
    13527       0.3376   5.36
    13528       0.3374   5.36
    13529       0.3375   5.36
    13530       0.3502   5.36
    13531       0.3425   5.36
    13532       0.3366   5.36
    13533       0.3367   5.36
    13534       0.3436   5.36
    13535       0.3364   5.36
    13536       0.3376   5.36
    13537       0.3373   5.36
    13538       0.3365   5.36
    13539       0.3534   5.36
    13540       0.3374   5.36
    13541       0.3378   5.36
    13542       0.3366   5.37
    13543       0.3462   5.37
    13544       0.3391   5.37
    13545       0.3375   5.36
    13546       0.3365   5.36
    13547       0.3375   5.36
    13548       0.3371   5.37
    13549       0.3374   5.37
    13550       0.3401   5.37
    13551       0.3365   5.37
    13552       0.3377   5.37
    13553       0.3375   5.37
    13554       0.3366   5.37
    13555       0.3370   5.37
    13556       0.3411   5.36
    13557       0.3354   5.36
    13558       0.3371   5.36
    13559       0.3378   5.37
    13560       0.3368   5.37
    13561       0.3443   5.37
    13562       0.3368   5.37
    13563       0.3368   5.37
    13564       0.3443   5.37
    13565       0.3374   5.36
    13566       0.3369   5.36
    13567       0.3368   5.36
    13568       0.3366   5.36
    13569       0.3371   5.37
    13570       0.3363   5.37
    13571       0.3366   5.37
    13572       0.3378   5.37
    13573       0.3365   5.37
    13574       0.3363   5.37
    13575       0.3365   5.37
    13576       0.3366   5.37
    13577       0.3369   5.37
    13578       0.3403   5.37
    13579       0.3379   5.37
    13580       0.3375   5.37
    13581       0.3369   5.36
    13582       0.3367   5.36
    13583       0.3366   5.36
    13584       0.3376   5.37
    13585       0.3364   5.37
    13586       0.3366   5.37
    13587       0.3370   5.36
    13588       0.3378   5.36
    13589       0.3372   5.36
    13590       0.3381   5.36
    13591       0.3365   5.36
    13592       0.3374   5.36
    13593       0.3376   5.36
    13594       0.3365   5.37
    13595       0.3531   5.37
    13596       0.3369   5.37
    13597       0.3372   5.36
    13598       0.3374   5.36
    13599       0.3467   5.36
    13600       0.3370   5.36
    13601       0.3371   5.36
    13602       0.3381   5.36
    13603       0.3381   5.36
    13604       0.3363   5.36
    13605       0.3371   5.36
    13606       0.3367   5.36
    13607       0.3358   5.37
    13608       0.3371   5.37
    13609       0.3373   5.36
    13610       0.3359   5.36
    13611       0.3378   5.36
    13612       0.3377   5.37
    13613       0.3370   5.37
    13614       0.3375   5.37
    13615       0.3427   5.37
    13616       0.3365   5.37
    13617       0.3520   5.37
    13618       0.3381   5.36
    13619       0.3375   5.36
    13620       0.3387   5.36
    13621       0.3382   5.36
    13622       0.3368   5.36
    13623       0.3367   5.36
    13624       0.3464   5.36
    13625       0.3378   5.36
    13626       0.3368   5.36
    13627       0.3476   5.36
    13628       0.3367   5.36
    13629       0.3362   5.36
    13630       0.3370   5.36
    13631       0.3369   5.37
    13632       0.3366   5.37
    13633       0.3374   5.37
    13634       0.3376   5.37
    13635       0.3372   5.37
    13636       0.3506   5.37
    13637       0.3380   5.36
    13638       0.3362   5.36
    13639       0.3378   5.36
    13640       0.3377   5.37
    13641       0.3370   5.36
    13642       0.3384   5.36
    13643       0.3379   5.36
    13644       0.3373   5.36
    13645       0.3377   5.36
    13646       0.3375   5.36
    13647       0.3367   5.36
    13648       0.3368   5.36
    13649       0.3377   5.36
    13650       0.3377   5.37
    13651       0.3371   5.36
    13652       0.3380   5.36
    13653       0.3388   5.36
    13654       0.3368   5.36
    13655       0.3371   5.36
    13656       0.3385   5.36
    13657       0.3363   5.36
    13658       0.3377   5.36
    13659       0.3368   5.36
    13660       0.3359   5.37
    13661       0.3373   5.37
    13662       0.3379   5.36
    13663       0.3370   5.36
    13664       0.3500   5.36
    13665       0.3373   5.36
    13666       0.3367   5.36
    13667       0.3374   5.36
    13668       0.3375   5.36
    13669       0.3377   5.36
    13670       0.3379   5.36
    13671       0.3372   5.36
    13672       0.3358   5.36
    13673       0.3369   5.36
    13674       0.3451   5.37
    13675       0.3362   5.37
    13676       0.3368   5.37
    13677       0.3463   5.37
    13678       0.3361   5.37
    13679       0.3362   5.37
    13680       0.3373   5.37
    13681       0.3364   5.37
    13682       0.3365   5.37
    13683       0.3378   5.37
    13684       0.3378   5.37
    13685       0.3363   5.37
    13686       0.3373   5.37
    13687       0.3380   5.36
    13688       0.3373   5.37
    13689       0.3499   5.37
    13690       0.3379   5.37
    13691       0.3370   5.37
    13692       0.3383   5.37
    13693       0.3377   5.36
    13694       0.3376   5.36
    13695       0.3379   5.36
    13696       0.3375   5.36
    13697       0.3370   5.36
    13698       0.3532   5.36
    13699       0.3378   5.36
    13700       0.3369   5.36
    13701       0.3370   5.36
    13702       0.3465   5.36
    13703       0.3374   5.36
    13704       0.3369   5.36
    13705       0.3365   5.36
    13706       0.3371   5.36
    13707       0.3363   5.36
    13708       0.3375   5.36
    13709       0.3376   5.36
    13710       0.3370   5.37
    13711       0.3384   5.37
    13712       0.3379   5.37
    13713       0.3365   5.37
    13714       0.3501   5.37
    13715       0.3364   5.36
    13716       0.3365   5.36
    13717       0.3376   5.36
    13718       0.3379   5.37
    13719       0.3372   5.37
    13720       0.3371   5.37
    13721       0.3381   5.37
    13722       0.3368   5.36
    13723       0.3382   5.36
    13724       0.3374   5.36
    13725       0.3366   5.37
    13726       0.3370   5.37
    13727       0.3372   5.37
    13728       0.3375   5.36
    13729       0.3378   5.36
    13730       0.3379   5.36
    13731       0.3374   5.37
    13732       0.3375   5.36
    13733       0.3374   5.36
    13734       0.3391   5.36
    13735       0.3367   5.36
    13736       0.3372   5.36
    13737       0.3373   5.36
    13738       0.3361   5.36
    13739       0.3371   5.36
    13740       0.3371   5.36
    13741       0.3357   5.37
    13742       0.3496   5.37
    13743       0.3427   5.37
    13744       0.3361   5.37
    13745       0.3379   5.37
    13746       0.3372   5.36
    13747       0.3368   5.36
    13748       0.3374   5.36
    13749       0.3378   5.37
    13750       0.3383   5.36
    13751       0.3376   5.36
    13752       0.3371   5.36
    13753       0.3378   5.36
    13754       0.3372   5.36
    13755       0.3375   5.37
    13756       0.3375   5.36
    13757       0.3366   5.36
    13758       0.3374   5.36
    13759       0.3374   5.37
    13760       0.3373   5.37
    13761       0.3374   5.37
    13762       0.3395   5.37
    13763       0.3362   5.36
    13764       0.3370   5.36
    13765       0.3372   5.36
    13766       0.3365   5.36
    13767       0.3492   5.36
    13768       0.3373   5.37
    13769       0.3378   5.37
    13770       0.3382   5.37
    13771       0.3380   5.37
    13772       0.3373   5.37
    13773       0.3382   5.37
    13774       0.3378   5.36
    13775       0.3367   5.36
    13776       0.3379   5.36
    13777       0.3378   5.36
    13778       0.3367   5.36
    13779       0.3383   5.36
    13780       0.3376   5.37
    13781       0.3371   5.36
    13782       0.3374   5.36
    13783       0.3371   5.37
    13784       0.3373   5.36
    13785       0.3360   5.36
    13786       0.3368   5.36
    13787       0.3376   5.37
    13788       0.3360   5.37
    13789       0.3376   5.37
    13790       0.3370   5.37
    13791       0.3366   5.37
    13792       0.3374   5.37
    13793       0.3382   5.37
    13794       0.3375   5.37
    13795       0.3376   5.37
    13796       0.3374   5.36
    13797       0.3364   5.36
    13798       0.3378   5.36
    13799       0.3381   5.36
    13800       0.3362   5.36
    13801       0.3373   5.36
    13802       0.3376   5.36
    13803       0.3368   5.36
    13804       0.3377   5.36
    13805       0.3380   5.37
    13806       0.3371   5.37
    13807       0.3373   5.37
    13808       0.3381   5.36
    13809       0.3370   5.36
    13810       0.3377   5.36
    13811       0.3374   5.36
    13812       0.3368   5.36
    13813       0.3377   5.36
    13814       0.3379   5.37
    13815       0.3383   5.37
    13816       0.3373   5.36
    13817       0.3378   5.36
    13818       0.3385   5.36
    13819       0.3364   5.36
    13820       0.3373   5.36
    13821       0.3376   5.36
    13822       0.3367   5.37
    13823       0.3376   5.37
    13824       0.3403   5.37
    13825       0.3363   5.36
    13826       0.3372   5.36
    13827       0.3376   5.36
    13828       0.3353   5.36
    13829       0.3374   5.36
    13830       0.3375   5.37
    13831       0.3367   5.36
    13832       0.3372   5.36
    13833       0.3367   5.36
    13834       0.3370   5.37
    13835       0.3376   5.37
    13836       0.3368   5.36
    13837       0.3370   5.36
    13838       0.3372   5.36
    13839       0.3365   5.37
    13840       0.3360   5.37
    13841       0.3370   5.37
    13842       0.3375   5.37
    13843       0.3371   5.37
    13844       0.3533   5.37
    13845       0.3372   5.37
    13846       0.3368   5.37
    13847       0.3363   5.36
    13848       0.3373   5.36
    13849       0.3382   5.37
    13850       0.3371   5.37
    13851       0.3387   5.37
    13852       0.3384   5.37
    13853       0.3369   5.36
    13854       0.3374   5.36
    13855       0.3371   5.36
    13856       0.3373   5.36
    13857       0.3499   5.36
    13858       0.3424   5.36
    13859       0.3365   5.36
    13860       0.3510   5.36
    13861       0.3374   5.36
    13862       0.3370   5.37
    13863       0.3522   5.37
    13864       0.3445   5.37
    13865       0.3370   5.37
    13866       0.3366   5.37
    13867       0.3463   5.37
    13868       0.3380   5.36
    13869       0.3356   5.37
    13870       0.3381   5.37
    13871       0.3395   5.37
    13872       0.3370   5.37
    13873       0.3491   5.37
    13874       0.3382   5.36
    13875       0.3374   5.36
    13876       0.3382   5.36
    13877       0.3416   5.36
    13878       0.3367   5.37
    13879       0.3480   5.37
    13880       0.3374   5.37
    13881       0.3368   5.36
    13882       0.3380   5.36
    13883       0.3377   5.37
    13884       0.3380   5.36
    13885       0.3384   5.36
    13886       0.3384   5.36
    13887       0.3381   5.36
    13888       0.3381   5.36
    13889       0.3381   5.36
    13890       0.3378   5.36
    13891       0.3361   5.36
    13892       0.3474   5.36
    13893       0.3393   5.36
    13894       0.3365   5.36
    13895       0.3377   5.36
    13896       0.3369   5.36
    13897       0.3363   5.36
    13898       0.3371   5.36
    13899       0.3407   5.37
    13900       0.3363   5.36
    13901       0.3372   5.36
    13902       0.3372   5.36
    13903       0.3367   5.37
    13904       0.3380   5.37
    13905       0.3383   5.36
    13906       0.3355   5.36
    13907       0.3516   5.36
    13908       0.3375   5.37
    13909       0.3373   5.36
    13910       0.3373   5.36
    13911       0.3378   5.36
    13912       0.3367   5.36
    13913       0.3538   5.36
    13914       0.3373   5.36
    13915       0.3378   5.37
    13916       0.3367   5.36
    13917       0.3378   5.36
    13918       0.3377   5.36
    13919       0.3371   5.36
    13920       0.3380   5.36
    13921       0.3372   5.36
    13922       0.3373   5.36
    13923       0.3378   5.36
    13924       0.3368   5.36
    13925       0.3362   5.37
    13926       0.3369   5.37
    13927       0.3369   5.37
    13928       0.3367   5.37
    13929       0.3377   5.37
    13930       0.3375   5.37
    13931       0.3375   5.37
    13932       0.3382   5.37
    13933       0.3437   5.36
    13934       0.3366   5.36
    13935       0.3532   5.36
    13936       0.3382   5.36
    13937       0.3366   5.36
    13938       0.3541   5.36
    13939       0.3378   5.36
    13940       0.3372   5.37
    13941       0.3369   5.37
    13942       0.3374   5.37
    13943       0.3393   5.36
    13944       0.3364   5.36
    13945       0.3376   5.36
    13946       0.3376   5.36
    13947       0.3359   5.37
    13948       0.3370   5.37
    13949       0.3377   5.37
    13950       0.3372   5.36
    13951       0.3372   5.36
    13952       0.3372   5.37
    13953       0.3359   5.37
    13954       0.3372   5.37
    13955       0.3374   5.36
    13956       0.3357   5.36
    13957       0.3377   5.36
    13958       0.3375   5.37
    13959       0.3379   5.37
    13960       0.3379   5.37
    13961       0.3381   5.37
    13962       0.3373   5.36
    13963       0.3388   5.36
    13964       0.3376   5.36
    13965       0.3366   5.36
    13966       0.3368   5.36
    13967       0.3371   5.36
    13968       0.3376   5.37
    13969       0.3367   5.37
    13970       0.3374   5.37
    13971       0.3374   5.37
    13972       0.3366   5.37
    13973       0.3382   5.37
    13974       0.3373   5.37
    13975       0.3372   5.36
    13976       0.3373   5.36
    13977       0.3375   5.36
    13978       0.3377   5.37
    13979       0.3374   5.37
    13980       0.3377   5.37
    13981       0.3367   5.36
    13982       0.3370   5.36
    13983       0.3422   5.36
    13984       0.3371   5.37
    13985       0.3381   5.37
    13986       0.3380   5.37
    13987       0.3374   5.36
    13988       0.3384   5.36
    13989       0.3374   5.36
    13990       0.3373   5.36
    13991       0.3368   5.36
    13992       0.3374   5.37
    13993       0.3366   5.36
    13994       0.3382   5.36
    13995       0.3376   5.37
    13996       0.3363   5.36
    13997       0.3542   5.36
    13998       0.3374   5.36
    13999       0.3372   5.37
    14000       0.3374   5.37
    14001       0.3375   5.37
    14002       0.3381   5.36
    14003       0.3373   5.36
    14004       0.3491   5.36
    14005       0.3373   5.37
    14006       0.3377   5.36
    14007       0.3381   5.36
    14008       0.3382   5.36
    14009       0.3369   5.36
    14010       0.3380   5.36
    14011       0.3375   5.36
    14012       0.3367   5.36
    14013       0.3377   5.36
    14014       0.3376   5.37
    14015       0.3378   5.36
    14016       0.3379   5.36
    14017       0.3379   5.36
    14018       0.3368   5.37
    14019       0.3381   5.37
    14020       0.3377   5.36
    14021       0.3374   5.37
    14022       0.3374   5.37
    14023       0.3378   5.37
    14024       0.3375   5.37
    14025       0.3368   5.37
    14026       0.3377   5.37
    14027       0.3389   5.36
    14028       0.3363   5.37
    14029       0.3375   5.37
    14030       0.3374   5.37
    14031       0.3369   5.37
    14032       0.3381   5.37
    14033       0.3415   5.37
    14034       0.3364   5.37
    14035       0.3376   5.37
    14036       0.3380   5.36
    14037       0.3363   5.36
    14038       0.3509   5.36
    14039       0.3377   5.37
    14040       0.3365   5.37
    14041       0.3372   5.37
    14042       0.3379   5.37
    14043       0.3368   5.37
    14044       0.3384   5.37
    14045       0.3380   5.37
    14046       0.3359   5.37
    14047       0.3386   5.37
    14048       0.3378   5.36
    14049       0.3373   5.37
    14050       0.3368   5.36
    14051       0.3371   5.36
    14052       0.3369   5.36
    14053       0.3369   5.37
    14054       0.3378   5.37
    14055       0.3379   5.37
    14056       0.3362   5.36
    14057       0.3473   5.36
    14058       0.3372   5.36
    14059       0.3364   5.37
    14060       0.3378   5.37
    14061       0.3374   5.37
    14062       0.3375   5.37
    14063       0.3379   5.37
    14064       0.3376   5.36
    14065       0.3372   5.36
    14066       0.3377   5.36
    14067       0.3431   5.36
    14068       0.3372   5.36
    14069       0.3368   5.36
    14070       0.3377   5.36
    14071       0.3374   5.37
    14072       0.3376   5.37
    14073       0.3374   5.37
    14074       0.3364   5.37
    14075       0.3369   5.37
    14076       0.3375   5.36
    14077       0.3378   5.37
    14078       0.3360   5.37
    14079       0.3374   5.37
    14080       0.3374   5.36
    14081       0.3354   5.36
    14082       0.3376   5.36
    14083       0.3375   5.37
    14084       0.3373   5.36
    14085       0.3479   5.36
    14086       0.3382   5.37
    14087       0.3373   5.36
    14088       0.3377   5.36
    14089       0.3376   5.36
    14090       0.3364   5.36
    14091       0.3377   5.36
    14092       0.3427   5.36
    14093       0.3385   5.36
    14094       0.3390   5.36
    14095       0.3379   5.37
    14096       0.3373   5.36
    14097       0.3371   5.36
    14098       0.3443   5.36
    14099       0.3367   5.36
    14100       0.3369   5.36
    14101       0.3448   5.36
    14102       0.3365   5.36
    14103       0.3373   5.36
    14104       0.3378   5.36
    14105       0.3380   5.36
    14106       0.3369   5.36
    14107       0.3373   5.36
    14108       0.3395   5.37
    14109       0.3376   5.37
    14110       0.3373   5.37
    14111       0.3373   5.36
    14112       0.3377   5.36
    14113       0.3377   5.36
    14114       0.3414   5.37
    14115       0.3369   5.36
    14116       0.3368   5.36
    14117       0.3371   5.36
    14118       0.3369   5.37
    14119       0.3376   5.37
    14120       0.3381   5.37
    14121       0.3370   5.37
    14122       0.3379   5.37
    14123       0.3377   5.37
    14124       0.3369   5.36
    14125       0.3526   5.36
    14126       0.3383   5.37
    14127       0.3366   5.36
    14128       0.3382   5.36
    14129       0.3380   5.36
    14130       0.3383   5.37
    14131       0.3362   5.37
    14132       0.3377   5.37
    14133       0.3384   5.36
    14134       0.3366   5.36
    14135       0.3372   5.36
    14136       0.3368   5.37
    14137       0.3369   5.37
    14138       0.3374   5.37
    14139       0.3370   5.37
    14140       0.3366   5.37
    14141       0.3376   5.37
    14142       0.3366   5.37
    14143       0.3369   5.37
    14144       0.3380   5.37
    14145       0.3376   5.37
    14146       0.3366   5.37
    14147       0.3375   5.37
    14148       0.3378   5.37
    14149       0.3360   5.36
    14150       0.3372   5.36
    14151       0.3375   5.37
    14152       0.3364   5.37
    14153       0.3381   5.37
    14154       0.3383   5.37
    14155       0.3364   5.36
    14156       0.3383   5.36
    14157       0.3455   5.36
    14158       0.3369   5.36
    14159       0.3377   5.36
    14160       0.3371   5.37
    14161       0.3373   5.36
    14162       0.3367   5.36
    14163       0.3469   5.36
    14164       0.3376   5.37
    14165       0.3367   5.37
    14166       0.3380   5.37
    14167       0.3376   5.37
    14168       0.3375   5.37
    14169       0.3380   5.37
    14170       0.3381   5.37
    14171       0.3377   5.36
    14172       0.3378   5.36
    14173       0.3462   5.36
    14174       0.3381   5.36
    14175       0.3378   5.36
    14176       0.3430   5.36
    14177       0.3366   5.36
    14178       0.3378   5.36
    14179       0.3381   5.36
    14180       0.3374   5.36
    14181       0.3372   5.36
    14182       0.3377   5.36
    14183       0.3377   5.36
    14184       0.3544   5.36
    14185       0.3375   5.36
    14186       0.3379   5.36
    14187       0.3373   5.37
    14188       0.3380   5.37
    14189       0.3380   5.36
    14190       0.3363   5.36
    14191       0.3369   5.36
    14192       0.3374   5.36
    14193       0.3365   5.37
    14194       0.3372   5.37
    14195       0.3405   5.37
    14196       0.3379   5.36
    14197       0.3379   5.36
    14198       0.3375   5.36
    14199       0.3370   5.37
    14200       0.3379   5.37
    14201       0.3373   5.36
    14202       0.3373   5.36
    14203       0.3374   5.36
    14204       0.3436   5.37
    14205       0.3366   5.37
    14206       0.3375   5.37
    14207       0.3447   5.36
    14208       0.3360   5.37
    14209       0.3383   5.37
    14210       0.3377   5.37
    14211       0.3380   5.37
    14212       0.3366   5.37
    14213       0.3467   5.37
    14214       0.3371   5.36
    14215       0.3378   5.36
    14216       0.3379   5.36
    14217       0.3401   5.36
    14218       0.3368   5.36
    14219       0.3374   5.36
    14220       0.3375   5.37
    14221       0.3373   5.37
    14222       0.3502   5.37
    14223       0.3375   5.36
    14224       0.3365   5.36
    14225       0.3373   5.36
    14226       0.3435   5.37
    14227       0.3360   5.36
    14228       0.3375   5.36
    14229       0.3372   5.36
    14230       0.3371   5.36
    14231       0.3378   5.36
    14232       0.3381   5.37
    14233       0.3370   5.36
    14234       0.3374   5.36
    14235       0.3379   5.36
    14236       0.3375   5.36
    14237       0.3371   5.36
    14238       0.3375   5.36
    14239       0.3374   5.36
    14240       0.3373   5.37
    14241       0.3384   5.37
    14242       0.3376   5.37
    14243       0.3374   5.36
    14244       0.3375   5.36
    14245       0.3376   5.36
    14246       0.3359   5.36
    14247       0.3370   5.36
    14248       0.3375   5.37
    14249       0.3364   5.37
    14250       0.3367   5.37
    14251       0.3374   5.37
    14252       0.3375   5.37
    14253       0.3374   5.37
    14254       0.3366   5.37
    14255       0.3371   5.36
    14256       0.3379   5.36
    14257       0.3375   5.37
    14258       0.3356   5.37
    14259       0.3379   5.37
    14260       0.3373   5.37
    14261       0.3364   5.36
    14262       0.3531   5.36
    14263       0.3452   5.37
    14264       0.3376   5.37
    14265       0.3382   5.37
    14266       0.3470   5.37
    14267       0.3376   5.37
    14268       0.3368   5.36
    14269       0.3371   5.36
    14270       0.3370   5.37
    14271       0.3367   5.37
    14272       0.3379   5.37
    14273       0.3378   5.36
    14274       0.3366   5.36
    14275       0.3374   5.36
    14276       0.3373   5.36
    14277       0.3369   5.37
    14278       0.3373   5.37
    14279       0.3375   5.37
    14280       0.3369   5.37
    14281       0.3372   5.37
    14282       0.3373   5.37
    14283       0.3371   5.36
    14284       0.3526   5.36
    14285       0.3376   5.36
    14286       0.3370   5.37
    14287       0.3373   5.37
    14288       0.3380   5.37
    14289       0.3375   5.37
    14290       0.3366   5.37
    14291       0.3378   5.37
    14292       0.3378   5.37
    14293       0.3371   5.37
    14294       0.3382   5.37
    14295       0.3372   5.36
    14296       0.3367   5.36
    14297       0.3479   5.36
    14298       0.3383   5.37
    14299       0.3370   5.37
    14300       0.3379   5.37
    14301       0.3382   5.36
    14302       0.3380   5.36
    14303       0.3386   5.36
    14304       0.3431   5.36
    14305       0.3371   5.36
    14306       0.3380   5.36
    14307       0.3371   5.36
    14308       0.3358   5.36
    14309       0.3522   5.36
    14310       0.3374   5.36
    14311       0.3365   5.37
    14312       0.3376   5.37
    14313       0.3372   5.37
    14314       0.3362   5.37
    14315       0.3360   5.37
    14316       0.3369   5.37
    14317       0.3385   5.37
    14318       0.3372   5.37
    14319       0.3381   5.37
    14320       0.3384   5.37
    14321       0.3367   5.37
    14322       0.3376   5.37
    14323       0.3376   5.37
    14324       0.3368   5.37
    14325       0.3373   5.37
    14326       0.3372   5.37
    14327       0.3365   5.36
    14328       0.3494   5.36
    14329       0.3379   5.37
    14330       0.3367   5.37
    14331       0.3375   5.37
    14332       0.3374   5.37
    14333       0.3374   5.36
    14334       0.3388   5.36
    14335       0.3381   5.36
    14336       0.3360   5.36
    14337       0.3367   5.36
    14338       0.3370   5.36
    14339       0.3372   5.37
    14340       0.3536   5.37
    14341       0.3377   5.37
    14342       0.3378   5.37
    14343       0.3370   5.37
    14344       0.3476   5.37
    14345       0.3377   5.37
    14346       0.3377   5.36
    14347       0.3381   5.36
    14348       0.3383   5.36
    14349       0.3376   5.36
    14350       0.3500   5.36
    14351       0.3376   5.36
    14352       0.3373   5.36
    14353       0.3381   5.36
    14354       0.3434   5.36
    14355       0.3375   5.36
    14356       0.3381   5.36
    14357       0.3375   5.36
    14358       0.3375   5.36
    14359       0.3384   5.36
    14360       0.3378   5.36
    14361       0.3367   5.36
    14362       0.3381   5.36
    14363       0.3459   5.37
    14364       0.3384   5.37
    14365       0.3370   5.36
    14366       0.3375   5.36
    14367       0.3373   5.36
    14368       0.3357   5.36
    14369       0.3378   5.36
    14370       0.3377   5.37
    14371       0.3374   5.37
    14372       0.3376   5.37
    14373       0.3373   5.37
    14374       0.3374   5.37
    14375       0.3380   5.37
    14376       0.3411   5.36
    14377       0.3362   5.36
    14378       0.3378   5.36
    14379       0.3379   5.36
    14380       0.3378   5.36
    14381       0.3382   5.36
    14382       0.3378   5.36
    14383       0.3374   5.37
    14384       0.3377   5.37
    14385       0.3379   5.36
    14386       0.3374   5.36
    14387       0.3532   5.36
    14388       0.3382   5.36
    14389       0.3374   5.36
    14390       0.3370   5.36
    14391       0.3379   5.36
    14392       0.3370   5.36
    14393       0.3368   5.36
    14394       0.3377   5.36
    14395       0.3384   5.37
    14396       0.3360   5.37
    14397       0.3482   5.37
    14398       0.3384   5.36
    14399       0.3368   5.36
    14400       0.3375   5.36
    14401       0.3379   5.36
    14402       0.3368   5.37
    14403       0.3377   5.37
    14404       0.3378   5.37
    14405       0.3373   5.37
    14406       0.3374   5.37
    14407       0.3377   5.37
    14408       0.3370   5.36
    14409       0.3521   5.36
    14410       0.3382   5.36
    14411       0.3375   5.37
    14412       0.3394   5.37
    14413       0.3377   5.36
    14414       0.3370   5.36
    14415       0.3371   5.36
    14416       0.3381   5.36
    14417       0.3377   5.36
    14418       0.3369   5.36
    14419       0.3473   5.36
    14420       0.3379   5.37
    14421       0.3363   5.36
    14422       0.3477   5.36
    14423       0.3374   5.37
    14424       0.3370   5.37
    14425       0.3372   5.37
    14426       0.3377   5.37
    14427       0.3369   5.37
    14428       0.3508   5.37
    14429       0.3373   5.36
    14430       0.3369   5.37
    14431       0.3520   5.37
    14432       0.3376   5.37
    14433       0.3373   5.37
    14434       0.3374   5.37
    14435       0.3371   5.37
    14436       0.3372   5.37
    14437       0.3372   5.37
    14438       0.3363   5.37
    14439       0.3376   5.37
    14440       0.3370   5.37
    14441       0.3372   5.37
    14442       0.3376   5.37
    14443       0.3367   5.36
    14444       0.3374   5.36
    14445       0.3373   5.37
    14446       0.3379   5.37
    14447       0.3385   5.37
    14448       0.3383   5.37
    14449       0.3375   5.37
    14450       0.3502   5.37
    14451       0.3374   5.36
    14452       0.3360   5.36
    14453       0.3374   5.36
    14454       0.3380   5.36
    14455       0.3359   5.37
    14456       0.3372   5.37
    14457       0.3369   5.37
    14458       0.3373   5.37
    14459       0.3527   5.37
    14460       0.3453   5.37
    14461       0.3383   5.37
    14462       0.3379   5.37
    14463       0.3377   5.36
    14464       0.3382   5.37
    14465       0.3367   5.36
    14466       0.3388   5.36
    14467       0.3383   5.36
    14468       0.3374   5.36
    14469       0.3372   5.36
    14470       0.3374   5.36
    14471       0.3371   5.37
    14472       0.3374   5.37
    14473       0.3373   5.36
    14474       0.3361   5.37
    14475       0.3371   5.37
    14476       0.3373   5.37
    14477       0.3376   5.37
    14478       0.3385   5.37
    14479       0.3375   5.36
    14480       0.3360   5.36
    14481       0.3512   5.36
    14482       0.3375   5.37
    14483       0.3365   5.37
    14484       0.3372   5.37
    14485       0.3377   5.36
    14486       0.3371   5.36
    14487       0.3373   5.36
    14488       0.3450   5.37
    14489       0.3369   5.36
    14490       0.3364   5.37
    14491       0.3369   5.37
    14492       0.3389   5.37
    14493       0.3371   5.36
    14494       0.3473   5.36
    14495       0.3400   5.36
    14496       0.3374   5.36
    14497       0.3377   5.36
    14498       0.3406   5.37
    14499       0.3360   5.37
    14500       0.3375   5.37
    14501       0.3370   5.37
    14502       0.3371   5.36
    14503       0.3386   5.36
    14504       0.3435   5.36
    14505       0.3371   5.37
    14506       0.3376   5.37
    14507       0.3376   5.37
    14508       0.3366   5.36
    14509       0.3379   5.36
    14510       0.3377   5.36
    14511       0.3362   5.36
    14512       0.3380   5.36
    14513       0.3378   5.36
    14514       0.3364   5.36
    14515       0.3375   5.36
    14516       0.3382   5.37
    14517       0.3381   5.37
    14518       0.3370   5.36
    14519       0.3376   5.36
    14520       0.3375   5.36
    14521       0.3368   5.36
    14522       0.3370   5.36
    14523       0.3381   5.37
    14524       0.3374   5.36
    14525       0.3376   5.36
    14526       0.3378   5.36
    14527       0.3362   5.37
    14528       0.3497   5.37
    14529       0.3379   5.37
    14530       0.3369   5.36
    14531       0.3386   5.36
    14532       0.3432   5.37
    14533       0.3366   5.36
    14534       0.3377   5.36
    14535       0.3444   5.36
    14536       0.3371   5.36
    14537       0.3382   5.36
    14538       0.3378   5.36
    14539       0.3365   5.36
    14540       0.3377   5.36
    14541       0.3381   5.36
    14542       0.3380   5.36
    14543       0.3372   5.36
    14544       0.3380   5.36
    14545       0.3385   5.36
    14546       0.3380   5.36
    14547       0.3376   5.36
    14548       0.3373   5.36
    14549       0.3361   5.36
    14550       0.3490   5.36
    14551       0.3381   5.36
    14552       0.3365   5.36
    14553       0.3370   5.36
    14554       0.3372   5.36
    14555       0.3374   5.36
    14556       0.3377   5.36
    14557       0.3368   5.36
    14558       0.3358   5.36
    14559       0.3369   5.36
    14560       0.3421   5.36
    14561       0.3372   5.36
    14562       0.3371   5.36
    14563       0.3440   5.37
    14564       0.3367   5.37
    14565       0.3375   5.37
    14566       0.3368   5.37
    14567       0.3364   5.36
    14568       0.3371   5.36
    14569       0.3365   5.37
    14570       0.3370   5.37
    14571       0.3368   5.37
    14572       0.3372   5.37
    14573       0.3376   5.36
    14574       0.3368   5.36
    14575       0.3372   5.36
    14576       0.3372   5.37
    14577       0.3368   5.36
    14578       0.3368   5.36
    14579       0.3366   5.36
    14580       0.3362   5.37
    14581       0.3377   5.37
    14582       0.3383   5.37
    14583       0.3365   5.37
    14584       0.3373   5.37
    14585       0.3376   5.36
    14586       0.3360   5.36
    14587       0.3371   5.36
    14588       0.3373   5.37
    14589       0.3368   5.37
    14590       0.3379   5.37
    14591       0.3375   5.37
    14592       0.3365   5.37
    14593       0.3378   5.37
    14594       0.3440   5.37
    14595       0.3365   5.36
    14596       0.3373   5.36
    14597       0.3371   5.36
    14598       0.3359   5.37
    14599       0.3377   5.37
    14600       0.3372   5.37
    14601       0.3369   5.37
    14602       0.3367   5.37
    14603       0.3378   5.37
    14604       0.3375   5.37
    14605       0.3362   5.36
    14606       0.3376   5.36
    14607       0.3368   5.37
    14608       0.3370   5.37
    14609       0.3375   5.37
    14610       0.3377   5.37
    14611       0.3370   5.37
    14612       0.3378   5.37
    14613       0.3372   5.37
    14614       0.3365   5.36
    14615       0.3496   5.36
    14616       0.3373   5.37
    14617       0.3371   5.37
    14618       0.3374   5.37
    14619       0.3375   5.37
    14620       0.3379   5.37
    14621       0.3376   5.37
    14622       0.3370   5.37
    14623       0.3358   5.36
    14624       0.3377   5.36
    14625       0.3370   5.36
    14626       0.3367   5.36
    14627       0.3380   5.36
    14628       0.3374   5.37
    14629       0.3361   5.37
    14630       0.3375   5.37
    14631       0.3376   5.37
    14632       0.3378   5.36
    14633       0.3364   5.37
    14634       0.3377   5.37
    14635       0.3371   5.36
    14636       0.3367   5.36
    14637       0.3477   5.36
    14638       0.3373   5.36
    14639       0.3359   5.37
    14640       0.3366   5.37
    14641       0.3377   5.37
    14642       0.3372   5.37
    14643       0.3376   5.37
    14644       0.3382   5.37
    14645       0.3372   5.37
    14646       0.3503   5.37
    14647       0.3373   5.36
    14648       0.3361   5.37
    14649       0.3521   5.37
    14650       0.3380   5.37
    14651       0.3372   5.37
    14652       0.3376   5.37
    14653       0.3374   5.36
    14654       0.3373   5.36
    14655       0.3364   5.36
    14656       0.3378   5.36
    14657       0.3384   5.36
    14658       0.3374   5.36
    14659       0.3379   5.36
    14660       0.3373   5.36
    14661       0.3373   5.36
    14662       0.3375   5.36
    14663       0.3376   5.36
    14664       0.3366   5.36
    14665       0.3373   5.36
    14666       0.3374   5.36
    14667       0.3372   5.36
    14668       0.3385   5.36
    14669       0.3385   5.37
    14670       0.3378   5.36
    14671       0.3377   5.36
    14672       0.3375   5.36
    14673       0.3376   5.36
    14674       0.3382   5.36
    14675       0.3374   5.36
    14676       0.3369   5.36
    14677       0.3379   5.36
    14678       0.3385   5.36
    14679       0.3371   5.36
    14680       0.3378   5.36
    14681       0.3374   5.36
    14682       0.3372   5.36
    14683       0.3364   5.36
    14684       0.3370   5.36
    14685       0.3374   5.36
    14686       0.3369   5.36
    14687       0.3380   5.36
    14688       0.3374   5.36
    14689       0.3369   5.36
    14690       0.3374   5.36
    14691       0.3382   5.37
    14692       0.3371   5.37
    14693       0.3391   5.37
    14694       0.3370   5.37
    14695       0.3366   5.36
    14696       0.3494   5.36
    14697       0.3414   5.36
    14698       0.3375   5.36
    14699       0.3384   5.36
    14700       0.3380   5.37
    14701       0.3366   5.37
    14702       0.3380   5.37
    14703       0.3381   5.36
    14704       0.3370   5.36
    14705       0.3377   5.36
    14706       0.3375   5.36
    14707       0.3356   5.36
    14708       0.3376   5.36
    14709       0.3378   5.36
    14710       0.3368   5.36
    14711       0.3542   5.36
    14712       0.3374   5.37
    14713       0.3382   5.36
    14714       0.3365   5.36
    14715       0.3373   5.36
    14716       0.3375   5.37
    14717       0.3376   5.37
    14718       0.3384   5.37
    14719       0.3366   5.36
    14720       0.3366   5.36
    14721       0.3486   5.36
    14722       0.3371   5.37
    14723       0.3373   5.37
    14724       0.3379   5.37
    14725       0.3432   5.37
    14726       0.3376   5.36
    14727       0.3382   5.36
    14728       0.3377   5.36
    14729       0.3361   5.37
    14730       0.3376   5.37
    14731       0.3373   5.36
    14732       0.3368   5.36
    14733       0.3537   5.36
    14734       0.3376   5.36
    14735       0.3372   5.37
    14736       0.3360   5.37
    14737       0.3376   5.37
    14738       0.3386   5.37
    14739       0.3376   5.36
    14740       0.3382   5.36
    14741       0.3379   5.36
    14742       0.3368   5.36
    14743       0.3374   5.36
    14744       0.3373   5.36
    14745       0.3362   5.37
    14746       0.3378   5.37
    14747       0.3378   5.37
    14748       0.3372   5.37
    14749       0.3375   5.37
    14750       0.3375   5.37
    14751       0.3363   5.36
    14752       0.3375   5.36
    14753       0.3425   5.36
    14754       0.3377   5.37
    14755       0.3380   5.37
    14756       0.3380   5.37
    14757       0.3365   5.36
    14758       0.3526   5.36
    14759       0.3376   5.36
    14760       0.3365   5.37
    14761       0.3373   5.37
    14762       0.3464   5.37
    14763       0.3377   5.37
    14764       0.3366   5.37
    14765       0.3376   5.37
    14766       0.3372   5.36
    14767       0.3366   5.36
    14768       0.3372   5.36
    14769       0.3375   5.37
    14770       0.3364   5.37
    14771       0.3373   5.37
    14772       0.3375   5.37
    14773       0.3371   5.37
    14774       0.3497   5.37
    14775       0.3376   5.37
    14776       0.3372   5.37
    14777       0.3516   5.37
    14778       0.3378   5.37
    14779       0.3367   5.36
    14780       0.3371   5.36
    14781       0.3370   5.36
    14782       0.3368   5.37
    14783       0.3368   5.37
    14784       0.3447   5.37
    14785       0.3376   5.37
    14786       0.3380   5.36
    14787       0.3384   5.36
    14788       0.3467   5.36
    14789       0.3370   5.36
    14790       0.3380   5.36
    14791       0.3400   5.36
    14792       0.3373   5.37
    14793       0.3377   5.37
    14794       0.3388   5.36
    14795       0.3379   5.37
    14796       0.3375   5.37
    14797       0.3372   5.36
    14798       0.3362   5.36
    14799       0.3379   5.36
    14800       0.3369   5.36
    14801       0.3365   5.36
    14802       0.3382   5.36
    14803       0.3380   5.36
    14804       0.3365   5.37
    14805       0.3374   5.37
    14806       0.3377   5.36
    14807       0.3369   5.36
    14808       0.3537   5.36
    14809       0.3457   5.36
    14810       0.3386   5.36
    14811       0.3370   5.36
    14812       0.3366   5.36
    14813       0.3363   5.36
    14814       0.3372   5.36
    14815       0.3376   5.36
    14816       0.3396   5.36
    14817       0.3366   5.36
    14818       0.3379   5.36
    14819       0.3374   5.37
    14820       0.3374   5.37
    14821       0.3500   5.37
    14822       0.3376   5.36
    14823       0.3369   5.36
    14824       0.3510   5.36
    14825       0.3436   5.37
    14826       0.3366   5.37
    14827       0.3377   5.37
    14828       0.3376   5.37
    14829       0.3368   5.36
    14830       0.3380   5.36
    14831       0.3375   5.36
    14832       0.3368   5.36
    14833       0.3542   5.36
    14834       0.3376   5.36
    14835       0.3365   5.36
    14836       0.3367   5.36
    14837       0.3374   5.36
    14838       0.3379   5.36
    14839       0.3371   5.36
    14840       0.3484   5.36
    14841       0.3410   5.36
    14842       0.3368   5.36
    14843       0.3499   5.36
    14844       0.3373   5.37
    14845       0.3361   5.37
    14846       0.3516   5.37
    14847       0.3379   5.36
    14848       0.3365   5.36
    14849       0.3382   5.36
    14850       0.3380   5.36
    14851       0.3374   5.36
    14852       0.3373   5.36
    14853       0.3459   5.36
    14854       0.3376   5.37
    14855       0.3365   5.37
    14856       0.3386   5.37
    14857       0.3388   5.36
    14858       0.3361   5.36
    14859       0.3368   5.36
    14860       0.3395   5.36
    14861       0.3360   5.36
    14862       0.3376   5.36
    14863       0.3379   5.36
    14864       0.3368   5.36
    14865       0.3378   5.36
    14866       0.3384   5.36
    14867       0.3370   5.37
    14868       0.3374   5.37
    14869       0.3374   5.36
    14870       0.3368   5.36
    14871       0.3380   5.36
    14872       0.3377   5.36
    14873       0.3356   5.36
    14874       0.3372   5.36
    14875       0.3372   5.36
    14876       0.3366   5.37
    14877       0.3376   5.37
    14878       0.3379   5.37
    14879       0.3367   5.37
    14880       0.3372   5.37
    14881       0.3372   5.36
    14882       0.3370   5.36
    14883       0.3369   5.36
    14884       0.3376   5.37
    14885       0.3372   5.36
    14886       0.3369   5.37
    14887       0.3378   5.37
    14888       0.3375   5.36
    14889       0.3364   5.36
    14890       0.3381   5.36
    14891       0.3385   5.36
    14892       0.3374   5.36
    14893       0.3376   5.36
    14894       0.3364   5.36
    14895       0.3363   5.36
    14896       0.3382   5.36
    14897       0.3377   5.36
    14898       0.3361   5.36
    14899       0.3376   5.36
    14900       0.3375   5.37
    14901       0.3368   5.37
    14902       0.3374   5.37
    14903       0.3375   5.36
    14904       0.3373   5.36
    14905       0.3382   5.36
    14906       0.3382   5.37
    14907       0.3379   5.36
    14908       0.3532   5.36
    14909       0.3382   5.36
    14910       0.3376   5.36
    14911       0.3543   5.36
    14912       0.3469   5.36
    14913       0.3378   5.36
    14914       0.3366   5.37
    14915       0.3375   5.37
    14916       0.3403   5.37
    14917       0.3366   5.37
    14918       0.3378   5.37
    14919       0.3370   5.36
    14920       0.3369   5.36
    14921       0.3499   5.36
    14922       0.3371   5.37
    14923       0.3370   5.36
    14924       0.3377   5.36
    14925       0.3385   5.36
    14926       0.3371   5.37
    14927       0.3382   5.37
    14928       0.3373   5.36
    14929       0.3368   5.36
    14930       0.3369   5.36
    14931       0.3371   5.37
    14932       0.3359   5.36
    14933       0.3386   5.36
    14934       0.3385   5.37
    14935       0.3370   5.36
    14936       0.3368   5.36
    14937       0.3470   5.36
    14938       0.3398   5.37
    14939       0.3367   5.36
    14940       0.3377   5.36
    14941       0.3405   5.36
    14942       0.3365   5.37
    14943       0.3375   5.37
    14944       0.3371   5.36
    14945       0.3367   5.37
    14946       0.3378   5.37
    14947       0.3379   5.37
    14948       0.3370   5.37
    14949       0.3514   5.37
    14950       0.3381   5.36
    14951       0.3370   5.36
    14952       0.3376   5.36
    14953       0.3381   5.37
    14954       0.3372   5.36
    14955       0.3379   5.36
    14956       0.3382   5.36
    14957       0.3370   5.36
    14958       0.3376   5.36
    14959       0.3371   5.36
    14960       0.3377   5.36
    14961       0.3371   5.36
    14962       0.3374   5.36
    14963       0.3369   5.37
    14964       0.3360   5.37
    14965       0.3370   5.37
    14966       0.3374   5.37
    14967       0.3376   5.37
    14968       0.3381   5.37
    14969       0.3399   5.37
    14970       0.3369   5.36
    14971       0.3371   5.36
    14972       0.3383   5.36
    14973       0.3371   5.36
    14974       0.3378   5.36
    14975       0.3380   5.37
    14976       0.3367   5.36
    14977       0.3367   5.36
    14978       0.3366   5.36
    14979       0.3361   5.36
    14980       0.3380   5.36
    14981       0.3381   5.37
    14982       0.3379   5.36
    14983       0.3375   5.36
    14984       0.3391   5.36
    14985       0.3370   5.36
    14986       0.3534   5.36
    14987       0.3464   5.37
    14988       0.3379   5.36
    14989       0.3367   5.36
    14990       0.3378   5.36
    14991       0.3377   5.36
    14992       0.3368   5.36
    14993       0.3482   5.36
    14994       0.3403   5.36
    14995       0.3367   5.36
    14996       0.3379   5.36
    14997       0.3382   5.37
    14998       0.3390   5.36
    14999       0.3514   5.36
    15000       0.3373   5.36
    15001       0.3366   5.36
    15002       0.3520   5.36
    15003       0.3446   5.37
    15004       0.3369   5.37
    15005       0.3383   5.37
    15006       0.3377   5.37
    15007       0.3376   5.36
    15008       0.3374   5.36
    15009       0.3466   5.36
    15010       0.3386   5.36
    15011       0.3366   5.36
    15012       0.3368   5.36
    15013       0.3370   5.36
    15014       0.3370   5.36
    15015       0.3375   5.36
    15016       0.3372   5.36
    15017       0.3375   5.36
    15018       0.3493   5.36
    15019       0.3373   5.36
    15020       0.3370   5.36
    15021       0.3374   5.36
    15022       0.3375   5.36
    15023       0.3377   5.36
    15024       0.3373   5.36
    15025       0.3373   5.36
    15026       0.3369   5.37
    15027       0.3524   5.37
    15028       0.3372   5.37
    15029       0.3361   5.36
    15030       0.3379   5.36
    15031       0.3380   5.36
    15032       0.3375   5.37
    15033       0.3377   5.36
    15034       0.3477   5.36
    15035       0.3381   5.36
    15036       0.3366   5.36
    15037       0.3372   5.36
    15038       0.3366   5.36
    15039       0.3362   5.36
    15040       0.3369   5.36
    15041       0.3376   5.37
    15042       0.3380   5.36
    15043       0.3375   5.36
    15044       0.3371   5.36
    15045       0.3368   5.37
    15046       0.3373   5.37
    15047       0.3367   5.37
    15048       0.3362   5.37
    15049       0.3376   5.37
    15050       0.3437   5.37
    15051       0.3364   5.37
    15052       0.3533   5.37
    15053       0.3456   5.37
    15054       0.3376   5.36
    15055       0.3542   5.36
    15056       0.3373   5.36
    15057       0.3372   5.37
    15058       0.3369   5.37
    15059       0.3382   5.37
    15060       0.3378   5.37
    15061       0.3369   5.37
    15062       0.3492   5.37
    15063       0.3410   5.36
    15064       0.3364   5.36
    15065       0.3374   5.36
    15066       0.3379   5.36
    15067       0.3363   5.36
    15068       0.3376   5.36
    15069       0.3373   5.36
    15070       0.3373   5.36
    15071       0.3427   5.36
    15072       0.3375   5.36
    15073       0.3372   5.37
    15074       0.3375   5.37
    15075       0.3371   5.36
    15076       0.3371   5.36
    15077       0.3542   5.36
    15078       0.3465   5.36
    15079       0.3372   5.36
    15080       0.3367   5.37
    15081       0.3376   5.37
    15082       0.3401   5.37
    15083       0.3374   5.36
    15084       0.3378   5.36
    15085       0.3412   5.36
    15086       0.3371   5.36
    15087       0.3383   5.36
    15088       0.3373   5.36
    15089       0.3360   5.36
    15090       0.3368   5.36
    15091       0.3362   5.36
    15092       0.3364   5.36
    15093       0.3378   5.36
    15094       0.3379   5.36
    15095       0.3363   5.36
    15096       0.3525   5.36
    15097       0.3381   5.36
    15098       0.3373   5.36
    15099       0.3374   5.36
    15100       0.3380   5.36
    15101       0.3362   5.36
    15102       0.3376   5.36
    15103       0.3381   5.36
    15104       0.3387   5.36
    15105       0.3367   5.36
    15106       0.3378   5.36
    15107       0.3462   5.36
    15108       0.3365   5.36
    15109       0.3372   5.36
    15110       0.3404   5.37
    15111       0.3372   5.36
    15112       0.3374   5.36
    15113       0.3372   5.36
    15114       0.3373   5.36
    15115       0.3505   5.36
    15116       0.3375   5.37
    15117       0.3372   5.37
    15118       0.3517   5.37
    15119       0.3378   5.37
    15120       0.3374   5.37
    15121       0.3534   5.37
    15122       0.3373   5.36
    15123       0.3379   5.36
    15124       0.3361   5.36
    15125       0.3369   5.36
    15126       0.3370   5.36
    15127       0.3370   5.36
    15128       0.3375   5.36
    15129       0.3381   5.36
    15130       0.3365   5.36
    15131       0.3376   5.36
    15132       0.3384   5.36
    15133       0.3381   5.36
    15134       0.3497   5.36
    15135       0.3383   5.36
    15136       0.3371   5.36
    15137       0.3377   5.36
    15138       0.3373   5.36
    15139       0.3372   5.36
    15140       0.3375   5.36
    15141       0.3373   5.36
    15142       0.3374   5.36
    15143       0.3379   5.36
    15144       0.3375   5.36
    15145       0.3366   5.36
    15146       0.3382   5.36
    15147       0.3383   5.36
    15148       0.3372   5.36
    15149       0.3543   5.36
    15150       0.3375   5.36
    15151       0.3367   5.36
    15152       0.3374   5.36
    15153       0.3379   5.36
    15154       0.3376   5.36
    15155       0.3376   5.36
    15156       0.3374   5.36
    15157       0.3406   5.37
    15158       0.3369   5.36
    15159       0.3371   5.36
    15160       0.3371   5.36
    15161       0.3371   5.36
    15162       0.3503   5.36
    15163       0.3377   5.36
    15164       0.3379   5.36
    15165       0.3385   5.36
    15166       0.3374   5.36
    15167       0.3365   5.37
    15168       0.3376   5.37
    15169       0.3376   5.36
    15170       0.3369   5.36
    15171       0.3370   5.36
    15172       0.3373   5.36
    15173       0.3373   5.36
    15174       0.3373   5.36
    15175       0.3373   5.36
    15176       0.3383   5.37
    15177       0.3369   5.36
    15178       0.3465   5.36
    15179       0.3383   5.36
    15180       0.3374   5.37
    15181       0.3379   5.37
    15182       0.3376   5.36
    15183       0.3362   5.36
    15184       0.3375   5.36
    15185       0.3384   5.36
    15186       0.3368   5.36
    15187       0.3500   5.36
    15188       0.3376   5.36
    15189       0.3368   5.36
    15190       0.3377   5.36
    15191       0.3376   5.36
    15192       0.3364   5.36
    15193       0.3371   5.36
    15194       0.3369   5.36
    15195       0.3381   5.36
    15196       0.3380   5.36
    15197       0.3383   5.36
    15198       0.3367   5.36
    15199       0.3367   5.36
    15200       0.3365   5.37
    15201       0.3366   5.36
    15202       0.3379   5.36
    15203       0.3372   5.36
    15204       0.3370   5.37
    15205       0.3369   5.36
    15206       0.3381   5.36
    15207       0.3375   5.36
    15208       0.3371   5.36
    15209       0.3369   5.36
    15210       0.3379   5.37
    15211       0.3365   5.36
    15212       0.3374   5.36
    15213       0.3365   5.36
    15214       0.3365   5.36
    15215       0.3494   5.36
    15216       0.3371   5.37
    15217       0.3371   5.37
    15218       0.3382   5.37
    15219       0.3425   5.37
    15220       0.3376   5.37
    15221       0.3374   5.37
    15222       0.3371   5.37
    15223       0.3370   5.36
    15224       0.3382   5.36
    15225       0.3385   5.36
    15226       0.3352   5.36
    15227       0.3386   5.36
    15228       0.3381   5.36
    15229       0.3370   5.36
    15230       0.3381   5.36
    15231       0.3382   5.36
    15232       0.3374   5.36
    15233       0.3368   5.36
    15234       0.3370   5.36
    15235       0.3372   5.37
    15236       0.3379   5.36
    15237       0.3373   5.36
    15238       0.3394   5.36
    15239       0.3363   5.37
    15240       0.3382   5.37
    15241       0.3375   5.36
    15242       0.3370   5.36
    15243       0.3376   5.36
    15244       0.3380   5.36
    15245       0.3377   5.36
    15246       0.3510   5.36
    15247       0.3380   5.36
    15248       0.3377   5.36
    15249       0.3379   5.36
    15250       0.3380   5.36
    15251       0.3378   5.36
    15252       0.3381   5.36
    15253       0.3378   5.36
    15254       0.3354   5.36
    15255       0.3371   5.36
    15256       0.3374   5.36
    15257       0.3364   5.36
    15258       0.3366   5.36
    15259       0.3376   5.36
    15260       0.3377   5.36
    15261       0.3362   5.36
    15262       0.3382   5.36
    15263       0.3381   5.36
    15264       0.3377   5.36
    15265       0.3378   5.36
    15266       0.3378   5.36
    15267       0.3354   5.36
    15268       0.3489   5.36
    15269       0.3379   5.36
    15270       0.3371   5.36
    15271       0.3374   5.36
    15272       0.3375   5.36
    15273       0.3378   5.37
    15274       0.3375   5.37
    15275       0.3426   5.37
    15276       0.3371   5.37
    15277       0.3525   5.37
    15278       0.3377   5.36
    15279       0.3363   5.36
    15280       0.3374   5.36
    15281       0.3370   5.36
    15282       0.3360   5.37
    15283       0.3380   5.37
    15284       0.3380   5.36
    15285       0.3387   5.37
    15286       0.3379   5.36
    15287       0.3388   5.36
    15288       0.3401   5.36
    15289       0.3382   5.36
    15290       0.3377   5.36
    15291       0.3379   5.36
    15292       0.3370   5.36
    15293       0.3372   5.36
    15294       0.3380   5.36
    15295       0.3362   5.36
    15296       0.3374   5.36
    15297       0.3377   5.36
    15298       0.3373   5.36
    15299       0.3373   5.36
    15300       0.3376   5.36
    15301       0.3382   5.37
    15302       0.3372   5.37
    15303       0.3437   5.36
    15304       0.3364   5.36
    15305       0.3381   5.36
    15306       0.3375   5.36
    15307       0.3367   5.37
    15308       0.3537   5.37
    15309       0.3470   5.37
    15310       0.3382   5.36
    15311       0.3366   5.36
    15312       0.3379   5.36
    15313       0.3373   5.36
    15314       0.3364   5.36
    15315       0.3376   5.36
    15316       0.3380   5.36
    15317       0.3367   5.36
    15318       0.3492   5.36
    15319       0.3374   5.36
    15320       0.3368   5.36
    15321       0.3378   5.36
    15322       0.3373   5.37
    15323       0.3362   5.37
    15324       0.3374   5.37
    15325       0.3372   5.36
    15326       0.3368   5.36
    15327       0.3374   5.36
    15328       0.3439   5.36
    15329       0.3365   5.37
    15330       0.3373   5.37
    15331       0.3363   5.36
    15332       0.3370   5.36
    15333       0.3382   5.36
    15334       0.3377   5.37
    15335       0.3365   5.37
    15336       0.3359   5.37
    15337       0.3375   5.37
    15338       0.3391   5.37
    15339       0.3375   5.37
    15340       0.3373   5.37
    15341       0.3382   5.37
    15342       0.3369   5.36
    15343       0.3479   5.36
    15344       0.3373   5.36
    15345       0.3364   5.37
    15346       0.3374   5.37
    15347       0.3369   5.36
    15348       0.3358   5.36
    15349       0.3378   5.36
    15350       0.3380   5.37
    15351       0.3374   5.37
    15352       0.3378   5.37
    15353       0.3376   5.37
    15354       0.3368   5.36
    15355       0.3374   5.36
    15356       0.3379   5.36
    15357       0.3370   5.37
    15358       0.3533   5.37
    15359       0.3454   5.36
    15360       0.3384   5.36
    15361       0.3367   5.36
    15362       0.3378   5.36
    15363       0.3381   5.36
    15364       0.3366   5.36
    15365       0.3381   5.36
    15366       0.3379   5.36
    15367       0.3362   5.36
    15368       0.3373   5.36
    15369       0.3372   5.36
    15370       0.3369   5.36
    15371       0.3370   5.36
    15372       0.3375   5.36
    15373       0.3375   5.36
    15374       0.3381   5.36
    15375       0.3376   5.37
    15376       0.3367   5.37
    15377       0.3375   5.37
    15378       0.3372   5.36
    15379       0.3367   5.36
    15380       0.3378   5.36
    15381       0.3371   5.37
    15382       0.3360   5.36
    15383       0.3377   5.36
    15384       0.3377   5.37
    15385       0.3371   5.37
    15386       0.3379   5.37
    15387       0.3372   5.37
    15388       0.3368   5.36
    15389       0.3378   5.36
    15390       0.3461   5.36
    15391       0.3369   5.37
    15392       0.3377   5.36
    15393       0.3471   5.36
    15394       0.3376   5.36
    15395       0.3364   5.36
    15396       0.3370   5.36
    15397       0.3398   5.36
    15398       0.3363   5.37
    15399       0.3370   5.37
    15400       0.3471   5.37
    15401       0.3362   5.37
    15402       0.3375   5.37
    15403       0.3428   5.37
    15404       0.3372   5.37
    15405       0.3520   5.37
    15406       0.3376   5.37
    15407       0.3370   5.36
    15408       0.3531   5.36
    15409       0.3378   5.36
    15410       0.3383   5.37
    15411       0.3373   5.37
    15412       0.3379   5.37
    15413       0.3373   5.37
    15414       0.3372   5.36
    15415       0.3381   5.36
    15416       0.3377   5.36
    15417       0.3367   5.37
    15418       0.3377   5.37
    15419       0.3384   5.36
    15420       0.3374   5.36
    15421       0.3376   5.36
    15422       0.3372   5.36
    15423       0.3363   5.36
    15424       0.3370   5.36
    15425       0.3375   5.36
    15426       0.3362   5.37
    15427       0.3368   5.37
    15428       0.3370   5.37
    15429       0.3353   5.36
    15430       0.3381   5.36
    15431       0.3379   5.37
    15432       0.3366   5.36
    15433       0.3369   5.36
    15434       0.3440   5.36
    15435       0.3369   5.37
    15436       0.3375   5.37
    15437       0.3365   5.37
    15438       0.3364   5.37
    15439       0.3379   5.37
    15440       0.3381   5.37
    15441       0.3379   5.37
    15442       0.3370   5.36
    15443       0.3381   5.36
    15444       0.3372   5.36
    15445       0.3385   5.36
    15446       0.3379   5.36
    15447       0.3377   5.36
    15448       0.3369   5.36
    15449       0.3379   5.36
    15450       0.3379   5.36
    15451       0.3369   5.36
    15452       0.3378   5.36
    15453       0.3408   5.36
    15454       0.3368   5.36
    15455       0.3374   5.36
    15456       0.3381   5.36
    15457       0.3371   5.37
    15458       0.3383   5.37
    15459       0.3380   5.36
    15460       0.3368   5.36
    15461       0.3373   5.36
    15462       0.3378   5.36
    15463       0.3363   5.37
    15464       0.3376   5.37
    15465       0.3377   5.37
    15466       0.3364   5.37
    15467       0.3382   5.37
    15468       0.3376   5.36
    15469       0.3372   5.36
    15470       0.3374   5.36
    15471       0.3375   5.36
    15472       0.3374   5.36
    15473       0.3377   5.36
    15474       0.3384   5.36
    15475       0.3385   5.36
    15476       0.3374   5.36
    15477       0.3377   5.36
    15478       0.3380   5.37
    15479       0.3371   5.36
    15480       0.3378   5.36
    15481       0.3405   5.37
    15482       0.3363   5.36
    15483       0.3383   5.36
    15484       0.3376   5.36
    15485       0.3369   5.36
    15486       0.3384   5.36
    15487       0.3378   5.36
    15488       0.3370   5.36
    15489       0.3370   5.36
    15490       0.3372   5.36
    15491       0.3372   5.36
    15492       0.3365   5.36
    15493       0.3368   5.37
    15494       0.3370   5.37
    15495       0.3530   5.37
    15496       0.3382   5.37
    15497       0.3377   5.36
    15498       0.3367   5.37
    15499       0.3379   5.37
    15500       0.3381   5.36
    15501       0.3375   5.36
    15502       0.3381   5.36
    15503       0.3382   5.36
    15504       0.3368   5.36
    15505       0.3487   5.36
    15506       0.3379   5.36
    15507       0.3369   5.36
    15508       0.3376   5.36
    15509       0.3386   5.36
    15510       0.3366   5.36
    15511       0.3380   5.36
    15512       0.3381   5.36
    15513       0.3371   5.36
    15514       0.3377   5.36
    15515       0.3376   5.36
    15516       0.3362   5.36
    15517       0.3378   5.36
    15518       0.3382   5.36
    15519       0.3370   5.37
    15520       0.3385   5.37
    15521       0.3385   5.36
    15522       0.3366   5.36
    15523       0.3375   5.36
    15524       0.3373   5.36
    15525       0.3384   5.36
    15526       0.3365   5.36
    15527       0.3371   5.36
    15528       0.3378   5.36
    15529       0.3370   5.36
    15530       0.3371   5.36
    15531       0.3374   5.36
    15532       0.3369   5.36
    15533       0.3374   5.36
    15534       0.3375   5.36
    15535       0.3361   5.36
    15536       0.3360   5.36
    15537       0.3402   5.36
    15538       0.3373   5.36
    15539       0.3369   5.36
    15540       0.3376   5.37
    15541       0.3360   5.37
    15542       0.3377   5.37
    15543       0.3383   5.37
    15544       0.3373   5.36
    15545       0.3374   5.36
    15546       0.3375   5.36
    15547       0.3371   5.36
    15548       0.3367   5.36
    15549       0.3381   5.37
    15550       0.3364   5.36
    15551       0.3532   5.36
    15552       0.3372   5.36
    15553       0.3361   5.36
    15554       0.3367   5.37
    15555       0.3373   5.37
    15556       0.3376   5.36
    15557       0.3372   5.37
    15558       0.3376   5.37
    15559       0.3400   5.37
    15560       0.3362   5.36
    15561       0.3480   5.36
    15562       0.3380   5.36
    15563       0.3368   5.36
    15564       0.3380   5.36
    15565       0.3377   5.37
    15566       0.3368   5.36
    15567       0.3381   5.36
    15568       0.3377   5.37
    15569       0.3374   5.37
    15570       0.3379   5.37
    15571       0.3379   5.36
    15572       0.3365   5.36
    15573       0.3379   5.36
    15574       0.3366   5.36
    15575       0.3364   5.36
    15576       0.3531   5.36
    15577       0.3376   5.36
    15578       0.3367   5.36
    15579       0.3542   5.36
    15580       0.3379   5.37
    15581       0.3366   5.36
    15582       0.3370   5.36
    15583       0.3481   5.36
    15584       0.3379   5.37
    15585       0.3371   5.37
    15586       0.3378   5.37
    15587       0.3411   5.36
    15588       0.3364   5.36
    15589       0.3377   5.36
    15590       0.3374   5.36
    15591       0.3361   5.36
    15592       0.3371   5.36
    15593       0.3371   5.37
    15594       0.3359   5.37
    15595       0.3380   5.37
    15596       0.3439   5.37
    15597       0.3375   5.37
    15598       0.3379   5.37
    15599       0.3380   5.36
    15600       0.3364   5.36
    15601       0.3544   5.36
    15602       0.3474   5.36
    15603       0.3392   5.36
    15604       0.3377   5.36
    15605       0.3381   5.36
    15606       0.3384   5.36
    15607       0.3374   5.36
    15608       0.3377   5.36
    15609       0.3380   5.36
    15610       0.3374   5.36
    15611       0.3380   5.36
    15612       0.3379   5.36
    15613       0.3368   5.36
    15614       0.3378   5.36
    15615       0.3380   5.36
    15616       0.3368   5.36
    15617       0.3378   5.36
    15618       0.3378   5.36
    15619       0.3367   5.36
    15620       0.3527   5.36
    15621       0.3378   5.36
    15622       0.3366   5.36
    15623       0.3374   5.36
    15624       0.3372   5.36
    15625       0.3378   5.36
    15626       0.3372   5.36
    15627       0.3376   5.36
    15628       0.3372   5.36
    15629       0.3375   5.36
    15630       0.3380   5.36
    15631       0.3395   5.37
    15632       0.3361   5.36
    15633       0.3382   5.36
    15634       0.3387   5.36
    15635       0.3375   5.36
    15636       0.3380   5.36
    15637       0.3414   5.36
    15638       0.3376   5.37
    15639       0.3383   5.37
    15640       0.3384   5.36
    15641       0.3371   5.36
    15642       0.3377   5.36
    15643       0.3434   5.36
    15644       0.3370   5.36
    15645       0.3379   5.36
    15646       0.3383   5.36
    15647       0.3367   5.36
    15648       0.3384   5.36
    15649       0.3391   5.36
    15650       0.3368   5.36
    15651       0.3384   5.36
    15652       0.3386   5.36
    15653       0.3386   5.36
    15654       0.3365   5.36
    15655       0.3377   5.36
    15656       0.3387   5.36
    15657       0.3371   5.36
    15658       0.3373   5.36
    15659       0.3378   5.36
    15660       0.3371   5.36
    15661       0.3379   5.36
    15662       0.3368   5.36
    15663       0.3363   5.36
    15664       0.3378   5.36
    15665       0.3377   5.36
    15666       0.3363   5.36
    15667       0.3371   5.36
    15668       0.3373   5.36
    15669       0.3378   5.37
    15670       0.3509   5.37
    15671       0.3373   5.37
    15672       0.3373   5.36
    15673       0.3373   5.36
    15674       0.3441   5.36
    15675       0.3376   5.36
    15676       0.3372   5.36
    15677       0.3376   5.37
    15678       0.3375   5.36
    15679       0.3371   5.36
    15680       0.3379   5.36
    15681       0.3378   5.36
    15682       0.3368   5.36
    15683       0.3374   5.36
    15684       0.3384   5.36
    15685       0.3375   5.36
    15686       0.3481   5.36
    15687       0.3375   5.37
    15688       0.3379   5.36
    15689       0.3378   5.36
    15690       0.3371   5.36
    15691       0.3368   5.36
    15692       0.3504   5.36
    15693       0.3376   5.37
    15694       0.3364   5.36
    15695       0.3378   5.36
    15696       0.3381   5.36
    15697       0.3369   5.36
    15698       0.3522   5.36
    15699       0.3376   5.37
    15700       0.3369   5.37
    15701       0.3375   5.37
    15702       0.3373   5.36
    15703       0.3372   5.37
    15704       0.3366   5.36
    15705       0.3375   5.36
    15706       0.3377   5.36
    15707       0.3367   5.37
    15708       0.3380   5.37
    15709       0.3386   5.36
    15710       0.3376   5.36
    15711       0.3378   5.36
    15712       0.3380   5.36
    15713       0.3373   5.36
    15714       0.3373   5.36
    15715       0.3375   5.37
    15716       0.3368   5.37
    15717       0.3379   5.37
    15718       0.3479   5.37
    15719       0.3372   5.37
    15720       0.3385   5.37
    15721       0.3376   5.36
    15722       0.3371   5.36
    15723       0.3383   5.36
    15724       0.3446   5.36
    15725       0.3372   5.36
    15726       0.3374   5.36
    15727       0.3376   5.36
    15728       0.3357   5.37
    15729       0.3543   5.37
    15730       0.3472   5.37
    15731       0.3378   5.36
    15732       0.3370   5.37
    15733       0.3379   5.37
    15734       0.3381   5.37
    15735       0.3369   5.37
    15736       0.3374   5.37
    15737       0.3377   5.36
    15738       0.3380   5.36
    15739       0.3370   5.36
    15740       0.3414   5.36
    15741       0.3361   5.37
    15742       0.3380   5.37
    15743       0.3381   5.36
    15744       0.3366   5.36
    15745       0.3370   5.36
    15746       0.3376   5.36
    15747       0.3371   5.37
    15748       0.3376   5.37
    15749       0.3375   5.36
    15750       0.3363   5.36
    15751       0.3372   5.36
    15752       0.3450   5.36
    15753       0.3375   5.37
    15754       0.3379   5.37
    15755       0.3381   5.36
    15756       0.3380   5.36
    15757       0.3371   5.36
    15758       0.3374   5.36
    15759       0.3370   5.36
    15760       0.3376   5.36
    15761       0.3381   5.36
    15762       0.3383   5.36
    15763       0.3376   5.36
    15764       0.3379   5.36
    15765       0.3374   5.36
    15766       0.3371   5.36
    15767       0.3372   5.36
    15768       0.3370   5.36
    15769       0.3370   5.36
    15770       0.3510   5.36
    15771       0.3375   5.36
    15772       0.3362   5.36
    15773       0.3368   5.36
    15774       0.3377   5.36
    15775       0.3374   5.37
    15776       0.3529   5.37
    15777       0.3374   5.37
    15778       0.3370   5.36
    15779       0.3544   5.36
    15780       0.3472   5.36
    15781       0.3372   5.36
    15782       0.3369   5.36
    15783       0.3485   5.36
    15784       0.3376   5.36
    15785       0.3359   5.36
    15786       0.3373   5.36
    15787       0.3375   5.36
    15788       0.3368   5.37
    15789       0.3376   5.37
    15790       0.3418   5.37
    15791       0.3372   5.36
    15792       0.3385   5.36
    15793       0.3380   5.36
    15794       0.3366   5.37
    15795       0.3373   5.37
    15796       0.3377   5.37
    15797       0.3367   5.36
    15798       0.3529   5.36
    15799       0.3371   5.36
    15800       0.3371   5.36
    15801       0.3372   5.36
    15802       0.3371   5.36
    15803       0.3366   5.37
    15804       0.3359   5.37
    15805       0.3377   5.37
    15806       0.3374   5.36
    15807       0.3374   5.36
    15808       0.3371   5.36
    15809       0.3380   5.37
    15810       0.3374   5.37
    15811       0.3490   5.37
    15812       0.3377   5.37
    15813       0.3372   5.36
    15814       0.3374   5.36
    15815       0.3373   5.36
    15816       0.3363   5.36
    15817       0.3373   5.36
    15818       0.3378   5.36
    15819       0.3366   5.36
    15820       0.3519   5.36
    15821       0.3369   5.36
    15822       0.3375   5.37
    15823       0.3537   5.37
    15824       0.3391   5.36
    15825       0.3371   5.36
    15826       0.3369   5.37
    15827       0.3379   5.37
    15828       0.3372   5.37
    15829       0.3366   5.36
    15830       0.3482   5.36
    15831       0.3402   5.36
    15832       0.3362   5.36
    15833       0.3375   5.36
    15834       0.3405   5.37
    15835       0.3368   5.37
    15836       0.3376   5.37
    15837       0.3377   5.37
    15838       0.3376   5.37
    15839       0.3381   5.37
    15840       0.3380   5.36
    15841       0.3367   5.36
    15842       0.3380   5.36
    15843       0.3435   5.36
    15844       0.3362   5.36
    15845       0.3530   5.36
    15846       0.3383   5.37
    15847       0.3380   5.36
    15848       0.3368   5.36
    15849       0.3376   5.36
    15850       0.3380   5.36
    15851       0.3369   5.37
    15852       0.3371   5.37
    15853       0.3379   5.36
    15854       0.3372   5.36
    15855       0.3480   5.36
    15856       0.3379   5.36
    15857       0.3373   5.36
    15858       0.3500   5.36
    15859       0.3373   5.36
    15860       0.3375   5.36
    15861       0.3515   5.36
    15862       0.3377   5.37
    15863       0.3372   5.36
    15864       0.3372   5.36
    15865       0.3377   5.36
    15866       0.3362   5.36
    15867       0.3370   5.36
    15868       0.3382   5.36
    15869       0.3372   5.36
    15870       0.3548   5.36
    15871       0.3380   5.36
    15872       0.3369   5.36
    15873       0.3372   5.36
    15874       0.3379   5.36
    15875       0.3383   5.37
    15876       0.3360   5.36
    15877       0.3379   5.36
    15878       0.3379   5.36
    15879       0.3363   5.36
    15880       0.3374   5.36
    15881       0.3409   5.36
    15882       0.3371   5.36
    15883       0.3504   5.36
    15884       0.3380   5.36
    15885       0.3370   5.36
    15886       0.3378   5.36
    15887       0.3376   5.36
    15888       0.3359   5.36
    15889       0.3379   5.36
    15890       0.3446   5.36
    15891       0.3366   5.36
    15892       0.3379   5.36
    15893       0.3373   5.36
    15894       0.3374   5.36
    15895       0.3368   5.37
    15896       0.3377   5.37
    15897       0.3379   5.37
    15898       0.3366   5.36
    15899       0.3376   5.36
    15900       0.3394   5.36
    15901       0.3375   5.36
    15902       0.3488   5.36
    15903       0.3401   5.36
    15904       0.3372   5.36
    15905       0.3375   5.36
    15906       0.3377   5.36
    15907       0.3365   5.36
    15908       0.3506   5.36
    15909       0.3372   5.36
    15910       0.3375   5.36
    15911       0.3521   5.36
    15912       0.3374   5.37
    15913       0.3373   5.37
    15914       0.3545   5.37
    15915       0.3472   5.36
    15916       0.3367   5.36
    15917       0.3375   5.36
    15918       0.3381   5.36
    15919       0.3388   5.36
    15920       0.3375   5.36
    15921       0.3373   5.36
    15922       0.3378   5.37
    15923       0.3376   5.36
    15924       0.3376   5.36
    15925       0.3421   5.36
    15926       0.3364   5.36
    15927       0.3373   5.36
    15928       0.3374   5.36
    15929       0.3369   5.37
    15930       0.3383   5.37
    15931       0.3373   5.37
    15932       0.3383   5.36
    15933       0.3377   5.36
    15934       0.3380   5.36
    15935       0.3368   5.36
    15936       0.3384   5.36
    15937       0.3449   5.36
    15938       0.3367   5.36
    15939       0.3378   5.36
    15940       0.3371   5.36
    15941       0.3377   5.36
    15942       0.3373   5.37
    15943       0.3472   5.37
    15944       0.3373   5.37
    15945       0.3371   5.37
    15946       0.3372   5.37
    15947       0.3380   5.36
    15948       0.3371   5.36
    15949       0.3376   5.36
    15950       0.3376   5.36
    15951       0.3377   5.36
    15952       0.3376   5.36
    15953       0.3367   5.37
    15954       0.3359   5.36
    15955       0.3376   5.36
    15956       0.3370   5.36
    15957       0.3359   5.36
    15958       0.3374   5.36
    15959       0.3373   5.37
    15960       0.3357   5.36
    15961       0.3372   5.36
    15962       0.3448   5.36
    15963       0.3362   5.36
    15964       0.3369   5.36
    15965       0.3368   5.36
    15966       0.3371   5.36
    15967       0.3375   5.36
    15968       0.3372   5.36
    15969       0.3370   5.36
    15970       0.3368   5.37
    15971       0.3462   5.37
    15972       0.3377   5.37
    15973       0.3373   5.37
    15974       0.3481   5.37
    15975       0.3374   5.36
    15976       0.3362   5.36
    15977       0.3368   5.36
    15978       0.3382   5.36
    15979       0.3370   5.36
    15980       0.3501   5.36
    15981       0.3372   5.36
    15982       0.3366   5.36
    15983       0.3374   5.36
    15984       0.3431   5.36
    15985       0.3373   5.36
    15986       0.3530   5.36
    15987       0.3370   5.36
    15988       0.3363   5.36
    15989       0.3368   5.36
    15990       0.3459   5.37
    15991       0.3389   5.36
    15992       0.3365   5.36
    15993       0.3472   5.36
    15994       0.3378   5.36
    15995       0.3366   5.36
    15996       0.3377   5.36
    15997       0.3372   5.36
    15998       0.3370   5.37
    15999       0.3376   5.37
    16000       0.3373   5.37
    16001       0.3369   5.36
    16002       0.3376   5.36
    16003       0.3380   5.36
    16004       0.3364   5.36
    16005       0.3375   5.36
    16006       0.3376   5.37
    16007       0.3369   5.36
    16008       0.3379   5.36
    16009       0.3379   5.37
    16010       0.3368   5.36
    16011       0.3377   5.36
    16012       0.3472   5.36
    16013       0.3368   5.36
    16014       0.3380   5.36
    16015       0.3373   5.36
    16016       0.3369   5.37
    16017       0.3370   5.37
    16018       0.3375   5.36
    16019       0.3389   5.36
    16020       0.3370   5.37
    16021       0.3380   5.37
    16022       0.3375   5.37
    16023       0.3369   5.36
    16024       0.3369   5.36
    16025       0.3377   5.36
    16026       0.3370   5.36
    16027       0.3373   5.36
    16028       0.3375   5.37
    16029       0.3382   5.37
    16030       0.3507   5.37
    16031       0.3381   5.36
    16032       0.3375   5.36
    16033       0.3516   5.36
    16034       0.3446   5.36
    16035       0.3372   5.36
    16036       0.3532   5.36
    16037       0.3460   5.36
    16038       0.3389   5.36
    16039       0.3363   5.36
    16040       0.3470   5.36
    16041       0.3373   5.36
    16042       0.3373   5.37
    16043       0.3379   5.37
    16044       0.3407   5.36
    16045       0.3376   5.36
    16046       0.3380   5.36
    16047       0.3384   5.37
    16048       0.3379   5.36
    16049       0.3382   5.36
    16050       0.3373   5.36
    16051       0.3366   5.36
    16052       0.3370   5.36
    16053       0.3379   5.36
    16054       0.3370   5.36
    16055       0.3371   5.36
    16056       0.3368   5.37
    16057       0.3369   5.37
    16058       0.3367   5.37
    16059       0.3446   5.36
    16060       0.3363   5.36
    16061       0.3378   5.36
    16062       0.3379   5.36
    16063       0.3376   5.37
    16064       0.3378   5.36
    16065       0.3379   5.36
    16066       0.3376   5.36
    16067       0.3365   5.36
    16068       0.3375   5.36
    16069       0.3375   5.37
    16070       0.3364   5.36
    16071       0.3374   5.36
    16072       0.3377   5.36
    16073       0.3376   5.37
    16074       0.3382   5.37
    16075       0.3374   5.37
    16076       0.3370   5.36
    16077       0.3504   5.36
    16078       0.3428   5.36
    16079       0.3364   5.36
    16080       0.3377   5.36
    16081       0.3379   5.37
    16082       0.3364   5.37
    16083       0.3382   5.37
    16084       0.3379   5.36
    16085       0.3367   5.37
    16086       0.3376   5.37
    16087       0.3375   5.36
    16088       0.3379   5.37
    16089       0.3373   5.37
    16090       0.3374   5.36
    16091       0.3376   5.36
    16092       0.3363   5.36
    16093       0.3370   5.36
    16094       0.3380   5.37
    16095       0.3375   5.37
    16096       0.3373   5.37
    16097       0.3393   5.37
    16098       0.3382   5.36
    16099       0.3382   5.36
    16100       0.3381   5.36
    16101       0.3362   5.36
    16102       0.3368   5.36
    16103       0.3373   5.36
    16104       0.3367   5.36
    16105       0.3506   5.36
    16106       0.3426   5.36
    16107       0.3372   5.36
    16108       0.3377   5.36
    16109       0.3378   5.37
    16110       0.3372   5.37
    16111       0.3372   5.37
    16112       0.3436   5.36
    16113       0.3372   5.36
    16114       0.3538   5.36
    16115       0.3371   5.36
    16116       0.3371   5.36
    16117       0.3368   5.36
    16118       0.3378   5.36
    16119       0.3376   5.37
    16120       0.3372   5.36
    16121       0.3486   5.36
    16122       0.3379   5.37
    16123       0.3376   5.36
    16124       0.3375   5.36
    16125       0.3373   5.37
    16126       0.3371   5.36
    16127       0.3376   5.36
    16128       0.3420   5.36
    16129       0.3366   5.37
    16130       0.3382   5.37
    16131       0.3381   5.37
    16132       0.3371   5.36
    16133       0.3378   5.36
    16134       0.3376   5.36
    16135       0.3363   5.36
    16136       0.3375   5.36
    16137       0.3378   5.37
    16138       0.3370   5.37
    16139       0.3381   5.37
    16140       0.3377   5.36
    16141       0.3376   5.36
    16142       0.3367   5.36
    16143       0.3372   5.36
    16144       0.3373   5.36
    16145       0.3373   5.37
    16146       0.3382   5.37
    16147       0.3383   5.36
    16148       0.3369   5.36
    16149       0.3384   5.36
    16150       0.3386   5.37
    16151       0.3369   5.36
    16152       0.3491   5.36
    16153       0.3383   5.36
    16154       0.3365   5.36
    16155       0.3376   5.36
    16156       0.3373   5.36
    16157       0.3370   5.36
    16158       0.3379   5.36
    16159       0.3375   5.36
    16160       0.3369   5.36
    16161       0.3374   5.36
    16162       0.3372   5.36
    16163       0.3372   5.36
    16164       0.3533   5.36
    16165       0.3369   5.36
    16166       0.3362   5.36
    16167       0.3375   5.36
    16168       0.3376   5.37
    16169       0.3382   5.36
    16170       0.3372   5.36
    16171       0.3376   5.36
    16172       0.3376   5.37
    16173       0.3360   5.36
    16174       0.3378   5.36
    16175       0.3378   5.36
    16176       0.3366   5.37
    16177       0.3382   5.37
    16178       0.3380   5.36
    16179       0.3372   5.36
    16180       0.3373   5.36
    16181       0.3418   5.36
    16182       0.3375   5.37
    16183       0.3375   5.37
    16184       0.3375   5.37
    16185       0.3356   5.36
    16186       0.3372   5.36
    16187       0.3369   5.36
    16188       0.3367   5.36
    16189       0.3370   5.36
    16190       0.3373   5.36
    16191       0.3362   5.37
    16192       0.3378   5.37
    16193       0.3452   5.37
    16194       0.3371   5.37
    16195       0.3547   5.37
    16196       0.3469   5.36
    16197       0.3377   5.36
    16198       0.3370   5.37
    16199       0.3373   5.37
    16200       0.3378   5.37
    16201       0.3372   5.37
    16202       0.3376   5.37
    16203       0.3377   5.37
    16204       0.3365   5.37
    16205       0.3380   5.37
    16206       0.3417   5.37
    16207       0.3367   5.36
    16208       0.3375   5.36
    16209       0.3371   5.36
    16210       0.3365   5.36
    16211       0.3372   5.36
    16212       0.3379   5.37
    16213       0.3368   5.37
    16214       0.3383   5.37
    16215       0.3376   5.37
    16216       0.3371   5.36
    16217       0.3534   5.36
    16218       0.3378   5.36
    16219       0.3380   5.37
    16220       0.3366   5.37
    16221       0.3377   5.37
    16222       0.3375   5.36
    16223       0.3366   5.36
    16224       0.3373   5.36
    16225       0.3374   5.36
    16226       0.3361   5.37
    16227       0.3368   5.37
    16228       0.3378   5.37
    16229       0.3369   5.36
    16230       0.3487   5.36
    16231       0.3418   5.36
    16232       0.3369   5.37
    16233       0.3378   5.37
    16234       0.3382   5.36
    16235       0.3375   5.36
    16236       0.3380   5.36
    16237       0.3373   5.36
    16238       0.3371   5.36
    16239       0.3380   5.36
    16240       0.3373   5.36
    16241       0.3366   5.36
    16242       0.3386   5.36
    16243       0.3380   5.36
    16244       0.3368   5.36
    16245       0.3369   5.36
    16246       0.3455   5.36
    16247       0.3385   5.36
    16248       0.3378   5.36
    16249       0.3479   5.36
    16250       0.3379   5.37
    16251       0.3371   5.36
    16252       0.3382   5.36
    16253       0.3384   5.36
    16254       0.3370   5.36
    16255       0.3374   5.36
    16256       0.3376   5.36
    16257       0.3370   5.36
    16258       0.3382   5.36
    16259       0.3382   5.37
    16260       0.3366   5.36
    16261       0.3378   5.36
    16262       0.3388   5.36
    16263       0.3370   5.36
    16264       0.3363   5.36
    16265       0.3371   5.36
    16266       0.3365   5.36
    16267       0.3375   5.36
    16268       0.3445   5.36
    16269       0.3367   5.37
    16270       0.3382   5.37
    16271       0.3374   5.37
    16272       0.3377   5.36
    16273       0.3368   5.36
    16274       0.3380   5.36
    16275       0.3375   5.37
    16276       0.3368   5.36
    16277       0.3375   5.36
    16278       0.3383   5.36
    16279       0.3377   5.37
    16280       0.3368   5.37
    16281       0.3373   5.37
    16282       0.3369   5.36
    16283       0.3379   5.36
    16284       0.3415   5.37
    16285       0.3365   5.36
    16286       0.3368   5.36
    16287       0.3375   5.36
    16288       0.3355   5.37
    16289       0.3370   5.37
    16290       0.3375   5.37
    16291       0.3375   5.37
    16292       0.3380   5.37
    16293       0.3375   5.37
    16294       0.3368   5.36
    16295       0.3377   5.36
    16296       0.3371   5.36
    16297       0.3372   5.37
    16298       0.3378   5.37
    16299       0.3455   5.36
    16300       0.3376   5.37
    16301       0.3544   5.37
    16302       0.3370   5.36
    16303       0.3392   5.36
    16304       0.3367   5.36
    16305       0.3368   5.36
    16306       0.3368   5.37
    16307       0.3364   5.36
    16308       0.3377   5.36
    16309       0.3369   5.36
    16310       0.3369   5.37
    16311       0.3382   5.37
    16312       0.3374   5.37
    16313       0.3369   5.36
    16314       0.3374   5.36
    16315       0.3373   5.36
    16316       0.3367   5.37
    16317       0.3379   5.37
    16318       0.3383   5.37
    16319       0.3377   5.37
    16320       0.3382   5.37
    16321       0.3375   5.36
    16322       0.3364   5.36
    16323       0.3376   5.36
    16324       0.3375   5.36
    16325       0.3369   5.37
    16326       0.3374   5.37
    16327       0.3376   5.37
    16328       0.3371   5.36
    16329       0.3366   5.36
    16330       0.3373   5.36
    16331       0.3477   5.36
    16332       0.3356   5.36
    16333       0.3373   5.36
    16334       0.3371   5.36
    16335       0.3364   5.37
    16336       0.3377   5.37
    16337       0.3374   5.37
    16338       0.3357   5.37
    16339       0.3375   5.37
    16340       0.3381   5.37
    16341       0.3371   5.37
    16342       0.3375   5.37
    16343       0.3372   5.37
    16344       0.3370   5.36
    16345       0.3373   5.36
    16346       0.3374   5.36
    16347       0.3356   5.36
    16348       0.3513   5.36
    16349       0.3433   5.36
    16350       0.3374   5.37
    16351       0.3533   5.37
    16352       0.3367   5.36
    16353       0.3371   5.37
    16354       0.3368   5.37
    16355       0.3376   5.37
    16356       0.3376   5.37
    16357       0.3369   5.37
    16358       0.3376   5.37
    16359       0.3400   5.36
    16360       0.3383   5.36
    16361       0.3378   5.36
    16362       0.3408   5.36
    16363       0.3378   5.36
    16364       0.3370   5.36
    16365       0.3411   5.36
    16366       0.3362   5.37
    16367       0.3374   5.37
    16368       0.3371   5.37
    16369       0.3367   5.37
    16370       0.3512   5.37
    16371       0.3383   5.37
    16372       0.3372   5.36
    16373       0.3375   5.36
    16374       0.3372   5.36
    16375       0.3366   5.37
    16376       0.3370   5.37
    16377       0.3378   5.37
    16378       0.3367   5.37
    16379       0.3373   5.37
    16380       0.3459   5.37
    16381       0.3373   5.37
    16382       0.3365   5.37
    16383       0.3379   5.37
    16384       0.3381   5.37
    16385       0.3368   5.36
    16386       0.3482   5.36
    16387       0.3409   5.36
    16388       0.3368   5.37
    16389       0.3391   5.37
    16390       0.3386   5.37
    16391       0.3364   5.37
    16392       0.3375   5.37
    16393       0.3426   5.36
    16394       0.3366   5.36
    16395       0.3369   5.36
    16396       0.3375   5.36
    16397       0.3363   5.37
    16398       0.3378   5.37
    16399       0.3443   5.37
    16400       0.3372   5.37
    16401       0.3378   5.37
    16402       0.3374   5.36
    16403       0.3369   5.36
    16404       0.3365   5.36
    16405       0.3459   5.37
    16406       0.3384   5.37
    16407       0.3362   5.36
    16408       0.3377   5.36
    16409       0.3371   5.37
    16410       0.3375   5.37
    16411       0.3379   5.37
    16412       0.3380   5.37
    16413       0.3373   5.36
    16414       0.3379   5.36
    16415       0.3376   5.37
    16416       0.3377   5.36
    16417       0.3380   5.36
    16418       0.3379   5.36
    16419       0.3373   5.36
    16420       0.3373   5.36
    16421       0.3375   5.36
    16422       0.3364   5.36
    16423       0.3374   5.36
    16424       0.3369   5.36
    16425       0.3367   5.36
    16426       0.3522   5.36
    16427       0.3450   5.37
    16428       0.3369   5.36
    16429       0.3373   5.36
    16430       0.3370   5.36
    16431       0.3373   5.36
    16432       0.3379   5.36
    16433       0.3375   5.36
    16434       0.3377   5.36
    16435       0.3435   5.36
    16436       0.3363   5.36
    16437       0.3400   5.37
    16438       0.3363   5.37
    16439       0.3494   5.37
    16440       0.3378   5.37
    16441       0.3374   5.37
    16442       0.3383   5.37
    16443       0.3394   5.36
    16444       0.3375   5.36
    16445       0.3384   5.36
    16446       0.3386   5.36
    16447       0.3378   5.36
    16448       0.3390   5.36
    16449       0.3453   5.36
    16450       0.3379   5.36
    16451       0.3383   5.36
    16452       0.3378   5.36
    16453       0.3373   5.36
    16454       0.3365   5.36
    16455       0.3378   5.36
    16456       0.3385   5.36
    16457       0.3373   5.36
    16458       0.3379   5.36
    16459       0.3379   5.36
    16460       0.3369   5.36
    16461       0.3375   5.36
    16462       0.3387   5.36
    16463       0.3379   5.36
    16464       0.3501   5.36
    16465       0.3381   5.36
    16466       0.3377   5.36
    16467       0.3385   5.36
    16468       0.3384   5.36
    16469       0.3367   5.36
    16470       0.3369   5.36
    16471       0.3380   5.36
    16472       0.3379   5.36
    16473       0.3387   5.36
    16474       0.3385   5.36
    16475       0.3376   5.36
    16476       0.3377   5.36
    16477       0.3383   5.36
    16478       0.3382   5.36
    16479       0.3381   5.36
    16480       0.3379   5.36
    16481       0.3405   5.36
    16482       0.3361   5.36
    16483       0.3383   5.36
    16484       0.3386   5.36
    16485       0.3371   5.36
    16486       0.3386   5.36
    16487       0.3385   5.36
    16488       0.3368   5.36
    16489       0.3378   5.36
    16490       0.3376   5.36
    16491       0.3369   5.36
    16492       0.3383   5.36
    16493       0.3373   5.36
    16494       0.3371   5.36
    16495       0.3372   5.36
    16496       0.3375   5.36
    16497       0.3366   5.36
    16498       0.3381   5.36
    16499       0.3431   5.36
    16500       0.3370   5.36
    16501       0.3386   5.36
    16502       0.3373   5.36
    16503       0.3362   5.36
    16504       0.3375   5.36
    16505       0.3380   5.36
    16506       0.3375   5.36
    16507       0.3375   5.36
    16508       0.3377   5.36
    16509       0.3379   5.36
    16510       0.3367   5.36
    16511       0.3371   5.36
    16512       0.3367   5.36
    16513       0.3372   5.36
    16514       0.3473   5.36
    16515       0.3407   5.36
    16516       0.3358   5.36
    16517       0.3374   5.36
    16518       0.3412   5.37
    16519       0.3365   5.37
    16520       0.3504   5.37
    16521       0.3429   5.37
    16522       0.3367   5.36
    16523       0.3519   5.36
    16524       0.3375   5.36
    16525       0.3368   5.36
    16526       0.3365   5.36
    16527       0.3460   5.37
    16528       0.3373   5.36
    16529       0.3374   5.37
    16530       0.3379   5.37
    16531       0.3386   5.36
    16532       0.3369   5.36
    16533       0.3373   5.36
    16534       0.3375   5.36
    16535       0.3368   5.37
    16536       0.3376   5.37
    16537       0.3403   5.36
    16538       0.3374   5.36
    16539       0.3385   5.36
    16540       0.3377   5.36
    16541       0.3381   5.37
    16542       0.3381   5.37
    16543       0.3380   5.36
    16544       0.3364   5.36
    16545       0.3385   5.36
    16546       0.3382   5.36
    16547       0.3365   5.36
    16548       0.3370   5.36
    16549       0.3375   5.36
    16550       0.3370   5.36
    16551       0.3376   5.36
    16552       0.3372   5.36
    16553       0.3366   5.36
    16554       0.3379   5.36
    16555       0.3382   5.37
    16556       0.3364   5.37
    16557       0.3392   5.37
    16558       0.3386   5.36
    16559       0.3387   5.36
    16560       0.3367   5.36
    16561       0.3376   5.36
    16562       0.3391   5.36
    16563       0.3362   5.36
    16564       0.3375   5.36
    16565       0.3372   5.36
    16566       0.3364   5.36
    16567       0.3374   5.36
    16568       0.3404   5.37
    16569       0.3374   5.36
    16570       0.3370   5.36
    16571       0.3373   5.36
    16572       0.3368   5.36
    16573       0.3377   5.36
    16574       0.3377   5.36
    16575       0.3373   5.36
    16576       0.3382   5.36
    16577       0.3450   5.36
    16578       0.3373   5.36
    16579       0.3385   5.36
    16580       0.3376   5.36
    16581       0.3373   5.36
    16582       0.3383   5.36
    16583       0.3370   5.36
    16584       0.3364   5.36
    16585       0.3375   5.36
    16586       0.3368   5.36
    16587       0.3370   5.36
    16588       0.3370   5.36
    16589       0.3374   5.36
    16590       0.3367   5.36
    16591       0.3363   5.36
    16592       0.3378   5.36
    16593       0.3376   5.36
    16594       0.3372   5.36
    16595       0.3372   5.36
    16596       0.3395   5.36
    16597       0.3363   5.36
    16598       0.3487   5.36
    16599       0.3373   5.36
    16600       0.3375   5.37
    16601       0.3381   5.37
    16602       0.3425   5.36
    16603       0.3365   5.36
    16604       0.3365   5.36
    16605       0.3362   5.36
    16606       0.3369   5.37
    16607       0.3382   5.37
    16608       0.3385   5.36
    16609       0.3377   5.36
    16610       0.3370   5.36
    16611       0.3377   5.36
    16612       0.3360   5.36
    16613       0.3373   5.36
    16614       0.3461   5.36
    16615       0.3385   5.36
    16616       0.3373   5.36
    16617       0.3373   5.36
    16618       0.3367   5.36
    16619       0.3372   5.36
    16620       0.3382   5.36
    16621       0.3379   5.36
    16622       0.3373   5.36
    16623       0.3370   5.36
    16624       0.3381   5.36
    16625       0.3369   5.36
    16626       0.3469   5.36
    16627       0.3419   5.36
    16628       0.3367   5.36
    16629       0.3378   5.36
    16630       0.3367   5.36
    16631       0.3362   5.36
    16632       0.3375   5.36
    16633       0.3376   5.36
    16634       0.3367   5.36
    16635       0.3371   5.36
    16636       0.3370   5.36
    16637       0.3369   5.36
    16638       0.3373   5.36
    16639       0.3371   5.37
    16640       0.3372   5.36
    16641       0.3369   5.36
    16642       0.3376   5.36
    16643       0.3380   5.36
    16644       0.3368   5.36
    16645       0.3379   5.36
    16646       0.3379   5.36
    16647       0.3364   5.36
    16648       0.3375   5.36
    16649       0.3372   5.36
    16650       0.3368   5.36
    16651       0.3378   5.36
    16652       0.3370   5.36
    16653       0.3370   5.36
    16654       0.3499   5.36
    16655       0.3375   5.36
    16656       0.3374   5.36
    16657       0.3373   5.36
    16658       0.3425   5.36
    16659       0.3372   5.36
    16660       0.3382   5.36
    16661       0.3374   5.36
    16662       0.3360   5.36
    16663       0.3532   5.36
    16664       0.3455   5.36
    16665       0.3376   5.36
    16666       0.3371   5.36
    16667       0.3380   5.36
    16668       0.3375   5.36
    16669       0.3368   5.36
    16670       0.3477   5.36
    16671       0.3383   5.37
    16672       0.3364   5.36
    16673       0.3488   5.36
    16674       0.3374   5.36
    16675       0.3370   5.36
    16676       0.3376   5.36
    16677       0.3372   5.37
    16678       0.3379   5.36
    16679       0.3387   5.36
    16680       0.3379   5.36
    16681       0.3366   5.36
    16682       0.3519   5.36
    16683       0.3448   5.37
    16684       0.3369   5.36
    16685       0.3376   5.36
    16686       0.3385   5.36
    16687       0.3373   5.36
    16688       0.3375   5.36
    16689       0.3368   5.36
    16690       0.3373   5.36
    16691       0.3372   5.36
    16692       0.3378   5.36
    16693       0.3398   5.37
    16694       0.3359   5.37
    16695       0.3487   5.37
    16696       0.3378   5.36
    16697       0.3366   5.36
    16698       0.3375   5.36
    16699       0.3420   5.36
    16700       0.3365   5.36
    16701       0.3376   5.36
    16702       0.3376   5.36
    16703       0.3359   5.36
    16704       0.3506   5.36
    16705       0.3442   5.36
    16706       0.3370   5.37
    16707       0.3377   5.37
    16708       0.3364   5.37
    16709       0.3371   5.37
    16710       0.3376   5.37
    16711       0.3373   5.37
    16712       0.3377   5.36
    16713       0.3369   5.37
    16714       0.3380   5.37
    16715       0.3380   5.36
    16716       0.3364   5.36
    16717       0.3371   5.36
    16718       0.3375   5.37
    16719       0.3362   5.36
    16720       0.3365   5.36
    16721       0.3371   5.36
    16722       0.3365   5.37
    16723       0.3379   5.37
    16724       0.3382   5.37
    16725       0.3365   5.37
    16726       0.3375   5.37
    16727       0.3378   5.37
    16728       0.3360   5.36
    16729       0.3368   5.36
    16730       0.3368   5.36
    16731       0.3365   5.37
    16732       0.3378   5.37
    16733       0.3376   5.37
    16734       0.3368   5.36
    16735       0.3369   5.36
    16736       0.3376   5.37
    16737       0.3372   5.37
    16738       0.3381   5.37
    16739       0.3379   5.37
    16740       0.3376   5.37
    16741       0.3381   5.37
    16742       0.3372   5.36
    16743       0.3373   5.36
    16744       0.3545   5.36
    16745       0.3373   5.36
    16746       0.3373   5.37
    16747       0.3371   5.36
    16748       0.3373   5.36
    16749       0.3371   5.36
    16750       0.3372   5.36
    16751       0.3366   5.36
    16752       0.3373   5.36
    16753       0.3369   5.36
    16754       0.3384   5.36
    16755       0.3381   5.36
    16756       0.3369   5.36
    16757       0.3380   5.36
    16758       0.3369   5.36
    16759       0.3373   5.36
    16760       0.3381   5.36
    16761       0.3371   5.36
    16762       0.3368   5.36
    16763       0.3373   5.36
    16764       0.3381   5.36
    16765       0.3374   5.36
    16766       0.3381   5.36
    16767       0.3449   5.36
    16768       0.3359   5.36
    16769       0.3375   5.36
    16770       0.3462   5.37
    16771       0.3374   5.36
    16772       0.3371   5.36
    16773       0.3376   5.36
    16774       0.3373   5.36
    16775       0.3367   5.37
    16776       0.3375   5.37
    16777       0.3378   5.37
    16778       0.3367   5.37
    16779       0.3365   5.37
    16780       0.3367   5.37
    16781       0.3367   5.37
    16782       0.3373   5.37
    16783       0.3368   5.37
    16784       0.3367   5.37
    16785       0.3374   5.37
    16786       0.3375   5.37
    16787       0.3370   5.37
    16788       0.3376   5.37
    16789       0.3379   5.37
    16790       0.3371   5.37
    16791       0.3378   5.37
    16792       0.3373   5.37
    16793       0.3363   5.37
    16794       0.3378   5.37
    16795       0.3374   5.36
    16796       0.3364   5.36
    16797       0.3382   5.36
    16798       0.3379   5.37
    16799       0.3375   5.37
    16800       0.3379   5.37
    16801       0.3376   5.37
    16802       0.3371   5.36
    16803       0.3360   5.36
    16804       0.3374   5.36
    16805       0.3372   5.36
    16806       0.3368   5.37
    16807       0.3379   5.37
    16808       0.3397   5.36
    16809       0.3367   5.36
    16810       0.3486   5.36
    16811       0.3408   5.37
    16812       0.3364   5.36
    16813       0.3375   5.36
    16814       0.3423   5.36
    16815       0.3368   5.37
    16816       0.3374   5.37
    16817       0.3378   5.37
    16818       0.3366   5.36
    16819       0.3383   5.36
    16820       0.3449   5.37
    16821       0.3365   5.37
    16822       0.3383   5.37
    16823       0.3383   5.36
    16824       0.3359   5.36
    16825       0.3546   5.36
    16826       0.3376   5.36
    16827       0.3380   5.36
    16828       0.3358   5.37
    16829       0.3374   5.37
    16830       0.3376   5.36
    16831       0.3361   5.36
    16832       0.3367   5.36
    16833       0.3372   5.37
    16834       0.3366   5.37
    16835       0.3382   5.37
    16836       0.3379   5.37
    16837       0.3372   5.36
    16838       0.3502   5.36
    16839       0.3374   5.37
    16840       0.3370   5.36
    16841       0.3376   5.36
    16842       0.3439   5.36
    16843       0.3361   5.36
    16844       0.3364   5.36
    16845       0.3368   5.36
    16846       0.3373   5.37
    16847       0.3376   5.37
    16848       0.3374   5.37
    16849       0.3379   5.36
    16850       0.3543   5.36
    16851       0.3379   5.36
    16852       0.3379   5.36
    16853       0.3368   5.37
    16854       0.3379   5.37
    16855       0.3380   5.37
    16856       0.3371   5.36
    16857       0.3377   5.36
    16858       0.3377   5.36
    16859       0.3367   5.36
    16860       0.3377   5.36
    16861       0.3388   5.36
    16862       0.3376   5.36
    16863       0.3377   5.36
    16864       0.3374   5.37
    16865       0.3367   5.36
    16866       0.3372   5.36
    16867       0.3370   5.36
    16868       0.3368   5.37
    16869       0.3373   5.37
    16870       0.3438   5.37
    16871       0.3367   5.36
    16872       0.3381   5.36
    16873       0.3380   5.36
    16874       0.3372   5.37
    16875       0.3383   5.37
    16876       0.3385   5.36
    16877       0.3383   5.36
    16878       0.3379   5.36
    16879       0.3381   5.36
    16880       0.3377   5.36
    16881       0.3370   5.36
    16882       0.3472   5.36
    16883       0.3384   5.36
    16884       0.3373   5.37
    16885       0.3378   5.37
    16886       0.3410   5.36
    16887       0.3373   5.36
    16888       0.3378   5.36
    16889       0.3385   5.36
    16890       0.3373   5.36
    16891       0.3381   5.36
    16892       0.3428   5.36
    16893       0.3363   5.37
    16894       0.3515   5.37
    16895       0.3377   5.36
    16896       0.3374   5.37
    16897       0.3382   5.37
    16898       0.3375   5.36
    16899       0.3372   5.36
    16900       0.3375   5.36
    16901       0.3373   5.36
    16902       0.3372   5.36
    16903       0.3367   5.37
    16904       0.3373   5.37
    16905       0.3371   5.36
    16906       0.3370   5.36
    16907       0.3374   5.36
    16908       0.3384   5.37
    16909       0.3373   5.36
    16910       0.3372   5.36
    16911       0.3370   5.36
    16912       0.3366   5.36
    16913       0.3381   5.36
    16914       0.3375   5.37
    16915       0.3368   5.37
    16916       0.3501   5.37
    16917       0.3422   5.37
    16918       0.3368   5.37
    16919       0.3519   5.37
    16920       0.3383   5.37
    16921       0.3366   5.37
    16922       0.3370   5.37
    16923       0.3380   5.37
    16924       0.3374   5.37
    16925       0.3375   5.37
    16926       0.3374   5.36
    16927       0.3372   5.36
    16928       0.3369   5.36
    16929       0.3376   5.36
    16930       0.3383   5.37
    16931       0.3362   5.37
    16932       0.3377   5.37
    16933       0.3386   5.36
    16934       0.3375   5.36
    16935       0.3379   5.36
    16936       0.3378   5.36
    16937       0.3369   5.36
    16938       0.3376   5.36
    16939       0.3378   5.36
    16940       0.3369   5.36
    16941       0.3369   5.36
    16942       0.3378   5.37
    16943       0.3376   5.36
    16944       0.3381   5.36
    16945       0.3477   5.36
    16946       0.3378   5.36
    16947       0.3369   5.36
    16948       0.3374   5.36
    16949       0.3372   5.36
    16950       0.3380   5.36
    16951       0.3381   5.36
    16952       0.3373   5.36
    16953       0.3376   5.36
    16954       0.3382   5.36
    16955       0.3381   5.36
    16956       0.3371   5.36
    16957       0.3369   5.36
    16958       0.3392   5.36
    16959       0.3375   5.36
    16960       0.3382   5.36
    16961       0.3406   5.36
    16962       0.3368   5.36
    16963       0.3377   5.36
    16964       0.3377   5.36
    16965       0.3366   5.36
    16966       0.3368   5.36
    16967       0.3419   5.36
    16968       0.3369   5.36
    16969       0.3377   5.36
    16970       0.3376   5.36
    16971       0.3377   5.36
    16972       0.3518   5.36
    16973       0.3450   5.36
    16974       0.3369   5.36
    16975       0.3380   5.36
    16976       0.3458   5.36
    16977       0.3378   5.36
    16978       0.3361   5.36
    16979       0.3376   5.36
    16980       0.3381   5.36
    16981       0.3363   5.36
    16982       0.3375   5.36
    16983       0.3390   5.36
    16984       0.3361   5.36
    16985       0.3371   5.36
    16986       0.3363   5.36
    16987       0.3357   5.37
    16988       0.3369   5.37
    16989       0.3373   5.37
    16990       0.3369   5.37
    16991       0.3376   5.37
    16992       0.3378   5.36
    16993       0.3371   5.37
    16994       0.3382   5.37
    16995       0.3379   5.37
    16996       0.3377   5.36
    16997       0.3377   5.36
    16998       0.3381   5.36
    16999       0.3375   5.36
    17000       0.3524   5.36
    17001       0.3375   5.36
    17002       0.3362   5.36
    17003       0.3377   5.36
    17004       0.3375   5.36
    17005       0.3366   5.36
    17006       0.3372   5.36
    17007       0.3373   5.36
    17008       0.3384   5.36
    17009       0.3370   5.36
    17010       0.3370   5.36
    17011       0.3379   5.36
    17012       0.3370   5.36
    17013       0.3371   5.36
    17014       0.3376   5.36
    17015       0.3368   5.36
    17016       0.3380   5.36
    17017       0.3375   5.36
    17018       0.3377   5.36
    17019       0.3376   5.36
    17020       0.3381   5.37
    17021       0.3372   5.36
    17022       0.3378   5.36
    17023       0.3372   5.36
    17024       0.3367   5.36
    17025       0.3383   5.36
    17026       0.3378   5.36
    17027       0.3371   5.36
    17028       0.3382   5.36
    17029       0.3453   5.37
    17030       0.3371   5.36
    17031       0.3371   5.36
    17032       0.3375   5.36
    17033       0.3368   5.36
    17034       0.3537   5.36
    17035       0.3370   5.36
    17036       0.3380   5.37
    17037       0.3361   5.36
    17038       0.3375   5.36
    17039       0.3397   5.36
    17040       0.3372   5.37
    17041       0.3487   5.37
    17042       0.3376   5.37
    17043       0.3365   5.37
    17044       0.3379   5.37
    17045       0.3378   5.36
    17046       0.3373   5.36
    17047       0.3372   5.36
    17048       0.3373   5.37
    17049       0.3372   5.37
    17050       0.3379   5.37
    17051       0.3380   5.36
    17052       0.3369   5.36
    17053       0.3380   5.36
    17054       0.3380   5.36
    17055       0.3369   5.36
    17056       0.3371   5.36
    17057       0.3373   5.36
    17058       0.3371   5.37
    17059       0.3381   5.37
    17060       0.3376   5.36
    17061       0.3374   5.36
    17062       0.3371   5.37
    17063       0.3467   5.37
    17064       0.3378   5.37
    17065       0.3374   5.36
    17066       0.3375   5.36
    17067       0.3375   5.36
    17068       0.3365   5.36
    17069       0.3490   5.36
    17070       0.3375   5.36
    17071       0.3368   5.37
    17072       0.3506   5.37
    17073       0.3375   5.36
    17074       0.3374   5.36
    17075       0.3384   5.36
    17076       0.3380   5.36
    17077       0.3371   5.36
    17078       0.3378   5.36
    17079       0.3379   5.36
    17080       0.3375   5.37
    17081       0.3382   5.37
    17082       0.3377   5.36
    17083       0.3373   5.36
    17084       0.3378   5.36
    17085       0.3378   5.36
    17086       0.3380   5.37
    17087       0.3365   5.36
    17088       0.3376   5.36
    17089       0.3381   5.36
    17090       0.3370   5.36
    17091       0.3382   5.36
    17092       0.3387   5.36
    17093       0.3367   5.36
    17094       0.3372   5.36
    17095       0.3376   5.36
    17096       0.3370   5.36
    17097       0.3380   5.36
    17098       0.3368   5.36
    17099       0.3366   5.36
    17100       0.3374   5.36
    17101       0.3369   5.37
    17102       0.3362   5.37
    17103       0.3382   5.37
    17104       0.3386   5.37
    17105       0.3368   5.37
    17106       0.3380   5.37
    17107       0.3373   5.36
    17108       0.3377   5.36
    17109       0.3385   5.36
    17110       0.3371   5.36
    17111       0.3375   5.36
    17112       0.3538   5.36
    17113       0.3372   5.36
    17114       0.3382   5.36
    17115       0.3362   5.36
    17116       0.3374   5.36
    17117       0.3376   5.37
    17118       0.3360   5.36
    17119       0.3377   5.36
    17120       0.3406   5.36
    17121       0.3374   5.37
    17122       0.3385   5.37
    17123       0.3420   5.36
    17124       0.3372   5.36
    17125       0.3502   5.36
    17126       0.3372   5.36
    17127       0.3369   5.37
    17128       0.3516   5.37
    17129       0.3446   5.36
    17130       0.3369   5.36
    17131       0.3539   5.36
    17132       0.3377   5.37
    17133       0.3368   5.36
    17134       0.3363   5.37
    17135       0.3369   5.37
    17136       0.3377   5.37
    17137       0.3373   5.37
    17138       0.3372   5.37
    17139       0.3371   5.37
    17140       0.3368   5.36
    17141       0.3370   5.36
    17142       0.3373   5.36
    17143       0.3363   5.37
    17144       0.3499   5.37
    17145       0.3377   5.36
    17146       0.3372   5.36
    17147       0.3369   5.36
    17148       0.3375   5.37
    17149       0.3381   5.36
    17150       0.3373   5.36
    17151       0.3379   5.36
    17152       0.3378   5.36
    17153       0.3380   5.36
    17154       0.3386   5.37
    17155       0.3381   5.36
    17156       0.3374   5.36
    17157       0.3382   5.36
    17158       0.3374   5.36
    17159       0.3379   5.36
    17160       0.3467   5.36
    17161       0.3373   5.36
    17162       0.3366   5.36
    17163       0.3377   5.36
    17164       0.3370   5.36
    17165       0.3372   5.36
    17166       0.3379   5.36
    17167       0.3384   5.36
    17168       0.3374   5.36
    17169       0.3383   5.36
    17170       0.3414   5.36
    17171       0.3366   5.36
    17172       0.3373   5.36
    17173       0.3376   5.36
    17174       0.3366   5.37
    17175       0.3375   5.37
    17176       0.3374   5.36
    17177       0.3362   5.36
    17178       0.3512   5.36
    17179       0.3370   5.36
    17180       0.3360   5.37
    17181       0.3374   5.37
    17182       0.3374   5.37
    17183       0.3363   5.37
    17184       0.3533   5.37
    17185       0.3377   5.37
    17186       0.3375   5.37
    17187       0.3373   5.37
    17188       0.3377   5.37
    17189       0.3386   5.36
    17190       0.3375   5.36
    17191       0.3379   5.36
    17192       0.3373   5.36
    17193       0.3368   5.36
    17194       0.3379   5.36
    17195       0.3416   5.36
    17196       0.3365   5.36
    17197       0.3384   5.36
    17198       0.3381   5.36
    17199       0.3364   5.37
    17200       0.3379   5.37
    17201       0.3430   5.36
    17202       0.3369   5.36
    17203       0.3380   5.36
    17204       0.3376   5.36
    17205       0.3366   5.36
    17206       0.3376   5.36
    17207       0.3377   5.36
    17208       0.3369   5.37
    17209       0.3367   5.37
    17210       0.3375   5.37
    17211       0.3370   5.36
    17212       0.3372   5.36
    17213       0.3376   5.36
    17214       0.3377   5.36
    17215       0.3365   5.37
    17216       0.3369   5.37
    17217       0.3380   5.37
    17218       0.3367   5.37
    17219       0.3379   5.37
    17220       0.3407   5.37
    17221       0.3373   5.37
    17222       0.3378   5.37
    17223       0.3384   5.36
    17224       0.3364   5.36
    17225       0.3379   5.36
    17226       0.3378   5.36
    17227       0.3365   5.36
    17228       0.3376   5.36
    17229       0.3424   5.36
    17230       0.3362   5.37
    17231       0.3378   5.37
    17232       0.3373   5.36
    17233       0.3366   5.37
    17234       0.3374   5.37
    17235       0.3379   5.36
    17236       0.3371   5.36
    17237       0.3534   5.36
    17238       0.3380   5.37
    17239       0.3381   5.36
    17240       0.3367   5.37
    17241       0.3470   5.37
    17242       0.3383   5.36
    17243       0.3364   5.37
    17244       0.3371   5.37
    17245       0.3376   5.37
    17246       0.3363   5.36
    17247       0.3375   5.36
    17248       0.3368   5.36
    17249       0.3360   5.37
    17250       0.3488   5.37
    17251       0.3368   5.37
    17252       0.3363   5.37
    17253       0.3373   5.37
    17254       0.3420   5.37
    17255       0.3375   5.37
    17256       0.3377   5.37
    17257       0.3433   5.37
    17258       0.3366   5.36
    17259       0.3377   5.36
    17260       0.3377   5.36
    17261       0.3367   5.36
    17262       0.3537   5.36
    17263       0.3379   5.36
    17264       0.3379   5.36
    17265       0.3361   5.36
    17266       0.3371   5.36
    17267       0.3377   5.36
    17268       0.3377   5.37
    17269       0.3486   5.37
    17270       0.3379   5.36
    17271       0.3372   5.36
    17272       0.3377   5.36
    17273       0.3381   5.36
    17274       0.3366   5.36
    17275       0.3378   5.36
    17276       0.3376   5.36
    17277       0.3368   5.36
    17278       0.3513   5.36
    17279       0.3381   5.36
    17280       0.3365   5.36
    17281       0.3376   5.36
    17282       0.3376   5.36
    17283       0.3372   5.36
    17284       0.3536   5.36
    17285       0.3379   5.36
    17286       0.3372   5.36
    17287       0.3374   5.37
    17288       0.3379   5.37
    17289       0.3393   5.37
    17290       0.3368   5.36
    17291       0.3372   5.36
    17292       0.3382   5.36
    17293       0.3370   5.36
    17294       0.3372   5.36
    17295       0.3376   5.37
    17296       0.3379   5.37
    17297       0.3380   5.37
    17298       0.3377   5.36
    17299       0.3373   5.36
    17300       0.3506   5.36
    17301       0.3382   5.36
    17302       0.3367   5.36
    17303       0.3379   5.36
    17304       0.3371   5.36
    17305       0.3368   5.36
    17306       0.3372   5.36
    17307       0.3376   5.36
    17308       0.3361   5.36
    17309       0.3376   5.36
    17310       0.3377   5.36
    17311       0.3366   5.37
    17312       0.3543   5.37
    17313       0.3472   5.37
    17314       0.3376   5.37
    17315       0.3360   5.37
    17316       0.3376   5.37
    17317       0.3372   5.36
    17318       0.3366   5.36
    17319       0.3493   5.36
    17320       0.3377   5.36
    17321       0.3377   5.36
    17322       0.3375   5.36
    17323       0.3379   5.36
    17324       0.3365   5.36
    17325       0.3514   5.36
    17326       0.3380   5.36
    17327       0.3374   5.36
    17328       0.3375   5.36
    17329       0.3402   5.36
    17330       0.3375   5.36
    17331       0.3394   5.36
    17332       0.3386   5.36
    17333       0.3379   5.36
    17334       0.3370   5.36
    17335       0.3374   5.36
    17336       0.3380   5.36
    17337       0.3364   5.36
    17338       0.3377   5.36
    17339       0.3379   5.36
    17340       0.3372   5.36
    17341       0.3488   5.36
    17342       0.3382   5.36
    17343       0.3367   5.36
    17344       0.3375   5.36
    17345       0.3419   5.36
    17346       0.3374   5.36
    17347       0.3375   5.36
    17348       0.3424   5.37
    17349       0.3375   5.37
    17350       0.3378   5.37
    17351       0.3378   5.36
    17352       0.3374   5.36
    17353       0.3530   5.36
    17354       0.3378   5.36
    17355       0.3373   5.36
    17356       0.3542   5.36
    17357       0.3374   5.36
    17358       0.3392   5.36
    17359       0.3368   5.36
    17360       0.3376   5.36
    17361       0.3413   5.37
    17362       0.3367   5.37
    17363       0.3382   5.37
    17364       0.3369   5.36
    17365       0.3375   5.36
    17366       0.3379   5.36
    17367       0.3378   5.36
    17368       0.3368   5.36
    17369       0.3506   5.36
    17370       0.3370   5.36
    17371       0.3366   5.36
    17372       0.3378   5.36
    17373       0.3376   5.36
    17374       0.3366   5.36
    17375       0.3528   5.36
    17376       0.3453   5.36
    17377       0.3379   5.36
    17378       0.3368   5.36
    17379       0.3375   5.36
    17380       0.3375   5.37
    17381       0.3372   5.36
    17382       0.3375   5.36
    17383       0.3369   5.36
    17384       0.3371   5.36
    17385       0.3381   5.36
    17386       0.3402   5.36
    17387       0.3373   5.36
    17388       0.3374   5.36
    17389       0.3370   5.36
    17390       0.3365   5.36
    17391       0.3373   5.36
    17392       0.3377   5.36
    17393       0.3368   5.36
    17394       0.3382   5.36
    17395       0.3372   5.37
    17396       0.3365   5.37
    17397       0.3520   5.37
    17398       0.3435   5.36
    17399       0.3368   5.37
    17400       0.3384   5.37
    17401       0.3384   5.37
    17402       0.3367   5.36
    17403       0.3384   5.36
    17404       0.3376   5.36
    17405       0.3367   5.36
    17406       0.3371   5.36
    17407       0.3378   5.36
    17408       0.3377   5.36
    17409       0.3377   5.36
    17410       0.3377   5.36
    17411       0.3370   5.36
    17412       0.3373   5.36
    17413       0.3379   5.36
    17414       0.3371   5.36
    17415       0.3365   5.37
    17416       0.3375   5.37
    17417       0.3415   5.36
    17418       0.3374   5.36
    17419       0.3382   5.36
    17420       0.3376   5.37
    17421       0.3370   5.36
    17422       0.3379   5.36
    17423       0.3378   5.36
    17424       0.3368   5.36
    17425       0.3384   5.36
    17426       0.3387   5.36
    17427       0.3374   5.36
    17428       0.3380   5.36
    17429       0.3378   5.36
    17430       0.3370   5.36
    17431       0.3383   5.36
    17432       0.3378   5.36
    17433       0.3379   5.36
    17434       0.3358   5.36
    17435       0.3366   5.36
    17436       0.3373   5.36
    17437       0.3366   5.36
    17438       0.3377   5.36
    17439       0.3372   5.36
    17440       0.3365   5.37
    17441       0.3381   5.37
    17442       0.3379   5.36
    17443       0.3375   5.36
    17444       0.3382   5.36
    17445       0.3381   5.36
    17446       0.3372   5.36
    17447       0.3369   5.36
    17448       0.3427   5.36
    17449       0.3382   5.36
    17450       0.3376   5.36
    17451       0.3430   5.36
    17452       0.3372   5.36
    17453       0.3382   5.36
    17454       0.3374   5.36
    17455       0.3360   5.36
    17456       0.3378   5.36
    17457       0.3375   5.36
    17458       0.3360   5.36
    17459       0.3384   5.36
    17460       0.3379   5.37
    17461       0.3378   5.36
    17462       0.3364   5.36
    17463       0.3377   5.36
    17464       0.3376   5.37
    17465       0.3373   5.36
    17466       0.3381   5.36
    17467       0.3382   5.36
    17468       0.3375   5.36
    17469       0.3379   5.36
    17470       0.3370   5.36
    17471       0.3366   5.37
    17472       0.3495   5.37
    17473       0.3375   5.36
    17474       0.3369   5.36
    17475       0.3507   5.36
    17476       0.3372   5.37
    17477       0.3365   5.36
    17478       0.3370   5.36
    17479       0.3376   5.36
    17480       0.3368   5.36
    17481       0.3533   5.36
    17482       0.3465   5.36
    17483       0.3377   5.36
    17484       0.3373   5.36
    17485       0.3466   5.36
    17486       0.3378   5.37
    17487       0.3359   5.36
    17488       0.3373   5.36
    17489       0.3367   5.36
    17490       0.3371   5.36
    17491       0.3372   5.36
    17492       0.3378   5.36
    17493       0.3368   5.36
    17494       0.3493   5.36
    17495       0.3367   5.36
    17496       0.3377   5.36
    17497       0.3377   5.36
    17498       0.3374   5.37
    17499       0.3369   5.36
    17500       0.3518   5.36
    17501       0.3374   5.36
    17502       0.3375   5.36
    17503       0.3375   5.36
    17504       0.3452   5.37
    17505       0.3366   5.37
    17506       0.3366   5.37
    17507       0.3378   5.36
    17508       0.3379   5.36
    17509       0.3363   5.36
    17510       0.3370   5.36
    17511       0.3373   5.37
    17512       0.3374   5.37
    17513       0.3380   5.37
    17514       0.3376   5.36
    17515       0.3364   5.36
    17516       0.3370   5.36
    17517       0.3380   5.36
    17518       0.3374   5.36
    17519       0.3374   5.36
    17520       0.3372   5.37
    17521       0.3349   5.37
    17522       0.3375   5.37
    17523       0.3376   5.37
    17524       0.3372   5.37
    17525       0.3382   5.37
    17526       0.3379   5.36
    17527       0.3371   5.37
    17528       0.3388   5.37
    17529       0.3381   5.36
    17530       0.3369   5.36
    17531       0.3379   5.36
    17532       0.3378   5.36
    17533       0.3370   5.36
    17534       0.3384   5.36
    17535       0.3457   5.37
    17536       0.3377   5.36
    17537       0.3363   5.36
    17538       0.3380   5.36
    17539       0.3377   5.37
    17540       0.3361   5.36
    17541       0.3368   5.36
    17542       0.3368   5.36
    17543       0.3371   5.36
    17544       0.3377   5.36
    17545       0.3377   5.37
    17546       0.3375   5.36
    17547       0.3383   5.36
    17548       0.3369   5.36
    17549       0.3371   5.36
    17550       0.3374   5.36
    17551       0.3419   5.36
    17552       0.3370   5.36
    17553       0.3511   5.36
    17554       0.3375   5.36
    17555       0.3364   5.36
    17556       0.3372   5.36
    17557       0.3374   5.36
    17558       0.3361   5.37
    17559       0.3390   5.37
    17560       0.3483   5.37
    17561       0.3387   5.36
    17562       0.3373   5.36
    17563       0.3379   5.36
    17564       0.3380   5.36
    17565       0.3360   5.36
    17566       0.3385   5.36
    17567       0.3397   5.36
    17568       0.3374   5.36
    17569       0.3380   5.36
    17570       0.3405   5.36
    17571       0.3370   5.36
    17572       0.3371   5.36
    17573       0.3411   5.36
    17574       0.3373   5.36
    17575       0.3372   5.36
    17576       0.3376   5.36
    17577       0.3364   5.36
    17578       0.3378   5.36
    17579       0.3431   5.36
    17580       0.3366   5.36
    17581       0.3526   5.36
    17582       0.3372   5.36
    17583       0.3369   5.36
    17584       0.3537   5.36
    17585       0.3371   5.36
    17586       0.3372   5.37
    17587       0.3377   5.37
    17588       0.3475   5.37
    17589       0.3382   5.36
    17590       0.3374   5.36
    17591       0.3374   5.36
    17592       0.3378   5.36
    17593       0.3364   5.37
    17594       0.3494   5.37
    17595       0.3382   5.37
    17596       0.3368   5.37
    17597       0.3377   5.37
    17598       0.3431   5.36
    17599       0.3366   5.36
    17600       0.3520   5.36
    17601       0.3381   5.36
    17602       0.3368   5.36
    17603       0.3534   5.36
    17604       0.3370   5.36
    17605       0.3368   5.37
    17606       0.3359   5.36
    17607       0.3376   5.36
    17608       0.3371   5.37
    17609       0.3371   5.36
    17610       0.3378   5.36
    17611       0.3389   5.37
    17612       0.3376   5.37
    17613       0.3379   5.37
    17614       0.3377   5.36
    17615       0.3371   5.36
    17616       0.3378   5.36
    17617       0.3377   5.37
    17618       0.3369   5.37
    17619       0.3373   5.37
    17620       0.3381   5.36
    17621       0.3370   5.36
    17622       0.3378   5.36
    17623       0.3376   5.36
    17624       0.3368   5.36
    17625       0.3378   5.36
    17626       0.3371   5.37
    17627       0.3365   5.36
    17628       0.3387   5.36
    17629       0.3383   5.36
    17630       0.3374   5.36
    17631       0.3378   5.36
    17632       0.3374   5.36
    17633       0.3367   5.36
    17634       0.3376   5.36
    17635       0.3466   5.36
    17636       0.3386   5.36
    17637       0.3363   5.36
    17638       0.3374   5.36
    17639       0.3374   5.36
    17640       0.3366   5.36
    17641       0.3374   5.36
    17642       0.3368   5.37
    17643       0.3364   5.37
    17644       0.3376   5.37
    17645       0.3382   5.36
    17646       0.3361   5.37
    17647       0.3374   5.37
    17648       0.3415   5.37
    17649       0.3370   5.37
    17650       0.3371   5.37
    17651       0.3374   5.36
    17652       0.3367   5.37
    17653       0.3375   5.37
    17654       0.3373   5.36
    17655       0.3375   5.37
    17656       0.3384   5.37
    17657       0.3375   5.36
    17658       0.3362   5.36
    17659       0.3372   5.36
    17660       0.3366   5.36
    17661       0.3368   5.37
    17662       0.3379   5.37
    17663       0.3370   5.36
    17664       0.3378   5.36
    17665       0.3368   5.37
    17666       0.3374   5.37
    17667       0.3373   5.36
    17668       0.3367   5.36
    17669       0.3377   5.36
    17670       0.3375   5.36
    17671       0.3371   5.36
    17672       0.3482   5.36
    17673       0.3376   5.36
    17674       0.3374   5.37
    17675       0.3492   5.37
    17676       0.3367   5.37
    17677       0.3366   5.37
    17678       0.3379   5.37
    17679       0.3377   5.36
    17680       0.3368   5.37
    17681       0.3376   5.37
    17682       0.3369   5.37
    17683       0.3366   5.36
    17684       0.3370   5.36
    17685       0.3377   5.36
    17686       0.3375   5.37
    17687       0.3372   5.37
    17688       0.3374   5.36
    17689       0.3371   5.37
    17690       0.3365   5.37
    17691       0.3376   5.37
    17692       0.3379   5.37
    17693       0.3372   5.37
    17694       0.3381   5.37
    17695       0.3377   5.37
    17696       0.3368   5.36
    17697       0.3376   5.36
    17698       0.3368   5.36
    17699       0.3372   5.36
    17700       0.3369   5.36
    17701       0.3373   5.36
    17702       0.3364   5.37
    17703       0.3377   5.37
    17704       0.3374   5.37
    17705       0.3368   5.36
    17706       0.3372   5.36
    17707       0.3398   5.37
    17708       0.3358   5.37
    17709       0.3511   5.37
    17710       0.3380   5.36
    17711       0.3373   5.36
    17712       0.3525   5.36
    17713       0.3373   5.37
    17714       0.3366   5.36
    17715       0.3363   5.36
    17716       0.3459   5.36
    17717       0.3381   5.37
    17718       0.3370   5.36
    17719       0.3375   5.36
    17720       0.3371   5.37
    17721       0.3371   5.36
    17722       0.3480   5.36
    17723       0.3370   5.36
    17724       0.3362   5.36
    17725       0.3372   5.36
    17726       0.3373   5.37
    17727       0.3371   5.37
    17728       0.3503   5.37
    17729       0.3379   5.37
    17730       0.3372   5.37
    17731       0.3525   5.37
    17732       0.3372   5.36
    17733       0.3367   5.36
    17734       0.3531   5.36
    17735       0.3379   5.37
    17736       0.3371   5.36
    17737       0.3365   5.36
    17738       0.3464   5.36
    17739       0.3381   5.36
    17740       0.3363   5.36
    17741       0.3370   5.36
    17742       0.3376   5.36
    17743       0.3369   5.36
    17744       0.3378   5.36
    17745       0.3377   5.36
    17746       0.3358   5.36
    17747       0.3374   5.36
    17748       0.3371   5.37
    17749       0.3366   5.37
    17750       0.3374   5.37
    17751       0.3378   5.36
    17752       0.3367   5.36
    17753       0.3510   5.36
    17754       0.3379   5.37
    17755       0.3371   5.37
    17756       0.3387   5.37
    17757       0.3377   5.37
    17758       0.3370   5.37
    17759       0.3375   5.37
    17760       0.3372   5.37
    17761       0.3371   5.36
    17762       0.3371   5.36
    17763       0.3458   5.36
    17764       0.3391   5.37
    17765       0.3376   5.37
    17766       0.3373   5.37
    17767       0.3368   5.36
    17768       0.3367   5.36
    17769       0.3374   5.36
    17770       0.3382   5.36
    17771       0.3366   5.37
    17772       0.3377   5.37
    17773       0.3379   5.36
    17774       0.3359   5.37
    17775       0.3368   5.37
    17776       0.3409   5.36
    17777       0.3362   5.36
    17778       0.3373   5.36
    17779       0.3380   5.36
    17780       0.3364   5.37
    17781       0.3517   5.37
    17782       0.3373   5.36
    17783       0.3367   5.37
    17784       0.3377   5.37
    17785       0.3385   5.36
    17786       0.3380   5.36
    17787       0.3538   5.36
    17788       0.3371   5.36
    17789       0.3371   5.36
    17790       0.3369   5.36
    17791       0.3376   5.36
    17792       0.3377   5.36
    17793       0.3361   5.36
    17794       0.3376   5.36
    17795       0.3374   5.36
    17796       0.3371   5.37
    17797       0.3376   5.37
    17798       0.3381   5.36
    17799       0.3372   5.36
    17800       0.3382   5.36
    17801       0.3423   5.36
    17802       0.3361   5.36
    17803       0.3504   5.36
    17804       0.3374   5.36
    17805       0.3365   5.36
    17806       0.3374   5.36
    17807       0.3371   5.36
    17808       0.3368   5.36
    17809       0.3379   5.36
    17810       0.3452   5.37
    17811       0.3369   5.36
    17812       0.3378   5.36
    17813       0.3380   5.36
    17814       0.3383   5.36
    17815       0.3365   5.36
    17816       0.3371   5.36
    17817       0.3379   5.37
    17818       0.3367   5.37
    17819       0.3379   5.37
    17820       0.3381   5.36
    17821       0.3373   5.36
    17822       0.3486   5.36
    17823       0.3383   5.36
    17824       0.3366   5.36
    17825       0.3372   5.36
    17826       0.3376   5.36
    17827       0.3373   5.36
    17828       0.3510   5.36
    17829       0.3378   5.37
    17830       0.3369   5.37
    17831       0.3378   5.37
    17832       0.3379   5.36
    17833       0.3377   5.36
    17834       0.3378   5.36
    17835       0.3385   5.37
    17836       0.3362   5.36
    17837       0.3544   5.36
    17838       0.3373   5.36
    17839       0.3373   5.36
    17840       0.3355   5.36
    17841       0.3376   5.36
    17842       0.3370   5.36
    17843       0.3364   5.36
    17844       0.3375   5.36
    17845       0.3379   5.37
    17846       0.3368   5.37
    17847       0.3380   5.37
    17848       0.3376   5.36
    17849       0.3369   5.36
    17850       0.3379   5.36
    17851       0.3412   5.36
    17852       0.3368   5.37
    17853       0.3509   5.37
    17854       0.3528   5.37
    17855       0.3377   5.36
    17856       0.3382   5.36
    17857       0.3377   5.36
    17858       0.3367   5.36
    17859       0.3375   5.36
    17860       0.3375   5.37
    17861       0.3378   5.36
    17862       0.3369   5.37
    17863       0.3388   5.37
    17864       0.3387   5.36
    17865       0.3369   5.36
    17866       0.3378   5.36
    17867       0.3380   5.36
    17868       0.3360   5.36
    17869       0.3381   5.36
    17870       0.3381   5.36
    17871       0.3367   5.36
    17872       0.3377   5.36
    17873       0.3380   5.36
    17874       0.3365   5.36
    17875       0.3375   5.36
    17876       0.3419   5.36
    17877       0.3364   5.36
    17878       0.3376   5.36
    17879       0.3426   5.37
    17880       0.3354   5.37
    17881       0.3520   5.37
    17882       0.3382   5.37
    17883       0.3362   5.37
    17884       0.3377   5.37
    17885       0.3451   5.36
    17886       0.3369   5.36
    17887       0.3363   5.37
    17888       0.3371   5.37
    17889       0.3372   5.36
    17890       0.3366   5.37
    17891       0.3370   5.37
    17892       0.3377   5.36
    17893       0.3371   5.37
    17894       0.3383   5.37
    17895       0.3382   5.37
    17896       0.3375   5.36
    17897       0.3495   5.36
    17898       0.3382   5.36
    17899       0.3373   5.36
    17900       0.3379   5.36
    17901       0.3380   5.36
    17902       0.3372   5.36
    17903       0.3379   5.36
    17904       0.3371   5.36
    17905       0.3367   5.36
    17906       0.3374   5.36
    17907       0.3368   5.36
    17908       0.3360   5.36
    17909       0.3370   5.36
    17910       0.3366   5.36
    17911       0.3365   5.36
    17912       0.3370   5.36
    17913       0.3372   5.37
    17914       0.3363   5.37
    17915       0.3375   5.37
    17916       0.3373   5.36
    17917       0.3374   5.37
    17918       0.3368   5.37
    17919       0.3381   5.37
    17920       0.3374   5.36
    17921       0.3376   5.36
    17922       0.3376   5.36
    17923       0.3368   5.37
    17924       0.3368   5.36
    17925       0.3380   5.36
    17926       0.3385   5.36
    17927       0.3362   5.36
    17928       0.3378   5.36
    17929       0.3375   5.36
    17930       0.3365   5.36
    17931       0.3372   5.36
    17932       0.3375   5.37
    17933       0.3368   5.36
    17934       0.3370   5.36
    17935       0.3374   5.37
    17936       0.3361   5.37
    17937       0.3386   5.37
    17938       0.3384   5.37
    17939       0.3373   5.37
    17940       0.3385   5.37
    17941       0.3381   5.36
    17942       0.3364   5.36
    17943       0.3379   5.36
    17944       0.3368   5.36
    17945       0.3373   5.36
    17946       0.3360   5.36
    17947       0.3377   5.36
    17948       0.3370   5.37
    17949       0.3362   5.37
    17950       0.3372   5.37
    17951       0.3389   5.36
    17952       0.3365   5.36
    17953       0.3373   5.36
    17954       0.3375   5.36
    17955       0.3374   5.37
    17956       0.3374   5.37
    17957       0.3403   5.37
    17958       0.3366   5.36
    17959       0.3377   5.36
    17960       0.3380   5.36
    17961       0.3373   5.36
    17962       0.3377   5.36
    17963       0.3421   5.37
    17964       0.3358   5.36
    17965       0.3372   5.36
    17966       0.3370   5.36
    17967       0.3357   5.37
    17968       0.3378   5.37
    17969       0.3378   5.37
    17970       0.3372   5.37
    17971       0.3532   5.37
    17972       0.3375   5.37
    17973       0.3387   5.36
    17974       0.3369   5.36
    17975       0.3465   5.36
    17976       0.3373   5.36
    17977       0.3366   5.36
    17978       0.3376   5.36
    17979       0.3378   5.36
    17980       0.3374   5.36
    17981       0.3378   5.36
    17982       0.3366   5.36
    17983       0.3364   5.37
    17984       0.3375   5.37
    17985       0.3370   5.36
    17986       0.3362   5.36
    17987       0.3377   5.36
    17988       0.3369   5.37
    17989       0.3366   5.36
    17990       0.3371   5.36
    17991       0.3373   5.36
    17992       0.3357   5.36
    17993       0.3516   5.36
    17994       0.3377   5.37
    17995       0.3366   5.37
    17996       0.3378   5.37
    17997       0.3454   5.37
    17998       0.3366   5.36
    17999       0.3543   5.36
    18000       0.3377   5.36
    18001       0.3378   5.36
    18002       0.3368   5.36
    18003       0.3379   5.36
    18004       0.3372   5.37
    18005       0.3369   5.36
    18006       0.3492   5.36
    18007       0.3387   5.36
    18008       0.3375   5.36
    18009       0.3379   5.36
    18010       0.3380   5.36
    18011       0.3368   5.36
    18012       0.3373   5.36
    18013       0.3371   5.36
    18014       0.3367   5.36
    18015       0.3370   5.36
    18016       0.3377   5.37
    18017       0.3378   5.36
    18018       0.3376   5.36
    18019       0.3376   5.36
    18020       0.3368   5.36
    18021       0.3537   5.36
    18022       0.3378   5.37
    18023       0.3367   5.36
    18024       0.3366   5.36
    18025       0.3374   5.36
    18026       0.3377   5.36
    18027       0.3371   5.36
    18028       0.3378   5.36
    18029       0.3363   5.36
    18030       0.3361   5.37
    18031       0.3374   5.37
    18032       0.3373   5.36
    18033       0.3371   5.36
    18034       0.3381   5.36
    18035       0.3373   5.37
    18036       0.3366   5.36
    18037       0.3373   5.36
    18038       0.3421   5.36
    18039       0.3364   5.36
    18040       0.3379   5.36
    18041       0.3435   5.36
    18042       0.3371   5.36
    18043       0.3375   5.36
    18044       0.3376   5.36
    18045       0.3372   5.36
    18046       0.3372   5.36
    18047       0.3447   5.37
    18048       0.3370   5.37
    18049       0.3547   5.37
    18050       0.3371   5.36
    18051       0.3365   5.36
    18052       0.3364   5.37
    18053       0.3373   5.37
    18054       0.3390   5.37
    18055       0.3358   5.37
    18056       0.3371   5.37
    18057       0.3376   5.37
    18058       0.3366   5.37
    18059       0.3495   5.37
    18060       0.3372   5.37
    18061       0.3373   5.36
    18062       0.3374   5.36
    18063       0.3368   5.37
    18064       0.3360   5.37
    18065       0.3511   5.37
    18066       0.3377   5.37
    18067       0.3372   5.37
    18068       0.3378   5.37
    18069       0.3375   5.37
    18070       0.3369   5.37
    18071       0.3373   5.37
    18072       0.3379   5.36
    18073       0.3374   5.36
    18074       0.3375   5.36
    18075       0.3369   5.36
    18076       0.3365   5.36
    18077       0.3364   5.36
    18078       0.3370   5.36
    18079       0.3373   5.37
    18080       0.3370   5.37
    18081       0.3477   5.37
    18082       0.3377   5.37
    18083       0.3369   5.37
    18084       0.3436   5.37
    18085       0.3371   5.37
    18086       0.3365   5.37
    18087       0.3373   5.37
    18088       0.3375   5.37
    18089       0.3367   5.37
    18090       0.3373   5.37
    18091       0.3379   5.36
    18092       0.3370   5.36
    18093       0.3372   5.36
    18094       0.3378   5.36
    18095       0.3368   5.36
    18096       0.3527   5.36
    18097       0.3377   5.36
    18098       0.3370   5.37
    18099       0.3383   5.37
    18100       0.3382   5.37
    18101       0.3381   5.36
    18102       0.3378   5.36
    18103       0.3384   5.36
    18104       0.3387   5.36
    18105       0.3363   5.36
    18106       0.3372   5.36
    18107       0.3375   5.36
    18108       0.3362   5.36
    18109       0.3373   5.36
    18110       0.3372   5.37
    18111       0.3371   5.37
    18112       0.3383   5.37
    18113       0.3376   5.36
    18114       0.3361   5.36
    18115       0.3381   5.36
    18116       0.3420   5.36
    18117       0.3372   5.36
    18118       0.3519   5.36
    18119       0.3383   5.36
    18120       0.3366   5.36
    18121       0.3531   5.36
    18122       0.3379   5.36
    18123       0.3368   5.36
    18124       0.3546   5.36
    18125       0.3377   5.36
    18126       0.3380   5.36
    18127       0.3367   5.37
    18128       0.3376   5.37
    18129       0.3379   5.36
    18130       0.3367   5.36
    18131       0.3368   5.36
    18132       0.3372   5.36
    18133       0.3369   5.37
    18134       0.3373   5.37
    18135       0.3370   5.37
    18136       0.3362   5.36
    18137       0.3366   5.36
    18138       0.3368   5.36
    18139       0.3361   5.37
    18140       0.3378   5.37
    18141       0.3430   5.37
    18142       0.3359   5.37
    18143       0.3375   5.37
    18144       0.3374   5.37
    18145       0.3370   5.37
    18146       0.3376   5.37
    18147       0.3453   5.37
    18148       0.3368   5.37
    18149       0.3471   5.37
    18150       0.3383   5.36
    18151       0.3371   5.36
    18152       0.3374   5.36
    18153       0.3384   5.36
    18154       0.3384   5.36
    18155       0.3372   5.36
    18156       0.3386   5.36
    18157       0.3407   5.36
    18158       0.3377   5.36
    18159       0.3373   5.36
    18160       0.3408   5.36
    18161       0.3363   5.36
    18162       0.3379   5.36
    18163       0.3370   5.36
    18164       0.3365   5.36
    18165       0.3375   5.36
    18166       0.3373   5.36
    18167       0.3376   5.36
    18168       0.3378   5.36
    18169       0.3380   5.36
    18170       0.3365   5.36
    18171       0.3379   5.36
    18172       0.3371   5.36
    18173       0.3372   5.36
    18174       0.3363   5.36
    18175       0.3371   5.36
    18176       0.3369   5.36
    18177       0.3377   5.36
    18178       0.3401   5.36
    18179       0.3383   5.37
    18180       0.3367   5.37
    18181       0.3372   5.37
    18182       0.3379   5.37
    18183       0.3368   5.37
    18184       0.3373   5.37
    18185       0.3381   5.37
    18186       0.3374   5.37
    18187       0.3495   5.37
    18188       0.3373   5.36
    18189       0.3370   5.36
    18190       0.3375   5.36
    18191       0.3417   5.36
    18192       0.3360   5.37
    18193       0.3382   5.37
    18194       0.3383   5.36
    18195       0.3366   5.36
    18196       0.3376   5.36
    18197       0.3438   5.36
    18198       0.3366   5.36
    18199       0.3375   5.36
    18200       0.3453   5.37
    18201       0.3374   5.37
    18202       0.3373   5.37
    18203       0.3376   5.36
    18204       0.3376   5.36
    18205       0.3363   5.37
    18206       0.3380   5.37
    18207       0.3371   5.36
    18208       0.3369   5.36
    18209       0.3479   5.36
    18210       0.3395   5.36
    18211       0.3369   5.36
    18212       0.3492   5.36
    18213       0.3366   5.37
    18214       0.3364   5.36
    18215       0.3507   5.36
    18216       0.3386   5.37
    18217       0.3379   5.37
    18218       0.3383   5.37
    18219       0.3377   5.36
    18220       0.3374   5.36
    18221       0.3383   5.36
    18222       0.3372   5.36
    18223       0.3373   5.36
    18224       0.3536   5.36
    18225       0.3372   5.36
    18226       0.3370   5.36
    18227       0.3361   5.36
    18228       0.3372   5.36
    18229       0.3372   5.36
    18230       0.3373   5.37
    18231       0.3380   5.37
    18232       0.3378   5.37
    18233       0.3366   5.37
    18234       0.3381   5.37
    18235       0.3376   5.36
    18236       0.3367   5.36
    18237       0.3367   5.36
    18238       0.3370   5.36
    18239       0.3367   5.37
    18240       0.3372   5.37
    18241       0.3416   5.37
    18242       0.3366   5.37
    18243       0.3518   5.37
    18244       0.3375   5.36
    18245       0.3367   5.36
    18246       0.3380   5.36
    18247       0.3450   5.37
    18248       0.3372   5.37
    18249       0.3380   5.37
    18250       0.3380   5.36
    18251       0.3379   5.36
    18252       0.3376   5.36
    18253       0.3472   5.36
    18254       0.3372   5.37
    18255       0.3366   5.36
    18256       0.3374   5.36
    18257       0.3375   5.36
    18258       0.3367   5.36
    18259       0.3373   5.36
    18260       0.3370   5.36
    18261       0.3364   5.36
    18262       0.3367   5.36
    18263       0.3366   5.37
    18264       0.3368   5.37
    18265       0.3371   5.37
    18266       0.3375   5.37
    18267       0.3370   5.36
    18268       0.3383   5.36
    18269       0.3378   5.37
    18270       0.3371   5.37
    18271       0.3380   5.37
    18272       0.3369   5.36
    18273       0.3365   5.36
    18274       0.3383   5.36
    18275       0.3373   5.36
    18276       0.3366   5.36
    18277       0.3378   5.36
    18278       0.3381   5.37
    18279       0.3374   5.37
    18280       0.3373   5.37
    18281       0.3379   5.37
    18282       0.3372   5.36
    18283       0.3372   5.36
    18284       0.3379   5.36
    18285       0.3369   5.36
    18286       0.3366   5.36
    18287       0.3378   5.36
    18288       0.3396   5.37
    18289       0.3375   5.37
    18290       0.3374   5.37
    18291       0.3381   5.36
    18292       0.3372   5.36
    18293       0.3502   5.36
    18294       0.3422   5.36
    18295       0.3370   5.36
    18296       0.3385   5.36
    18297       0.3382   5.36
    18298       0.3371   5.36
    18299       0.3526   5.36
    18300       0.3381   5.36
    18301       0.3366   5.37
    18302       0.3543   5.37
    18303       0.3375   5.36
    18304       0.3376   5.36
    18305       0.3365   5.36
    18306       0.3372   5.36
    18307       0.3377   5.36
    18308       0.3362   5.36
    18309       0.3370   5.36
    18310       0.3373   5.36
    18311       0.3371   5.36
    18312       0.3374   5.36
    18313       0.3412   5.36
    18314       0.3378   5.37
    18315       0.3379   5.37
    18316       0.3423   5.36
    18317       0.3373   5.36
    18318       0.3371   5.36
    18319       0.3383   5.36
    18320       0.3366   5.37
    18321       0.3376   5.37
    18322       0.3437   5.36
    18323       0.3375   5.36
    18324       0.3377   5.36
    18325       0.3380   5.36
    18326       0.3376   5.37
    18327       0.3375   5.37
    18328       0.3377   5.36
    18329       0.3371   5.36
    18330       0.3363   5.36
    18331       0.3371   5.36
    18332       0.3369   5.36
    18333       0.3370   5.37
    18334       0.3378   5.37
    18335       0.3375   5.37
    18336       0.3366   5.37
    18337       0.3377   5.37
    18338       0.3382   5.37
    18339       0.3373   5.36
    18340       0.3382   5.36
    18341       0.3375   5.36
    18342       0.3362   5.36
    18343       0.3371   5.36
    18344       0.3375   5.36
    18345       0.3363   5.36
    18346       0.3376   5.36
    18347       0.3378   5.37
    18348       0.3367   5.37
    18349       0.3517   5.37
    18350       0.3369   5.37
    18351       0.3367   5.36
    18352       0.3383   5.36
    18353       0.3380   5.37
    18354       0.3374   5.37
    18355       0.3377   5.37
    18356       0.3381   5.36
    18357       0.3390   5.36
    18358       0.3363   5.36
    18359       0.3376   5.36
    18360       0.3373   5.36
    18361       0.3360   5.36
    18362       0.3382   5.36
    18363       0.3390   5.36
    18364       0.3369   5.36
    18365       0.3373   5.36
    18366       0.3402   5.37
    18367       0.3364   5.36
    18368       0.3497   5.36
    18369       0.3417   5.36
    18370       0.3373   5.36
    18371       0.3367   5.36
    18372       0.3375   5.37
    18373       0.3368   5.37
    18374       0.3387   5.37
    18375       0.3381   5.36
    18376       0.3369   5.36
    18377       0.3372   5.36
    18378       0.3376   5.37
    18379       0.3371   5.36
    18380       0.3381   5.36
    18381       0.3377   5.36
    18382       0.3358   5.36
    18383       0.3376   5.36
    18384       0.3377   5.36
    18385       0.3374   5.36
    18386       0.3362   5.36
    18387       0.3370   5.36
    18388       0.3379   5.37
    18389       0.3366   5.37
    18390       0.3371   5.37
    18391       0.3371   5.36
    18392       0.3362   5.36
    18393       0.3372   5.36
    18394       0.3376   5.36
    18395       0.3365   5.37
    18396       0.3376   5.37
    18397       0.3373   5.37
    18398       0.3373   5.37
    18399       0.3499   5.37
    18400       0.3368   5.37
    18401       0.3364   5.37
    18402       0.3371   5.37
    18403       0.3377   5.37
    18404       0.3364   5.37
    18405       0.3375   5.37
    18406       0.3378   5.37
    18407       0.3370   5.36
    18408       0.3376   5.36
    18409       0.3378   5.36
    18410       0.3369   5.37
    18411       0.3378   5.37
    18412       0.3380   5.37
    18413       0.3372   5.36
    18414       0.3374   5.36
    18415       0.3373   5.36
    18416       0.3377   5.37
    18417       0.3370   5.36
    18418       0.3374   5.36
    18419       0.3380   5.36
    18420       0.3371   5.36
    18421       0.3378   5.36
    18422       0.3394   5.36
    18423       0.3366   5.36
    18424       0.3374   5.36
    18425       0.3375   5.37
    18426       0.3366   5.36
    18427       0.3369   5.36
    18428       0.3367   5.36
    18429       0.3366   5.37
    18430       0.3371   5.37
    18431       0.3379   5.36
    18432       0.3378   5.36
    18433       0.3388   5.36
    18434       0.3386   5.36
    18435       0.3380   5.37
    18436       0.3525   5.37
    18437       0.3448   5.36
    18438       0.3369   5.36
    18439       0.3544   5.36
    18440       0.3384   5.36
    18441       0.3380   5.36
    18442       0.3374   5.36
    18443       0.3379   5.36
    18444       0.3392   5.36
    18445       0.3358   5.36
    18446       0.3484   5.36
    18447       0.3374   5.36
    18448       0.3372   5.36
    18449       0.3378   5.36
    18450       0.3372   5.37
    18451       0.3361   5.36
    18452       0.3373   5.36
    18453       0.3382   5.36
    18454       0.3367   5.36
    18455       0.3381   5.36
    18456       0.3382   5.36
    18457       0.3377   5.36
    18458       0.3374   5.36
    18459       0.3378   5.36
    18460       0.3373   5.36
    18461       0.3370   5.36
    18462       0.3371   5.36
    18463       0.3368   5.36
    18464       0.3380   5.36
    18465       0.3476   5.36
    18466       0.3380   5.37
    18467       0.3370   5.37
    18468       0.3377   5.37
    18469       0.3371   5.36
    18470       0.3369   5.36
    18471       0.3376   5.36
    18472       0.3385   5.36
    18473       0.3372   5.36
    18474       0.3372   5.36
    18475       0.3374   5.37
    18476       0.3378   5.37
    18477       0.3375   5.37
    18478       0.3371   5.36
    18479       0.3365   5.36
    18480       0.3386   5.36
    18481       0.3379   5.36
    18482       0.3370   5.37
    18483       0.3387   5.37
    18484       0.3380   5.36
    18485       0.3372   5.36
    18486       0.3384   5.36
    18487       0.3380   5.36
    18488       0.3367   5.36
    18489       0.3532   5.36
    18490       0.3379   5.36
    18491       0.3380   5.36
    18492       0.3369   5.36
    18493       0.3470   5.36
    18494       0.3368   5.36
    18495       0.3367   5.36
    18496       0.3371   5.36
    18497       0.3379   5.37
    18498       0.3366   5.37
    18499       0.3491   5.37
    18500       0.3414   5.37
    18501       0.3363   5.36
    18502       0.3501   5.36
    18503       0.3430   5.36
    18504       0.3369   5.37
    18505       0.3377   5.37
    18506       0.3375   5.36
    18507       0.3364   5.37
    18508       0.3528   5.37
    18509       0.3376   5.37
    18510       0.3375   5.37
    18511       0.3381   5.37
    18512       0.3386   5.37
    18513       0.3374   5.36
    18514       0.3368   5.36
    18515       0.3472   5.36
    18516       0.3398   5.36
    18517       0.3371   5.37
    18518       0.3375   5.37
    18519       0.3398   5.37
    18520       0.3377   5.36
    18521       0.3379   5.36
    18522       0.3377   5.36
    18523       0.3363   5.37
    18524       0.3373   5.37
    18525       0.3373   5.36
    18526       0.3364   5.37
    18527       0.3380   5.37
    18528       0.3381   5.36
    18529       0.3360   5.37
    18530       0.3376   5.37
    18531       0.3378   5.37
    18532       0.3359   5.37
    18533       0.3374   5.37
    18534       0.3370   5.36
    18535       0.3363   5.37
    18536       0.3376   5.37
    18537       0.3369   5.37
    18538       0.3357   5.37
    18539       0.3371   5.37
    18540       0.3460   5.37
    18541       0.3378   5.37
    18542       0.3372   5.37
    18543       0.3382   5.37
    18544       0.3377   5.37
    18545       0.3368   5.36
    18546       0.3372   5.36
    18547       0.3379   5.36
    18548       0.3370   5.36
    18549       0.3376   5.36
    18550       0.3378   5.36
    18551       0.3363   5.37
    18552       0.3498   5.37
    18553       0.3377   5.37
    18554       0.3381   5.36
    18555       0.3387   5.36
    18556       0.3376   5.36
    18557       0.3363   5.37
    18558       0.3518   5.37
    18559       0.3383   5.37
    18560       0.3376   5.37
    18561       0.3545   5.37
    18562       0.3383   5.37
    18563       0.3382   5.36
    18564       0.3362   5.36
    18565       0.3385   5.36
    18566       0.3384   5.36
    18567       0.3374   5.36
    18568       0.3375   5.36
    18569       0.3378   5.36
    18570       0.3361   5.36
    18571       0.3487   5.36
    18572       0.3378   5.37
    18573       0.3365   5.37
    18574       0.3375   5.37
    18575       0.3375   5.37
    18576       0.3369   5.36
    18577       0.3376   5.36
    18578       0.3379   5.36
    18579       0.3371   5.37
    18580       0.3374   5.37
    18581       0.3378   5.36
    18582       0.3365   5.36
    18583       0.3374   5.36
    18584       0.3379   5.37
    18585       0.3377   5.37
    18586       0.3381   5.37
    18587       0.3377   5.37
    18588       0.3385   5.36
    18589       0.3367   5.36
    18590       0.3376   5.36
    18591       0.3379   5.37
    18592       0.3364   5.37
    18593       0.3377   5.37
    18594       0.3392   5.36
    18595       0.3371   5.37
    18596       0.3481   5.37
    18597       0.3380   5.36
    18598       0.3362   5.36
    18599       0.3496   5.36
    18600       0.3374   5.37
    18601       0.3364   5.37
    18602       0.3506   5.37
    18603       0.3374   5.37
    18604       0.3364   5.37
    18605       0.3380   5.37
    18606       0.3378   5.37
    18607       0.3364   5.37
    18608       0.3384   5.37
    18609       0.3374   5.36
    18610       0.3370   5.36
    18611       0.3364   5.36
    18612       0.3454   5.36
    18613       0.3381   5.37
    18614       0.3364   5.37
    18615       0.3371   5.37
    18616       0.3379   5.37
    18617       0.3374   5.37
    18618       0.3383   5.37
    18619       0.3378   5.36
    18620       0.3374   5.36
    18621       0.3383   5.36
    18622       0.3381   5.36
    18623       0.3371   5.37
    18624       0.3379   5.37
    18625       0.3373   5.36
    18626       0.3368   5.36
    18627       0.3373   5.36
    18628       0.3375   5.37
    18629       0.3376   5.37
    18630       0.3380   5.37
    18631       0.3376   5.36
    18632       0.3372   5.36
    18633       0.3368   5.36
    18634       0.3440   5.37
    18635       0.3357   5.36
    18636       0.3376   5.36
    18637       0.3371   5.36
    18638       0.3367   5.37
    18639       0.3371   5.37
    18640       0.3369   5.37
    18641       0.3376   5.37
    18642       0.3378   5.37
    18643       0.3384   5.37
    18644       0.3381   5.37
    18645       0.3368   5.36
    18646       0.3378   5.36
    18647       0.3381   5.36
    18648       0.3372   5.36
    18649       0.3380   5.36
    18650       0.3376   5.36
    18651       0.3366   5.36
    18652       0.3378   5.36
    18653       0.3374   5.36
    18654       0.3358   5.36
    18655       0.3498   5.36
    18656       0.3368   5.36
    18657       0.3363   5.37
    18658       0.3384   5.37
    18659       0.3374   5.36
    18660       0.3372   5.36
    18661       0.3372   5.36
    18662       0.3375   5.37
    18663       0.3370   5.36
    18664       0.3387   5.36
    18665       0.3376   5.36
    18666       0.3371   5.37
    18667       0.3376   5.37
    18668       0.3465   5.36
    18669       0.3383   5.36
    18670       0.3366   5.36
    18671       0.3375   5.36
    18672       0.3374   5.37
    18673       0.3361   5.36
    18674       0.3369   5.36
    18675       0.3396   5.36
    18676       0.3370   5.37
    18677       0.3486   5.37
    18678       0.3378   5.37
    18679       0.3361   5.36
    18680       0.3382   5.36
    18681       0.3426   5.36
    18682       0.3375   5.36
    18683       0.3380   5.36
    18684       0.3384   5.36
    18685       0.3376   5.36
    18686       0.3377   5.36
    18687       0.3372   5.36
    18688       0.3370   5.36
    18689       0.3379   5.36
    18690       0.3375   5.37
    18691       0.3367   5.37
    18692       0.3387   5.37
    18693       0.3385   5.36
    18694       0.3382   5.36
    18695       0.3363   5.36
    18696       0.3378   5.36
    18697       0.3377   5.36
    18698       0.3377   5.36
    18699       0.3379   5.36
    18700       0.3379   5.36
    18701       0.3368   5.36
    18702       0.3383   5.36
    18703       0.3377   5.36
    18704       0.3365   5.36
    18705       0.3490   5.36
    18706       0.3382   5.37
    18707       0.3367   5.36
    18708       0.3382   5.36
    18709       0.3377   5.36
    18710       0.3371   5.37
    18711       0.3380   5.37
    18712       0.3439   5.37
    18713       0.3366   5.36
    18714       0.3526   5.36
    18715       0.3382   5.36
    18716       0.3377   5.37
    18717       0.3388   5.37
    18718       0.3387   5.37
    18719       0.3382   5.36
    18720       0.3365   5.36
    18721       0.3378   5.36
    18722       0.3378   5.36
    18723       0.3364   5.36
    18724       0.3384   5.36
    18725       0.3374   5.36
    18726       0.3363   5.36
    18727       0.3374   5.36
    18728       0.3382   5.36
    18729       0.3366   5.36
    18730       0.3374   5.36
    18731       0.3367   5.36
    18732       0.3371   5.36
    18733       0.3376   5.36
    18734       0.3369   5.37
    18735       0.3362   5.37
    18736       0.3375   5.37
    18737       0.3379   5.36
    18738       0.3370   5.36
    18739       0.3379   5.36
    18740       0.3376   5.36
    18741       0.3376   5.36
    18742       0.3370   5.36
    18743       0.3369   5.36
    18744       0.3366   5.36
    18745       0.3377   5.36
    18746       0.3371   5.37
    18747       0.3369   5.36
    18748       0.3368   5.36
    18749       0.3461   5.36
    18750       0.3384   5.36
    18751       0.3371   5.37
    18752       0.3380   5.37
    18753       0.3393   5.36
    18754       0.3375   5.36
    18755       0.3383   5.36
    18756       0.3382   5.36
    18757       0.3372   5.36
    18758       0.3377   5.36
    18759       0.3378   5.36
    18760       0.3369   5.37
    18761       0.3374   5.37
    18762       0.3374   5.36
    18763       0.3370   5.36
    18764       0.3375   5.36
    18765       0.3373   5.36
    18766       0.3367   5.37
    18767       0.3513   5.37
    18768       0.3383   5.36
    18769       0.3368   5.37
    18770       0.3383   5.37
    18771       0.3387   5.36
    18772       0.3369   5.36
    18773       0.3367   5.36
    18774       0.3372   5.36
    18775       0.3374   5.36
    18776       0.3375   5.36
    18777       0.3473   5.36
    18778       0.3397   5.36
    18779       0.3362   5.36
    18780       0.3373   5.36
    18781       0.3392   5.36
    18782       0.3370   5.36
    18783       0.3486   5.36
    18784       0.3377   5.36
    18785       0.3378   5.36
    18786       0.3380   5.36
    18787       0.3377   5.37
    18788       0.3370   5.36
    18789       0.3377   5.36
    18790       0.3382   5.36
    18791       0.3372   5.36
    18792       0.3380   5.36
    18793       0.3374   5.36
    18794       0.3371   5.36
    18795       0.3367   5.36
    18796       0.3375   5.36
    18797       0.3376   5.36
    18798       0.3374   5.36
    18799       0.3372   5.36
    18800       0.3375   5.36
    18801       0.3369   5.36
    18802       0.3381   5.36
    18803       0.3386   5.36
    18804       0.3372   5.36
    18805       0.3369   5.36
    18806       0.3371   5.36
    18807       0.3366   5.36
    18808       0.3478   5.36
    18809       0.3407   5.37
    18810       0.3381   5.36
    18811       0.3382   5.36
    18812       0.3409   5.36
    18813       0.3377   5.36
    18814       0.3375   5.36
    18815       0.3379   5.36
    18816       0.3367   5.36
    18817       0.3374   5.36
    18818       0.3431   5.36
    18819       0.3361   5.36
    18820       0.3376   5.36
    18821       0.3371   5.36
    18822       0.3362   5.36
    18823       0.3375   5.36
    18824       0.3373   5.37
    18825       0.3369   5.37
    18826       0.3383   5.37
    18827       0.3369   5.37
    18828       0.3377   5.37
    18829       0.3374   5.37
    18830       0.3383   5.37
    18831       0.3381   5.36
    18832       0.3378   5.36
    18833       0.3374   5.36
    18834       0.3381   5.36
    18835       0.3359   5.36
    18836       0.3479   5.36
    18837       0.3396   5.36
    18838       0.3378   5.36
    18839       0.3375   5.36
    18840       0.3369   5.36
    18841       0.3371   5.36
    18842       0.3375   5.36
    18843       0.3425   5.36
    18844       0.3372   5.36
    18845       0.3379   5.36
    18846       0.3371   5.37
    18847       0.3365   5.37
    18848       0.3379   5.37
    18849       0.3445   5.36
    18850       0.3365   5.36
    18851       0.3375   5.36
    18852       0.3377   5.36
    18853       0.3355   5.36
    18854       0.3373   5.36
    18855       0.3380   5.36
    18856       0.3383   5.37
    18857       0.3369   5.36
    18858       0.3470   5.36
    18859       0.3364   5.36
    18860       0.3361   5.36
    18861       0.3376   5.36
    18862       0.3376   5.37
    18863       0.3367   5.37
    18864       0.3376   5.37
    18865       0.3375   5.37
    18866       0.3360   5.37
    18867       0.3370   5.37
    18868       0.3412   5.37
    18869       0.3368   5.36
    18870       0.3370   5.36
    18871       0.3425   5.36
    18872       0.3366   5.37
    18873       0.3380   5.37
    18874       0.3383   5.36
    18875       0.3370   5.36
    18876       0.3373   5.36
    18877       0.3449   5.36
    18878       0.3367   5.36
    18879       0.3372   5.36
    18880       0.3370   5.36
    18881       0.3371   5.36
    18882       0.3376   5.36
    18883       0.3467   5.36
    18884       0.3393   5.36
    18885       0.3372   5.37
    18886       0.3378   5.37
    18887       0.3397   5.37
    18888       0.3366   5.37
    18889       0.3376   5.37
    18890       0.3382   5.36
    18891       0.3368   5.36
    18892       0.3371   5.36
    18893       0.3372   5.36
    18894       0.3365   5.36
    18895       0.3378   5.36
    18896       0.3380   5.37
    18897       0.3367   5.37
    18898       0.3377   5.37
    18899       0.3380   5.36
    18900       0.3363   5.36
    18901       0.3516   5.36
    18902       0.3377   5.36
    18903       0.3370   5.37
    18904       0.3383   5.37
    18905       0.3460   5.36
    18906       0.3380   5.36
    18907       0.3374   5.36
    18908       0.3377   5.36
    18909       0.3377   5.36
    18910       0.3364   5.36
    18911       0.3371   5.36
    18912       0.3392   5.37
    18913       0.3363   5.36
    18914       0.3375   5.36
    18915       0.3373   5.36
    18916       0.3360   5.36
    18917       0.3378   5.36
    18918       0.3371   5.37
    18919       0.3377   5.37
    18920       0.3382   5.37
    18921       0.3429   5.37
    18922       0.3361   5.36
    18923       0.3375   5.36
    18924       0.3369   5.36
    18925       0.3366   5.36
    18926       0.3384   5.36
    18927       0.3379   5.36
    18928       0.3366   5.36
    18929       0.3376   5.36
    18930       0.3376   5.37
    18931       0.3374   5.36
    18932       0.3379   5.36
    18933       0.3375   5.36
    18934       0.3366   5.36
    18935       0.3374   5.36
    18936       0.3376   5.36
    18937       0.3380   5.36
    18938       0.3374   5.36
    18939       0.3378   5.36
    18940       0.3380   5.36
    18941       0.3375   5.36
    18942       0.3377   5.36
    18943       0.3376   5.36
    18944       0.3369   5.36
    18945       0.3372   5.36
    18946       0.3369   5.36
    18947       0.3353   5.36
    18948       0.3490   5.36
    18949       0.3378   5.37
    18950       0.3368   5.37
    18951       0.3376   5.37
    18952       0.3378   5.37
    18953       0.3370   5.36
    18954       0.3371   5.36
    18955       0.3374   5.36
    18956       0.3380   5.36
    18957       0.3378   5.36
    18958       0.3373   5.36
    18959       0.3366   5.36
    18960       0.3380   5.36
    18961       0.3367   5.37
    18962       0.3375   5.37
    18963       0.3383   5.37
    18964       0.3382   5.36
    18965       0.3380   5.36
    18966       0.3371   5.36
    18967       0.3376   5.36
    18968       0.3367   5.36
    18969       0.3368   5.37
    18970       0.3377   5.37
    18971       0.3376   5.37
    18972       0.3355   5.37
    18973       0.3488   5.37
    18974       0.3382   5.36
    18975       0.3365   5.36
    18976       0.3377   5.36
    18977       0.3372   5.36
    18978       0.3373   5.37
    18979       0.3378   5.37
    18980       0.3368   5.37
    18981       0.3372   5.37
    18982       0.3372   5.37
    18983       0.3432   5.36
    18984       0.3358   5.36
    18985       0.3371   5.36
    18986       0.3374   5.36
    18987       0.3375   5.36
    18988       0.3379   5.36
    18989       0.3372   5.36
    18990       0.3362   5.36
    18991       0.3540   5.36
    18992       0.3376   5.36
    18993       0.3387   5.36
    18994       0.3368   5.36
    18995       0.3471   5.36
    18996       0.3376   5.36
    18997       0.3367   5.36
    18998       0.3368   5.36
    18999       0.3372   5.36
    19000       0.3372   5.36
    19001       0.3382   5.36
    19002       0.3381   5.36
    19003       0.3367   5.36
    19004       0.3503   5.36
    19005       0.3436   5.36
    19006       0.3365   5.37
    19007       0.3379   5.37
    19008       0.3373   5.36
    19009       0.3367   5.36
    19010       0.3378   5.36
    19011       0.3377   5.37
    19012       0.3369   5.36
    19013       0.3376   5.36
    19014       0.3365   5.37
    19015       0.3378   5.37
    19016       0.3377   5.37
    19017       0.3466   5.37
    19018       0.3379   5.37
    19019       0.3368   5.36
    19020       0.3372   5.36
    19021       0.3373   5.36
    19022       0.3361   5.36
    19023       0.3486   5.36
    19024       0.3372   5.36
    19025       0.3367   5.37
    19026       0.3368   5.37
    19027       0.3377   5.37
    19028       0.3363   5.37
    19029       0.3369   5.37
    19030       0.3372   5.37
    19031       0.3369   5.37
    19032       0.3371   5.37
    19033       0.3430   5.36
    19034       0.3365   5.37
    19035       0.3378   5.37
    19036       0.3366   5.37
    19037       0.3363   5.37
    19038       0.3378   5.37
    19039       0.3453   5.37
    19040       0.3370   5.36
    19041       0.3539   5.36
    19042       0.3371   5.36
    19043       0.3373   5.37
    19044       0.3365   5.37
    19045       0.3378   5.37
    19046       0.3376   5.37
    19047       0.3365   5.37
    19048       0.3374   5.37
    19049       0.3375   5.37
    19050       0.3364   5.37
    19051       0.3378   5.37
    19052       0.3378   5.37
    19053       0.3356   5.37
    19054       0.3505   5.37
    19055       0.3382   5.37
    19056       0.3374   5.36
    19057       0.3375   5.36
    19058       0.3370   5.37
    19059       0.3364   5.36
    19060       0.3374   5.36
    19061       0.3378   5.36
    19062       0.3368   5.36
    19063       0.3377   5.36
    19064       0.3384   5.36
    19065       0.3373   5.36
    19066       0.3378   5.36
    19067       0.3462   5.36
    19068       0.3375   5.36
    19069       0.3373   5.36
    19070       0.3379   5.36
    19071       0.3402   5.36
    19072       0.3366   5.36
    19073       0.3483   5.36
    19074       0.3379   5.37
    19075       0.3377   5.36
    19076       0.3379   5.36
    19077       0.3381   5.36
    19078       0.3364   5.36
    19079       0.3474   5.36
    19080       0.3428   5.36
    19081       0.3364   5.37
    19082       0.3380   5.37
    19083       0.3384   5.36
    19084       0.3375   5.36
    19085       0.3375   5.36
    19086       0.3378   5.37
    19087       0.3366   5.36
    19088       0.3377   5.36
    19089       0.3369   5.36
    19090       0.3376   5.36
    19091       0.3371   5.37
    19092       0.3378   5.37
    19093       0.3377   5.37
    19094       0.3367   5.37
    19095       0.3481   5.37
    19096       0.3379   5.37
    19097       0.3368   5.36
    19098       0.3381   5.36
    19099       0.3418   5.37
    19100       0.3362   5.37
    19101       0.3370   5.37
    19102       0.3378   5.36
    19103       0.3370   5.36
    19104       0.3503   5.36
    19105       0.3375   5.37
    19106       0.3361   5.37
    19107       0.3385   5.37
    19108       0.3377   5.36
    19109       0.3369   5.36
    19110       0.3383   5.36
    19111       0.3381   5.36
    19112       0.3366   5.37
    19113       0.3371   5.37
    19114       0.3459   5.36
    19115       0.3371   5.36
    19116       0.3367   5.36
    19117       0.3375   5.36
    19118       0.3391   5.36
    19119       0.3362   5.36
    19120       0.3372   5.36
    19121       0.3372   5.36
    19122       0.3362   5.37
    19123       0.3371   5.37
    19124       0.3374   5.37
    19125       0.3365   5.37
    19126       0.3376   5.37
    19127       0.3378   5.37
    19128       0.3375   5.37
    19129       0.3378   5.37
    19130       0.3378   5.37
    19131       0.3372   5.36
    19132       0.3375   5.36
    19133       0.3378   5.36
    19134       0.3372   5.36
    19135       0.3377   5.36
    19136       0.3375   5.36
    19137       0.3373   5.37
    19138       0.3362   5.37
    19139       0.3357   5.36
    19140       0.3362   5.37
    19141       0.3386   5.37
    19142       0.3453   5.37
    19143       0.3368   5.36
    19144       0.3544   5.36
    19145       0.3379   5.36
    19146       0.3377   5.36
    19147       0.3359   5.37
    19148       0.3376   5.37
    19149       0.3380   5.37
    19150       0.3375   5.36
    19151       0.3382   5.36
    19152       0.3379   5.36
    19153       0.3363   5.36
    19154       0.3372   5.36
    19155       0.3372   5.36
    19156       0.3367   5.36
    19157       0.3371   5.36
    19158       0.3371   5.36
    19159       0.3364   5.37
    19160       0.3380   5.37
    19161       0.3377   5.37
    19162       0.3377   5.36
    19163       0.3384   5.36
    19164       0.3387   5.37
    19165       0.3376   5.37
    19166       0.3388   5.37
    19167       0.3376   5.36
    19168       0.3371   5.36
    19169       0.3383   5.36
    19170       0.3377   5.36
    19171       0.3382   5.36
    19172       0.3372   5.37
    19173       0.3468   5.37
    19174       0.3387   5.36
    19175       0.3364   5.36
    19176       0.3372   5.36
    19177       0.3397   5.36
    19178       0.3365   5.36
    19179       0.3376   5.36
    19180       0.3409   5.36
    19181       0.3370   5.36
    19182       0.3384   5.36
    19183       0.3388   5.36
    19184       0.3373   5.36
    19185       0.3378   5.36
    19186       0.3383   5.36
    19187       0.3376   5.36
    19188       0.3378   5.36
    19189       0.3378   5.36
    19190       0.3378   5.36
    19191       0.3530   5.36
    19192       0.3459   5.36
    19193       0.3367   5.36
    19194       0.3378   5.36
    19195       0.3376   5.36
    19196       0.3382   5.36
    19197       0.3369   5.36
    19198       0.3378   5.36
    19199       0.3381   5.36
    19200       0.3369   5.36
    19201       0.3371   5.36
    19202       0.3374   5.36
    19203       0.3365   5.36
    19204       0.3488   5.36
    19205       0.3374   5.36
    19206       0.3366   5.36
    19207       0.3379   5.36
    19208       0.3372   5.36
    19209       0.3363   5.36
    19210       0.3380   5.36
    19211       0.3379   5.36
    19212       0.3363   5.36
    19213       0.3382   5.36
    19214       0.3447   5.36
    19215       0.3363   5.36
    19216       0.3373   5.36
    19217       0.3369   5.36
    19218       0.3363   5.36
    19219       0.3373   5.36
    19220       0.3369   5.36
    19221       0.3357   5.37
    19222       0.3377   5.37
    19223       0.3464   5.37
    19224       0.3381   5.36
    19225       0.3359   5.37
    19226       0.3379   5.37
    19227       0.3385   5.37
    19228       0.3370   5.36
    19229       0.3369   5.36
    19230       0.3367   5.36
    19231       0.3369   5.36
    19232       0.3364   5.36
    19233       0.3367   5.37
    19234       0.3365   5.37
    19235       0.3380   5.37
    19236       0.3378   5.37
    19237       0.3374   5.36
    19238       0.3508   5.36
    19239       0.3429   5.36
    19240       0.3365   5.36
    19241       0.3375   5.36
    19242       0.3446   5.36
    19243       0.3378   5.36
    19244       0.3372   5.36
    19245       0.3375   5.37
    19246       0.3367   5.37
    19247       0.3366   5.37
    19248       0.3378   5.36
    19249       0.3395   5.36
    19250       0.3366   5.36
    19251       0.3375   5.36
    19252       0.3371   5.36
    19253       0.3365   5.36
    19254       0.3479   5.36
    19255       0.3384   5.36
    19256       0.3384   5.37
    19257       0.3504   5.37
    19258       0.3379   5.36
    19259       0.3373   5.36
    19260       0.3375   5.36
    19261       0.3373   5.36
    19262       0.3374   5.36
    19263       0.3368   5.36
    19264       0.3369   5.36
    19265       0.3368   5.36
    19266       0.3376   5.36
    19267       0.3377   5.36
    19268       0.3364   5.36
    19269       0.3374   5.36
    19270       0.3373   5.37
    19271       0.3362   5.36
    19272       0.3380   5.36
    19273       0.3467   5.36
    19274       0.3371   5.36
    19275       0.3376   5.36
    19276       0.3479   5.36
    19277       0.3375   5.36
    19278       0.3368   5.36
    19279       0.3378   5.36
    19280       0.3379   5.36
    19281       0.3372   5.36
    19282       0.3379   5.36
    19283       0.3377   5.36
    19284       0.3369   5.36
    19285       0.3378   5.36
    19286       0.3377   5.36
    19287       0.3367   5.37
    19288       0.3377   5.37
    19289       0.3429   5.37
    19290       0.3358   5.37
    19291       0.3373   5.37
    19292       0.3373   5.36
    19293       0.3367   5.36
    19294       0.3373   5.36
    19295       0.3379   5.36
    19296       0.3363   5.37
    19297       0.3538   5.37
    19298       0.3377   5.37
    19299       0.3388   5.37
    19300       0.3369   5.37
    19301       0.3380   5.37
    19302       0.3380   5.36
    19303       0.3363   5.36
    19304       0.3375   5.36
    19305       0.3370   5.36
    19306       0.3363   5.37
    19307       0.3489   5.37
    19308       0.3384   5.37
    19309       0.3364   5.37
    19310       0.3381   5.37
    19311       0.3425   5.37
    19312       0.3366   5.37
    19313       0.3377   5.37
    19314       0.3370   5.36
    19315       0.3366   5.36
    19316       0.3376   5.36
    19317       0.3380   5.37
    19318       0.3368   5.36
    19319       0.3379   5.36
    19320       0.3374   5.37
    19321       0.3371   5.36
    19322       0.3377   5.36
    19323       0.3375   5.36
    19324       0.3367   5.37
    19325       0.3378   5.37
    19326       0.3375   5.37
    19327       0.3377   5.36
    19328       0.3367   5.36
    19329       0.3471   5.36
    19330       0.3390   5.37
    19331       0.3366   5.37
    19332       0.3371   5.37
    19333       0.3379   5.37
    19334       0.3373   5.37
    19335       0.3379   5.37
    19336       0.3402   5.37
    19337       0.3369   5.37
    19338       0.3369   5.37
    19339       0.3365   5.36
    19340       0.3359   5.36
    19341       0.3369   5.36
    19342       0.3379   5.37
    19343       0.3369   5.37
    19344       0.3384   5.37
    19345       0.3381   5.37
    19346       0.3369   5.37
    19347       0.3530   5.37
    19348       0.3384   5.36
    19349       0.3368   5.36
    19350       0.3383   5.36
    19351       0.3383   5.37
    19352       0.3386   5.36
    19353       0.3368   5.36
    19354       0.3382   5.36
    19355       0.3383   5.36
    19356       0.3363   5.36
    19357       0.3373   5.36
    19358       0.3372   5.36
    19359       0.3361   5.36
    19360       0.3375   5.36
    19361       0.3381   5.37
    19362       0.3376   5.37
    19363       0.3372   5.37
    19364       0.3368   5.36
    19365       0.3374   5.36
    19366       0.3376   5.36
    19367       0.3427   5.36
    19368       0.3367   5.36
    19369       0.3512   5.36
    19370       0.3441   5.37
    19371       0.3369   5.37
    19372       0.3375   5.37
    19373       0.3466   5.36
    19374       0.3373   5.36
    19375       0.3538   5.36
    19376       0.3372   5.36
    19377       0.3371   5.37
    19378       0.3370   5.37
    19379       0.3368   5.37
    19380       0.3368   5.37
    19381       0.3364   5.37
    19382       0.3366   5.37
    19383       0.3372   5.37
    19384       0.3371   5.37
    19385       0.3377   5.37
    19386       0.3416   5.37
    19387       0.3365   5.37
    19388       0.3504   5.37
    19389       0.3427   5.36
    19390       0.3364   5.37
    19391       0.3378   5.37
    19392       0.3377   5.37
    19393       0.3361   5.37
    19394       0.3376   5.37
    19395       0.3372   5.37
    19396       0.3366   5.37
    19397       0.3375   5.37
    19398       0.3369   5.37
    19399       0.3359   5.36
    19400       0.3365   5.36
    19401       0.3369   5.37
    19402       0.3401   5.37
    19403       0.3358   5.37
    19404       0.3376   5.37
    19405       0.3380   5.37
    19406       0.3377   5.37
    19407       0.3377   5.37
    19408       0.3381   5.36
    19409       0.3364   5.36
    19410       0.3380   5.36
    19411       0.3380   5.36
    19412       0.3361   5.36
    19413       0.3364   5.36
    19414       0.3374   5.37
    19415       0.3366   5.37
    19416       0.3377   5.37
    19417       0.3377   5.37
    19418       0.3367   5.37
    19419       0.3374   5.37
    19420       0.3369   5.37
    19421       0.3372   5.37
    19422       0.3375   5.37
    19423       0.3377   5.37
    19424       0.3373   5.37
    19425       0.3383   5.37
    19426       0.3445   5.37
    19427       0.3377   5.36
    19428       0.3376   5.36
    19429       0.3373   5.36
    19430       0.3368   5.36
    19431       0.3371   5.37
    19432       0.3378   5.37
    19433       0.3374   5.37
    19434       0.3365   5.37
    19435       0.3380   5.37
    19436       0.3371   5.36
    19437       0.3372   5.36
    19438       0.3490   5.36
    19439       0.3377   5.36
    19440       0.3361   5.36
    19441       0.3378   5.36
    19442       0.3373   5.36
    19443       0.3364   5.37
    19444       0.3366   5.37
    19445       0.3375   5.37
    19446       0.3368   5.37
    19447       0.3513   5.37
    19448       0.3377   5.37
    19449       0.3367   5.36
    19450       0.3374   5.36
    19451       0.3380   5.36
    19452       0.3368   5.36
    19453       0.3532   5.36
    19454       0.3378   5.37
    19455       0.3384   5.37
    19456       0.3369   5.36
    19457       0.3369   5.36
    19458       0.3370   5.36
    19459       0.3364   5.37
    19460       0.3375   5.37
    19461       0.3371   5.37
    19462       0.3367   5.37
    19463       0.3379   5.37
    19464       0.3406   5.36
    19465       0.3362   5.36
    19466       0.3378   5.36
    19467       0.3413   5.36
    19468       0.3368   5.37
    19469       0.3498   5.37
    19470       0.3378   5.37
    19471       0.3370   5.36
    19472       0.3374   5.36
    19473       0.3378   5.36
    19474       0.3363   5.37
    19475       0.3381   5.37
    19476       0.3381   5.37
    19477       0.3373   5.36
    19478       0.3537   5.36
    19479       0.3377   5.36
    19480       0.3375   5.36
    19481       0.3369   5.37
    19482       0.3375   5.37
    19483       0.3394   5.36
    19484       0.3366   5.37
    19485       0.3373   5.37
    19486       0.3367   5.36
    19487       0.3367   5.36
    19488       0.3378   5.36
    19489       0.3410   5.37
    19490       0.3365   5.37
    19491       0.3377   5.37
    19492       0.3406   5.36
    19493       0.3370   5.36
    19494       0.3377   5.36
    19495       0.3379   5.36
    19496       0.3366   5.37
    19497       0.3384   5.37
    19498       0.3382   5.37
    19499       0.3362   5.37
    19500       0.3385   5.37
    19501       0.3382   5.36
    19502       0.3370   5.36
    19503       0.3375   5.36
    19504       0.3379   5.36
    19505       0.3367   5.36
    19506       0.3543   5.36
    19507       0.3380   5.36
    19508       0.3385   5.36
    19509       0.3365   5.36
    19510       0.3471   5.36
    19511       0.3398   5.36
    19512       0.3371   5.36
    19513       0.3376   5.36
    19514       0.3374   5.36
    19515       0.3365   5.36
    19516       0.3375   5.36
    19517       0.3377   5.37
    19518       0.3364   5.36
    19519       0.3367   5.36
    19520       0.3366   5.36
    19521       0.3370   5.36
    19522       0.3373   5.36
    19523       0.3374   5.36
    19524       0.3363   5.36
    19525       0.3377   5.36
    19526       0.3365   5.37
    19527       0.3368   5.37
    19528       0.3532   5.37
    19529       0.3377   5.37
    19530       0.3362   5.37
    19531       0.3542   5.37
    19532       0.3474   5.37
    19533       0.3375   5.37
    19534       0.3367   5.37
    19535       0.3374   5.37
    19536       0.3405   5.37
    19537       0.3367   5.36
    19538       0.3376   5.36
    19539       0.3374   5.36
    19540       0.3367   5.36
    19541       0.3372   5.36
    19542       0.3374   5.36
    19543       0.3374   5.37
    19544       0.3380   5.37
    19545       0.3377   5.36
    19546       0.3366   5.36
    19547       0.3369   5.36
    19548       0.3367   5.37
    19549       0.3369   5.36
    19550       0.3371   5.36
    19551       0.3378   5.37
    19552       0.3375   5.36
    19553       0.3374   5.36
    19554       0.3451   5.37
    19555       0.3382   5.36
    19556       0.3379   5.36
    19557       0.3380   5.36
    19558       0.3380   5.36
    19559       0.3367   5.36
    19560       0.3380   5.36
    19561       0.3380   5.36
    19562       0.3360   5.36
    19563       0.3373   5.36
    19564       0.3378   5.36
    19565       0.3376   5.36
    19566       0.3374   5.36
    19567       0.3408   5.37
    19568       0.3360   5.37
    19569       0.3365   5.37
    19570       0.3372   5.37
    19571       0.3373   5.37
    19572       0.3505   5.37
    19573       0.3427   5.37
    19574       0.3363   5.37
    19575       0.3374   5.37
    19576       0.3379   5.37
    19577       0.3371   5.37
    19578       0.3370   5.37
    19579       0.3379   5.37
    19580       0.3367   5.37
    19581       0.3372   5.37
    19582       0.3380   5.37
    19583       0.3372   5.36
    19584       0.3375   5.37
    19585       0.3387   5.37
    19586       0.3387   5.36
    19587       0.3362   5.36
    19588       0.3370   5.36
    19589       0.3429   5.36
    19590       0.3363   5.37
    19591       0.3371   5.37
    19592       0.3375   5.37
    19593       0.3378   5.37
    19594       0.3375   5.37
    19595       0.3382   5.37
    19596       0.3368   5.36
    19597       0.3377   5.36
    19598       0.3374   5.36
    19599       0.3361   5.36
    19600       0.3512   5.36
    19601       0.3376   5.36
    19602       0.3366   5.36
    19603       0.3369   5.36
    19604       0.3434   5.37
    19605       0.3361   5.37
    19606       0.3372   5.37
    19607       0.3370   5.37
    19608       0.3364   5.37
    19609       0.3369   5.37
    19610       0.3457   5.36
    19611       0.3378   5.36
    19612       0.3355   5.37
    19613       0.3378   5.37
    19614       0.3380   5.37
    19615       0.3376   5.36
    19616       0.3383   5.36
    19617       0.3376   5.36
    19618       0.3368   5.37
    19619       0.3376   5.37
    19620       0.3377   5.36
    19621       0.3370   5.36
    19622       0.3379   5.36
    19623       0.3417   5.36
    19624       0.3368   5.37
    19625       0.3369   5.37
    19626       0.3379   5.37
    19627       0.3369   5.37
    19628       0.3374   5.37
    19629       0.3370   5.37
    19630       0.3364   5.36
    19631       0.3374   5.36
    19632       0.3375   5.36
    19633       0.3372   5.36
    19634       0.3369   5.36
    19635       0.3444   5.37
    19636       0.3356   5.37
    19637       0.3361   5.37
    19638       0.3456   5.37
    19639       0.3382   5.37
    19640       0.3365   5.37
    19641       0.3377   5.37
    19642       0.3393   5.37
    19643       0.3368   5.37
    19644       0.3378   5.37
    19645       0.3375   5.36
    19646       0.3376   5.37
    19647       0.3376   5.37
    19648       0.3377   5.37
    19649       0.3374   5.36
    19650       0.3504   5.36
    19651       0.3382   5.36
    19652       0.3376   5.36
    19653       0.3518   5.36
    19654       0.3375   5.36
    19655       0.3373   5.36
    19656       0.3375   5.36
    19657       0.3373   5.36
    19658       0.3373   5.36
    19659       0.3377   5.36
    19660       0.3372   5.36
    19661       0.3372   5.36
    19662       0.3371   5.36
    19663       0.3463   5.36
    19664       0.3380   5.37
    19665       0.3367   5.37
    19666       0.3376   5.37
    19667       0.3382   5.37
    19668       0.3363   5.36
    19669       0.3369   5.36
    19670       0.3375   5.36
    19671       0.3373   5.36
    19672       0.3377   5.36
    19673       0.3376   5.36
    19674       0.3374   5.36
    19675       0.3368   5.36
    19676       0.3372   5.37
    19677       0.3369   5.36
    19678       0.3377   5.36
    19679       0.3382   5.36
    19680       0.3367   5.37
    19681       0.3379   5.37
    19682       0.3379   5.36
    19683       0.3374   5.36
    19684       0.3526   5.36
    19685       0.3379   5.36
    19686       0.3372   5.37
    19687       0.3542   5.37
    19688       0.3372   5.36
    19689       0.3367   5.36
    19690       0.3361   5.36
    19691       0.3375   5.36
    19692       0.3477   5.36
    19693       0.3380   5.37
    19694       0.3378   5.37
    19695       0.3373   5.37
    19696       0.3372   5.37
    19697       0.3378   5.37
    19698       0.3377   5.36
    19699       0.3374   5.36
    19700       0.3508   5.36
    19701       0.3378   5.36
    19702       0.3363   5.36
    19703       0.3519   5.36
    19704       0.3445   5.36
    19705       0.3370   5.37
    19706       0.3378   5.37
    19707       0.3378   5.37
    19708       0.3374   5.36
    19709       0.3378   5.36
    19710       0.3479   5.36
    19711       0.3381   5.36
    19712       0.3374   5.36
    19713       0.3375   5.36
    19714       0.3381   5.36
    19715       0.3375   5.36
    19716       0.3376   5.36
    19717       0.3379   5.36
    19718       0.3368   5.37
    19719       0.3382   5.37
    19720       0.3371   5.37
    19721       0.3370   5.36
    19722       0.3378   5.36
    19723       0.3377   5.36
    19724       0.3365   5.36
    19725       0.3372   5.36
    19726       0.3372   5.36
    19727       0.3363   5.37
    19728       0.3378   5.37
    19729       0.3374   5.37
    19730       0.3377   5.36
    19731       0.3382   5.36
    19732       0.3457   5.36
    19733       0.3374   5.36
    19734       0.3544   5.36
    19735       0.3381   5.36
    19736       0.3377   5.36
    19737       0.3363   5.36
    19738       0.3381   5.36
    19739       0.3366   5.36
    19740       0.3376   5.36
    19741       0.3381   5.36
    19742       0.3372   5.36
    19743       0.3366   5.36
    19744       0.3375   5.36
    19745       0.3375   5.36
    19746       0.3366   5.37
    19747       0.3509   5.37
    19748       0.3374   5.36
    19749       0.3368   5.36
    19750       0.3378   5.36
    19751       0.3444   5.37
    19752       0.3370   5.36
    19753       0.3530   5.36
    19754       0.3376   5.36
    19755       0.3386   5.36
    19756       0.3377   5.36
    19757       0.3372   5.36
    19758       0.3378   5.36
    19759       0.3351   5.36
    19760       0.3381   5.36
    19761       0.3379   5.36
    19762       0.3368   5.36
    19763       0.3373   5.36
    19764       0.3374   5.36
    19765       0.3376   5.36
    19766       0.3379   5.36
    19767       0.3382   5.37
    19768       0.3373   5.37
    19769       0.3375   5.37
    19770       0.3378   5.36
    19771       0.3364   5.36
    19772       0.3509   5.36
    19773       0.3380   5.36
    19774       0.3372   5.36
    19775       0.3370   5.36
    19776       0.3373   5.36
    19777       0.3373   5.37
    19778       0.3374   5.37
    19779       0.3367   5.37
    19780       0.3364   5.37
    19781       0.3367   5.37
    19782       0.3369   5.37
    19783       0.3366   5.37
    19784       0.3370   5.37
    19785       0.3376   5.37
    19786       0.3369   5.36
    19787       0.3357   5.36
    19788       0.3368   5.36
    19789       0.3371   5.36
    19790       0.3368   5.37
    19791       0.3376   5.37
    19792       0.3376   5.37
    19793       0.3366   5.37
    19794       0.3376   5.37
    19795       0.3371   5.36
    19796       0.3365   5.36
    19797       0.3376   5.36
    19798       0.3380   5.37
    19799       0.3374   5.37
    19800       0.3377   5.37
    19801       0.3371   5.37
    19802       0.3362   5.37
    19803       0.3372   5.37
    19804       0.3374   5.36
    19805       0.3367   5.36
    19806       0.3379   5.36
    19807       0.3379   5.37
    19808       0.3382   5.36
    19809       0.3534   5.36
    19810       0.3366   5.36
    19811       0.3367   5.36
    19812       0.3543   5.36
    19813       0.3471   5.37
    19814       0.3377   5.37
    19815       0.3366   5.37
    19816       0.3380   5.37
    19817       0.3382   5.36
    19818       0.3371   5.36
    19819       0.3372   5.36
    19820       0.3374   5.36
    19821       0.3369   5.37
    19822       0.3372   5.37
    19823       0.3411   5.37
    19824       0.3369   5.37
    19825       0.3367   5.37
    19826       0.3373   5.37
    19827       0.3360   5.37
    19828       0.3370   5.37
    19829       0.3377   5.37
    19830       0.3377   5.37
    19831       0.3521   5.37
    19832       0.3366   5.37
    19833       0.3366   5.37
    19834       0.3381   5.37
    19835       0.3373   5.37
    19836       0.3373   5.37
    19837       0.3371   5.37
    19838       0.3379   5.37
    19839       0.3376   5.37
    19840       0.3365   5.36
    19841       0.3374   5.36
    19842       0.3374   5.37
    19843       0.3378   5.36
    19844       0.3378   5.36
    19845       0.3399   5.36
    19846       0.3365   5.37
    19847       0.3374   5.37
    19848       0.3368   5.36
    19849       0.3370   5.37
    19850       0.3377   5.37
    19851       0.3384   5.36
    19852       0.3362   5.36
    19853       0.3371   5.36
    19854       0.3376   5.36
    19855       0.3368   5.37
    19856       0.3515   5.37
    19857       0.3376   5.37
    19858       0.3363   5.36
    19859       0.3375   5.36
    19860       0.3378   5.37
    19861       0.3368   5.37
    19862       0.3380   5.37
    19863       0.3457   5.37
    19864       0.3379   5.36
    19865       0.3371   5.36
    19866       0.3374   5.36
    19867       0.3361   5.37
    19868       0.3358   5.36
    19869       0.3476   5.36
    19870       0.3399   5.36
    19871       0.3372   5.36
    19872       0.3387   5.36
    19873       0.3380   5.37
    19874       0.3370   5.36
    19875       0.3499   5.36
    19876       0.3376   5.37
    19877       0.3370   5.36
    19878       0.3375   5.36
    19879       0.3429   5.36
    19880       0.3367   5.37
    19881       0.3383   5.37
    19882       0.3388   5.37
    19883       0.3382   5.37
    19884       0.3382   5.37
    19885       0.3454   5.36
    19886       0.3377   5.36
    19887       0.3368   5.36
    19888       0.3373   5.36
    19889       0.3379   5.36
    19890       0.3364   5.36
    19891       0.3469   5.36
    19892       0.3379   5.36
    19893       0.3373   5.37
    19894       0.3485   5.37
    19895       0.3378   5.37
    19896       0.3372   5.36
    19897       0.3374   5.36
    19898       0.3371   5.36
    19899       0.3371   5.37
    19900       0.3374   5.37
    19901       0.3372   5.36
    19902       0.3368   5.36
    19903       0.3515   5.36
    19904       0.3376   5.37
    19905       0.3365   5.37
    19906       0.3373   5.37
    19907       0.3378   5.37
    19908       0.3372   5.37
    19909       0.3376   5.37
    19910       0.3378   5.36
    19911       0.3375   5.37
    19912       0.3366   5.37
    19913       0.3377   5.37
    19914       0.3371   5.37
    19915       0.3368   5.36
    19916       0.3372   5.36
    19917       0.3369   5.37
    19918       0.3355   5.37
    19919       0.3373   5.37
    19920       0.3382   5.37
    19921       0.3366   5.37
    19922       0.3372   5.37
    19923       0.3382   5.37
    19924       0.3369   5.37
    19925       0.3374   5.37
    19926       0.3374   5.36
    19927       0.3370   5.36
    19928       0.3374   5.36
    19929       0.3425   5.36
    19930       0.3369   5.37
    19931       0.3519   5.37
    19932       0.3446   5.36
    19933       0.3380   5.36
    19934       0.3383   5.36
    19935       0.3384   5.37
    19936       0.3369   5.36
    19937       0.3374   5.36
    19938       0.3379   5.36
    19939       0.3386   5.36
    19940       0.3370   5.36
    19941       0.3470   5.36
    19942       0.3375   5.36
    19943       0.3369   5.36
    19944       0.3378   5.36
    19945       0.3375   5.37
    19946       0.3369   5.37
    19947       0.3373   5.37
    19948       0.3383   5.36
    19949       0.3371   5.36
    19950       0.3505   5.36
    19951       0.3375   5.36
    19952       0.3367   5.36
    19953       0.3370   5.36
    19954       0.3382   5.36
    19955       0.3374   5.36
    19956       0.3378   5.36
    19957       0.3438   5.37
    19958       0.3361   5.36
    19959       0.3378   5.36
    19960       0.3376   5.36
    19961       0.3377   5.37
    19962       0.3376   5.37
    19963       0.3376   5.36
    19964       0.3378   5.36
    19965       0.3361   5.36
    19966       0.3391   5.36
    19967       0.3375   5.37
    19968       0.3373   5.37
    19969       0.3382   5.37
    19970       0.3378   5.37
    19971       0.3364   5.36
    19972       0.3372   5.36
    19973       0.3381   5.36
    19974       0.3370   5.36
    19975       0.3380   5.36
    19976       0.3380   5.37
    19977       0.3362   5.36
    19978       0.3381   5.36
    19979       0.3379   5.36
    19980       0.3376   5.37
    19981       0.3377   5.37
    19982       0.3374   5.36
    19983       0.3371   5.36
    19984       0.3374   5.36
    19985       0.3376   5.36
    19986       0.3373   5.37
    19987       0.3368   5.37
    19988       0.3521   5.37
    19989       0.3381   5.36
    19990       0.3372   5.36
    19991       0.3376   5.36
    19992       0.3382   5.36
    19993       0.3362   5.37
    19994       0.3372   5.37
    19995       0.3375   5.37
    19996       0.3367   5.37
    19997       0.3375   5.37
    19998       0.3370   5.36
    19999       0.3366   5.37

  histograma, classes de 0,010 ns
  0.330 a 0.340  17774  ######################################################
  0.340 a 0.350  1516  #####
  0.350 a 0.360   710  ###

  minimo 0.3349   mediana 0.3376   maximo 0.3579
  periodo de clock ao FIM: 0.3241 ns (3.09 GHz)
  CICLOS por operacao
    por HARDWARE (sysfs 5.39 GHz):  1.820
    por EMISSAO  (medido 3.09 GHz): 1.042
    razao emissao/hardware: 0.57   <- o nucleo esta sendo dividido
