  sonda-relaxed: 20000 amostras de 2000000 rodadas, cpu 0, governor performance

  periodo de clock MEDIDO, apos 400 ms de aquecimento: 0.3212 ns  (3.11 GHz)
  frequencia lida do sysfs no mesmo instante:         5.43 GHz

  amostra  ns/operacao   GHz
  -------  -----------  -----
        0       0.3367   5.42
        1       0.3362   5.43
        2       0.3366   5.43
        3       0.3376   5.42
        4       0.3373   5.41
        5       0.3382   5.41
        6       0.3382   5.41
        7       0.3386   5.41
        8       0.3368   5.41
        9       0.3385   5.41
       10       0.3393   5.40
       11       0.3381   5.41
       12       0.3389   5.41
       13       0.3389   5.41
       14       0.3371   5.41
       15       0.3373   5.41
       16       0.3369   5.40
       17       0.3370   5.40
       18       0.3368   5.40
       19       0.3368   5.40
       20       0.3360   5.40
       21       0.3363   5.40
       22       0.3362   5.40
       23       0.3358   5.40
       24       0.3361   5.40
       25       0.3359   5.40
       26       0.3358   5.40
       27       0.3364   5.40
       28       0.3360   5.40
       29       0.3357   5.40
       30       0.3362   5.40
       31       0.3368   5.40
       32       0.3364   5.40
       33       0.3365   5.40
       34       0.3369   5.40
       35       0.3365   5.40
       36       0.3369   5.40
       37       0.3366   5.40
       38       0.3360   5.40
       39       0.3352   5.40
       40       0.3358   5.40
       41       0.3360   5.39
       42       0.3354   5.39
       43       0.3356   5.39
       44       0.3359   5.39
       45       0.3356   5.39
       46       0.3359   5.39
       47       0.3364   5.39
       48       0.3358   5.39
       49       0.3359   5.39
       50       0.3351   5.38
       51       0.3354   5.38
       52       0.3357   5.38
       53       0.3358   5.38
       54       0.3348   5.38
       55       0.3360   5.38
       56       0.3354   5.38
       57       0.3347   5.38
       58       0.3355   5.38
       59       0.3351   5.38
       60       0.3363   5.38
       61       0.3357   5.38
       62       0.3358   5.38
       63       0.3358   5.38
       64       0.3359   5.38
       65       0.3359   5.38
       66       0.3357   5.38
       67       0.3357   5.38
       68       0.3367   5.38
       69       0.3360   5.38
       70       0.3368   5.38
       71       0.3363   5.38
       72       0.3365   5.38
       73       0.3365   5.38
       74       0.3367   5.38
       75       0.3355   5.38
       76       0.3370   5.38
       77       0.3372   5.38
       78       0.3369   5.38
       79       0.3364   5.38
       80       0.3369   5.38
       81       0.3368   5.38
       82       0.3357   5.38
       83       0.3373   5.38
       84       0.3368   5.38
       85       0.3359   5.38
       86       0.3367   5.38
       87       0.3366   5.37
       88       0.3356   5.37
       89       0.3368   5.37
       90       0.3370   5.38
       91       0.3363   5.38
       92       0.3375   5.38
       93       0.3372   5.37
       94       0.3352   5.38
       95       0.3365   5.38
       96       0.3362   5.38
       97       0.3354   5.37
       98       0.3368   5.37
       99       0.3371   5.38
      100       0.3364   5.38
      101       0.3364   5.38
      102       0.3366   5.37
      103       0.3357   5.38
      104       0.3366   5.38
      105       0.3365   5.38
      106       0.3356   5.38
      107       0.3364   5.38
      108       0.3364   5.38
      109       0.3359   5.38
      110       0.3371   5.38
      111       0.3367   5.38
      112       0.3366   5.38
      113       0.3360   5.38
      114       0.3364   5.38
      115       0.3356   5.38
      116       0.3372   5.38
      117       0.3367   5.38
      118       0.3366   5.38
      119       0.3351   5.38
      120       0.3360   5.38
      121       0.3362   5.38
      122       0.3364   5.38
      123       0.3359   5.38
      124       0.3363   5.38
      125       0.3358   5.38
      126       0.3375   5.38
      127       0.3375   5.38
      128       0.3362   5.38
      129       0.3361   5.38
      130       0.3358   5.38
      131       0.3365   5.38
      132       0.3366   5.38
      133       0.3360   5.38
      134       0.3364   5.37
      135       0.3366   5.37
      136       0.3370   5.38
      137       0.3367   5.38
      138       0.3371   5.38
      139       0.3367   5.38
      140       0.3349   5.38
      141       0.3365   5.38
      142       0.3368   5.38
      143       0.3351   5.38
      144       0.3367   5.38
      145       0.3367   5.38
      146       0.3355   5.37
      147       0.3364   5.37
      148       0.3368   5.38
      149       0.3361   5.38
      150       0.3370   5.38
      151       0.3363   5.38
      152       0.3352   5.38
      153       0.3371   5.38
      154       0.3370   5.37
      155       0.3367   5.37
      156       0.3363   5.38
      157       0.3366   5.38
      158       0.3363   5.38
      159       0.3357   5.38
      160       0.3365   5.38
      161       0.3373   5.38
      162       0.3361   5.38
      163       0.3365   5.38
      164       0.3361   5.38
      165       0.3350   5.38
      166       0.3366   5.38
      167       0.3364   5.38
      168       0.3355   5.38
      169       0.3356   5.38
      170       0.3359   5.38
      171       0.3357   5.38
      172       0.3372   5.38
      173       0.3369   5.38
      174       0.3364   5.38
      175       0.3371   5.38
      176       0.3365   5.38
      177       0.3353   5.38
      178       0.3360   5.38
      179       0.3357   5.37
      180       0.3358   5.38
      181       0.3363   5.38
      182       0.3365   5.37
      183       0.3359   5.38
      184       0.3370   5.38
      185       0.3367   5.38
      186       0.3358   5.38
      187       0.3363   5.38
      188       0.3369   5.38
      189       0.3371   5.38
      190       0.3371   5.38
      191       0.3366   5.37
      192       0.3356   5.37
      193       0.3374   5.37
      194       0.3362   5.37
      195       0.3370   5.38
      196       0.3357   5.38
      197       0.3370   5.38
      198       0.3373   5.38
      199       0.3355   5.37
      200       0.3364   5.37
      201       0.3362   5.38
      202       0.3361   5.37
      203       0.3360   5.37
      204       0.3361   5.37
      205       0.3352   5.37
      206       0.3368   5.37
      207       0.3370   5.37
      208       0.3359   5.38
      209       0.3371   5.38
      210       0.3367   5.38
      211       0.3360   5.37
      212       0.3364   5.37
      213       0.3365   5.37
      214       0.3362   5.38
      215       0.3368   5.38
      216       0.3362   5.38
      217       0.3359   5.37
      218       0.3366   5.37
      219       0.3365   5.37
      220       0.3366   5.37
      221       0.3362   5.37
      222       0.3358   5.37
      223       0.3361   5.38
      224       0.3372   5.38
      225       0.3367   5.37
      226       0.3359   5.38
      227       0.3368   5.38
      228       0.3362   5.38
      229       0.3357   5.37
      230       0.3376   5.37
      231       0.3372   5.38
      232       0.3360   5.38
      233       0.3359   5.37
      234       0.3368   5.37
      235       0.3362   5.38
      236       0.3357   5.37
      237       0.3365   5.37
      238       0.3367   5.38
      239       0.3355   5.38
      240       0.3367   5.38
      241       0.3360   5.38
      242       0.3358   5.38
      243       0.3372   5.38
      244       0.3376   5.37
      245       0.3368   5.38
      246       0.3370   5.38
      247       0.3363   5.38
      248       0.3363   5.37
      249       0.3367   5.37
      250       0.3363   5.37
      251       0.3361   5.37
      252       0.3376   5.37
      253       0.3367   5.38
      254       0.3355   5.37
      255       0.3364   5.37
      256       0.3362   5.38
      257       0.3355   5.37
      258       0.3366   5.37
      259       0.3365   5.38
      260       0.3357   5.37
      261       0.3366   5.37
      262       0.3364   5.38
      263       0.3362   5.38
      264       0.3370   5.38
      265       0.3361   5.38
      266       0.3359   5.38
      267       0.3372   5.38
      268       0.3371   5.37
      269       0.3362   5.38
      270       0.3358   5.38
      271       0.3367   5.38
      272       0.3374   5.37
      273       0.3367   5.37
      274       0.3379   5.37
      275       0.3370   5.38
      276       0.3368   5.38
      277       0.3367   5.38
      278       0.3367   5.37
      279       0.3358   5.37
      280       0.3371   5.37
      281       0.3398   5.37
      282       0.3356   5.37
      283       0.3367   5.37
      284       0.3365   5.37
      285       0.3350   5.37
      286       0.3359   5.37
      287       0.3363   5.37
      288       0.3355   5.38
      289       0.3367   5.38
      290       0.3369   5.38
      291       0.3359   5.38
      292       0.3362   5.38
      293       0.3367   5.38
      294       0.3364   5.38
      295       0.3368   5.38
      296       0.3366   5.38
      297       0.3354   5.38
      298       0.3358   5.38
      299       0.3368   5.38
      300       0.3360   5.37
      301       0.3372   5.37
      302       0.3369   5.38
      303       0.3356   5.38
      304       0.3364   5.38
      305       0.3364   5.38
      306       0.3365   5.37
      307       0.3362   5.37
      308       0.3373   5.37
      309       0.3356   5.38
      310       0.3360   5.37
      311       0.3367   5.37
      312       0.3369   5.37
      313       0.3356   5.38
      314       0.3370   5.38
      315       0.3369   5.38
      316       0.3357   5.37
      317       0.3365   5.37
      318       0.3365   5.37
      319       0.3364   5.38
      320       0.3370   5.38
      321       0.3374   5.38
      322       0.3350   5.38
      323       0.3363   5.38
      324       0.3366   5.37
      325       0.3362   5.37
      326       0.3363   5.37
      327       0.3368   5.37
      328       0.3362   5.37
      329       0.3373   5.37
      330       0.3372   5.37
      331       0.3368   5.38
      332       0.3367   5.38
      333       0.3362   5.37
      334       0.3362   5.37
      335       0.3370   5.37
      336       0.3370   5.37
      337       0.3360   5.37
      338       0.3362   5.37
      339       0.3369   5.37
      340       0.3366   5.38
      341       0.3359   5.38
      342       0.3365   5.37
      343       0.3367   5.38
      344       0.3357   5.38
      345       0.3362   5.38
      346       0.3367   5.38
      347       0.3360   5.38
      348       0.3367   5.38
      349       0.3370   5.38
      350       0.3359   5.38
      351       0.3366   5.38
      352       0.3369   5.37
      353       0.3368   5.38
      354       0.3370   5.38
      355       0.3368   5.37
      356       0.3359   5.37
      357       0.3372   5.37
      358       0.3368   5.37
      359       0.3353   5.37
      360       0.3366   5.37
      361       0.3361   5.37
      362       0.3354   5.37
      363       0.3366   5.37
      364       0.3374   5.37
      365       0.3350   5.37
      366       0.3362   5.37
      367       0.3366   5.37
      368       0.3362   5.38
      369       0.3369   5.38
      370       0.3371   5.38
      371       0.3371   5.37
      372       0.3467   5.37
      373       0.3366   5.38
      374       0.3359   5.38
      375       0.3372   5.38
      376       0.3384   5.37
      377       0.3369   5.37
      378       0.3355   5.37
      379       0.3358   5.37
      380       0.3359   5.37
      381       0.3352   5.37
      382       0.3370   5.37
      383       0.3366   5.37
      384       0.3357   5.38
      385       0.3370   5.38
      386       0.3368   5.38
      387       0.3361   5.38
      388       0.3371   5.38
      389       0.3369   5.38
      390       0.3355   5.37
      391       0.3361   5.37
      392       0.3367   5.37
      393       0.3369   5.37
      394       0.3365   5.37
      395       0.3368   5.37
      396       0.3356   5.37
      397       0.3368   5.37
      398       0.3360   5.37
      399       0.3351   5.38
      400       0.3362   5.38
      401       0.3366   5.38
      402       0.3355   5.38
      403       0.3369   5.38
      404       0.3363   5.38
      405       0.3347   5.38
      406       0.3369   5.38
      407       0.3369   5.38
      408       0.3358   5.38
      409       0.3356   5.38
      410       0.3363   5.37
      411       0.3350   5.37
      412       0.3365   5.37
      413       0.3363   5.38
      414       0.3369   5.38
      415       0.3359   5.38
      416       0.3369   5.38
      417       0.3368   5.38
      418       0.3357   5.38
      419       0.3368   5.38
      420       0.3360   5.38
      421       0.3353   5.38
      422       0.3361   5.38
      423       0.3360   5.38
      424       0.3360   5.38
      425       0.3364   5.38
      426       0.3362   5.38
      427       0.3360   5.38
      428       0.3364   5.38
      429       0.3360   5.38
      430       0.3346   5.38
      431       0.3370   5.38
      432       0.3375   5.38
      433       0.3369   5.38
      434       0.3368   5.38
      435       0.3366   5.38
      436       0.3373   5.37
      437       0.3373   5.37
      438       0.3369   5.38
      439       0.3355   5.38
      440       0.3359   5.38
      441       0.3365   5.37
      442       0.3357   5.37
      443       0.3356   5.37
      444       0.3362   5.38
      445       0.3358   5.38
      446       0.3363   5.38
      447       0.3358   5.38
      448       0.3355   5.38
      449       0.3373   5.38
      450       0.3362   5.38
      451       0.3351   5.38
      452       0.3377   5.38
      453       0.3373   5.38
      454       0.3367   5.38
      455       0.3362   5.38
      456       0.3367   5.38
      457       0.3367   5.38
      458       0.3361   5.38
      459       0.3365   5.38
      460       0.3365   5.38
      461       0.3359   5.38
      462       0.3363   5.38
      463       0.3356   5.38
      464       0.3353   5.38
      465       0.3364   5.38
      466       0.3360   5.38
      467       0.3361   5.38
      468       0.3369   5.38
      469       0.3368   5.38
      470       0.3356   5.38
      471       0.3362   5.38
      472       0.3361   5.38
      473       0.3358   5.38
      474       0.3359   5.38
      475       0.3360   5.38
      476       0.3352   5.38
      477       0.3362   5.38
      478       0.3362   5.38
      479       0.3359   5.38
      480       0.3374   5.38
      481       0.3370   5.38
      482       0.3360   5.38
      483       0.3367   5.38
      484       0.3366   5.38
      485       0.3355   5.38
      486       0.3371   5.38
      487       0.3369   5.38
      488       0.3361   5.38
      489       0.3369   5.38
      490       0.3372   5.38
      491       0.3370   5.37
      492       0.3367   5.37
      493       0.3372   5.37
      494       0.3376   5.37
      495       0.3359   5.37
      496       0.3371   5.37
      497       0.3373   5.37
      498       0.3366   5.37
      499       0.3370   5.37
      500       0.3364   5.37
      501       0.3363   5.37
      502       0.3359   5.37
      503       0.3361   5.37
      504       0.3352   5.37
      505       0.3375   5.37
      506       0.3372   5.37
      507       0.3355   5.37
      508       0.3360   5.37
      509       0.3369   5.37
      510       0.3367   5.37
      511       0.3367   5.37
      512       0.3365   5.37
      513       0.3352   5.37
      514       0.3367   5.37
      515       0.3371   5.37
      516       0.3359   5.37
      517       0.3372   5.37
      518       0.3366   5.37
      519       0.3349   5.37
      520       0.3363   5.37
      521       0.3371   5.37
      522       0.3359   5.38
      523       0.3364   5.38
      524       0.3362   5.38
      525       0.3358   5.37
      526       0.3362   5.37
      527       0.3368   5.38
      528       0.3362   5.38
      529       0.3358   5.38
      530       0.3367   5.38
      531       0.3370   5.38
      532       0.3357   5.38
      533       0.3362   5.38
      534       0.3366   5.38
      535       0.3364   5.38
      536       0.3365   5.38
      537       0.3370   5.37
      538       0.3362   5.38
      539       0.3364   5.38
      540       0.3363   5.38
      541       0.3357   5.37
      542       0.3367   5.37
      543       0.3361   5.38
      544       0.3352   5.38
      545       0.3366   5.38
      546       0.3368   5.37
      547       0.3368   5.38
      548       0.3371   5.38
      549       0.3365   5.38
      550       0.3366   5.38
      551       0.3363   5.38
      552       0.3370   5.38
      553       0.3371   5.38
      554       0.3373   5.38
      555       0.3372   5.37
      556       0.3361   5.37
      557       0.3361   5.37
      558       0.3366   5.37
      559       0.3372   5.37
      560       0.3371   5.37
      561       0.3373   5.37
      562       0.3359   5.37
      563       0.3364   5.37
      564       0.3366   5.37
      565       0.3368   5.37
      566       0.3352   5.37
      567       0.3372   5.37
      568       0.3372   5.37
      569       0.3359   5.37
      570       0.3362   5.37
      571       0.3366   5.38
      572       0.3371   5.38
      573       0.3369   5.38
      574       0.3364   5.38
      575       0.3362   5.38
      576       0.3372   5.38
      577       0.3366   5.37
      578       0.3356   5.37
      579       0.3366   5.37
      580       0.3361   5.37
      581       0.3362   5.37
      582       0.3368   5.37
      583       0.3372   5.37
      584       0.3361   5.37
      585       0.3369   5.37
      586       0.3364   5.37
      587       0.3355   5.37
      588       0.3368   5.37
      589       0.3365   5.37
      590       0.3358   5.37
      591       0.3359   5.37
      592       0.3367   5.38
      593       0.3363   5.38
      594       0.3368   5.38
      595       0.3367   5.37
      596       0.3358   5.37
      597       0.3362   5.37
      598       0.3371   5.37
      599       0.3368   5.38
      600       0.3365   5.38
      601       0.3361   5.38
      602       0.3363   5.37
      603       0.3351   5.37
      604       0.3356   5.37
      605       0.3371   5.38
      606       0.3371   5.38
      607       0.3372   5.38
      608       0.3369   5.38
      609       0.3362   5.38
      610       0.3364   5.38
      611       0.3367   5.37
      612       0.3364   5.37
      613       0.3362   5.37
      614       0.3374   5.37
      615       0.3364   5.38
      616       0.3364   5.38
      617       0.3372   5.38
      618       0.3364   5.38
      619       0.3363   5.38
      620       0.3365   5.38
      621       0.3354   5.37
      622       0.3368   5.37
      623       0.3368   5.38
      624       0.3375   5.38
      625       0.3372   5.38
      626       0.3365   5.38
      627       0.3358   5.37
      628       0.3364   5.37
      629       0.3358   5.38
      630       0.3360   5.38
      631       0.3375   5.38
      632       0.3369   5.38
      633       0.3361   5.37
      634       0.3370   5.37
      635       0.3370   5.38
      636       0.3367   5.37
      637       0.3363   5.37
      638       0.3362   5.37
      639       0.3367   5.37
      640       0.3359   5.38
      641       0.3364   5.38
      642       0.3368   5.38
      643       0.3362   5.38
      644       0.3369   5.38
      645       0.3372   5.38
      646       0.3358   5.38
      647       0.3363   5.38
      648       0.3366   5.37
      649       0.3360   5.38
      650       0.3365   5.38
      651       0.3370   5.38
      652       0.3361   5.37
      653       0.3364   5.37
      654       0.3368   5.37
      655       0.3363   5.38
      656       0.3370   5.38
      657       0.3370   5.38
      658       0.3363   5.37
      659       0.3363   5.37
      660       0.3364   5.37
      661       0.3359   5.38
      662       0.3369   5.38
      663       0.3357   5.38
      664       0.3355   5.37
      665       0.3364   5.37
      666       0.3370   5.38
      667       0.3369   5.38
      668       0.3364   5.38
      669       0.3369   5.38
      670       0.3363   5.38
      671       0.3369   5.38
      672       0.3370   5.37
      673       0.3369   5.38
      674       0.3363   5.38
      675       0.3356   5.38
      676       0.3356   5.37
      677       0.3354   5.38
      678       0.3367   5.38
      679       0.3362   5.38
      680       0.3352   5.38
      681       0.3365   5.38
      682       0.3364   5.38
      683       0.3356   5.38
      684       0.3360   5.38
      685       0.3362   5.38
      686       0.3356   5.38
      687       0.3367   5.38
      688       0.3368   5.38
      689       0.3354   5.38
      690       0.3360   5.38
      691       0.3358   5.38
      692       0.3363   5.38
      693       0.3363   5.38
      694       0.3361   5.38
      695       0.3352   5.38
      696       0.3361   5.38
      697       0.3360   5.38
      698       0.3353   5.38
      699       0.3366   5.38
      700       0.3362   5.38
      701       0.3354   5.38
      702       0.3365   5.38
      703       0.3367   5.38
      704       0.3363   5.38
      705       0.3362   5.38
      706       0.3366   5.38
      707       0.3358   5.38
      708       0.3365   5.38
      709       0.3365   5.37
      710       0.3356   5.38
      711       0.3366   5.38
      712       0.3362   5.38
      713       0.3363   5.38
      714       0.3366   5.38
      715       0.3363   5.38
      716       0.3367   5.38
      717       0.3359   5.38
      718       0.3360   5.38
      719       0.3351   5.38
      720       0.3352   5.38
      721       0.3361   5.38
      722       0.3366   5.37
      723       0.3359   5.38
      724       0.3365   5.38
      725       0.3361   5.38
      726       0.3369   5.38
      727       0.3375   5.38
      728       0.3370   5.38
      729       0.3361   5.37
      730       0.3366   5.37
      731       0.3372   5.38
      732       0.3364   5.37
      733       0.3367   5.37
      734       0.3363   5.37
      735       0.3358   5.38
      736       0.3368   5.38
      737       0.3360   5.37
      738       0.3353   5.37
      739       0.3361   5.37
      740       0.3362   5.38
      741       0.3357   5.38
      742       0.3356   5.38
      743       0.3357   5.38
      744       0.3355   5.37
      745       0.3366   5.37
      746       0.3365   5.38
      747       0.3360   5.38
      748       0.3366   5.38
      749       0.3364   5.38
      750       0.3358   5.38
      751       0.3364   5.38
      752       0.3367   5.38
      753       0.3364   5.38
      754       0.3358   5.38
      755       0.3363   5.38
      756       0.3356   5.38
      757       0.3356   5.37
      758       0.3358   5.37
      759       0.3365   5.38
      760       0.3353   5.38
      761       0.3359   5.38
      762       0.3366   5.38
      763       0.3367   5.38
      764       0.3366   5.38
      765       0.3365   5.38
      766       0.3362   5.38
      767       0.3371   5.38
      768       0.3370   5.38
      769       0.3359   5.38
      770       0.3361   5.38
      771       0.3363   5.38
      772       0.3371   5.38
      773       0.3378   5.38
      774       0.3373   5.37
      775       0.3354   5.37
      776       0.3359   5.37
      777       0.3358   5.37
      778       0.3353   5.37
      779       0.3363   5.37
      780       0.3369   5.37
      781       0.3365   5.38
      782       0.3372   5.38
      783       0.3364   5.38
      784       0.3358   5.38
      785       0.3372   5.38
      786       0.3366   5.37
      787       0.3351   5.38
      788       0.3373   5.38
      789       0.3375   5.37
      790       0.3370   5.37
      791       0.3361   5.37
      792       0.3365   5.37
      793       0.3359   5.37
      794       0.3352   5.37
      795       0.3356   5.37
      796       0.3360   5.38
      797       0.3356   5.38
      798       0.3372   5.38
      799       0.3366   5.38
      800       0.3353   5.37
      801       0.3355   5.37
      802       0.3366   5.37
      803       0.3368   5.38
      804       0.3370   5.38
      805       0.3367   5.38
      806       0.3365   5.37
      807       0.3370   5.37
      808       0.3368   5.38
      809       0.3359   5.37
      810       0.3359   5.37
      811       0.3361   5.37
      812       0.3358   5.37
      813       0.3360   5.37
      814       0.3361   5.37
      815       0.3357   5.37
      816       0.3360   5.37
      817       0.3363   5.38
      818       0.3361   5.38
      819       0.3376   5.38
      820       0.3373   5.38
      821       0.3357   5.38
      822       0.3362   5.38
      823       0.3366   5.37
      824       0.3360   5.37
      825       0.3360   5.37
      826       0.3365   5.38
      827       0.3357   5.38
      828       0.3362   5.38
      829       0.3359   5.38
      830       0.3361   5.38
      831       0.3364   5.38
      832       0.3367   5.38
      833       0.3365   5.38
      834       0.3358   5.37
      835       0.3371   5.37
      836       0.3368   5.38
      837       0.3361   5.37
      838       0.3370   5.37
      839       0.3368   5.38
      840       0.3363   5.38
      841       0.3365   5.38
      842       0.3363   5.37
      843       0.3353   5.38
      844       0.3362   5.38
      845       0.3368   5.38
      846       0.3364   5.38
      847       0.3372   5.38
      848       0.3359   5.38
      849       0.3361   5.37
      850       0.3370   5.37
      851       0.3362   5.38
      852       0.3362   5.38
      853       0.3367   5.38
      854       0.3366   5.38
      855       0.3361   5.38
      856       0.3364   5.38
      857       0.3367   5.37
      858       0.3363   5.38
      859       0.3362   5.38
      860       0.3365   5.38
      861       0.3370   5.37
      862       0.3370   5.37
      863       0.3367   5.38
      864       0.3357   5.37
      865       0.3372   5.37
      866       0.3368   5.37
      867       0.3369   5.38
      868       0.3362   5.38
      869       0.3374   5.38
      870       0.3371   5.37
      871       0.3366   5.37
      872       0.3366   5.37
      873       0.3368   5.37
      874       0.3361   5.38
      875       0.3368   5.38
      876       0.3365   5.38
      877       0.3360   5.38
      878       0.3369   5.38
      879       0.3366   5.38
      880       0.3354   5.38
      881       0.3365   5.38
      882       0.3365   5.38
      883       0.3362   5.38
      884       0.3368   5.38
      885       0.3371   5.37
      886       0.3365   5.38
      887       0.3366   5.38
      888       0.3369   5.37
      889       0.3367   5.38
      890       0.3372   5.38
      891       0.3373   5.38
      892       0.3366   5.38
      893       0.3373   5.38
      894       0.3371   5.37
      895       0.3363   5.37
      896       0.3363   5.37
      897       0.3369   5.37
      898       0.3358   5.38
      899       0.3367   5.38
      900       0.3366   5.38
      901       0.3360   5.38
      902       0.3360   5.38
      903       0.3366   5.38
      904       0.3375   5.38
      905       0.3365   5.38
      906       0.3375   5.38
      907       0.3377   5.37
      908       0.3362   5.37
      909       0.3363   5.37
      910       0.3363   5.38
      911       0.3360   5.37
      912       0.3373   5.37
      913       0.3379   5.37
      914       0.3362   5.38
      915       0.3368   5.38
      916       0.3363   5.37
      917       0.3360   5.37
      918       0.3365   5.37
      919       0.3369   5.37
      920       0.3357   5.37
      921       0.3366   5.37
      922       0.3365   5.38
      923       0.3364   5.38
      924       0.3370   5.38
      925       0.3373   5.38
      926       0.3360   5.37
      927       0.3374   5.37
      928       0.3377   5.37
      929       0.3367   5.38
      930       0.3376   5.38
      931       0.3374   5.38
      932       0.3369   5.37
      933       0.3369   5.37
      934       0.3365   5.38
      935       0.3359   5.37
      936       0.3362   5.37
      937       0.3364   5.37
      938       0.3370   5.38
      939       0.3356   5.38
      940       0.3371   5.38
      941       0.3375   5.38
      942       0.3359   5.38
      943       0.3364   5.38
      944       0.3373   5.37
      945       0.3362   5.38
      946       0.3368   5.38
      947       0.3364   5.38
      948       0.3358   5.38
      949       0.3364   5.38
      950       0.3367   5.38
      951       0.3362   5.38
      952       0.3367   5.38
      953       0.3366   5.38
      954       0.3362   5.37
      955       0.3367   5.37
      956       0.3372   5.38
      957       0.3361   5.38
      958       0.3373   5.38
      959       0.3372   5.38
      960       0.3366   5.38
      961       0.3380   5.38
      962       0.3372   5.37
      963       0.3365   5.38
      964       0.3377   5.38
      965       0.3373   5.37
      966       0.3366   5.37
      967       0.3370   5.37
      968       0.3372   5.37
      969       0.3352   5.37
      970       0.3370   5.37
      971       0.3374   5.37
      972       0.3378   5.38
      973       0.3356   5.38
      974       0.3362   5.38
      975       0.3367   5.37
      976       0.3361   5.37
      977       0.3367   5.37
      978       0.3367   5.38
      979       0.3361   5.38
      980       0.3368   5.38
      981       0.3369   5.38
      982       0.3363   5.38
      983       0.3371   5.38
      984       0.3372   5.38
      985       0.3361   5.38
      986       0.3373   5.38
      987       0.3377   5.38
      988       0.3366   5.38
      989       0.3375   5.38
      990       0.3375   5.38
      991       0.3359   5.38
      992       0.3363   5.38
      993       0.3371   5.38
      994       0.3373   5.37
      995       0.3371   5.37
      996       0.3373   5.37
      997       0.3356   5.37
      998       0.3371   5.37
      999       0.3368   5.38
     1000       0.3361   5.38
     1001       0.3375   5.38
     1002       0.3376   5.37
     1003       0.3361   5.37
     1004       0.3363   5.37
     1005       0.3364   5.37
     1006       0.3358   5.38
     1007       0.3373   5.38
     1008       0.3364   5.38
     1009       0.3371   5.38
     1010       0.3371   5.38
     1011       0.3371   5.38
     1012       0.3368   5.38
     1013       0.3359   5.38
     1014       0.3363   5.38
     1015       0.3371   5.38
     1016       0.3358   5.38
     1017       0.3368   5.38
     1018       0.3364   5.38
     1019       0.3364   5.38
     1020       0.3369   5.38
     1021       0.3366   5.38
     1022       0.3368   5.38
     1023       0.3374   5.38
     1024       0.3370   5.38
     1025       0.3360   5.38
     1026       0.3367   5.38
     1027       0.3365   5.38
     1028       0.3365   5.38
     1029       0.3367   5.38
     1030       0.3368   5.38
     1031       0.3364   5.38
     1032       0.3370   5.38
     1033       0.3372   5.38
     1034       0.3355   5.38
     1035       0.3362   5.38
     1036       0.3369   5.38
     1037       0.3360   5.38
     1038       0.3373   5.38
     1039       0.3368   5.38
     1040       0.3360   5.38
     1041       0.3366   5.38
     1042       0.3366   5.38
     1043       0.3361   5.38
     1044       0.3364   5.38
     1045       0.3368   5.38
     1046       0.3364   5.38
     1047       0.3365   5.38
     1048       0.3372   5.38
     1049       0.3376   5.38
     1050       0.3363   5.38
     1051       0.3365   5.38
     1052       0.3363   5.38
     1053       0.3365   5.38
     1054       0.3373   5.38
     1055       0.3374   5.38
     1056       0.3371   5.37
     1057       0.3375   5.37
     1058       0.3375   5.37
     1059       0.3365   5.37
     1060       0.3366   5.37
     1061       0.3371   5.37
     1062       0.3372   5.37
     1063       0.3372   5.37
     1064       0.3370   5.37
     1065       0.3353   5.37
     1066       0.3364   5.37
     1067       0.3363   5.37
     1068       0.3361   5.37
     1069       0.3370   5.37
     1070       0.3372   5.38
     1071       0.3369   5.38
     1072       0.3364   5.38
     1073       0.3369   5.38
     1074       0.3358   5.38
     1075       0.3369   5.38
     1076       0.3367   5.37
     1077       0.3370   5.38
     1078       0.3359   5.38
     1079       0.3375   5.38
     1080       0.3366   5.37
     1081       0.3347   5.37
     1082       0.3365   5.37
     1083       0.3360   5.38
     1084       0.3363   5.38
     1085       0.3357   5.38
     1086       0.3357   5.38
     1087       0.3342   5.38
     1088       0.3349   5.38
     1089       0.3351   5.38
     1090       0.3342   5.38
     1091       0.3358   5.38
     1092       0.3357   5.38
     1093       0.3350   5.38
     1094       0.3360   5.38
     1095       0.3360   5.38
     1096       0.3352   5.38
     1097       0.3356   5.38
     1098       0.3355   5.38
     1099       0.3341   5.37
     1100       0.3355   5.37
     1101       0.3352   5.37
     1102       0.3339   5.38
     1103       0.3348   5.38
     1104       0.3349   5.38
     1105       0.3342   5.37
     1106       0.3348   5.37
     1107       0.3353   5.38
     1108       0.3343   5.38
     1109       0.3354   5.38
     1110       0.3355   5.38
     1111       0.3351   5.38
     1112       0.3359   5.38
     1113       0.3356   5.38
     1114       0.3354   5.37
     1115       0.3352   5.37
     1116       0.3346   5.37
     1117       0.3343   5.37
     1118       0.3353   5.37
     1119       0.3352   5.38
     1120       0.3351   5.37
     1121       0.3355   5.37
     1122       0.3358   5.38
     1123       0.3347   5.37
     1124       0.3349   5.37
     1125       0.3353   5.38
     1126       0.3346   5.38
     1127       0.3354   5.38
     1128       0.3349   5.37
     1129       0.3350   5.38
     1130       0.3348   5.38
     1131       0.3353   5.38
     1132       0.3350   5.38
     1133       0.3347   5.38
     1134       0.3358   5.38
     1135       0.3355   5.38
     1136       0.3353   5.38
     1137       0.3362   5.38
     1138       0.3356   5.38
     1139       0.3344   5.37
     1140       0.3355   5.37
     1141       0.3355   5.37
     1142       0.3342   5.38
     1143       0.3353   5.38
     1144       0.3347   5.38
     1145       0.3337   5.38
     1146       0.3358   5.38
     1147       0.3353   5.37
     1148       0.3336   5.38
     1149       0.3352   5.38
     1150       0.3361   5.38
     1151       0.3346   5.38
     1152       0.3357   5.38
     1153       0.3356   5.38
     1154       0.3344   5.38
     1155       0.3356   5.38
     1156       0.3351   5.38
     1157       0.3344   5.37
     1158       0.3358   5.37
     1159       0.3354   5.37
     1160       0.3349   5.38
     1161       0.3350   5.38
     1162       0.3351   5.38
     1163       0.3347   5.38
     1164       0.3347   5.38
     1165       0.3347   5.38
     1166       0.3344   5.38
     1167       0.3349   5.38
     1168       0.3354   5.38
     1169       0.3345   5.38
     1170       0.3353   5.38
     1171       0.3347   5.38
     1172       0.3343   5.38
     1173       0.3345   5.38
     1174       0.3347   5.38
     1175       0.3349   5.38
     1176       0.3351   5.38
     1177       0.3351   5.38
     1178       0.3340   5.38
     1179       0.3349   5.38
     1180       0.3349   5.38
     1181       0.3353   5.38
     1182       0.3346   5.38
     1183       0.3354   5.38
     1184       0.3353   5.38
     1185       0.3337   5.38
     1186       0.3352   5.38
     1187       0.3357   5.38
     1188       0.3346   5.38
     1189       0.3348   5.38
     1190       0.3351   5.38
     1191       0.3347   5.38
     1192       0.3352   5.38
     1193       0.3349   5.38
     1194       0.3349   5.38
     1195       0.3354   5.38
     1196       0.3351   5.38
     1197       0.3349   5.38
     1198       0.3352   5.38
     1199       0.3348   5.38
     1200       0.3346   5.38
     1201       0.3356   5.38
     1202       0.3356   5.38
     1203       0.3348   5.38
     1204       0.3353   5.38
     1205       0.3357   5.38
     1206       0.3339   5.38
     1207       0.3351   5.38
     1208       0.3354   5.38
     1209       0.3341   5.38
     1210       0.3351   5.38
     1211       0.3352   5.38
     1212       0.3353   5.38
     1213       0.3352   5.38
     1214       0.3349   5.38
     1215       0.3344   5.38
     1216       0.3355   5.38
     1217       0.3353   5.38
     1218       0.3338   5.38
     1219       0.3350   5.38
     1220       0.3349   5.38
     1221       0.3352   5.38
     1222       0.3350   5.38
     1223       0.3357   5.38
     1224       0.3348   5.38
     1225       0.3348   5.38
     1226       0.3342   5.38
     1227       0.3348   5.38
     1228       0.3351   5.38
     1229       0.3356   5.38
     1230       0.3341   5.38
     1231       0.3345   5.38
     1232       0.3352   5.38
     1233       0.3349   5.38
     1234       0.3343   5.38
     1235       0.3356   5.38
     1236       0.3349   5.38
     1237       0.3356   5.38
     1238       0.3357   5.38
     1239       0.3347   5.38
     1240       0.3346   5.38
     1241       0.3356   5.38
     1242       0.3351   5.38
     1243       0.3347   5.38
     1244       0.3357   5.38
     1245       0.3359   5.38
     1246       0.3343   5.38
     1247       0.3352   5.38
     1248       0.3354   5.38
     1249       0.3357   5.38
     1250       0.3363   5.38
     1251       0.3354   5.38
     1252       0.3348   5.38
     1253       0.3353   5.38
     1254       0.3363   5.38
     1255       0.3343   5.38
     1256       0.3355   5.38
     1257       0.3354   5.38
     1258       0.3354   5.38
     1259       0.3359   5.38
     1260       0.3354   5.38
     1261       0.3344   5.38
     1262       0.3355   5.38
     1263       0.3358   5.38
     1264       0.3348   5.37
     1265       0.3348   5.37
     1266       0.3360   5.38
     1267       0.3351   5.38
     1268       0.3353   5.38
     1269       0.3345   5.38
     1270       0.3344   5.38
     1271       0.3353   5.38
     1272       0.3352   5.38
     1273       0.3347   5.38
     1274       0.3364   5.38
     1275       0.3359   5.38
     1276       0.3353   5.38
     1277       0.3358   5.38
     1278       0.3353   5.38
     1279       0.3336   5.37
     1280       0.3362   5.37
     1281       0.3347   5.37
     1282       0.3340   5.38
     1283       0.3360   5.38
     1284       0.3350   5.38
     1285       0.3353   5.38
     1286       0.3361   5.38
     1287       0.3354   5.37
     1288       0.3357   5.37
     1289       0.3344   5.38
     1290       0.3348   5.38
     1291       0.3357   5.37
     1292       0.3345   5.38
     1293       0.3354   5.38
     1294       0.3359   5.38
     1295       0.3346   5.38
     1296       0.3353   5.38
     1297       0.3354   5.38
     1298       0.3342   5.38
     1299       0.3359   5.38
     1300       0.3355   5.38
     1301       0.3344   5.37
     1302       0.3351   5.37
     1303       0.3356   5.38
     1304       0.3350   5.38
     1305       0.3364   5.38
     1306       0.3362   5.38
     1307       0.3348   5.38
     1308       0.3358   5.38
     1309       0.3359   5.37
     1310       0.3347   5.37
     1311       0.3359   5.37
     1312       0.3363   5.37
     1313       0.3347   5.38
     1314       0.3355   5.38
     1315       0.3362   5.38
     1316       0.3347   5.37
     1317       0.3361   5.37
     1318       0.3354   5.37
     1319       0.3332   5.37
     1320       0.3356   5.37
     1321       0.3358   5.37
     1322       0.3350   5.37
     1323       0.3374   5.37
     1324       0.3360   5.37
     1325       0.3345   5.38
     1326       0.3356   5.38
     1327       0.3354   5.38
     1328       0.3347   5.37
     1329       0.3350   5.37
     1330       0.3355   5.38
     1331       0.3341   5.38
     1332       0.3360   5.38
     1333       0.3360   5.38
     1334       0.3351   5.38
     1335       0.3356   5.38
     1336       0.3355   5.38
     1337       0.3352   5.37
     1338       0.3346   5.37
     1339       0.3355   5.37
     1340       0.3362   5.38
     1341       0.3343   5.38
     1342       0.3356   5.38
     1343       0.3364   5.37
     1344       0.3347   5.37
     1345       0.3352   5.37
     1346       0.3355   5.38
     1347       0.3350   5.37
     1348       0.3359   5.37
     1349       0.3360   5.37
     1350       0.3354   5.37
     1351       0.3352   5.37
     1352       0.3351   5.38
     1353       0.3342   5.37
     1354       0.3347   5.37
     1355       0.3356   5.38
     1356       0.3353   5.38
     1357       0.3355   5.38
     1358       0.3351   5.38
     1359       0.3348   5.38
     1360       0.3358   5.38
     1361       0.3364   5.38
     1362       0.3351   5.38
     1363       0.3352   5.38
     1364       0.3351   5.38
     1365       0.3343   5.38
     1366       0.3351   5.38
     1367       0.3351   5.37
     1368       0.3354   5.38
     1369       0.3353   5.38
     1370       0.3349   5.38
     1371       0.3347   5.38
     1372       0.3354   5.38
     1373       0.3351   5.38
     1374       0.3349   5.38
     1375       0.3355   5.38
     1376       0.3351   5.38
     1377       0.3353   5.38
     1378       0.3357   5.38
     1379       0.3352   5.38
     1380       0.3342   5.38
     1381       0.3358   5.38
     1382       0.3354   5.38
     1383       0.3347   5.38
     1384       0.3358   5.38
     1385       0.3361   5.37
     1386       0.3348   5.37
     1387       0.3345   5.37
     1388       0.3354   5.37
     1389       0.3351   5.38
     1390       0.3352   5.38
     1391       0.3360   5.38
     1392       0.3354   5.38
     1393       0.3350   5.38
     1394       0.3360   5.38
     1395       0.3358   5.38
     1396       0.3340   5.37
     1397       0.3358   5.37
     1398       0.3361   5.37
     1399       0.3348   5.38
     1400       0.3357   5.38
     1401       0.3356   5.38
     1402       0.3356   5.37
     1403       0.3361   5.37
     1404       0.3353   5.37
     1405       0.3344   5.38
     1406       0.3352   5.38
     1407       0.3350   5.38
     1408       0.3345   5.38
     1409       0.3354   5.38
     1410       0.3361   5.37
     1411       0.3341   5.38
     1412       0.3352   5.38
     1413       0.3353   5.38
     1414       0.3346   5.38
     1415       0.3350   5.38
     1416       0.3357   5.37
     1417       0.3346   5.37
     1418       0.3676   5.37
     1419       0.3349   5.37
     1420       0.3343   5.38
     1421       0.3358   5.38
     1422       0.3352   5.38
     1423       0.3331   5.38
     1424       0.3360   5.38
     1425       0.3347   5.38
     1426       0.3349   5.38
     1427       0.3342   5.38
     1428       0.3357   5.38
     1429       0.3357   5.38
     1430       0.3355   5.38
     1431       0.3357   5.38
     1432       0.3356   5.38
     1433       0.3345   5.37
     1434       0.3357   5.37
     1435       0.3355   5.38
     1436       0.3346   5.38
     1437       0.3359   5.38
     1438       0.3353   5.38
     1439       0.3350   5.38
     1440       0.3352   5.38
     1441       0.3358   5.37
     1442       0.3352   5.38
     1443       0.3355   5.38
     1444       0.3352   5.37
     1445       0.3348   5.37
     1446       0.3350   5.37
     1447       0.3347   5.38
     1448       0.3348   5.38
     1449       0.3355   5.38
     1450       0.3356   5.38
     1451       0.3348   5.37
     1452       0.3350   5.37
     1453       0.3356   5.37
     1454       0.3350   5.38
     1455       0.3359   5.38
     1456       0.3359   5.38
     1457       0.3348   5.37
     1458       0.3353   5.37
     1459       0.3354   5.37
     1460       0.3338   5.37
     1461       0.3357   5.37
     1462       0.3363   5.38
     1463       0.3348   5.38
     1464       0.3358   5.38
     1465       0.3360   5.38
     1466       0.3355   5.38
     1467       0.3359   5.38
     1468       0.3351   5.37
     1469       0.3347   5.37
     1470       0.3361   5.37
     1471       0.3362   5.37
     1472       0.3350   5.37
     1473       0.3350   5.37
     1474       0.3354   5.37
     1475       0.3352   5.37
     1476       0.3351   5.37
     1477       0.3355   5.37
     1478       0.3355   5.37
     1479       0.3352   5.37
     1480       0.3354   5.37
     1481       0.3357   5.37
     1482       0.3348   5.38
     1483       0.3352   5.38
     1484       0.3353   5.38
     1485       0.3354   5.37
     1486       0.3364   5.37
     1487       0.3359   5.38
     1488       0.3349   5.38
     1489       0.3350   5.38
     1490       0.3360   5.37
     1491       0.3345   5.37
     1492       0.3354   5.37
     1493       0.3359   5.37
     1494       0.3354   5.37
     1495       0.3352   5.37
     1496       0.3342   5.37
     1497       0.3333   5.38
     1498       0.3344   5.38
     1499       0.3349   5.38
     1500       0.3345   5.38
     1501       0.3347   5.38
     1502       0.3348   5.38
     1503       0.3337   5.38
     1504       0.3354   5.38
     1505       0.3350   5.38
     1506       0.3345   5.38
     1507       0.3349   5.38
     1508       0.3351   5.38
     1509       0.3343   5.38
     1510       0.3357   5.38
     1511       0.3354   5.38
     1512       0.3341   5.38
     1513       0.3367   5.38
     1514       0.3348   5.38
     1515       0.3347   5.38
     1516       0.3353   5.38
     1517       0.3352   5.38
     1518       0.3345   5.38
     1519       0.3344   5.38
     1520       0.3350   5.38
     1521       0.3348   5.38
     1522       0.3350   5.38
     1523       0.3362   5.38
     1524       0.3365   5.38
     1525       0.3344   5.38
     1526       0.3356   5.38
     1527       0.3356   5.38
     1528       0.3354   5.38
     1529       0.3355   5.38
     1530       0.3355   5.37
     1531       0.3349   5.38
     1532       0.3347   5.38
     1533       0.3351   5.37
     1534       0.3352   5.38
     1535       0.3349   5.38
     1536       0.3349   5.38
     1537       0.3338   5.38
     1538       0.3353   5.38
     1539       0.3361   5.38
     1540       0.3352   5.38
     1541       0.3362   5.38
     1542       0.3356   5.38
     1543       0.3344   5.37
     1544       0.3354   5.37
     1545       0.3360   5.37
     1546       0.3350   5.37
     1547       0.3354   5.37
     1548       0.3352   5.38
     1549       0.3341   5.37
     1550       0.3349   5.37
     1551       0.3352   5.37
     1552       0.3346   5.37
     1553       0.3358   5.37
     1554       0.3357   5.38
     1555       0.3347   5.38
     1556       0.3351   5.38
     1557       0.3353   5.38
     1558       0.3350   5.38
     1559       0.3350   5.38
     1560       0.3348   5.38
     1561       0.3343   5.37
     1562       0.3354   5.37
     1563       0.3356   5.37
     1564       0.3345   5.38
     1565       0.3352   5.38
     1566       0.3358   5.38
     1567       0.3349   5.38
     1568       0.3364   5.38
     1569       0.3361   5.38
     1570       0.3354   5.37
     1571       0.3359   5.37
     1572       0.3356   5.37
     1573       0.3354   5.37
     1574       0.3354   5.37
     1575       0.3354   5.38
     1576       0.3341   5.37
     1577       0.3352   5.37
     1578       0.3349   5.37
     1579       0.3340   5.37
     1580       0.3370   5.37
     1581       0.3361   5.38
     1582       0.3358   5.38
     1583       0.3350   5.37
     1584       0.3354   5.37
     1585       0.3353   5.37
     1586       0.3348   5.37
     1587       0.3353   5.37
     1588       0.3361   5.38
     1589       0.3346   5.38
     1590       0.3356   5.38
     1591       0.3361   5.38
     1592       0.3345   5.38
     1593       0.3357   5.38
     1594       0.3364   5.38
     1595       0.3349   5.37
     1596       0.3360   5.37
     1597       0.3366   5.37
     1598       0.3356   5.37
     1599       0.3358   5.37
     1600       0.3353   5.38
     1601       0.3346   5.38
     1602       0.3350   5.38
     1603       0.3354   5.37
     1604       0.3350   5.37
     1605       0.3354   5.37
     1606       0.3354   5.37
     1607       0.3344   5.37
     1608       0.3347   5.37
     1609       0.3357   5.38
     1610       0.3347   5.37
     1611       0.3358   5.37
     1612       0.3357   5.37
     1613       0.3349   5.38
     1614       0.3359   5.38
     1615       0.3357   5.38
     1616       0.3346   5.37
     1617       0.3355   5.37
     1618       0.3356   5.37
     1619       0.3340   5.37
     1620       0.3353   5.37
     1621       0.3353   5.38
     1622       0.3343   5.37
     1623       0.3359   5.37
     1624       0.3356   5.38
     1625       0.3347   5.38
     1626       0.3359   5.38
     1627       0.3358   5.38
     1628       0.3361   5.37
     1629       0.3348   5.37
     1630       0.3352   5.37
     1631       0.3353   5.37
     1632       0.3353   5.38
     1633       0.3353   5.38
     1634       0.3345   5.37
     1635       0.3341   5.38
     1636       0.3351   5.38
     1637       0.3355   5.38
     1638       0.3348   5.38
     1639       0.3356   5.38
     1640       0.3361   5.38
     1641       0.3346   5.37
     1642       0.3352   5.37
     1643       0.3350   5.38
     1644       0.3358   5.38
     1645       0.3358   5.38
     1646       0.3351   5.38
     1647       0.3356   5.38
     1648       0.3355   5.38
     1649       0.3356   5.37
     1650       0.3350   5.37
     1651       0.3356   5.37
     1652       0.3351   5.38
     1653       0.3342   5.38
     1654       0.3349   5.38
     1655       0.3352   5.38
     1656       0.3353   5.37
     1657       0.3359   5.37
     1658       0.3358   5.38
     1659       0.3345   5.38
     1660       0.3350   5.38
     1661       0.3356   5.38
     1662       0.3358   5.38
     1663       0.3360   5.38
     1664       0.3356   5.38
     1665       0.3347   5.38
     1666       0.3358   5.38
     1667       0.3354   5.37
     1668       0.3342   5.38
     1669       0.3353   5.38
     1670       0.3350   5.37
     1671       0.3350   5.38
     1672       0.3352   5.38
     1673       0.3356   5.38
     1674       0.3340   5.37
     1675       0.3350   5.37
     1676       0.3352   5.37
     1677       0.3346   5.38
     1678       0.3350   5.38
     1679       0.3354   5.38
     1680       0.3361   5.38
     1681       0.3345   5.38
     1682       0.3354   5.38
     1683       0.3351   5.37
     1684       0.3353   5.37
     1685       0.3361   5.37
     1686       0.3357   5.37
     1687       0.3350   5.38
     1688       0.3355   5.38
     1689       0.3355   5.38
     1690       0.3348   5.37
     1691       0.3354   5.37
     1692       0.3362   5.37
     1693       0.3358   5.37
     1694       0.3363   5.37
     1695       0.3353   5.38
     1696       0.3345   5.37
     1697       0.3350   5.37
     1698       0.3359   5.37
     1699       0.3349   5.37
     1700       0.3357   5.37
     1701       0.3355   5.38
     1702       0.3347   5.38
     1703       0.3350   5.38
     1704       0.3356   5.38
     1705       0.3348   5.37
     1706       0.3349   5.37
     1707       0.3352   5.37
     1708       0.3345   5.38
     1709       0.3360   5.38
     1710       0.3360   5.38
     1711       0.3355   5.38
     1712       0.3359   5.38
     1713       0.3356   5.38
     1714       0.3347   5.37
     1715       0.3348   5.37
     1716       0.3353   5.37
     1717       0.3350   5.37
     1718       0.3357   5.37
     1719       0.3350   5.38
     1720       0.3348   5.37
     1721       0.3351   5.37
     1722       0.3348   5.37
     1723       0.3349   5.38
     1724       0.3352   5.38
     1725       0.3357   5.38
     1726       0.3341   5.38
     1727       0.3349   5.38
     1728       0.3359   5.38
     1729       0.3351   5.38
     1730       0.3351   5.38
     1731       0.3352   5.38
     1732       0.3356   5.37
     1733       0.3345   5.38
     1734       0.3348   5.38
     1735       0.3351   5.38
     1736       0.3343   5.38
     1737       0.3351   5.38
     1738       0.3357   5.38
     1739       0.3343   5.38
     1740       0.3352   5.38
     1741       0.3355   5.38
     1742       0.3351   5.38
     1743       0.3353   5.38
     1744       0.3361   5.38
     1745       0.3347   5.38
     1746       0.3355   5.38
     1747       0.3351   5.38
     1748       0.3344   5.37
     1749       0.3350   5.37
     1750       0.3346   5.37
     1751       0.3338   5.38
     1752       0.3350   5.38
     1753       0.3350   5.38
     1754       0.3344   5.38
     1755       0.3350   5.38
     1756       0.3355   5.38
     1757       0.3349   5.37
     1758       0.3356   5.37
     1759       0.3353   5.38
     1760       0.3343   5.38
     1761       0.3350   5.38
     1762       0.3344   5.38
     1763       0.3344   5.38
     1764       0.3368   5.38
     1765       0.3365   5.38
     1766       0.3358   5.37
     1767       0.3350   5.37
     1768       0.3354   5.38
     1769       0.3356   5.37
     1770       0.3351   5.37
     1771       0.3354   5.37
     1772       0.3347   5.37
     1773       0.3359   5.37
     1774       0.3359   5.37
     1775       0.3342   5.37
     1776       0.3355   5.37
     1777       0.3360   5.37
     1778       0.3350   5.38
     1779       0.3354   5.38
     1780       0.3354   5.38
     1781       0.3347   5.37
     1782       0.3352   5.37
     1783       0.3352   5.38
     1784       0.3351   5.38
     1785       0.3345   5.37
     1786       0.3348   5.37
     1787       0.3355   5.38
     1788       0.3342   5.37
     1789       0.3357   5.37
     1790       0.3355   5.38
     1791       0.3341   5.38
     1792       0.3351   5.38
     1793       0.3356   5.38
     1794       0.3352   5.37
     1795       0.3354   5.37
     1796       0.3345   5.38
     1797       0.3343   5.38
     1798       0.3353   5.38
     1799       0.3347   5.38
     1800       0.3355   5.38
     1801       0.3363   5.38
     1802       0.3366   5.38
     1803       0.3360   5.37
     1804       0.3357   5.37
     1805       0.3358   5.37
     1806       0.3350   5.37
     1807       0.3356   5.37
     1808       0.3354   5.37
     1809       0.3349   5.37
     1810       0.3349   5.37
     1811       0.3356   5.37
     1812       0.3345   5.37
     1813       0.3353   5.37
     1814       0.3348   5.38
     1815       0.3341   5.38
     1816       0.3352   5.38
     1817       0.3354   5.37
     1818       0.3340   5.38
     1819       0.3353   5.38
     1820       0.3357   5.38
     1821       0.3345   5.38
     1822       0.3350   5.38
     1823       0.3347   5.38
     1824       0.3343   5.38
     1825       0.3357   5.38
     1826       0.3357   5.38
     1827       0.3346   5.38
     1828       0.3352   5.38
     1829       0.3345   5.38
     1830       0.3345   5.38
     1831       0.3349   5.38
     1832       0.3349   5.38
     1833       0.3350   5.38
     1834       0.3343   5.38
     1835       0.3347   5.38
     1836       0.3353   5.38
     1837       0.3360   5.38
     1838       0.3367   5.38
     1839       0.3376   5.38
     1840       0.3371   5.38
     1841       0.3371   5.38
     1842       0.3365   5.38
     1843       0.3354   5.38
     1844       0.3363   5.38
     1845       0.3362   5.38
     1846       0.3364   5.38
     1847       0.3368   5.38
     1848       0.3364   5.38
     1849       0.3357   5.38
     1850       0.3367   5.38
     1851       0.3370   5.38
     1852       0.3361   5.38
     1853       0.3381   5.38
     1854       0.3377   5.38
     1855       0.3361   5.38
     1856       0.3370   5.38
     1857       0.3375   5.38
     1858       0.3367   5.38
     1859       0.3370   5.38
     1860       0.3363   5.37
     1861       0.3361   5.37
     1862       0.3369   5.37
     1863       0.3362   5.38
     1864       0.3363   5.38
     1865       0.3367   5.38
     1866       0.3364   5.38
     1867       0.3356   5.38
     1868       0.3372   5.38
     1869       0.3366   5.38
     1870       0.3371   5.38
     1871       0.3372   5.38
     1872       0.3361   5.38
     1873       0.3369   5.38
     1874       0.3363   5.38
     1875       0.3367   5.38
     1876       0.3367   5.38
     1877       0.3357   5.38
     1878       0.3368   5.38
     1879       0.3371   5.38
     1880       0.3366   5.38
     1881       0.3361   5.38
     1882       0.3366   5.38
     1883       0.3359   5.38
     1884       0.3364   5.38
     1885       0.3364   5.38
     1886       0.3359   5.38
     1887       0.3360   5.38
     1888       0.3366   5.38
     1889       0.3361   5.38
     1890       0.3371   5.38
     1891       0.3369   5.38
     1892       0.3374   5.38
     1893       0.3374   5.38
     1894       0.3364   5.38
     1895       0.3356   5.37
     1896       0.3380   5.37
     1897       0.3379   5.37
     1898       0.3371   5.37
     1899       0.3365   5.37
     1900       0.3376   5.37
     1901       0.3357   5.37
     1902       0.3365   5.37
     1903       0.3366   5.37
     1904       0.3363   5.37
     1905       0.3368   5.37
     1906       0.3366   5.37
     1907       0.3366   5.38
     1908       0.3363   5.38
     1909       0.3367   5.38
     1910       0.3362   5.38
     1911       0.3366   5.38
     1912       0.3369   5.38
     1913       0.3367   5.37
     1914       0.3362   5.38
     1915       0.3368   5.38
     1916       0.3364   5.38
     1917       0.3358   5.38
     1918       0.3369   5.38
     1919       0.3372   5.38
     1920       0.3350   5.38
     1921       0.3368   5.38
     1922       0.3371   5.38
     1923       0.3367   5.37
     1924       0.3364   5.37
     1925       0.3359   5.38
     1926       0.3357   5.38
     1927       0.3379   5.38
     1928       0.3367   5.38
     1929       0.3365   5.38
     1930       0.3368   5.38
     1931       0.3367   5.38
     1932       0.3366   5.37
     1933       0.3379   5.37
     1934       0.3370   5.37
     1935       0.3361   5.37
     1936       0.3365   5.37
     1937       0.3368   5.37
     1938       0.3361   5.38
     1939       0.3370   5.38
     1940       0.3372   5.38
     1941       0.3363   5.37
     1942       0.3375   5.37
     1943       0.3376   5.37
     1944       0.3378   5.38
     1945       0.3362   5.38
     1946       0.3373   5.38
     1947       0.3359   5.37
     1948       0.3355   5.37
     1949       0.3362   5.37
     1950       0.3369   5.38
     1951       0.3359   5.37
     1952       0.3776   5.37
     1953       0.3357   5.37
     1954       0.3356   5.37
     1955       0.3363   5.37
     1956       0.3368   5.37
     1957       0.3362   5.38
     1958       0.3364   5.38
     1959       0.3361   5.38
     1960       0.3355   5.38
     1961       0.3371   5.38
     1962       0.3366   5.38
     1963       0.3352   5.38
     1964       0.3361   5.38
     1965       0.3363   5.38
     1966       0.3355   5.38
     1967       0.3362   5.38
     1968       0.3361   5.38
     1969       0.3356   5.38
     1970       0.3365   5.38
     1971       0.3369   5.38
     1972       0.3368   5.38
     1973       0.3352   5.38
     1974       0.3367   5.38
     1975       0.3366   5.38
     1976       0.3364   5.38
     1977       0.3376   5.38
     1978       0.3364   5.38
     1979       0.3367   5.37
     1980       0.3366   5.37
     1981       0.3364   5.37
     1982       0.3353   5.38
     1983       0.3364   5.38
     1984       0.3360   5.38
     1985       0.3349   5.38
     1986       0.3375   5.38
     1987       0.3387   5.38
     1988       0.3377   5.38
     1989       0.3367   5.38
     1990       0.3363   5.38
     1991       0.3361   5.37
     1992       0.3373   5.37
     1993       0.3371   5.37
     1994       0.3356   5.37
     1995       0.3359   5.37
     1996       0.3367   5.38
     1997       0.3363   5.37
     1998       0.3379   5.37
     1999       0.3367   5.37
     2000       0.3363   5.37
     2001       0.3365   5.37
     2002       0.3368   5.37
     2003       0.3362   5.37
     2004       0.3371   5.37
     2005       0.3369   5.37
     2006       0.3366   5.38
     2007       0.3377   5.38
     2008       0.3367   5.38
     2009       0.3369   5.38
     2010       0.3369   5.37
     2011       0.3361   5.37
     2012       0.3366   5.37
     2013       0.3367   5.37
     2014       0.3369   5.37
     2015       0.3369   5.37
     2016       0.3354   5.37
     2017       0.3365   5.37
     2018       0.3372   5.38
     2019       0.3364   5.38
     2020       0.3365   5.38
     2021       0.3363   5.38
     2022       0.3365   5.38
     2023       0.3371   5.38
     2024       0.3369   5.38
     2025       0.3370   5.37
     2026       0.3371   5.37
     2027       0.3367   5.37
     2028       0.3361   5.37
     2029       0.3365   5.37
     2030       0.3365   5.37
     2031       0.3366   5.37
     2032       0.3374   5.37
     2033       0.3372   5.37
     2034       0.3371   5.37
     2035       0.3379   5.37
     2036       0.3375   5.37
     2037       0.3359   5.38
     2038       0.3365   5.38
     2039       0.3369   5.38
     2040       0.3364   5.37
     2041       0.3367   5.37
     2042       0.3373   5.37
     2043       0.3370   5.37
     2044       0.3360   5.38
     2045       0.3366   5.38
     2046       0.3369   5.38
     2047       0.3356   5.38
     2048       0.3369   5.38
     2049       0.3368   5.37
     2050       0.3365   5.37
     2051       0.3374   5.37
     2052       0.3365   5.37
     2053       0.3361   5.37
     2054       0.3367   5.37
     2055       0.3368   5.37
     2056       0.3363   5.38
     2057       0.3375   5.38
     2058       0.3365   5.38
     2059       0.3351   5.37
     2060       0.3364   5.37
     2061       0.3367   5.37
     2062       0.3363   5.38
     2063       0.3358   5.38
     2064       0.3366   5.38
     2065       0.3361   5.38
     2066       0.3352   5.38
     2067       0.3354   5.38
     2068       0.3349   5.37
     2069       0.3348   5.37
     2070       0.3351   5.37
     2071       0.3344   5.37
     2072       0.3361   5.37
     2073       0.3356   5.38
     2074       0.3340   5.38
     2075       0.3351   5.38
     2076       0.3349   5.38
     2077       0.3356   5.38
     2078       0.3366   5.38
     2079       0.3355   5.38
     2080       0.3354   5.37
     2081       0.3358   5.37
     2082       0.3354   5.37
     2083       0.3349   5.37
     2084       0.3347   5.37
     2085       0.3353   5.37
     2086       0.3352   5.38
     2087       0.3350   5.38
     2088       0.3367   5.38
     2089       0.3365   5.37
     2090       0.3352   5.37
     2091       0.3356   5.37
     2092       0.3358   5.37
     2093       0.3347   5.37
     2094       0.3363   5.37
     2095       0.3357   5.37
     2096       0.3346   5.37
     2097       0.3351   5.37
     2098       0.3361   5.38
     2099       0.3346   5.38
     2100       0.3351   5.38
     2101       0.3359   5.38
     2102       0.3351   5.37
     2103       0.3347   5.37
     2104       0.3353   5.37
     2105       0.3349   5.38
     2106       0.3355   5.38
     2107       0.3349   5.38
     2108       0.3346   5.37
     2109       0.3351   5.37
     2110       0.3350   5.37
     2111       0.3351   5.38
     2112       0.3350   5.38
     2113       0.3349   5.38
     2114       0.3347   5.38
     2115       0.3351   5.38
     2116       0.3345   5.38
     2117       0.3346   5.38
     2118       0.3353   5.38
     2119       0.3354   5.38
     2120       0.3350   5.38
     2121       0.3349   5.38
     2122       0.3344   5.38
     2123       0.3339   5.38
     2124       0.3352   5.38
     2125       0.3357   5.38
     2126       0.3349   5.38
     2127       0.3352   5.38
     2128       0.3355   5.38
     2129       0.3344   5.38
     2130       0.3348   5.38
     2131       0.3352   5.38
     2132       0.3349   5.38
     2133       0.3359   5.38
     2134       0.3350   5.38
     2135       0.3355   5.38
     2136       0.3346   5.37
     2137       0.3346   5.37
     2138       0.3347   5.37
     2139       0.3354   5.38
     2140       0.3360   5.38
     2141       0.3352   5.38
     2142       0.3346   5.37
     2143       0.3350   5.37
     2144       0.3347   5.37
     2145       0.3340   5.38
     2146       0.3344   5.38
     2147       0.3346   5.38
     2148       0.3352   5.38
     2149       0.3353   5.38
     2150       0.3351   5.38
     2151       0.3357   5.38
     2152       0.3359   5.38
     2153       0.3356   5.38
     2154       0.3352   5.38
     2155       0.3360   5.38
     2156       0.3359   5.37
     2157       0.3353   5.37
     2158       0.3346   5.37
     2159       0.3347   5.37
     2160       0.3348   5.38
     2161       0.3352   5.38
     2162       0.3350   5.38
     2163       0.3344   5.37
     2164       0.3348   5.37
     2165       0.3354   5.38
     2166       0.3345   5.38
     2167       0.3355   5.38
     2168       0.3353   5.38
     2169       0.3344   5.38
     2170       0.3348   5.38
     2171       0.3359   5.38
     2172       0.3355   5.38
     2173       0.3354   5.38
     2174       0.3452   5.38
     2175       0.3357   5.38
     2176       0.3362   5.38
     2177       0.3361   5.37
     2178       0.3343   5.37
     2179       0.3356   5.37
     2180       0.3354   5.37
     2181       0.3359   5.37
     2182       0.3351   5.37
     2183       0.3359   5.38
     2184       0.3357   5.38
     2185       0.3346   5.37
     2186       0.3349   5.37
     2187       0.3359   5.37
     2188       0.3347   5.37
     2189       0.3347   5.37
     2190       0.3360   5.37
     2191       0.3343   5.38
     2192       0.3346   5.38
     2193       0.3350   5.37
     2194       0.3351   5.37
     2195       0.3357   5.37
     2196       0.3360   5.38
     2197       0.3341   5.38
     2198       0.3350   5.38
     2199       0.3354   5.38
     2200       0.3354   5.38
     2201       0.3357   5.38
     2202       0.3357   5.38
     2203       0.3344   5.38
     2204       0.3349   5.38
     2205       0.3349   5.37
     2206       0.3341   5.38
     2207       0.3359   5.38
     2208       0.3354   5.38
     2209       0.3346   5.38
     2210       0.3353   5.38
     2211       0.3355   5.38
     2212       0.3344   5.38
     2213       0.3353   5.38
     2214       0.3354   5.38
     2215       0.3349   5.38
     2216       0.3355   5.38
     2217       0.3355   5.38
     2218       0.3347   5.38
     2219       0.3355   5.38
     2220       0.3355   5.38
     2221       0.3352   5.38
     2222       0.3356   5.38
     2223       0.3354   5.38
     2224       0.3349   5.38
     2225       0.3359   5.38
     2226       0.3360   5.38
     2227       0.3351   5.38
     2228       0.3356   5.38
     2229       0.3351   5.38
     2230       0.3346   5.37
     2231       0.3361   5.37
     2232       0.3354   5.38
     2233       0.3355   5.38
     2234       0.3350   5.38
     2235       0.3349   5.38
     2236       0.3349   5.38
     2237       0.3350   5.38
     2238       0.3357   5.38
     2239       0.3357   5.38
     2240       0.3348   5.38
     2241       0.3355   5.38
     2242       0.3357   5.38
     2243       0.3358   5.37
     2244       0.3364   5.37
     2245       0.3363   5.37
     2246       0.3353   5.37
     2247       0.3358   5.37
     2248       0.3449   5.37
     2249       0.3352   5.37
     2250       0.3351   5.37
     2251       0.3352   5.37
     2252       0.3343   5.37
     2253       0.3352   5.37
     2254       0.3358   5.38
     2255       0.3347   5.38
     2256       0.3357   5.38
     2257       0.3354   5.38
     2258       0.3343   5.37
     2259       0.3354   5.37
     2260       0.3360   5.37
     2261       0.3354   5.38
     2262       0.3355   5.38
     2263       0.3357   5.38
     2264       0.3352   5.38
     2265       0.3350   5.38
     2266       0.3354   5.38
     2267       0.3351   5.37
     2268       0.3357   5.37
     2269       0.3354   5.37
     2270       0.3353   5.38
     2271       0.3354   5.38
     2272       0.3344   5.38
     2273       0.3347   5.38
     2274       0.3348   5.38
     2275       0.3349   5.37
     2276       0.3332   5.38
     2277       0.3352   5.38
     2278       0.3351   5.38
     2279       0.3345   5.38
     2280       0.3346   5.38
     2281       0.3349   5.38
     2282       0.3354   5.38
     2283       0.3341   5.38
     2284       0.3360   5.38
     2285       0.3356   5.38
     2286       0.3340   5.38
     2287       0.3355   5.38
     2288       0.3361   5.38
     2289       0.3358   5.38
     2290       0.3361   5.38
     2291       0.3358   5.38
     2292       0.3341   5.38
     2293       0.3356   5.38
     2294       0.3352   5.37
     2295       0.3340   5.37
     2296       0.3353   5.37
     2297       0.3356   5.38
     2298       0.3357   5.38
     2299       0.3357   5.38
     2300       0.3351   5.38
     2301       0.3341   5.38
     2302       0.3356   5.38
     2303       0.3358   5.37
     2304       0.3348   5.38
     2305       0.3352   5.38
     2306       0.3352   5.37
     2307       0.3341   5.38
     2308       0.3355   5.38
     2309       0.3355   5.37
     2310       0.3348   5.38
     2311       0.3359   5.38
     2312       0.3361   5.38
     2313       0.3351   5.37
     2314       0.3358   5.37
     2315       0.3357   5.37
     2316       0.3355   5.38
     2317       0.3363   5.38
     2318       0.3362   5.37
     2319       0.3345   5.37
     2320       0.3357   5.37
     2321       0.3357   5.37
     2322       0.3337   5.37
     2323       0.3354   5.37
     2324       0.3357   5.38
     2325       0.3355   5.38
     2326       0.3351   5.38
     2327       0.3352   5.37
     2328       0.3339   5.38
     2329       0.3363   5.38
     2330       0.3358   5.38
     2331       0.3353   5.37
     2332       0.3336   5.37
     2333       0.3354   5.37
     2334       0.3355   5.37
     2335       0.3347   5.38
     2336       0.3355   5.38
     2337       0.3349   5.38
     2338       0.3345   5.38
     2339       0.3353   5.38
     2340       0.3352   5.38
     2341       0.3341   5.38
     2342       0.3348   5.38
     2343       0.3351   5.38
     2344       0.3343   5.38
     2345       0.3359   5.38
     2346       0.3361   5.38
     2347       0.3342   5.38
     2348       0.3352   5.38
     2349       0.3349   5.38
     2350       0.3338   5.38
     2351       0.3353   5.38
     2352       0.3361   5.38
     2353       0.3350   5.38
     2354       0.3356   5.38
     2355       0.3360   5.38
     2356       0.3343   5.38
     2357       0.3349   5.38
     2358       0.3358   5.38
     2359       0.3350   5.38
     2360       0.3356   5.38
     2361       0.3354   5.38
     2362       0.3341   5.37
     2363       0.3354   5.37
     2364       0.3353   5.38
     2365       0.3348   5.38
     2366       0.3353   5.38
     2367       0.3349   5.38
     2368       0.3347   5.38
     2369       0.3351   5.38
     2370       0.3357   5.38
     2371       0.3350   5.38
     2372       0.3355   5.38
     2373       0.3352   5.38
     2374       0.3341   5.38
     2375       0.3352   5.38
     2376       0.3352   5.38
     2377       0.3350   5.38
     2378       0.3353   5.38
     2379       0.3346   5.38
     2380       0.3347   5.38
     2381       0.3352   5.38
     2382       0.3352   5.38
     2383       0.3356   5.38
     2384       0.3347   5.38
     2385       0.3347   5.38
     2386       0.3351   5.38
     2387       0.3343   5.38
     2388       0.3348   5.38
     2389       0.3351   5.38
     2390       0.3342   5.38
     2391       0.3352   5.38
     2392       0.3358   5.38
     2393       0.3345   5.38
     2394       0.3357   5.38
     2395       0.3355   5.38
     2396       0.3347   5.38
     2397       0.3345   5.38
     2398       0.3343   5.38
     2399       0.3338   5.38
     2400       0.3355   5.38
     2401       0.3355   5.38
     2402       0.3341   5.38
     2403       0.3346   5.38
     2404       0.3353   5.38
     2405       0.3343   5.38
     2406       0.3346   5.38
     2407       0.3351   5.38
     2408       0.3343   5.38
     2409       0.3348   5.38
     2410       0.3351   5.38
     2411       0.3346   5.38
     2412       0.3354   5.38
     2413       0.3358   5.38
     2414       0.3350   5.38
     2415       0.3355   5.38
     2416       0.3349   5.38
     2417       0.3336   5.38
     2418       0.3364   5.38
     2419       0.3359   5.38
     2420       0.3346   5.38
     2421       0.3350   5.38
     2422       0.3356   5.38
     2423       0.3341   5.38
     2424       0.3360   5.38
     2425       0.3349   5.38
     2426       0.3332   5.38
     2427       0.3352   5.38
     2428       0.3353   5.38
     2429       0.3348   5.38
     2430       0.3350   5.38
     2431       0.3353   5.38
     2432       0.3348   5.38
     2433       0.3362   5.38
     2434       0.3357   5.38
     2435       0.3338   5.37
     2436       0.3363   5.37
     2437       0.3361   5.38
     2438       0.3352   5.38
     2439       0.3358   5.38
     2440       0.3358   5.37
     2441       0.3359   5.37
     2442       0.3355   5.37
     2443       0.3353   5.37
     2444       0.3356   5.37
     2445       0.3349   5.38
     2446       0.3356   5.38
     2447       0.3349   5.37
     2448       0.3340   5.37
     2449       0.3352   5.37
     2450       0.3359   5.38
     2451       0.3346   5.38
     2452       0.3354   5.38
     2453       0.3351   5.38
     2454       0.3352   5.38
     2455       0.3346   5.38
     2456       0.3350   5.38
     2457       0.3337   5.38
     2458       0.3348   5.38
     2459       0.3350   5.38
     2460       0.3337   5.38
     2461       0.3350   5.38
     2462       0.3366   5.38
     2463       0.3350   5.38
     2464       0.3349   5.38
     2465       0.3355   5.38
     2466       0.3350   5.37
     2467       0.3357   5.37
     2468       0.3351   5.38
     2469       0.3339   5.38
     2470       0.3358   5.38
     2471       0.3358   5.38
     2472       0.3352   5.38
     2473       0.3356   5.38
     2474       0.3351   5.38
     2475       0.3346   5.37
     2476       0.3351   5.37
     2477       0.3354   5.38
     2478       0.3349   5.38
     2479       0.3361   5.38
     2480       0.3361   5.38
     2481       0.3347   5.38
     2482       0.3350   5.38
     2483       0.3359   5.37
     2484       0.3358   5.37
     2485       0.3357   5.37
     2486       0.3364   5.38
     2487       0.3353   5.37
     2488       0.3357   5.37
     2489       0.3352   5.37
     2490       0.3347   5.37
     2491       0.3346   5.38
     2492       0.3355   5.38
     2493       0.3352   5.37
     2494       0.3349   5.38
     2495       0.3352   5.38
     2496       0.3345   5.38
     2497       0.3339   5.38
     2498       0.3355   5.38
     2499       0.3352   5.38
     2500       0.3344   5.38
     2501       0.3352   5.38
     2502       0.3348   5.38
     2503       0.3346   5.38
     2504       0.3349   5.38
     2505       0.3355   5.38
     2506       0.3346   5.38
     2507       0.3352   5.38
     2508       0.3356   5.38
     2509       0.3353   5.38
     2510       0.3352   5.38
     2511       0.3348   5.38
     2512       0.3341   5.38
     2513       0.3352   5.38
     2514       0.3354   5.38
     2515       0.3346   5.38
     2516       0.3354   5.38
     2517       0.3354   5.38
     2518       0.3339   5.38
     2519       0.3353   5.38
     2520       0.3357   5.38
     2521       0.3355   5.38
     2522       0.3354   5.38
     2523       0.3355   5.38
     2524       0.3358   5.38
     2525       0.3354   5.38
     2526       0.3355   5.38
     2527       0.3341   5.37
     2528       0.3352   5.37
     2529       0.3358   5.38
     2530       0.3356   5.38
     2531       0.3354   5.38
     2532       0.3351   5.38
     2533       0.3342   5.38
     2534       0.3356   5.38
     2535       0.3353   5.37
     2536       0.3342   5.38
     2537       0.3352   5.38
     2538       0.3359   5.38
     2539       0.3363   5.38
     2540       0.3365   5.38
     2541       0.3363   5.38
     2542       0.3369   5.37
     2543       0.3359   5.37
     2544       0.3364   5.37
     2545       0.3363   5.38
     2546       0.3355   5.38
     2547       0.3362   5.38
     2548       0.3359   5.38
     2549       0.3353   5.38
     2550       0.3365   5.38
     2551       0.3367   5.38
     2552       0.3354   5.38
     2553       0.3354   5.38
     2554       0.3364   5.38
     2555       0.3360   5.38
     2556       0.3364   5.38
     2557       0.3362   5.38
     2558       0.3355   5.38
     2559       0.3364   5.38
     2560       0.3364   5.38
     2561       0.3389   5.38
     2562       0.3368   5.38
     2563       0.3360   5.38
     2564       0.3365   5.38
     2565       0.3362   5.38
     2566       0.3367   5.38
     2567       0.3368   5.38
     2568       0.3372   5.38
     2569       0.3368   5.38
     2570       0.3349   5.38
     2571       0.3359   5.38
     2572       0.3365   5.38
     2573       0.3366   5.38
     2574       0.3366   5.38
     2575       0.3364   5.38
     2576       0.3362   5.38
     2577       0.3373   5.38
     2578       0.3366   5.38
     2579       0.3358   5.38
     2580       0.3356   5.38
     2581       0.3368   5.38
     2582       0.3364   5.37
     2583       0.3364   5.37
     2584       0.3369   5.37
     2585       0.3352   5.37
     2586       0.3344   5.38
     2587       0.3360   5.38
     2588       0.3357   5.38
     2589       0.3350   5.38
     2590       0.3355   5.38
     2591       0.3354   5.37
     2592       0.3352   5.38
     2593       0.3357   5.38
     2594       0.3352   5.37
     2595       0.3348   5.37
     2596       0.3355   5.37
     2597       0.3353   5.38
     2598       0.3340   5.37
     2599       0.3351   5.37
     2600       0.3349   5.37
     2601       0.3340   5.37
     2602       0.3344   5.37
     2603       0.3348   5.38
     2604       0.3345   5.38
     2605       0.3350   5.38
     2606       0.3350   5.38
     2607       0.3347   5.38
     2608       0.3350   5.38
     2609       0.3347   5.38
     2610       0.3337   5.38
     2611       0.3353   5.38
     2612       0.3353   5.38
     2613       0.3333   5.38
     2614       0.3355   5.38
     2615       0.3347   5.38
     2616       0.3339   5.38
     2617       0.3349   5.38
     2618       0.3349   5.38
     2619       0.3343   5.38
     2620       0.3344   5.38
     2621       0.3346   5.38
     2622       0.3346   5.38
     2623       0.3355   5.38
     2624       0.3354   5.38
     2625       0.3347   5.38
     2626       0.3353   5.38
     2627       0.3358   5.38
     2628       0.3347   5.38
     2629       0.3354   5.38
     2630       0.3364   5.38
     2631       0.3366   5.38
     2632       0.3368   5.38
     2633       0.3366   5.38
     2634       0.3373   5.38
     2635       0.3359   5.38
     2636       0.3368   5.38
     2637       0.3370   5.37
     2638       0.3354   5.38
     2639       0.3363   5.38
     2640       0.3371   5.37
     2641       0.3360   5.38
     2642       0.3366   5.38
     2643       0.3370   5.38
     2644       0.3359   5.38
     2645       0.3371   5.38
     2646       0.3374   5.38
     2647       0.3363   5.38
     2648       0.3367   5.38
     2649       0.3365   5.37
     2650       0.3362   5.37
     2651       0.3370   5.37
     2652       0.3380   5.37
     2653       0.3372   5.37
     2654       0.3380   5.37
     2655       0.3361   5.37
     2656       0.3357   5.37
     2657       0.3362   5.37
     2658       0.3364   5.37
     2659       0.3361   5.37
     2660       0.3356   5.37
     2661       0.3356   5.38
     2662       0.3351   5.38
     2663       0.3359   5.38
     2664       0.3354   5.37
     2665       0.3331   5.37
     2666       0.3345   5.37
     2667       0.3344   5.37
     2668       0.3342   5.37
     2669       0.3351   5.37
     2670       0.3346   5.37
     2671       0.3345   5.38
     2672       0.3342   5.38
     2673       0.3347   5.38
     2674       0.3350   5.38
     2675       0.3355   5.38
     2676       0.3359   5.38
     2677       0.3362   5.38
     2678       0.3350   5.37
     2679       0.3352   5.37
     2680       0.3361   5.37
     2681       0.3345   5.38
     2682       0.3349   5.38
     2683       0.3351   5.37
     2684       0.3342   5.37
     2685       0.3344   5.37
     2686       0.3345   5.37
     2687       0.3340   5.37
     2688       0.3343   5.37
     2689       0.3344   5.38
     2690       0.3343   5.38
     2691       0.3360   5.38
     2692       0.3355   5.38
     2693       0.3342   5.38
     2694       0.3346   5.38
     2695       0.3351   5.37
     2696       0.3347   5.38
     2697       0.3357   5.38
     2698       0.3356   5.38
     2699       0.3339   5.38
     2700       0.3352   5.38
     2701       0.3351   5.37
     2702       0.3342   5.38
     2703       0.3345   5.38
     2704       0.3350   5.38
     2705       0.3349   5.38
     2706       0.3355   5.38
     2707       0.3348   5.38
     2708       0.3339   5.37
     2709       0.3350   5.37
     2710       0.3347   5.37
     2711       0.3344   5.37
     2712       0.3357   5.37
     2713       0.3355   5.37
     2714       0.3347   5.38
     2715       0.3352   5.38
     2716       0.3353   5.38
     2717       0.3340   5.37
     2718       0.3351   5.37
     2719       0.3345   5.37
     2720       0.3340   5.37
     2721       0.3355   5.37
     2722       0.3352   5.38
     2723       0.3340   5.38
     2724       0.3349   5.38
     2725       0.3354   5.38
     2726       0.3349   5.37
     2727       0.3356   5.37
     2728       0.3352   5.37
     2729       0.3350   5.38
     2730       0.3339   5.37
     2731       0.3353   5.37
     2732       0.3350   5.37
     2733       0.3347   5.38
     2734       0.3356   5.38
     2735       0.3347   5.38
     2736       0.3339   5.38
     2737       0.3357   5.38
     2738       0.3357   5.37
     2739       0.3345   5.37
     2740       0.3351   5.37
     2741       0.3347   5.37
     2742       0.3338   5.37
     2743       0.3345   5.37
     2744       0.3352   5.37
     2745       0.3350   5.37
     2746       0.3349   5.37
     2747       0.3349   5.38
     2748       0.3349   5.38
     2749       0.3351   5.38
     2750       0.3354   5.38
     2751       0.3355   5.38
     2752       0.3353   5.38
     2753       0.3346   5.38
     2754       0.3348   5.37
     2755       0.3355   5.37
     2756       0.3351   5.38
     2757       0.3345   5.38
     2758       0.3355   5.38
     2759       0.3355   5.38
     2760       0.3345   5.37
     2761       0.3348   5.37
     2762       0.3351   5.37
     2763       0.3344   5.38
     2764       0.3350   5.38
     2765       0.3348   5.38
     2766       0.3347   5.38
     2767       0.3353   5.38
     2768       0.3353   5.38
     2769       0.3340   5.38
     2770       0.3358   5.38
     2771       0.3354   5.38
     2772       0.3348   5.38
     2773       0.3356   5.38
     2774       0.3351   5.38
     2775       0.3345   5.38
     2776       0.3352   5.38
     2777       0.3354   5.37
     2778       0.3344   5.38
     2779       0.3357   5.38
     2780       0.3358   5.38
     2781       0.3344   5.38
     2782       0.3353   5.38
     2783       0.3352   5.37
     2784       0.3355   5.37
     2785       0.3338   5.37
     2786       0.3349   5.37
     2787       0.3349   5.37
     2788       0.3341   5.38
     2789       0.3354   5.38
     2790       0.3358   5.38
     2791       0.3340   5.38
     2792       0.3353   5.38
     2793       0.3353   5.38
     2794       0.3345   5.38
     2795       0.3355   5.38
     2796       0.3363   5.38
     2797       0.3342   5.38
     2798       0.3350   5.38
     2799       0.3355   5.37
     2800       0.3349   5.38
     2801       0.3350   5.38
     2802       0.3351   5.37
     2803       0.3347   5.37
     2804       0.3354   5.37
     2805       0.3356   5.37
     2806       0.3339   5.37
     2807       0.3347   5.37
     2808       0.3350   5.37
     2809       0.3345   5.37
     2810       0.3355   5.37
     2811       0.3347   5.37
     2812       0.3344   5.37
     2813       0.3350   5.37
     2814       0.3352   5.38
     2815       0.3348   5.38
     2816       0.3360   5.38
     2817       0.3361   5.38
     2818       0.3350   5.37
     2819       0.3354   5.37
     2820       0.3355   5.37
     2821       0.3350   5.37
     2822       0.3353   5.37
     2823       0.3349   5.37
     2824       0.3344   5.37
     2825       0.3357   5.37
     2826       0.3349   5.37
     2827       0.3338   5.37
     2828       0.3350   5.37
     2829       0.3351   5.38
     2830       0.3344   5.38
     2831       0.3349   5.38
     2832       0.3356   5.38
     2833       0.3346   5.38
     2834       0.3349   5.38
     2835       0.3351   5.38
     2836       0.3344   5.38
     2837       0.3347   5.38
     2838       0.3345   5.38
     2839       0.3335   5.38
     2840       0.3340   5.38
     2841       0.3347   5.38
     2842       0.3337   5.38
     2843       0.3341   5.38
     2844       0.3355   5.38
     2845       0.3358   5.38
     2846       0.3354   5.38
     2847       0.3355   5.38
     2848       0.3344   5.38
     2849       0.3340   5.38
     2850       0.3347   5.38
     2851       0.3354   5.38
     2852       0.3342   5.37
     2853       0.3352   5.37
     2854       0.3346   5.38
     2855       0.3351   5.38
     2856       0.3352   5.38
     2857       0.3358   5.38
     2858       0.3345   5.38
     2859       0.3355   5.38
     2860       0.3346   5.38
     2861       0.3345   5.38
     2862       0.3350   5.38
     2863       0.3355   5.38
     2864       0.3351   5.38
     2865       0.3354   5.38
     2866       0.3346   5.38
     2867       0.3337   5.38
     2868       0.3350   5.38
     2869       0.3352   5.38
     2870       0.3353   5.38
     2871       0.3358   5.38
     2872       0.3354   5.38
     2873       0.3338   5.37
     2874       0.3354   5.37
     2875       0.3346   5.37
     2876       0.3342   5.37
     2877       0.3359   5.37
     2878       0.3354   5.38
     2879       0.3346   5.38
     2880       0.3351   5.38
     2881       0.3354   5.38
     2882       0.3346   5.37
     2883       0.3352   5.37
     2884       0.3362   5.38
     2885       0.3348   5.38
     2886       0.3353   5.38
     2887       0.3356   5.37
     2888       0.3351   5.37
     2889       0.3359   5.37
     2890       0.3353   5.38
     2891       0.3348   5.37
     2892       0.3362   5.37
     2893       0.3361   5.37
     2894       0.3365   5.37
     2895       0.3368   5.38
     2896       0.3369   5.38
     2897       0.3369   5.38
     2898       0.3359   5.37
     2899       0.3370   5.37
     2900       0.3363   5.37
     2901       0.3366   5.37
     2902       0.3368   5.37
     2903       0.3373   5.38
     2904       0.3359   5.38
     2905       0.3362   5.38
     2906       0.3357   5.37
     2907       0.3360   5.37
     2908       0.3366   5.37
     2909       0.3363   5.38
     2910       0.3345   5.38
     2911       0.3358   5.38
     2912       0.3363   5.37
     2913       0.3353   5.37
     2914       0.3366   5.37
     2915       0.3370   5.38
     2916       0.3361   5.37
     2917       0.3365   5.37
     2918       0.3363   5.38
     2919       0.3364   5.38
     2920       0.3363   5.38
     2921       0.3361   5.37
     2922       0.3358   5.37
     2923       0.3370   5.37
     2924       0.3366   5.38
     2925       0.3364   5.38
     2926       0.3363   5.38
     2927       0.3363   5.38
     2928       0.3355   5.37
     2929       0.3367   5.37
     2930       0.3370   5.38
     2931       0.3360   5.38
     2932       0.3357   5.37
     2933       0.3364   5.37
     2934       0.3354   5.38
     2935       0.3351   5.38
     2936       0.3363   5.38
     2937       0.3347   5.38
     2938       0.3361   5.38
     2939       0.3545   5.38
     2940       0.3368   5.38
     2941       0.3365   5.38
     2942       0.3362   5.38
     2943       0.3363   5.38
     2944       0.3352   5.38
     2945       0.3366   5.38
     2946       0.3361   5.38
     2947       0.3364   5.38
     2948       0.3364   5.38
     2949       0.3364   5.38
     2950       0.3358   5.38
     2951       0.3365   5.38
     2952       0.3372   5.37
     2953       0.3359   5.38
     2954       0.3361   5.38
     2955       0.3362   5.38
     2956       0.3361   5.37
     2957       0.3368   5.37
     2958       0.3375   5.37
     2959       0.3374   5.38
     2960       0.3369   5.38
     2961       0.3370   5.38
     2962       0.3365   5.37
     2963       0.3368   5.37
     2964       0.3366   5.37
     2965       0.3369   5.37
     2966       0.3365   5.37
     2967       0.3369   5.37
     2968       0.3362   5.37
     2969       0.3355   5.38
     2970       0.3369   5.38
     2971       0.3370   5.37
     2972       0.3362   5.37
     2973       0.3362   5.37
     2974       0.3355   5.37
     2975       0.3358   5.38
     2976       0.3370   5.38
     2977       0.3375   5.38
     2978       0.3363   5.38
     2979       0.3363   5.38
     2980       0.3363   5.38
     2981       0.3356   5.38
     2982       0.3364   5.38
     2983       0.3364   5.38
     2984       0.3360   5.38
     2985       0.3363   5.38
     2986       0.3367   5.38
     2987       0.3370   5.38
     2988       0.3368   5.38
     2989       0.3368   5.37
     2990       0.3367   5.38
     2991       0.3357   5.38
     2992       0.3364   5.37
     2993       0.3359   5.37
     2994       0.3368   5.37
     2995       0.3367   5.38
     2996       0.3356   5.38
     2997       0.3370   5.38
     2998       0.3375   5.38
     2999       0.3371   5.38
     3000       0.3364   5.38
     3001       0.3365   5.38
     3002       0.3369   5.37
     3003       0.3352   5.37
     3004       0.3374   5.37
     3005       0.3368   5.37
     3006       0.3358   5.37
     3007       0.3369   5.37
     3008       0.3371   5.38
     3009       0.3356   5.38
     3010       0.3360   5.38
     3011       0.3370   5.38
     3012       0.3359   5.38
     3013       0.3367   5.38
     3014       0.3367   5.38
     3015       0.3351   5.38
     3016       0.3365   5.38
     3017       0.3371   5.38
     3018       0.3364   5.37
     3019       0.3365   5.37
     3020       0.3368   5.37
     3021       0.3361   5.38
     3022       0.3366   5.38
     3023       0.3362   5.37
     3024       0.3361   5.38
     3025       0.3371   5.38
     3026       0.3367   5.37
     3027       0.3355   5.37
     3028       0.3365   5.37
     3029       0.3365   5.38
     3030       0.3363   5.37
     3031       0.3368   5.37
     3032       0.3366   5.38
     3033       0.3356   5.37
     3034       0.3366   5.37
     3035       0.3359   5.38
     3036       0.3351   5.38
     3037       0.3368   5.38
     3038       0.3366   5.37
     3039       0.3360   5.37
     3040       0.3363   5.37
     3041       0.3367   5.38
     3042       0.3371   5.38
     3043       0.3361   5.38
     3044       0.3368   5.38
     3045       0.3361   5.38
     3046       0.3357   5.38
     3047       0.3367   5.38
     3048       0.3367   5.38
     3049       0.3361   5.38
     3050       0.3368   5.38
     3051       0.3374   5.38
     3052       0.3366   5.38
     3053       0.3370   5.38
     3054       0.3370   5.38
     3055       0.3367   5.37
     3056       0.3371   5.37
     3057       0.3367   5.37
     3058       0.3362   5.37
     3059       0.3361   5.37
     3060       0.3365   5.37
     3061       0.3356   5.38
     3062       0.3365   5.38
     3063       0.3365   5.37
     3064       0.3370   5.38
     3065       0.3373   5.38
     3066       0.3371   5.38
     3067       0.3368   5.38
     3068       0.3365   5.38
     3069       0.3363   5.37
     3070       0.3354   5.37
     3071       0.3363   5.37
     3072       0.3370   5.37
     3073       0.3364   5.38
     3074       0.3362   5.38
     3075       0.3363   5.38
     3076       0.3366   5.37
     3077       0.3354   5.37
     3078       0.3367   5.37
     3079       0.3373   5.38
     3080       0.3356   5.37
     3081       0.3369   5.37
     3082       0.3362   5.37
     3083       0.3358   5.37
     3084       0.3368   5.37
     3085       0.3370   5.38
     3086       0.3359   5.37
     3087       0.3367   5.37
     3088       0.3370   5.38
     3089       0.3358   5.37
     3090       0.3364   5.37
     3091       0.3369   5.37
     3092       0.3367   5.38
     3093       0.3362   5.38
     3094       0.3363   5.38
     3095       0.3359   5.38
     3096       0.3364   5.38
     3097       0.3366   5.37
     3098       0.3363   5.37
     3099       0.3371   5.37
     3100       0.3373   5.38
     3101       0.3356   5.38
     3102       0.3368   5.38
     3103       0.3364   5.37
     3104       0.3359   5.37
     3105       0.3363   5.37
     3106       0.3364   5.37
     3107       0.3345   5.37
     3108       0.3367   5.37
     3109       0.3363   5.37
     3110       0.3361   5.38
     3111       0.3365   5.38
     3112       0.3369   5.38
     3113       0.3362   5.38
     3114       0.3374   5.38
     3115       0.3374   5.38
     3116       0.3372   5.38
     3117       0.3356   5.37
     3118       0.3365   5.37
     3119       0.3365   5.37
     3120       0.3360   5.37
     3121       0.3366   5.37
     3122       0.3361   5.37
     3123       0.3349   5.37
     3124       0.3370   5.37
     3125       0.3374   5.38
     3126       0.3359   5.38
     3127       0.3361   5.38
     3128       0.3420   5.38
     3129       0.3355   5.37
     3130       0.3365   5.37
     3131       0.3359   5.38
     3132       0.3357   5.37
     3133       0.3370   5.37
     3134       0.3363   5.38
     3135       0.3359   5.38
     3136       0.3370   5.38
     3137       0.3377   5.37
     3138       0.3370   5.37
     3139       0.3366   5.37
     3140       0.3363   5.37
     3141       0.3357   5.37
     3142       0.3369   5.37
     3143       0.3364   5.37
     3144       0.3362   5.37
     3145       0.3369   5.37
     3146       0.3371   5.38
     3147       0.3362   5.37
     3148       0.3374   5.37
     3149       0.3368   5.37
     3150       0.3369   5.37
     3151       0.3360   5.37
     3152       0.3367   5.37
     3153       0.3366   5.37
     3154       0.3354   5.37
     3155       0.3363   5.37
     3156       0.3359   5.37
     3157       0.3353   5.38
     3158       0.3372   5.38
     3159       0.3372   5.38
     3160       0.3366   5.38
     3161       0.3365   5.38
     3162       0.3357   5.37
     3163       0.3352   5.37
     3164       0.3369   5.37
     3165       0.3367   5.38
     3166       0.3361   5.38
     3167       0.3360   5.38
     3168       0.3358   5.38
     3169       0.3351   5.38
     3170       0.3366   5.38
     3171       0.3365   5.38
     3172       0.3354   5.38
     3173       0.3361   5.38
     3174       0.3367   5.37
     3175       0.3362   5.37
     3176       0.3370   5.37
     3177       0.3365   5.38
     3178       0.3350   5.37
     3179       0.3363   5.37
     3180       0.3362   5.37
     3181       0.3363   5.37
     3182       0.3368   5.37
     3183       0.3362   5.38
     3184       0.3359   5.38
     3185       0.3361   5.38
     3186       0.3363   5.37
     3187       0.3365   5.38
     3188       0.3361   5.38
     3189       0.3368   5.38
     3190       0.3369   5.38
     3191       0.3361   5.38
     3192       0.3363   5.38
     3193       0.3356   5.37
     3194       0.3349   5.37
     3195       0.3353   5.37
     3196       0.3354   5.37
     3197       0.3346   5.38
     3198       0.3356   5.38
     3199       0.3360   5.37
     3200       0.3341   5.37
     3201       0.3355   5.37
     3202       0.3351   5.37
     3203       0.3343   5.37
     3204       0.3348   5.37
     3205       0.3351   5.38
     3206       0.3335   5.38
     3207       0.3354   5.38
     3208       0.3356   5.37
     3209       0.3349   5.38
     3210       0.3350   5.38
     3211       0.3352   5.37
     3212       0.3345   5.37
     3213       0.3348   5.37
     3214       0.3349   5.38
     3215       0.3339   5.38
     3216       0.3355   5.38
     3217       0.3353   5.38
     3218       0.3341   5.37
     3219       0.3350   5.37
     3220       0.3350   5.37
     3221       0.3342   5.37
     3222       0.3354   5.37
     3223       0.3359   5.38
     3224       0.3332   5.38
     3225       0.3344   5.38
     3226       0.3347   5.38
     3227       0.3335   5.38
     3228       0.3345   5.38
     3229       0.3349   5.38
     3230       0.3342   5.38
     3231       0.3352   5.38
     3232       0.3347   5.38
     3233       0.3344   5.38
     3234       0.3348   5.38
     3235       0.3352   5.38
     3236       0.3339   5.38
     3237       0.3347   5.38
     3238       0.3351   5.38
     3239       0.3342   5.38
     3240       0.3355   5.38
     3241       0.3350   5.38
     3242       0.3349   5.38
     3243       0.3345   5.38
     3244       0.3356   5.38
     3245       0.3352   5.38
     3246       0.3344   5.38
     3247       0.3349   5.38
     3248       0.3342   5.38
     3249       0.3342   5.38
     3250       0.3353   5.38
     3251       0.3352   5.38
     3252       0.3345   5.38
     3253       0.3352   5.38
     3254       0.3344   5.38
     3255       0.3348   5.38
     3256       0.3351   5.38
     3257       0.3358   5.38
     3258       0.3345   5.38
     3259       0.3356   5.38
     3260       0.3355   5.38
     3261       0.3342   5.38
     3262       0.3347   5.38
     3263       0.3342   5.37
     3264       0.3340   5.38
     3265       0.3357   5.38
     3266       0.3353   5.38
     3267       0.3340   5.38
     3268       0.3349   5.38
     3269       0.3349   5.38
     3270       0.3344   5.38
     3271       0.3350   5.38
     3272       0.3351   5.38
     3273       0.3350   5.38
     3274       0.3348   5.38
     3275       0.3351   5.38
     3276       0.3343   5.38
     3277       0.3351   5.38
     3278       0.3350   5.38
     3279       0.3342   5.38
     3280       0.3353   5.38
     3281       0.3347   5.38
     3282       0.3349   5.38
     3283       0.3362   5.38
     3284       0.3357   5.38
     3285       0.3347   5.38
     3286       0.3351   5.38
     3287       0.3352   5.38
     3288       0.3344   5.38
     3289       0.3352   5.38
     3290       0.3345   5.37
     3291       0.3348   5.37
     3292       0.3354   5.37
     3293       0.3346   5.38
     3294       0.3348   5.38
     3295       0.3354   5.38
     3296       0.3358   5.37
     3297       0.3348   5.37
     3298       0.3345   5.37
     3299       0.3346   5.37
     3300       0.3360   5.38
     3301       0.3353   5.38
     3302       0.3354   5.38
     3303       0.3357   5.38
     3304       0.3353   5.38
     3305       0.3354   5.38
     3306       0.3358   5.37
     3307       0.3348   5.37
     3308       0.3358   5.37
     3309       0.3362   5.38
     3310       0.3343   5.37
     3311       0.3348   5.37
     3312       0.3352   5.37
     3313       0.3351   5.38
     3314       0.3356   5.38
     3315       0.3353   5.38
     3316       0.3345   5.38
     3317       0.3340   5.38
     3318       0.3368   5.38
     3319       0.3348   5.37
     3320       0.3348   5.37
     3321       0.3345   5.38
     3322       0.3340   5.38
     3323       0.3349   5.38
     3324       0.3346   5.38
     3325       0.3339   5.38
     3326       0.3352   5.38
     3327       0.3354   5.38
     3328       0.3340   5.38
     3329       0.3353   5.38
     3330       0.3348   5.38
     3331       0.3341   5.37
     3332       0.3352   5.37
     3333       0.3355   5.38
     3334       0.3351   5.38
     3335       0.3350   5.38
     3336       0.3349   5.37
     3337       0.3341   5.38
     3338       0.3350   5.38
     3339       0.3349   5.38
     3340       0.3346   5.38
     3341       0.3354   5.38
     3342       0.3355   5.38
     3343       0.3347   5.38
     3344       0.3354   5.38
     3345       0.3346   5.38
     3346       0.3340   5.38
     3347       0.3357   5.38
     3348       0.3356   5.38
     3349       0.3343   5.38
     3350       0.3349   5.38
     3351       0.3350   5.38
     3352       0.3354   5.38
     3353       0.3348   5.38
     3354       0.3349   5.38
     3355       0.3342   5.37
     3356       0.3343   5.38
     3357       0.3345   5.38
     3358       0.3342   5.38
     3359       0.3332   5.38
     3360       0.3352   5.38
     3361       0.3339   5.38
     3362       0.3347   5.38
     3363       0.3348   5.38
     3364       0.3353   5.38
     3365       0.3337   5.38
     3366       0.3356   5.38
     3367       0.3350   5.38
     3368       0.3340   5.38
     3369       0.3344   5.38
     3370       0.3345   5.38
     3371       0.3345   5.38
     3372       0.3351   5.38
     3373       0.3348   5.38
     3374       0.3346   5.38
     3375       0.3353   5.38
     3376       0.3351   5.38
     3377       0.3351   5.38
     3378       0.3351   5.38
     3379       0.3347   5.38
     3380       0.3339   5.38
     3381       0.3348   5.38
     3382       0.3348   5.38
     3383       0.3344   5.38
     3384       0.3360   5.38
     3385       0.3352   5.38
     3386       0.3340   5.38
     3387       0.3347   5.38
     3388       0.3351   5.38
     3389       0.3343   5.38
     3390       0.3345   5.38
     3391       0.3350   5.38
     3392       0.3339   5.37
     3393       0.3348   5.37
     3394       0.3352   5.38
     3395       0.3349   5.38
     3396       0.3355   5.38
     3397       0.3347   5.38
     3398       0.3343   5.38
     3399       0.3343   5.38
     3400       0.3347   5.38
     3401       0.3346   5.38
     3402       0.3348   5.38
     3403       0.3352   5.38
     3404       0.3347   5.38
     3405       0.3358   5.38
     3406       0.3355   5.38
     3407       0.3340   5.38
     3408       0.3348   5.38
     3409       0.3350   5.38
     3410       0.3349   5.38
     3411       0.3349   5.38
     3412       0.3347   5.38
     3413       0.3343   5.38
     3414       0.3362   5.38
     3415       0.3349   5.38
     3416       0.3354   5.38
     3417       0.3341   5.38
     3418       0.3346   5.38
     3419       0.3345   5.38
     3420       0.3353   5.38
     3421       0.3362   5.38
     3422       0.3364   5.38
     3423       0.3343   5.38
     3424       0.3355   5.38
     3425       0.3347   5.38
     3426       0.3345   5.38
     3427       0.3360   5.38
     3428       0.3359   5.38
     3429       0.3345   5.37
     3430       0.3349   5.37
     3431       0.3350   5.37
     3432       0.3345   5.38
     3433       0.3349   5.38
     3434       0.3347   5.38
     3435       0.3352   5.38
     3436       0.3347   5.38
     3437       0.3348   5.38
     3438       0.3341   5.38
     3439       0.3348   5.38
     3440       0.3350   5.38
     3441       0.3347   5.38
     3442       0.3349   5.38
     3443       0.3348   5.38
     3444       0.3335   5.37
     3445       0.3350   5.37
     3446       0.3353   5.38
     3447       0.3348   5.38
     3448       0.3353   5.38
     3449       0.3353   5.38
     3450       0.3351   5.38
     3451       0.3354   5.38
     3452       0.3357   5.38
     3453       0.3343   5.38
     3454       0.3348   5.38
     3455       0.3350   5.38
     3456       0.3341   5.38
     3457       0.3350   5.38
     3458       0.3347   5.38
     3459       0.3339   5.37
     3460       0.3348   5.37
     3461       0.3354   5.38
     3462       0.3347   5.38
     3463       0.3342   5.38
     3464       0.3342   5.38
     3465       0.3344   5.38
     3466       0.3345   5.38
     3467       0.3351   5.38
     3468       0.3343   5.38
     3469       0.3354   5.38
     3470       0.3355   5.38
     3471       0.3353   5.38
     3472       0.3336   5.38
     3473       0.3351   5.38
     3474       0.3357   5.38
     3475       0.3341   5.38
     3476       0.3350   5.38
     3477       0.3351   5.38
     3478       0.3347   5.37
     3479       0.3359   5.37
     3480       0.3357   5.38
     3481       0.3352   5.38
     3482       0.3354   5.38
     3483       0.3347   5.38
     3484       0.3350   5.38
     3485       0.3356   5.38
     3486       0.3350   5.38
     3487       0.3344   5.38
     3488       0.3355   5.38
     3489       0.3347   5.37
     3490       0.3348   5.38
     3491       0.3355   5.38
     3492       0.3354   5.38
     3493       0.3350   5.38
     3494       0.3352   5.38
     3495       0.3351   5.37
     3496       0.3333   5.37
     3497       0.3346   5.37
     3498       0.3345   5.37
     3499       0.3353   5.37
     3500       0.3361   5.37
     3501       0.3361   5.38
     3502       0.3357   5.38
     3503       0.3362   5.38
     3504       0.3366   5.38
     3505       0.3362   5.38
     3506       0.3364   5.38
     3507       0.3365   5.38
     3508       0.3360   5.38
     3509       0.3358   5.38
     3510       0.3365   5.37
     3511       0.3362   5.38
     3512       0.3374   5.38
     3513       0.3373   5.38
     3514       0.3364   5.37
     3515       0.3374   5.37
     3516       0.3364   5.37
     3517       0.3362   5.37
     3518       0.3360   5.37
     3519       0.3353   5.37
     3520       0.3360   5.37
     3521       0.3360   5.37
     3522       0.3363   5.37
     3523       0.3373   5.37
     3524       0.3363   5.38
     3525       0.3367   5.38
     3526       0.3371   5.38
     3527       0.3359   5.38
     3528       0.3367   5.38
     3529       0.3360   5.37
     3530       0.3363   5.38
     3531       0.3359   5.38
     3532       0.3364   5.38
     3533       0.3355   5.38
     3534       0.3370   5.38
     3535       0.3376   5.38
     3536       0.3367   5.38
     3537       0.3362   5.38
     3538       0.3361   5.38
     3539       0.3353   5.37
     3540       0.3364   5.37
     3541       0.3366   5.38
     3542       0.3358   5.38
     3543       0.3364   5.38
     3544       0.3366   5.38
     3545       0.3359   5.38
     3546       0.3363   5.38
     3547       0.3362   5.38
     3548       0.3362   5.38
     3549       0.3366   5.38
     3550       0.3367   5.38
     3551       0.3361   5.38
     3552       0.3364   5.38
     3553       0.3366   5.38
     3554       0.3358   5.38
     3555       0.3363   5.38
     3556       0.3364   5.37
     3557       0.3361   5.38
     3558       0.3363   5.38
     3559       0.3376   5.38
     3560       0.3374   5.38
     3561       0.3362   5.37
     3562       0.3360   5.37
     3563       0.3353   5.37
     3564       0.3347   5.38
     3565       0.3364   5.38
     3566       0.3366   5.38
     3567       0.3361   5.38
     3568       0.3367   5.38
     3569       0.3370   5.38
     3570       0.3356   5.37
     3571       0.3366   5.37
     3572       0.3368   5.37
     3573       0.3365   5.37
     3574       0.3372   5.37
     3575       0.3374   5.37
     3576       0.3359   5.37
     3577       0.3371   5.37
     3578       0.3376   5.37
     3579       0.3365   5.37
     3580       0.3365   5.37
     3581       0.3365   5.37
     3582       0.3363   5.37
     3583       0.3373   5.37
     3584       0.3368   5.37
     3585       0.3351   5.37
     3586       0.3369   5.37
     3587       0.3362   5.37
     3588       0.3356   5.37
     3589       0.3363   5.37
     3590       0.3369   5.37
     3591       0.3362   5.37
     3592       0.3369   5.37
     3593       0.3365   5.37
     3594       0.3361   5.37
     3595       0.3364   5.38
     3596       0.3366   5.38
     3597       0.3365   5.38
     3598       0.3352   5.38
     3599       0.3366   5.38
     3600       0.3369   5.37
     3601       0.3361   5.37
     3602       0.3379   5.37
     3603       0.3366   5.38
     3604       0.3360   5.37
     3605       0.3368   5.37
     3606       0.3367   5.37
     3607       0.3363   5.37
     3608       0.3361   5.37
     3609       0.3358   5.38
     3610       0.3350   5.38
     3611       0.3362   5.38
     3612       0.3363   5.38
     3613       0.3362   5.38
     3614       0.3374   5.38
     3615       0.3372   5.38
     3616       0.3363   5.38
     3617       0.3372   5.38
     3618       0.3376   5.37
     3619       0.3368   5.37
     3620       0.3361   5.37
     3621       0.3362   5.37
     3622       0.3357   5.37
     3623       0.3366   5.37
     3624       0.3367   5.37
     3625       0.3361   5.37
     3626       0.3364   5.37
     3627       0.3364   5.37
     3628       0.3363   5.37
     3629       0.3371   5.37
     3630       0.3370   5.37
     3631       0.3364   5.37
     3632       0.3360   5.38
     3633       0.3368   5.38
     3634       0.3376   5.38
     3635       0.3357   5.37
     3636       0.3366   5.37
     3637       0.3362   5.37
     3638       0.3355   5.37
     3639       0.3367   5.37
     3640       0.3359   5.38
     3641       0.3353   5.38
     3642       0.3362   5.38
     3643       0.3366   5.37
     3644       0.3355   5.37
     3645       0.3364   5.37
     3646       0.3370   5.37
     3647       0.3353   5.37
     3648       0.3362   5.37
     3649       0.3361   5.38
     3650       0.3355   5.38
     3651       0.3363   5.38
     3652       0.3362   5.38
     3653       0.3358   5.38
     3654       0.3367   5.38
     3655       0.3369   5.38
     3656       0.3358   5.38
     3657       0.3356   5.38
     3658       0.3367   5.38
     3659       0.3370   5.38
     3660       0.3375   5.38
     3661       0.3374   5.37
     3662       0.3377   5.38
     3663       0.3364   5.38
     3664       0.3365   5.37
     3665       0.3362   5.37
     3666       0.3369   5.37
     3667       0.3374   5.38
     3668       0.3371   5.38
     3669       0.3362   5.37
     3670       0.3371   5.37
     3671       0.3370   5.37
     3672       0.3367   5.37
     3673       0.3358   5.37
     3674       0.3359   5.37
     3675       0.3362   5.37
     3676       0.3362   5.37
     3677       0.3369   5.37
     3678       0.3363   5.37
     3679       0.3358   5.37
     3680       0.3363   5.38
     3681       0.3353   5.38
     3682       0.3360   5.38
     3683       0.3360   5.38
     3684       0.3352   5.38
     3685       0.3360   5.38
     3686       0.3353   5.38
     3687       0.3362   5.38
     3688       0.3369   5.38
     3689       0.3369   5.38
     3690       0.3368   5.38
     3691       0.3364   5.38
     3692       0.3362   5.38
     3693       0.3358   5.38
     3694       0.3358   5.38
     3695       0.3358   5.37
     3696       0.3352   5.37
     3697       0.3380   5.37
     3698       0.3363   5.38
     3699       0.3358   5.38
     3700       0.3370   5.38
     3701       0.3374   5.38
     3702       0.3360   5.38
     3703       0.3366   5.38
     3704       0.3366   5.38
     3705       0.3365   5.38
     3706       0.3351   5.37
     3707       0.3362   5.37
     3708       0.3358   5.38
     3709       0.3358   5.38
     3710       0.3369   5.38
     3711       0.3376   5.38
     3712       0.3353   5.38
     3713       0.3369   5.38
     3714       0.3362   5.38
     3715       0.3355   5.38
     3716       0.3367   5.38
     3717       0.3369   5.37
     3718       0.3356   5.38
     3719       0.3358   5.38
     3720       0.3356   5.38
     3721       0.3353   5.37
     3722       0.3368   5.37
     3723       0.3372   5.38
     3724       0.3357   5.38
     3725       0.3363   5.38
     3726       0.3360   5.37
     3727       0.3346   5.37
     3728       0.3349   5.37
     3729       0.3348   5.38
     3730       0.3348   5.38
     3731       0.3350   5.38
     3732       0.3346   5.38
     3733       0.3348   5.37
     3734       0.3355   5.37
     3735       0.3357   5.38
     3736       0.3353   5.38
     3737       0.3355   5.38
     3738       0.3352   5.38
     3739       0.3349   5.37
     3740       0.3352   5.37
     3741       0.3345   5.37
     3742       0.3345   5.38
     3743       0.3360   5.38
     3744       0.3354   5.38
     3745       0.3347   5.37
     3746       0.3361   5.37
     3747       0.3356   5.37
     3748       0.3349   5.37
     3749       0.3354   5.37
     3750       0.3353   5.38
     3751       0.3362   5.37
     3752       0.3351   5.38
     3753       0.3353   5.38
     3754       0.3361   5.38
     3755       0.3348   5.38
     3756       0.3351   5.38
     3757       0.3351   5.37
     3758       0.3346   5.37
     3759       0.3354   5.37
     3760       0.3351   5.38
     3761       0.3341   5.38
     3762       0.3351   5.38
     3763       0.3352   5.38
     3764       0.3339   5.38
     3765       0.3360   5.38
     3766       0.3357   5.38
     3767       0.3337   5.38
     3768       0.3353   5.38
     3769       0.3356   5.37
     3770       0.3348   5.37
     3771       0.3359   5.37
     3772       0.3356   5.38
     3773       0.3354   5.38
     3774       0.3364   5.38
     3775       0.3365   5.37
     3776       0.3358   5.37
     3777       0.3365   5.37
     3778       0.3356   5.38
     3779       0.3345   5.37
     3780       0.3350   5.37
     3781       0.3356   5.37
     3782       0.3353   5.37
     3783       0.3357   5.37
     3784       0.3361   5.37
     3785       0.3340   5.37
     3786       0.3347   5.37
     3787       0.3351   5.37
     3788       0.3339   5.37
     3789       0.3347   5.37
     3790       0.3348   5.38
     3791       0.3353   5.38
     3792       0.3367   5.38
     3793       0.3376   5.38
     3794       0.3347   5.38
     3795       0.3361   5.38
     3796       0.3358   5.38
     3797       0.3349   5.37
     3798       0.3353   5.37
     3799       0.3356   5.38
     3800       0.3355   5.38
     3801       0.3353   5.38
     3802       0.3358   5.38
     3803       0.3354   5.38
     3804       0.3343   5.37
     3805       0.3357   5.37
     3806       0.3348   5.37
     3807       0.3349   5.38
     3808       0.3347   5.38
     3809       0.3349   5.38
     3810       0.3346   5.38
     3811       0.3352   5.38
     3812       0.3349   5.38
     3813       0.3343   5.38
     3814       0.3354   5.38
     3815       0.3358   5.38
     3816       0.3357   5.38
     3817       0.3351   5.38
     3818       0.3351   5.38
     3819       0.3342   5.38
     3820       0.3353   5.38
     3821       0.3347   5.38
     3822       0.3339   5.38
     3823       0.3356   5.38
     3824       0.3354   5.38
     3825       0.3347   5.38
     3826       0.3359   5.38
     3827       0.3357   5.38
     3828       0.3347   5.38
     3829       0.3346   5.38
     3830       0.3350   5.37
     3831       0.3343   5.38
     3832       0.3352   5.38
     3833       0.3345   5.38
     3834       0.3339   5.38
     3835       0.3353   5.38
     3836       0.3361   5.38
     3837       0.3352   5.38
     3838       0.3349   5.38
     3839       0.3348   5.38
     3840       0.3337   5.38
     3841       0.3348   5.38
     3842       0.3345   5.38
     3843       0.3334   5.38
     3844       0.3358   5.38
     3845       0.3348   5.38
     3846       0.3347   5.38
     3847       0.3359   5.38
     3848       0.3356   5.38
     3849       0.3355   5.38
     3850       0.3351   5.38
     3851       0.3356   5.38
     3852       0.3349   5.38
     3853       0.3352   5.38
     3854       0.3345   5.38
     3855       0.3348   5.38
     3856       0.3350   5.38
     3857       0.3359   5.38
     3858       0.3360   5.38
     3859       0.3348   5.37
     3860       0.3355   5.37
     3861       0.3351   5.38
     3862       0.3350   5.38
     3863       0.3357   5.38
     3864       0.3356   5.38
     3865       0.3344   5.38
     3866       0.3351   5.38
     3867       0.3354   5.38
     3868       0.3338   5.38
     3869       0.3346   5.38
     3870       0.3353   5.38
     3871       0.3349   5.38
     3872       0.3351   5.38
     3873       0.3356   5.38
     3874       0.3348   5.38
     3875       0.3358   5.38
     3876       0.3352   5.38
     3877       0.3349   5.38
     3878       0.3360   5.38
     3879       0.3358   5.38
     3880       0.3342   5.38
     3881       0.3351   5.38
     3882       0.3356   5.38
     3883       0.3350   5.38
     3884       0.3353   5.38
     3885       0.3351   5.38
     3886       0.3348   5.38
     3887       0.3354   5.38
     3888       0.3351   5.38
     3889       0.3345   5.38
     3890       0.3356   5.38
     3891       0.3356   5.38
     3892       0.3348   5.38
     3893       0.3346   5.38
     3894       0.3346   5.38
     3895       0.3340   5.38
     3896       0.3347   5.38
     3897       0.3348   5.38
     3898       0.3345   5.38
     3899       0.3349   5.38
     3900       0.3349   5.38
     3901       0.3344   5.38
     3902       0.3356   5.38
     3903       0.3349   5.38
     3904       0.3347   5.38
     3905       0.3348   5.38
     3906       0.3357   5.38
     3907       0.3340   5.38
     3908       0.3358   5.38
     3909       0.3352   5.38
     3910       0.3346   5.38
     3911       0.3348   5.38
     3912       0.3358   5.38
     3913       0.3347   5.38
     3914       0.3341   5.38
     3915       0.3345   5.38
     3916       0.3358   5.38
     3917       0.3344   5.38
     3918       0.3352   5.38
     3919       0.3346   5.38
     3920       0.3346   5.38
     3921       0.3349   5.38
     3922       0.3346   5.38
     3923       0.3341   5.38
     3924       0.3352   5.38
     3925       0.3352   5.38
     3926       0.3352   5.38
     3927       0.3354   5.38
     3928       0.3355   5.38
     3929       0.3346   5.38
     3930       0.3354   5.38
     3931       0.3355   5.38
     3932       0.3347   5.38
     3933       0.3352   5.38
     3934       0.3354   5.38
     3935       0.3335   5.38
     3936       0.3353   5.38
     3937       0.3353   5.38
     3938       0.3338   5.38
     3939       0.3356   5.38
     3940       0.3353   5.38
     3941       0.3358   5.38
     3942       0.3354   5.38
     3943       0.3349   5.38
     3944       0.3343   5.38
     3945       0.3344   5.38
     3946       0.3351   5.38
     3947       0.3348   5.38
     3948       0.3343   5.38
     3949       0.3346   5.38
     3950       0.3344   5.38
     3951       0.3351   5.38
     3952       0.3352   5.38
     3953       0.3341   5.38
     3954       0.3352   5.38
     3955       0.3346   5.38
     3956       0.3349   5.38
     3957       0.3356   5.38
     3958       0.3354   5.38
     3959       0.3343   5.38
     3960       0.3351   5.38
     3961       0.3349   5.38
     3962       0.3351   5.38
     3963       0.3347   5.38
     3964       0.3352   5.39
     3965       0.3353   5.38
     3966       0.3345   5.38
     3967       0.3355   5.38
     3968       0.3353   5.38
     3969       0.3343   5.38
     3970       0.3349   5.38
     3971       0.3347   5.38
     3972       0.3347   5.39
     3973       0.3350   5.39
     3974       0.3350   5.38
     3975       0.3338   5.38
     3976       0.3345   5.38
     3977       0.3347   5.38
     3978       0.3342   5.38
     3979       0.3349   5.38
     3980       0.3352   5.38
     3981       0.3346   5.38
     3982       0.3350   5.38
     3983       0.3355   5.38
     3984       0.3354   5.38
     3985       0.3354   5.38
     3986       0.3348   5.38
     3987       0.3357   5.38
     3988       0.3348   5.38
     3989       0.3347   5.38
     3990       0.3345   5.38
     3991       0.3349   5.38
     3992       0.3348   5.38
     3993       0.3344   5.38
     3994       0.3352   5.38
     3995       0.3353   5.38
     3996       0.3333   5.38
     3997       0.3342   5.38
     3998       0.3343   5.38
     3999       0.3344   5.38
     4000       0.3351   5.38
     4001       0.3345   5.38
     4002       0.3331   5.38
     4003       0.3353   5.38
     4004       0.3350   5.38
     4005       0.3341   5.38
     4006       0.3356   5.38
     4007       0.3357   5.38
     4008       0.3352   5.38
     4009       0.3354   5.38
     4010       0.3352   5.38
     4011       0.3349   5.38
     4012       0.3363   5.38
     4013       0.3357   5.38
     4014       0.3351   5.38
     4015       0.3344   5.38
     4016       0.3346   5.38
     4017       0.3343   5.38
     4018       0.3351   5.38
     4019       0.3355   5.38
     4020       0.3355   5.38
     4021       0.3350   5.38
     4022       0.3357   5.38
     4023       0.3358   5.38
     4024       0.3360   5.37
     4025       0.3359   5.37
     4026       0.3353   5.37
     4027       0.3341   5.37
     4028       0.3349   5.37
     4029       0.3351   5.37
     4030       0.3344   5.37
     4031       0.3351   5.37
     4032       0.3357   5.37
     4033       0.3344   5.38
     4034       0.3360   5.38
     4035       0.3357   5.38
     4036       0.3341   5.37
     4037       0.3352   5.37
     4038       0.3356   5.38
     4039       0.3354   5.37
     4040       0.3370   5.37
     4041       0.3372   5.38
     4042       0.3360   5.37
     4043       0.3360   5.37
     4044       0.3371   5.37
     4045       0.3360   5.37
     4046       0.3365   5.37
     4047       0.3363   5.37
     4048       0.3360   5.38
     4049       0.3365   5.38
     4050       0.3371   5.38
     4051       0.3361   5.38
     4052       0.3370   5.38
     4053       0.3372   5.38
     4054       0.3361   5.37
     4055       0.3373   5.37
     4056       0.3370   5.37
     4057       0.3359   5.37
     4058       0.3364   5.37
     4059       0.3360   5.37
     4060       0.3352   5.38
     4061       0.3367   5.38
     4062       0.3359   5.37
     4063       0.3361   5.38
     4064       0.3358   5.38
     4065       0.3362   5.38
     4066       0.3369   5.38
     4067       0.3354   5.38
     4068       0.3363   5.38
     4069       0.3368   5.38
     4070       0.3354   5.38
     4071       0.3357   5.38
     4072       0.3363   5.38
     4073       0.3358   5.38
     4074       0.3361   5.38
     4075       0.3365   5.38
     4076       0.3354   5.38
     4077       0.3361   5.38
     4078       0.3364   5.38
     4079       0.3352   5.38
     4080       0.3366   5.38
     4081       0.3361   5.38
     4082       0.3351   5.38
     4083       0.3357   5.38
     4084       0.3369   5.38
     4085       0.3356   5.37
     4086       0.3370   5.37
     4087       0.3366   5.37
     4088       0.3354   5.38
     4089       0.3358   5.38
     4090       0.3365   5.38
     4091       0.3364   5.38
     4092       0.3358   5.38
     4093       0.3356   5.38
     4094       0.3346   5.37
     4095       0.3351   5.37
     4096       0.3356   5.37
     4097       0.3357   5.38
     4098       0.3360   5.38
     4099       0.3360   5.38
     4100       0.3361   5.38
     4101       0.3371   5.38
     4102       0.3369   5.38
     4103       0.3360   5.38
     4104       0.3366   5.38
     4105       0.3365   5.38
     4106       0.3365   5.38
     4107       0.3356   5.37
     4108       0.3363   5.37
     4109       0.3362   5.38
     4110       0.3354   5.38
     4111       0.3364   5.38
     4112       0.3363   5.38
     4113       0.3357   5.38
     4114       0.3370   5.38
     4115       0.3369   5.38
     4116       0.3362   5.38
     4117       0.3360   5.38
     4118       0.3361   5.38
     4119       0.3359   5.38
     4120       0.3364   5.38
     4121       0.3370   5.37
     4122       0.3352   5.38
     4123       0.3360   5.38
     4124       0.3355   5.38
     4125       0.3354   5.38
     4126       0.3360   5.38
     4127       0.3364   5.37
     4128       0.3358   5.37
     4129       0.3357   5.37
     4130       0.3365   5.38
     4131       0.3355   5.38
     4132       0.3357   5.38
     4133       0.3361   5.37
     4134       0.3356   5.38
     4135       0.3355   5.38
     4136       0.3354   5.38
     4137       0.3348   5.38
     4138       0.3361   5.38
     4139       0.3360   5.38
     4140       0.3347   5.38
     4141       0.3363   5.38
     4142       0.3364   5.38
     4143       0.3357   5.38
     4144       0.3362   5.38
     4145       0.3370   5.37
     4146       0.3361   5.37
     4147       0.3364   5.37
     4148       0.3360   5.37
     4149       0.3363   5.37
     4150       0.3361   5.37
     4151       0.3369   5.37
     4152       0.3368   5.37
     4153       0.3354   5.37
     4154       0.3362   5.37
     4155       0.3362   5.37
     4156       0.3356   5.37
     4157       0.3371   5.37
     4158       0.3367   5.38
     4159       0.3347   5.38
     4160       0.3359   5.38
     4161       0.3359   5.37
     4162       0.3351   5.37
     4163       0.3363   5.37
     4164       0.3359   5.37
     4165       0.3350   5.38
     4166       0.3364   5.38
     4167       0.3363   5.37
     4168       0.3342   5.37
     4169       0.3361   5.37
     4170       0.3360   5.38
     4171       0.3353   5.38
     4172       0.3356   5.38
     4173       0.3353   5.38
     4174       0.3356   5.38
     4175       0.3362   5.38
     4176       0.3358   5.38
     4177       0.3356   5.38
     4178       0.3354   5.38
     4179       0.3361   5.37
     4180       0.3361   5.38
     4181       0.3364   5.38
     4182       0.3355   5.38
     4183       0.3351   5.38
     4184       0.3365   5.38
     4185       0.3361   5.37
     4186       0.3356   5.37
     4187       0.3371   5.37
     4188       0.3365   5.37
     4189       0.3361   5.38
     4190       0.3348   5.38
     4191       0.3356   5.38
     4192       0.3359   5.38
     4193       0.3351   5.38
     4194       0.3363   5.38
     4195       0.3364   5.38
     4196       0.3355   5.38
     4197       0.3355   5.38
     4198       0.3356   5.37
     4199       0.3351   5.38
     4200       0.3362   5.38
     4201       0.3364   5.38
     4202       0.3350   5.38
     4203       0.3361   5.38
     4204       0.3361   5.38
     4205       0.3356   5.38
     4206       0.3360   5.38
     4207       0.3361   5.38
     4208       0.3349   5.38
     4209       0.3367   5.38
     4210       0.3366   5.38
     4211       0.3358   5.38
     4212       0.3370   5.38
     4213       0.3368   5.38
     4214       0.3357   5.38
     4215       0.3366   5.38
     4216       0.3368   5.37
     4217       0.3361   5.37
     4218       0.3371   5.37
     4219       0.3372   5.38
     4220       0.3361   5.38
     4221       0.3365   5.38
     4222       0.3365   5.37
     4223       0.3363   5.38
     4224       0.3369   5.38
     4225       0.3362   5.38
     4226       0.3355   5.38
     4227       0.3364   5.38
     4228       0.3368   5.37
     4229       0.3375   5.38
     4230       0.3364   5.38
     4231       0.3365   5.38
     4232       0.3373   5.38
     4233       0.3360   5.37
     4234       0.3374   5.37
     4235       0.3372   5.37
     4236       0.3356   5.37
     4237       0.3365   5.37
     4238       0.3363   5.37
     4239       0.3356   5.38
     4240       0.3370   5.38
     4241       0.3371   5.37
     4242       0.3364   5.37
     4243       0.3365   5.37
     4244       0.3368   5.37
     4245       0.3362   5.38
     4246       0.3362   5.38
     4247       0.3365   5.38
     4248       0.3367   5.38
     4249       0.3358   5.38
     4250       0.3364   5.38
     4251       0.3367   5.38
     4252       0.3362   5.38
     4253       0.3362   5.37
     4254       0.3358   5.38
     4255       0.3363   5.38
     4256       0.3366   5.38
     4257       0.3366   5.38
     4258       0.3366   5.38
     4259       0.3359   5.38
     4260       0.3357   5.38
     4261       0.3368   5.38
     4262       0.3365   5.38
     4263       0.3356   5.38
     4264       0.3362   5.38
     4265       0.3359   5.38
     4266       0.3361   5.38
     4267       0.3351   5.38
     4268       0.3358   5.38
     4269       0.3354   5.38
     4270       0.3346   5.38
     4271       0.3356   5.38
     4272       0.3358   5.37
     4273       0.3353   5.38
     4274       0.3353   5.38
     4275       0.3354   5.38
     4276       0.3354   5.38
     4277       0.3358   5.38
     4278       0.3352   5.38
     4279       0.3348   5.37
     4280       0.3354   5.37
     4281       0.3355   5.37
     4282       0.3353   5.38
     4283       0.3354   5.38
     4284       0.3354   5.37
     4285       0.3345   5.37
     4286       0.3348   5.37
     4287       0.3353   5.38
     4288       0.3348   5.38
     4289       0.3351   5.38
     4290       0.3357   5.38
     4291       0.3348   5.38
     4292       0.3348   5.38
     4293       0.3346   5.38
     4294       0.3347   5.38
     4295       0.3353   5.38
     4296       0.3355   5.38
     4297       0.3348   5.38
     4298       0.3352   5.38
     4299       0.3353   5.38
     4300       0.3347   5.38
     4301       0.3348   5.38
     4302       0.3354   5.38
     4303       0.3347   5.38
     4304       0.3359   5.38
     4305       0.3359   5.38
     4306       0.3346   5.38
     4307       0.3350   5.38
     4308       0.3354   5.38
     4309       0.3343   5.38
     4310       0.3352   5.38
     4311       0.3349   5.38
     4312       0.3338   5.38
     4313       0.3350   5.38
     4314       0.3359   5.38
     4315       0.3355   5.38
     4316       0.3349   5.38
     4317       0.3355   5.38
     4318       0.3353   5.38
     4319       0.3349   5.38
     4320       0.3356   5.38
     4321       0.3361   5.38
     4322       0.3346   5.38
     4323       0.3359   5.38
     4324       0.3366   5.38
     4325       0.3347   5.38
     4326       0.3355   5.38
     4327       0.3357   5.38
     4328       0.3347   5.38
     4329       0.3359   5.38
     4330       0.3362   5.38
     4331       0.3348   5.38
     4332       0.3357   5.38
     4333       0.3360   5.38
     4334       0.3348   5.37
     4335       0.3362   5.37
     4336       0.3357   5.37
     4337       0.3344   5.38
     4338       0.3353   5.38
     4339       0.3352   5.38
     4340       0.3348   5.38
     4341       0.3355   5.38
     4342       0.3353   5.38
     4343       0.3347   5.38
     4344       0.3352   5.38
     4345       0.3355   5.38
     4346       0.3357   5.38
     4347       0.3357   5.38
     4348       0.3356   5.38
     4349       0.3337   5.38
     4350       0.3354   5.38
     4351       0.3353   5.38
     4352       0.3339   5.38
     4353       0.3349   5.38
     4354       0.3350   5.38
     4355       0.3344   5.38
     4356       0.3352   5.38
     4357       0.3351   5.38
     4358       0.3340   5.38
     4359       0.3363   5.38
     4360       0.3364   5.38
     4361       0.3371   5.38
     4362       0.3349   5.38
     4363       0.3360   5.38
     4364       0.3362   5.38
     4365       0.3362   5.37
     4366       0.3373   5.37
     4367       0.3379   5.37
     4368       0.3361   5.37
     4369       0.3370   5.37
     4370       0.3365   5.37
     4371       0.3357   5.37
     4372       0.3363   5.37
     4373       0.3368   5.37
     4374       0.3361   5.37
     4375       0.3366   5.37
     4376       0.3369   5.37
     4377       0.3358   5.37
     4378       0.3363   5.37
     4379       0.3363   5.37
     4380       0.3360   5.37
     4381       0.3361   5.37
     4382       0.3371   5.37
     4383       0.3364   5.37
     4384       0.3377   5.37
     4385       0.3377   5.37
     4386       0.3371   5.37
     4387       0.3371   5.37
     4388       0.3362   5.37
     4389       0.3348   5.37
     4390       0.3369   5.37
     4391       0.3369   5.37
     4392       0.3357   5.37
     4393       0.3364   5.37
     4394       0.3367   5.37
     4395       0.3355   5.37
     4396       0.3363   5.37
     4397       0.3365   5.37
     4398       0.3353   5.37
     4399       0.3371   5.37
     4400       0.3366   5.37
     4401       0.3363   5.36
     4402       0.3355   5.36
     4403       0.3369   5.36
     4404       0.3363   5.37
     4405       0.3364   5.37
     4406       0.3364   5.37
     4407       0.3359   5.37
     4408       0.3348   5.37
     4409       0.3364   5.37
     4410       0.3362   5.37
     4411       0.3362   5.37
     4412       0.3366   5.37
     4413       0.3370   5.37
     4414       0.3357   5.37
     4415       0.3366   5.37
     4416       0.3365   5.37
     4417       0.3368   5.37
     4418       0.3363   5.37
     4419       0.3365   5.37
     4420       0.3361   5.36
     4421       0.3362   5.36
     4422       0.3364   5.37
     4423       0.3354   5.37
     4424       0.3370   5.37
     4425       0.3372   5.37
     4426       0.3369   5.37
     4427       0.3367   5.37
     4428       0.3370   5.37
     4429       0.3361   5.36
     4430       0.3364   5.36
     4431       0.3360   5.36
     4432       0.3354   5.37
     4433       0.3365   5.37
     4434       0.3372   5.37
     4435       0.3361   5.37
     4436       0.3366   5.37
     4437       0.3362   5.37
     4438       0.3361   5.37
     4439       0.3365   5.37
     4440       0.3364   5.37
     4441       0.3363   5.37
     4442       0.3362   5.37
     4443       0.3365   5.37
     4444       0.3374   5.37
     4445       0.3362   5.37
     4446       0.3368   5.37
     4447       0.3365   5.37
     4448       0.3357   5.37
     4449       0.3370   5.37
     4450       0.3371   5.37
     4451       0.3370   5.37
     4452       0.3373   5.37
     4453       0.3369   5.37
     4454       0.3358   5.36
     4455       0.3363   5.36
     4456       0.3352   5.37
     4457       0.3356   5.37
     4458       0.3549   5.37
     4459       0.3362   5.37
     4460       0.3354   5.36
     4461       0.3363   5.36
     4462       0.3368   5.37
     4463       0.3354   5.37
     4464       0.3373   5.37
     4465       0.3367   5.37
     4466       0.3352   5.37
     4467       0.3364   5.37
     4468       0.3367   5.37
     4469       0.3361   5.37
     4470       0.3365   5.37
     4471       0.3370   5.37
     4472       0.3369   5.37
     4473       0.3354   5.37
     4474       0.3363   5.37
     4475       0.3366   5.36
     4476       0.3358   5.37
     4477       0.3362   5.37
     4478       0.3363   5.37
     4479       0.3359   5.37
     4480       0.3368   5.37
     4481       0.3368   5.37
     4482       0.3362   5.37
     4483       0.3367   5.37
     4484       0.3373   5.37
     4485       0.3355   5.37
     4486       0.3367   5.37
     4487       0.3364   5.37
     4488       0.3372   5.37
     4489       0.3368   5.37
     4490       0.3371   5.37
     4491       0.3353   5.36
     4492       0.3364   5.36
     4493       0.3367   5.37
     4494       0.3357   5.37
     4495       0.3372   5.37
     4496       0.3370   5.37
     4497       0.3354   5.37
     4498       0.3370   5.37
     4499       0.3368   5.36
     4500       0.3356   5.37
     4501       0.3365   5.37
     4502       0.3367   5.37
     4503       0.3354   5.37
     4504       0.3367   5.37
     4505       0.3372   5.37
     4506       0.3368   5.37
     4507       0.3374   5.37
     4508       0.3373   5.37
     4509       0.3371   5.37
     4510       0.3369   5.37
     4511       0.3384   5.37
     4512       0.3393   5.37
     4513       0.3373   5.37
     4514       0.3376   5.37
     4515       0.3379   5.37
     4516       0.3373   5.36
     4517       0.3376   5.36
     4518       0.3379   5.36
     4519       0.3370   5.37
     4520       0.3379   5.37
     4521       0.3377   5.37
     4522       0.3373   5.37
     4523       0.3381   5.37
     4524       0.3374   5.37
     4525       0.3364   5.37
     4526       0.3376   5.37
     4527       0.3371   5.37
     4528       0.3354   5.37
     4529       0.3378   5.37
     4530       0.3374   5.37
     4531       0.3363   5.37
     4532       0.3370   5.37
     4533       0.3370   5.37
     4534       0.3376   5.37
     4535       0.3376   5.37
     4536       0.3379   5.37
     4537       0.3357   5.37
     4538       0.3371   5.37
     4539       0.3365   5.37
     4540       0.3362   5.37
     4541       0.3362   5.37
     4542       0.3375   5.37
     4543       0.3376   5.37
     4544       0.3368   5.37
     4545       0.3371   5.37
     4546       0.3369   5.37
     4547       0.3374   5.36
     4548       0.3374   5.36
     4549       0.3369   5.37
     4550       0.3368   5.37
     4551       0.3368   5.37
     4552       0.3370   5.36
     4553       0.3363   5.37
     4554       0.3372   5.37
     4555       0.3374   5.36
     4556       0.3361   5.37
     4557       0.3371   5.37
     4558       0.3377   5.37
     4559       0.3365   5.37
     4560       0.3375   5.37
     4561       0.3373   5.37
     4562       0.3371   5.37
     4563       0.3370   5.37
     4564       0.3377   5.37
     4565       0.3361   5.37
     4566       0.3378   5.37
     4567       0.3374   5.37
     4568       0.3365   5.37
     4569       0.3377   5.37
     4570       0.3376   5.37
     4571       0.3370   5.37
     4572       0.3380   5.37
     4573       0.3381   5.36
     4574       0.3392   5.36
     4575       0.3361   5.37
     4576       0.3371   5.37
     4577       0.3374   5.36
     4578       0.3371   5.37
     4579       0.3377   5.37
     4580       0.3379   5.37
     4581       0.3373   5.37
     4582       0.3383   5.37
     4583       0.3379   5.36
     4584       0.3363   5.37
     4585       0.3377   5.37
     4586       0.3379   5.36
     4587       0.3377   5.37
     4588       0.3381   5.37
     4589       0.3380   5.37
     4590       0.3372   5.37
     4591       0.3383   5.37
     4592       0.3379   5.37
     4593       0.3375   5.37
     4594       0.3387   5.37
     4595       0.3377   5.37
     4596       0.3369   5.36
     4597       0.3380   5.36
     4598       0.3374   5.37
     4599       0.3370   5.37
     4600       0.3370   5.37
     4601       0.3376   5.37
     4602       0.3374   5.37
     4603       0.3367   5.37
     4604       0.3375   5.37
     4605       0.3384   5.36
     4606       0.3371   5.37
     4607       0.3383   5.37
     4608       0.3380   5.37
     4609       0.3359   5.37
     4610       0.3366   5.37
     4611       0.3370   5.36
     4612       0.3364   5.37
     4613       0.3371   5.37
     4614       0.3371   5.37
     4615       0.3365   5.36
     4616       0.3369   5.36
     4617       0.3368   5.37
     4618       0.3365   5.37
     4619       0.3375   5.37
     4620       0.3380   5.37
     4621       0.3367   5.37
     4622       0.3365   5.37
     4623       0.3369   5.37
     4624       0.3364   5.37
     4625       0.3376   5.37
     4626       0.3377   5.37
     4627       0.3382   5.36
     4628       0.3388   5.36
     4629       0.3382   5.37
     4630       0.3374   5.37
     4631       0.3390   5.37
     4632       0.3382   5.36
     4633       0.3384   5.36
     4634       0.3362   5.37
     4635       0.3374   5.37
     4636       0.3376   5.37
     4637       0.3363   5.37
     4638       0.3386   5.37
     4639       0.3376   5.37
     4640       0.3373   5.36
     4641       0.3386   5.36
     4642       0.3378   5.37
     4643       0.3368   5.37
     4644       0.3382   5.37
     4645       0.3381   5.37
     4646       0.3372   5.37
     4647       0.3383   5.37
     4648       0.3381   5.36
     4649       0.3374   5.36
     4650       0.3376   5.36
     4651       0.3376   5.37
     4652       0.3372   5.36
     4653       0.3380   5.36
     4654       0.3382   5.36
     4655       0.3376   5.37
     4656       0.3370   5.37
     4657       0.3371   5.37
     4658       0.3367   5.37
     4659       0.3377   5.37
     4660       0.3382   5.36
     4661       0.3377   5.37
     4662       0.3385   5.37
     4663       0.3373   5.37
     4664       0.3372   5.37
     4665       0.3366   5.37
     4666       0.3373   5.37
     4667       0.3384   5.37
     4668       0.3372   5.36
     4669       0.3374   5.36
     4670       0.3378   5.37
     4671       0.3371   5.37
     4672       0.3378   5.37
     4673       0.3372   5.37
     4674       0.3367   5.37
     4675       0.3375   5.37
     4676       0.3371   5.37
     4677       0.3376   5.37
     4678       0.3384   5.37
     4679       0.3373   5.37
     4680       0.3372   5.37
     4681       0.3383   5.37
     4682       0.3381   5.37
     4683       0.3377   5.37
     4684       0.3386   5.37
     4685       0.3379   5.37
     4686       0.3372   5.36
     4687       0.3379   5.36
     4688       0.3378   5.36
     4689       0.3366   5.37
     4690       0.3378   5.37
     4691       0.3382   5.37
     4692       0.3380   5.37
     4693       0.3376   5.37
     4694       0.3379   5.37
     4695       0.3385   5.37
     4696       0.3372   5.36
     4697       0.3377   5.36
     4698       0.3371   5.36
     4699       0.3363   5.36
     4700       0.3371   5.36
     4701       0.3374   5.37
     4702       0.3370   5.37
     4703       0.3382   5.37
     4704       0.3386   5.37
     4705       0.3365   5.37
     4706       0.3379   5.37
     4707       0.3378   5.37
     4708       0.3370   5.37
     4709       0.3382   5.37
     4710       0.3382   5.37
     4711       0.3380   5.37
     4712       0.3377   5.37
     4713       0.3380   5.37
     4714       0.3369   5.37
     4715       0.3377   5.37
     4716       0.3383   5.37
     4717       0.3372   5.36
     4718       0.3383   5.36
     4719       0.3378   5.36
     4720       0.3369   5.37
     4721       0.3376   5.37
     4722       0.3380   5.37
     4723       0.3379   5.37
     4724       0.3371   5.36
     4725       0.3381   5.36
     4726       0.3388   5.37
     4727       0.3368   5.37
     4728       0.3377   5.37
     4729       0.3382   5.36
     4730       0.3374   5.37
     4731       0.3379   5.37
     4732       0.3377   5.37
     4733       0.3376   5.37
     4734       0.3381   5.37
     4735       0.3378   5.37
     4736       0.3371   5.37
     4737       0.3374   5.37
     4738       0.3377   5.37
     4739       0.3365   5.37
     4740       0.3397   5.37
     4741       0.3378   5.36
     4742       0.3368   5.37
     4743       0.3380   5.37
     4744       0.3385   5.37
     4745       0.3374   5.37
     4746       0.3379   5.37
     4747       0.3373   5.37
     4748       0.3370   5.36
     4749       0.3384   5.36
     4750       0.3383   5.37
     4751       0.3383   5.37
     4752       0.3374   5.37
     4753       0.3382   5.37
     4754       0.3378   5.37
     4755       0.3368   5.37
     4756       0.3380   5.37
     4757       0.3375   5.37
     4758       0.3368   5.37
     4759       0.3374   5.37
     4760       0.3372   5.37
     4761       0.3379   5.36
     4762       0.3381   5.36
     4763       0.3379   5.37
     4764       0.3370   5.37
     4765       0.3377   5.37
     4766       0.3373   5.37
     4767       0.3367   5.37
     4768       0.3379   5.37
     4769       0.3375   5.36
     4770       0.3375   5.37
     4771       0.3378   5.37
     4772       0.3381   5.37
     4773       0.3379   5.37
     4774       0.3382   5.37
     4775       0.3380   5.37
     4776       0.3378   5.36
     4777       0.3380   5.36
     4778       0.3382   5.36
     4779       0.3384   5.37
     4780       0.3369   5.37
     4781       0.3370   5.37
     4782       0.3376   5.37
     4783       0.3363   5.37
     4784       0.3373   5.37
     4785       0.3374   5.37
     4786       0.3372   5.37
     4787       0.3380   5.37
     4788       0.3373   5.37
     4789       0.3369   5.37
     4790       0.3375   5.37
     4791       0.3377   5.37
     4792       0.3376   5.37
     4793       0.3379   5.37
     4794       0.3381   5.37
     4795       0.3366   5.36
     4796       0.3379   5.36
     4797       0.3377   5.37
     4798       0.3370   5.37
     4799       0.3381   5.37
     4800       0.3379   5.37
     4801       0.3377   5.37
     4802       0.3379   5.37
     4803       0.3377   5.37
     4804       0.3375   5.37
     4805       0.3380   5.37
     4806       0.3386   5.37
     4807       0.3374   5.37
     4808       0.3384   5.37
     4809       0.3383   5.36
     4810       0.3377   5.36
     4811       0.3371   5.37
     4812       0.3380   5.37
     4813       0.3382   5.37
     4814       0.3374   5.36
     4815       0.3374   5.36
     4816       0.3377   5.36
     4817       0.3377   5.37
     4818       0.3381   5.37
     4819       0.3380   5.37
     4820       0.3375   5.37
     4821       0.3372   5.37
     4822       0.3373   5.37
     4823       0.3369   5.36
     4824       0.3377   5.36
     4825       0.3376   5.37
     4826       0.3373   5.37
     4827       0.3372   5.37
     4828       0.3379   5.36
     4829       0.3361   5.37
     4830       0.3376   5.37
     4831       0.3380   5.37
     4832       0.3368   5.37
     4833       0.3382   5.37
     4834       0.3377   5.36
     4835       0.3371   5.37
     4836       0.3387   5.37
     4837       0.3383   5.37
     4838       0.3373   5.36
     4839       0.3373   5.37
     4840       0.3376   5.37
     4841       0.3375   5.37
     4842       0.3369   5.37
     4843       0.3371   5.37
     4844       0.3371   5.37
     4845       0.3371   5.37
     4846       0.3372   5.37
     4847       0.3373   5.37
     4848       0.3373   5.37
     4849       0.3373   5.37
     4850       0.3378   5.36
     4851       0.3378   5.37
     4852       0.3380   5.37
     4853       0.3384   5.37
     4854       0.3374   5.37
     4855       0.3378   5.37
     4856       0.3376   5.37
     4857       0.3369   5.36
     4858       0.3382   5.36
     4859       0.3382   5.36
     4860       0.3375   5.37
     4861       0.3371   5.37
     4862       0.3376   5.37
     4863       0.3372   5.37
     4864       0.3384   5.37
     4865       0.3378   5.37
     4866       0.3376   5.37
     4867       0.3380   5.37
     4868       0.3376   5.36
     4869       0.3374   5.36
     4870       0.3372   5.36
     4871       0.3382   5.36
     4872       0.3381   5.37
     4873       0.3374   5.37
     4874       0.3385   5.37
     4875       0.3379   5.37
     4876       0.3371   5.37
     4877       0.3375   5.37
     4878       0.3374   5.37
     4879       0.3364   5.37
     4880       0.3370   5.37
     4881       0.3369   5.36
     4882       0.3367   5.37
     4883       0.3378   5.37
     4884       0.3370   5.37
     4885       0.3363   5.37
     4886       0.3372   5.37
     4887       0.3376   5.37
     4888       0.3370   5.37
     4889       0.3371   5.37
     4890       0.3367   5.37
     4891       0.3364   5.37
     4892       0.3372   5.37
     4893       0.3368   5.37
     4894       0.3367   5.37
     4895       0.3385   5.37
     4896       0.3382   5.37
     4897       0.3365   5.37
     4898       0.3372   5.37
     4899       0.3376   5.37
     4900       0.3373   5.36
     4901       0.3373   5.37
     4902       0.3377   5.37
     4903       0.3378   5.37
     4904       0.3371   5.37
     4905       0.3376   5.37
     4906       0.3381   5.36
     4907       0.3366   5.37
     4908       0.3374   5.37
     4909       0.3375   5.37
     4910       0.3375   5.36
     4911       0.3383   5.36
     4912       0.3380   5.37
     4913       0.3376   5.37
     4914       0.3382   5.37
     4915       0.3373   5.37
     4916       0.3376   5.37
     4917       0.3367   5.37
     4918       0.3372   5.37
     4919       0.3363   5.36
     4920       0.3376   5.36
     4921       0.3381   5.37
     4922       0.3372   5.37
     4923       0.3379   5.37
     4924       0.3370   5.37
     4925       0.3365   5.37
     4926       0.3384   5.37
     4927       0.3384   5.37
     4928       0.3364   5.37
     4929       0.3377   5.37
     4930       0.3386   5.37
     4931       0.3380   5.37
     4932       0.3373   5.37
     4933       0.3380   5.37
     4934       0.3379   5.37
     4935       0.3371   5.36
     4936       0.3376   5.36
     4937       0.3383   5.37
     4938       0.3379   5.37
     4939       0.3382   5.37
     4940       0.3377   5.37
     4941       0.3370   5.37
     4942       0.3379   5.37
     4943       0.3375   5.37
     4944       0.3370   5.37
     4945       0.3378   5.37
     4946       0.3385   5.37
     4947       0.3366   5.37
     4948       0.3386   5.37
     4949       0.3377   5.37
     4950       0.3374   5.37
     4951       0.3379   5.37
     4952       0.3378   5.36
     4953       0.3371   5.37
     4954       0.3383   5.37
     4955       0.3379   5.37
     4956       0.3379   5.37
     4957       0.3387   5.37
     4958       0.3377   5.37
     4959       0.3376   5.37
     4960       0.3370   5.37
     4961       0.3380   5.37
     4962       0.3382   5.37
     4963       0.3370   5.37
     4964       0.3375   5.37
     4965       0.3380   5.37
     4966       0.3371   5.37
     4967       0.3374   5.37
     4968       0.3382   5.37
     4969       0.3379   5.37
     4970       0.3377   5.37
     4971       0.3374   5.37
     4972       0.3372   5.36
     4973       0.3366   5.36
     4974       0.3373   5.36
     4975       0.3367   5.37
     4976       0.3377   5.37
     4977       0.3381   5.37
     4978       0.3374   5.37
     4979       0.3379   5.37
     4980       0.3370   5.37
     4981       0.3372   5.36
     4982       0.3373   5.36
     4983       0.3372   5.37
     4984       0.3367   5.37
     4985       0.3382   5.37
     4986       0.3379   5.37
     4987       0.3372   5.37
     4988       0.3386   5.37
     4989       0.3383   5.37
     4990       0.3380   5.37
     4991       0.3363   5.37
     4992       0.3375   5.37
     4993       0.3374   5.37
     4994       0.3368   5.37
     4995       0.3375   5.37
     4996       0.3381   5.37
     4997       0.3384   5.37
     4998       0.3374   5.37
     4999       0.3363   5.37
     5000       0.3354   5.37
     5001       0.3359   5.37
     5002       0.3365   5.37
     5003       0.3357   5.37
     5004       0.3365   5.37
     5005       0.3364   5.37
     5006       0.3361   5.37
     5007       0.3366   5.37
     5008       0.3364   5.37
     5009       0.3361   5.37
     5010       0.3368   5.37
     5011       0.3366   5.37
     5012       0.3352   5.37
     5013       0.3368   5.37
     5014       0.3363   5.37
     5015       0.3357   5.37
     5016       0.3366   5.37
     5017       0.3366   5.37
     5018       0.3354   5.37
     5019       0.3369   5.37
     5020       0.3369   5.37
     5021       0.3358   5.37
     5022       0.3368   5.37
     5023       0.3369   5.37
     5024       0.3379   5.37
     5025       0.3363   5.37
     5026       0.3372   5.37
     5027       0.3370   5.37
     5028       0.3357   5.37
     5029       0.3359   5.37
     5030       0.3362   5.37
     5031       0.3359   5.37
     5032       0.3362   5.37
     5033       0.3365   5.37
     5034       0.3361   5.37
     5035       0.3357   5.37
     5036       0.3362   5.37
     5037       0.3354   5.37
     5038       0.3361   5.37
     5039       0.3366   5.37
     5040       0.3367   5.37
     5041       0.3371   5.37
     5042       0.3365   5.37
     5043       0.3358   5.37
     5044       0.3369   5.37
     5045       0.3378   5.37
     5046       0.3360   5.37
     5047       0.3363   5.37
     5048       0.3371   5.37
     5049       0.3366   5.36
     5050       0.3359   5.36
     5051       0.3371   5.36
     5052       0.3372   5.37
     5053       0.3388   5.37
     5054       0.3377   5.37
     5055       0.3366   5.37
     5056       0.3379   5.37
     5057       0.3378   5.36
     5058       0.3369   5.37
     5059       0.3370   5.36
     5060       0.3380   5.36
     5061       0.3370   5.36
     5062       0.3366   5.36
     5063       0.3377   5.36
     5064       0.3380   5.37
     5065       0.3372   5.37
     5066       0.3375   5.37
     5067       0.3376   5.37
     5068       0.3370   5.37
     5069       0.3377   5.37
     5070       0.3380   5.37
     5071       0.3374   5.37
     5072       0.3376   5.37
     5073       0.3375   5.37
     5074       0.3376   5.37
     5075       0.3387   5.37
     5076       0.3381   5.37
     5077       0.3366   5.37
     5078       0.3373   5.37
     5079       0.3378   5.37
     5080       0.3369   5.37
     5081       0.3375   5.37
     5082       0.3374   5.37
     5083       0.3373   5.37
     5084       0.3380   5.37
     5085       0.3379   5.37
     5086       0.3382   5.37
     5087       0.3375   5.37
     5088       0.3381   5.37
     5089       0.3382   5.37
     5090       0.3376   5.37
     5091       0.3380   5.37
     5092       0.3369   5.36
     5093       0.3371   5.37
     5094       0.3381   5.37
     5095       0.3388   5.37
     5096       0.3369   5.37
     5097       0.3376   5.37
     5098       0.3381   5.37
     5099       0.3377   5.37
     5100       0.3383   5.37
     5101       0.3374   5.36
     5102       0.3374   5.36
     5103       0.3381   5.36
     5104       0.3385   5.36
     5105       0.3374   5.37
     5106       0.3384   5.37
     5107       0.3375   5.37
     5108       0.3368   5.37
     5109       0.3375   5.37
     5110       0.3378   5.36
     5111       0.3379   5.37
     5112       0.3388   5.37
     5113       0.3371   5.37
     5114       0.3371   5.37
     5115       0.3372   5.37
     5116       0.3382   5.36
     5117       0.3383   5.37
     5118       0.3370   5.37
     5119       0.3377   5.37
     5120       0.3376   5.36
     5121       0.3365   5.36
     5122       0.3370   5.36
     5123       0.3380   5.37
     5124       0.3367   5.37
     5125       0.3370   5.37
     5126       0.3377   5.37
     5127       0.3370   5.36
     5128       0.3385   5.36
     5129       0.3382   5.37
     5130       0.3377   5.37
     5131       0.3373   5.37
     5132       0.3384   5.37
     5133       0.3363   5.36
     5134       0.3372   5.36
     5135       0.3375   5.37
     5136       0.3370   5.37
     5137       0.3376   5.37
     5138       0.3380   5.37
     5139       0.3378   5.37
     5140       0.3379   5.37
     5141       0.3378   5.37
     5142       0.3374   5.37
     5143       0.3368   5.37
     5144       0.3375   5.37
     5145       0.3374   5.37
     5146       0.3379   5.37
     5147       0.3376   5.37
     5148       0.3381   5.37
     5149       0.3366   5.37
     5150       0.3382   5.37
     5151       0.3373   5.36
     5152       0.3368   5.36
     5153       0.3376   5.36
     5154       0.3374   5.37
     5155       0.3374   5.37
     5156       0.3382   5.37
     5157       0.3381   5.37
     5158       0.3362   5.37
     5159       0.3377   5.37
     5160       0.3377   5.37
     5161       0.3375   5.37
     5162       0.3383   5.37
     5163       0.3379   5.37
     5164       0.3372   5.37
     5165       0.3388   5.37
     5166       0.3379   5.37
     5167       0.3374   5.37
     5168       0.3381   5.37
     5169       0.3380   5.37
     5170       0.3380   5.37
     5171       0.3386   5.37
     5172       0.3379   5.37
     5173       0.3367   5.37
     5174       0.3380   5.37
     5175       0.3381   5.36
     5176       0.3367   5.37
     5177       0.3370   5.37
     5178       0.3370   5.37
     5179       0.3378   5.37
     5180       0.3369   5.37
     5181       0.3373   5.37
     5182       0.3379   5.37
     5183       0.3372   5.37
     5184       0.3380   5.37
     5185       0.3386   5.37
     5186       0.3373   5.37
     5187       0.3382   5.37
     5188       0.3371   5.37
     5189       0.3365   5.37
     5190       0.3374   5.37
     5191       0.3377   5.36
     5192       0.3371   5.37
     5193       0.3380   5.37
     5194       0.3375   5.37
     5195       0.3371   5.37
     5196       0.3377   5.37
     5197       0.3382   5.37
     5198       0.3370   5.37
     5199       0.3381   5.37
     5200       0.3377   5.37
     5201       0.3373   5.37
     5202       0.3385   5.37
     5203       0.3370   5.36
     5204       0.3372   5.36
     5205       0.3377   5.36
     5206       0.3384   5.37
     5207       0.3384   5.36
     5208       0.3372   5.37
     5209       0.3377   5.37
     5210       0.3373   5.37
     5211       0.3369   5.36
     5212       0.3376   5.36
     5213       0.3382   5.37
     5214       0.3376   5.37
     5215       0.3378   5.37
     5216       0.3376   5.37
     5217       0.3373   5.37
     5218       0.3379   5.37
     5219       0.3372   5.36
     5220       0.3370   5.36
     5221       0.3374   5.36
     5222       0.3374   5.36
     5223       0.3376   5.37
     5224       0.3382   5.37
     5225       0.3383   5.37
     5226       0.3366   5.37
     5227       0.3384   5.37
     5228       0.3380   5.37
     5229       0.3367   5.37
     5230       0.3383   5.37
     5231       0.3383   5.36
     5232       0.3368   5.37
     5233       0.3371   5.37
     5234       0.3375   5.37
     5235       0.3367   5.37
     5236       0.3378   5.37
     5237       0.3383   5.37
     5238       0.3378   5.37
     5239       0.3373   5.36
     5240       0.3379   5.36
     5241       0.3378   5.37
     5242       0.3367   5.37
     5243       0.3375   5.37
     5244       0.3373   5.37
     5245       0.3377   5.37
     5246       0.3384   5.37
     5247       0.3382   5.37
     5248       0.3366   5.37
     5249       0.3376   5.37
     5250       0.3376   5.36
     5251       0.3373   5.37
     5252       0.3385   5.37
     5253       0.3379   5.37
     5254       0.3375   5.37
     5255       0.3377   5.37
     5256       0.3381   5.37
     5257       0.3370   5.37
     5258       0.3379   5.37
     5259       0.3379   5.37
     5260       0.3372   5.37
     5261       0.3377   5.37
     5262       0.3377   5.36
     5263       0.3366   5.37
     5264       0.3382   5.37
     5265       0.3372   5.37
     5266       0.3374   5.37
     5267       0.3366   5.36
     5268       0.3377   5.36
     5269       0.3372   5.37
     5270       0.3363   5.37
     5271       0.3370   5.37
     5272       0.3379   5.37
     5273       0.3371   5.37
     5274       0.3380   5.37
     5275       0.3380   5.37
     5276       0.3365   5.37
     5277       0.3373   5.37
     5278       0.3380   5.37
     5279       0.3377   5.37
     5280       0.3383   5.37
     5281       0.3375   5.37
     5282       0.3367   5.36
     5283       0.3380   5.36
     5284       0.3384   5.36
     5285       0.3378   5.36
     5286       0.3380   5.36
     5287       0.3377   5.37
     5288       0.3360   5.37
     5289       0.3375   5.37
     5290       0.3384   5.37
     5291       0.3380   5.37
     5292       0.3379   5.37
     5293       0.3377   5.37
     5294       0.3372   5.37
     5295       0.3368   5.37
     5296       0.3382   5.37
     5297       0.3384   5.37
     5298       0.3358   5.37
     5299       0.3379   5.37
     5300       0.3382   5.37
     5301       0.3376   5.37
     5302       0.3387   5.37
     5303       0.3380   5.37
     5304       0.3368   5.37
     5305       0.3379   5.37
     5306       0.3375   5.37
     5307       0.3383   5.37
     5308       0.3375   5.37
     5309       0.3380   5.37
     5310       0.3363   5.36
     5311       0.3377   5.36
     5312       0.3384   5.37
     5313       0.3369   5.37
     5314       0.3372   5.37
     5315       0.3382   5.37
     5316       0.3379   5.36
     5317       0.3370   5.36
     5318       0.3377   5.36
     5319       0.3372   5.36
     5320       0.3380   5.36
     5321       0.3381   5.37
     5322       0.3374   5.37
     5323       0.3368   5.37
     5324       0.3374   5.37
     5325       0.3380   5.36
     5326       0.3366   5.37
     5327       0.3372   5.37
     5328       0.3380   5.37
     5329       0.3372   5.37
     5330       0.3375   5.37
     5331       0.3378   5.36
     5332       0.3366   5.37
     5333       0.3376   5.37
     5334       0.3379   5.37
     5335       0.3364   5.37
     5336       0.3378   5.37
     5337       0.3372   5.37
     5338       0.3376   5.36
     5339       0.3379   5.36
     5340       0.3375   5.37
     5341       0.3364   5.37
     5342       0.3370   5.37
     5343       0.3376   5.37
     5344       0.3374   5.36
     5345       0.3387   5.36
     5346       0.3384   5.37
     5347       0.3367   5.37
     5348       0.3371   5.37
     5349       0.3369   5.36
     5350       0.3364   5.36
     5351       0.3372   5.36
     5352       0.3379   5.37
     5353       0.3366   5.37
     5354       0.3376   5.37
     5355       0.3378   5.37
     5356       0.3384   5.37
     5357       0.3370   5.37
     5358       0.3379   5.37
     5359       0.3369   5.37
     5360       0.3365   5.37
     5361       0.3378   5.37
     5362       0.3383   5.36
     5363       0.3367   5.37
     5364       0.3378   5.37
     5365       0.3380   5.37
     5366       0.3379   5.37
     5367       0.3376   5.37
     5368       0.3377   5.37
     5369       0.3368   5.36
     5370       0.3377   5.36
     5371       0.3378   5.36
     5372       0.3366   5.37
     5373       0.3373   5.37
     5374       0.3381   5.37
     5375       0.3372   5.37
     5376       0.3382   5.37
     5377       0.3379   5.37
     5378       0.3363   5.36
     5379       0.3374   5.36
     5380       0.3373   5.36
     5381       0.3365   5.37
     5382       0.3381   5.37
     5383       0.3381   5.37
     5384       0.3374   5.37
     5385       0.3385   5.37
     5386       0.3376   5.37
     5387       0.3377   5.37
     5388       0.3375   5.36
     5389       0.3378   5.36
     5390       0.3383   5.37
     5391       0.3377   5.37
     5392       0.3381   5.37
     5393       0.3386   5.37
     5394       0.3375   5.37
     5395       0.3372   5.37
     5396       0.3380   5.36
     5397       0.3368   5.36
     5398       0.3384   5.36
     5399       0.3383   5.37
     5400       0.3373   5.37
     5401       0.3359   5.37
     5402       0.3382   5.37
     5403       0.3378   5.37
     5404       0.3388   5.37
     5405       0.3387   5.37
     5406       0.3380   5.37
     5407       0.3365   5.37
     5408       0.3354   5.37
     5409       0.3361   5.37
     5410       0.3363   5.37
     5411       0.3370   5.37
     5412       0.3364   5.37
     5413       0.3369   5.37
     5414       0.3368   5.37
     5415       0.3351   5.37
     5416       0.3366   5.37
     5417       0.3375   5.37
     5418       0.3358   5.37
     5419       0.3350   5.37
     5420       0.3363   5.37
     5421       0.3358   5.36
     5422       0.3355   5.37
     5423       0.3367   5.37
     5424       0.3368   5.37
     5425       0.3361   5.37
     5426       0.3364   5.37
     5427       0.3365   5.37
     5428       0.3364   5.37
     5429       0.3366   5.37
     5430       0.3368   5.37
     5431       0.3360   5.37
     5432       0.3364   5.37
     5433       0.3364   5.37
     5434       0.3360   5.36
     5435       0.3361   5.36
     5436       0.3363   5.37
     5437       0.3352   5.37
     5438       0.3362   5.37
     5439       0.3360   5.37
     5440       0.3358   5.37
     5441       0.3366   5.37
     5442       0.3369   5.37
     5443       0.3360   5.37
     5444       0.3368   5.37
     5445       0.3370   5.37
     5446       0.3357   5.37
     5447       0.3365   5.37
     5448       0.3364   5.37
     5449       0.3361   5.37
     5450       0.3368   5.37
     5451       0.3363   5.37
     5452       0.3353   5.37
     5453       0.3365   5.37
     5454       0.3362   5.37
     5455       0.3359   5.37
     5456       0.3361   5.37
     5457       0.3360   5.37
     5458       0.3367   5.37
     5459       0.3355   5.37
     5460       0.3362   5.37
     5461       0.3363   5.37
     5462       0.3357   5.37
     5463       0.3367   5.37
     5464       0.3368   5.37
     5465       0.3356   5.37
     5466       0.3364   5.37
     5467       0.3378   5.37
     5468       0.3363   5.37
     5469       0.3357   5.37
     5470       0.3359   5.37
     5471       0.3358   5.37
     5472       0.3365   5.37
     5473       0.3373   5.37
     5474       0.3358   5.37
     5475       0.3367   5.37
     5476       0.3360   5.37
     5477       0.3353   5.37
     5478       0.3366   5.37
     5479       0.3365   5.37
     5480       0.3362   5.37
     5481       0.3362   5.37
     5482       0.3361   5.37
     5483       0.3360   5.37
     5484       0.3366   5.37
     5485       0.3360   5.37
     5486       0.3352   5.37
     5487       0.3367   5.37
     5488       0.3370   5.37
     5489       0.3353   5.37
     5490       0.3355   5.37
     5491       0.3365   5.37
     5492       0.3348   5.37
     5493       0.3366   5.37
     5494       0.3367   5.37
     5495       0.3370   5.37
     5496       0.3360   5.37
     5497       0.3361   5.37
     5498       0.3358   5.37
     5499       0.3362   5.37
     5500       0.3367   5.37
     5501       0.3368   5.37
     5502       0.3358   5.37
     5503       0.3365   5.37
     5504       0.3365   5.37
     5505       0.3359   5.37
     5506       0.3359   5.37
     5507       0.3367   5.37
     5508       0.3360   5.37
     5509       0.3374   5.37
     5510       0.3363   5.37
     5511       0.3366   5.36
     5512       0.3374   5.36
     5513       0.3371   5.37
     5514       0.3366   5.37
     5515       0.3364   5.37
     5516       0.3367   5.37
     5517       0.3357   5.37
     5518       0.3364   5.37
     5519       0.3376   5.37
     5520       0.3362   5.37
     5521       0.3366   5.37
     5522       0.3361   5.36
     5523       0.3357   5.36
     5524       0.3368   5.36
     5525       0.3354   5.37
     5526       0.3360   5.37
     5527       0.3364   5.37
     5528       0.3365   5.37
     5529       0.3353   5.37
     5530       0.3366   5.37
     5531       0.3371   5.37
     5532       0.3367   5.37
     5533       0.3351   5.37
     5534       0.3360   5.37
     5535       0.3359   5.37
     5536       0.3356   5.37
     5537       0.3366   5.37
     5538       0.3369   5.37
     5539       0.3361   5.37
     5540       0.3369   5.37
     5541       0.3372   5.37
     5542       0.3356   5.37
     5543       0.3358   5.37
     5544       0.3367   5.37
     5545       0.3357   5.36
     5546       0.3362   5.36
     5547       0.3359   5.37
     5548       0.3363   5.37
     5549       0.3362   5.37
     5550       0.3363   5.37
     5551       0.3355   5.37
     5552       0.3364   5.37
     5553       0.3365   5.37
     5554       0.3362   5.37
     5555       0.3365   5.37
     5556       0.3367   5.37
     5557       0.3353   5.37
     5558       0.3364   5.37
     5559       0.3359   5.37
     5560       0.3357   5.37
     5561       0.3358   5.37
     5562       0.3360   5.37
     5563       0.3360   5.37
     5564       0.3366   5.37
     5565       0.3365   5.37
     5566       0.3360   5.37
     5567       0.3360   5.37
     5568       0.3364   5.37
     5569       0.3354   5.37
     5570       0.3355   5.37
     5571       0.3366   5.37
     5572       0.3362   5.37
     5573       0.3360   5.37
     5574       0.3364   5.37
     5575       0.3356   5.37
     5576       0.3358   5.37
     5577       0.3364   5.37
     5578       0.3367   5.37
     5579       0.3354   5.37
     5580       0.3365   5.37
     5581       0.3361   5.37
     5582       0.3359   5.37
     5583       0.3360   5.37
     5584       0.3354   5.37
     5585       0.3352   5.37
     5586       0.3364   5.37
     5587       0.3359   5.37
     5588       0.3358   5.37
     5589       0.3361   5.37
     5590       0.3358   5.37
     5591       0.3354   5.37
     5592       0.3371   5.37
     5593       0.3359   5.37
     5594       0.3361   5.37
     5595       0.3360   5.37
     5596       0.3361   5.37
     5597       0.3350   5.37
     5598       0.3363   5.37
     5599       0.3362   5.37
     5600       0.3349   5.37
     5601       0.3356   5.37
     5602       0.3361   5.37
     5603       0.3356   5.37
     5604       0.3365   5.37
     5605       0.3369   5.37
     5606       0.3369   5.37
     5607       0.3376   5.37
     5608       0.3369   5.37
     5609       0.3362   5.37
     5610       0.3369   5.37
     5611       0.3366   5.37
     5612       0.3363   5.37
     5613       0.3356   5.37
     5614       0.3363   5.37
     5615       0.3365   5.37
     5616       0.3356   5.37
     5617       0.3364   5.37
     5618       0.3367   5.37
     5619       0.3356   5.37
     5620       0.3365   5.37
     5621       0.3369   5.37
     5622       0.3360   5.37
     5623       0.3368   5.37
     5624       0.3370   5.37
     5625       0.3354   5.37
     5626       0.3365   5.37
     5627       0.3366   5.37
     5628       0.3357   5.37
     5629       0.3372   5.37
     5630       0.3373   5.37
     5631       0.3361   5.37
     5632       0.3363   5.37
     5633       0.3367   5.37
     5634       0.3362   5.37
     5635       0.3370   5.37
     5636       0.3369   5.37
     5637       0.3361   5.37
     5638       0.3367   5.37
     5639       0.3375   5.37
     5640       0.3363   5.36
     5641       0.3361   5.36
     5642       0.3368   5.37
     5643       0.3362   5.37
     5644       0.3368   5.37
     5645       0.3366   5.37
     5646       0.3353   5.37
     5647       0.3367   5.37
     5648       0.3360   5.36
     5649       0.3359   5.37
     5650       0.3356   5.37
     5651       0.3369   5.37
     5652       0.3364   5.37
     5653       0.3364   5.37
     5654       0.3368   5.37
     5655       0.3354   5.37
     5656       0.3361   5.37
     5657       0.3374   5.37
     5658       0.3372   5.37
     5659       0.3359   5.37
     5660       0.3369   5.37
     5661       0.3362   5.37
     5662       0.3357   5.36
     5663       0.3364   5.36
     5664       0.3366   5.36
     5665       0.3359   5.37
     5666       0.3370   5.37
     5667       0.3367   5.37
     5668       0.3359   5.37
     5669       0.3362   5.37
     5670       0.3361   5.37
     5671       0.3359   5.37
     5672       0.3363   5.37
     5673       0.3368   5.37
     5674       0.3365   5.37
     5675       0.3366   5.37
     5676       0.3362   5.37
     5677       0.3352   5.37
     5678       0.3364   5.37
     5679       0.3366   5.37
     5680       0.3366   5.37
     5681       0.3368   5.37
     5682       0.3361   5.37
     5683       0.3358   5.37
     5684       0.3372   5.37
     5685       0.3388   5.37
     5686       0.3374   5.37
     5687       0.3357   5.37
     5688       0.3371   5.37
     5689       0.3364   5.37
     5690       0.3354   5.37
     5691       0.3364   5.37
     5692       0.3362   5.37
     5693       0.3362   5.37
     5694       0.3370   5.37
     5695       0.3367   5.37
     5696       0.3354   5.37
     5697       0.3366   5.37
     5698       0.3369   5.37
     5699       0.3358   5.37
     5700       0.3366   5.37
     5701       0.3369   5.37
     5702       0.3359   5.37
     5703       0.3370   5.37
     5704       0.3367   5.37
     5705       0.3361   5.37
     5706       0.3373   5.37
     5707       0.3365   5.37
     5708       0.3356   5.37
     5709       0.3367   5.37
     5710       0.3366   5.36
     5711       0.3366   5.37
     5712       0.3374   5.37
     5713       0.3372   5.37
     5714       0.3364   5.37
     5715       0.3370   5.37
     5716       0.3363   5.37
     5717       0.3357   5.37
     5718       0.3369   5.37
     5719       0.3367   5.37
     5720       0.3354   5.37
     5721       0.3375   5.37
     5722       0.3371   5.37
     5723       0.3370   5.37
     5724       0.3354   5.37
     5725       0.3368   5.37
     5726       0.3361   5.37
     5727       0.3360   5.37
     5728       0.3367   5.37
     5729       0.3367   5.36
     5730       0.3349   5.37
     5731       0.3359   5.37
     5732       0.3360   5.37
     5733       0.3360   5.37
     5734       0.3362   5.37
     5735       0.3359   5.37
     5736       0.3356   5.37
     5737       0.3367   5.37
     5738       0.3366   5.37
     5739       0.3360   5.37
     5740       0.3365   5.37
     5741       0.3367   5.37
     5742       0.3358   5.37
     5743       0.3368   5.37
     5744       0.3364   5.37
     5745       0.3367   5.37
     5746       0.3368   5.37
     5747       0.3365   5.37
     5748       0.3364   5.37
     5749       0.3363   5.37
     5750       0.3368   5.37
     5751       0.3358   5.37
     5752       0.3368   5.37
     5753       0.3366   5.37
     5754       0.3366   5.37
     5755       0.3369   5.37
     5756       0.3363   5.37
     5757       0.3361   5.37
     5758       0.3369   5.37
     5759       0.3364   5.37
     5760       0.3369   5.37
     5761       0.3360   5.37
     5762       0.3361   5.37
     5763       0.3370   5.37
     5764       0.3361   5.37
     5765       0.3367   5.37
     5766       0.3377   5.37
     5767       0.3366   5.37
     5768       0.3370   5.37
     5769       0.3352   5.37
     5770       0.3358   5.37
     5771       0.3369   5.37
     5772       0.3370   5.37
     5773       0.3380   5.37
     5774       0.3382   5.37
     5775       0.3381   5.37
     5776       0.3371   5.37
     5777       0.3379   5.37
     5778       0.3387   5.37
     5779       0.3381   5.37
     5780       0.3379   5.37
     5781       0.3377   5.37
     5782       0.3373   5.37
     5783       0.3381   5.37
     5784       0.3380   5.36
     5785       0.3367   5.36
     5786       0.3372   5.36
     5787       0.3376   5.37
     5788       0.3371   5.36
     5789       0.3368   5.36
     5790       0.3376   5.36
     5791       0.3377   5.37
     5792       0.3373   5.37
     5793       0.3378   5.37
     5794       0.3373   5.37
     5795       0.3364   5.37
     5796       0.3372   5.37
     5797       0.3374   5.37
     5798       0.3367   5.37
     5799       0.3375   5.37
     5800       0.3378   5.37
     5801       0.3371   5.37
     5802       0.3383   5.37
     5803       0.3373   5.37
     5804       0.3372   5.37
     5805       0.3374   5.37
     5806       0.3376   5.37
     5807       0.3369   5.37
     5808       0.3376   5.37
     5809       0.3375   5.37
     5810       0.3360   5.37
     5811       0.3380   5.37
     5812       0.3380   5.37
     5813       0.3379   5.37
     5814       0.3379   5.37
     5815       0.3379   5.37
     5816       0.3372   5.37
     5817       0.3380   5.37
     5818       0.3382   5.37
     5819       0.3374   5.37
     5820       0.3383   5.37
     5821       0.3376   5.37
     5822       0.3380   5.36
     5823       0.3359   5.37
     5824       0.3378   5.37
     5825       0.3385   5.37
     5826       0.3380   5.37
     5827       0.3387   5.37
     5828       0.3376   5.37
     5829       0.3373   5.37
     5830       0.3372   5.37
     5831       0.3376   5.37
     5832       0.3372   5.37
     5833       0.3377   5.37
     5834       0.3369   5.37
     5835       0.3376   5.37
     5836       0.3377   5.37
     5837       0.3383   5.37
     5838       0.3371   5.37
     5839       0.3380   5.37
     5840       0.3374   5.37
     5841       0.3376   5.37
     5842       0.3371   5.37
     5843       0.3377   5.36
     5844       0.3374   5.37
     5845       0.3370   5.37
     5846       0.3370   5.37
     5847       0.3366   5.37
     5848       0.3376   5.37
     5849       0.3377   5.37
     5850       0.3372   5.37
     5851       0.3383   5.37
     5852       0.3376   5.36
     5853       0.3376   5.37
     5854       0.3366   5.37
     5855       0.3378   5.37
     5856       0.3375   5.37
     5857       0.3371   5.37
     5858       0.3368   5.37
     5859       0.3376   5.37
     5860       0.3363   5.37
     5861       0.3370   5.37
     5862       0.3374   5.37
     5863       0.3366   5.37
     5864       0.3384   5.37
     5865       0.3376   5.37
     5866       0.3376   5.37
     5867       0.3378   5.37
     5868       0.3378   5.37
     5869       0.3380   5.37
     5870       0.3375   5.37
     5871       0.3373   5.37
     5872       0.3373   5.36
     5873       0.3380   5.36
     5874       0.3660   5.37
     5875       0.3383   5.37
     5876       0.3365   5.37
     5877       0.3368   5.37
     5878       0.3374   5.37
     5879       0.3365   5.37
     5880       0.3377   5.37
     5881       0.3371   5.37
     5882       0.3370   5.37
     5883       0.3377   5.37
     5884       0.3382   5.37
     5885       0.3378   5.37
     5886       0.3381   5.37
     5887       0.3367   5.37
     5888       0.3367   5.37
     5889       0.3373   5.37
     5890       0.3369   5.36
     5891       0.3369   5.37
     5892       0.3382   5.37
     5893       0.3379   5.37
     5894       0.3364   5.37
     5895       0.3384   5.37
     5896       0.3381   5.37
     5897       0.3371   5.37
     5898       0.3378   5.37
     5899       0.3377   5.37
     5900       0.3364   5.36
     5901       0.3373   5.36
     5902       0.3370   5.37
     5903       0.3370   5.37
     5904       0.3375   5.37
     5905       0.3373   5.37
     5906       0.3368   5.37
     5907       0.3383   5.37
     5908       0.3377   5.37
     5909       0.3378   5.37
     5910       0.3368   5.37
     5911       0.3374   5.37
     5912       0.3384   5.37
     5913       0.3378   5.37
     5914       0.3377   5.37
     5915       0.3374   5.37
     5916       0.3378   5.37
     5917       0.3380   5.37
     5918       0.3374   5.37
     5919       0.3372   5.37
     5920       0.3379   5.37
     5921       0.3385   5.37
     5922       0.3378   5.37
     5923       0.3377   5.37
     5924       0.3378   5.37
     5925       0.3373   5.37
     5926       0.3376   5.37
     5927       0.3377   5.37
     5928       0.3374   5.37
     5929       0.3382   5.37
     5930       0.3381   5.37
     5931       0.3373   5.37
     5932       0.3377   5.37
     5933       0.3378   5.36
     5934       0.3367   5.37
     5935       0.3378   5.37
     5936       0.3381   5.37
     5937       0.3377   5.37
     5938       0.3368   5.37
     5939       0.3372   5.37
     5940       0.3380   5.37
     5941       0.3368   5.37
     5942       0.3375   5.37
     5943       0.3378   5.37
     5944       0.3375   5.37
     5945       0.3378   5.37
     5946       0.3376   5.37
     5947       0.3376   5.37
     5948       0.3377   5.37
     5949       0.3372   5.37
     5950       0.3373   5.37
     5951       0.3369   5.37
     5952       0.3383   5.36
     5953       0.3371   5.37
     5954       0.3371   5.37
     5955       0.3371   5.37
     5956       0.3378   5.37
     5957       0.3376   5.37
     5958       0.3378   5.37
     5959       0.3366   5.36
     5960       0.3382   5.36
     5961       0.3380   5.37
     5962       0.3374   5.37
     5963       0.3375   5.37
     5964       0.3376   5.37
     5965       0.3360   5.36
     5966       0.3378   5.36
     5967       0.3375   5.37
     5968       0.3365   5.37
     5969       0.3370   5.37
     5970       0.3382   5.37
     5971       0.3381   5.37
     5972       0.3372   5.37
     5973       0.3378   5.37
     5974       0.3378   5.36
     5975       0.3367   5.36
     5976       0.3379   5.36
     5977       0.3381   5.37
     5978       0.3370   5.37
     5979       0.3372   5.37
     5980       0.3369   5.37
     5981       0.3381   5.36
     5982       0.3385   5.36
     5983       0.3381   5.36
     5984       0.3373   5.37
     5985       0.3374   5.37
     5986       0.3369   5.37
     5987       0.3371   5.37
     5988       0.3373   5.37
     5989       0.3378   5.37
     5990       0.3366   5.37
     5991       0.3379   5.37
     5992       0.3379   5.37
     5993       0.3371   5.37
     5994       0.3370   5.37
     5995       0.3372   5.36
     5996       0.3365   5.37
     5997       0.3383   5.37
     5998       0.3376   5.37
     5999       0.3380   5.37
     6000       0.3376   5.37
     6001       0.3378   5.37
     6002       0.3376   5.37
     6003       0.3375   5.37
     6004       0.3373   5.37
     6005       0.3380   5.36
     6006       0.3374   5.36
     6007       0.3383   5.36
     6008       0.3380   5.36
     6009       0.3368   5.37
     6010       0.3379   5.37
     6011       0.3382   5.37
     6012       0.3370   5.37
     6013       0.3377   5.37
     6014       0.3382   5.36
     6015       0.3366   5.37
     6016       0.3368   5.37
     6017       0.3375   5.37
     6018       0.3366   5.37
     6019       0.3377   5.37
     6020       0.3379   5.37
     6021       0.3369   5.36
     6022       0.3379   5.36
     6023       0.3370   5.36
     6024       0.3366   5.37
     6025       0.3372   5.37
     6026       0.3383   5.37
     6027       0.3374   5.37
     6028       0.3368   5.37
     6029       0.3376   5.37
     6030       0.3382   5.37
     6031       0.3365   5.37
     6032       0.3381   5.37
     6033       0.3380   5.37
     6034       0.3369   5.36
     6035       0.3374   5.36
     6036       0.3376   5.37
     6037       0.3370   5.37
     6038       0.3374   5.37
     6039       0.3377   5.37
     6040       0.3381   5.37
     6041       0.3377   5.37
     6042       0.3372   5.37
     6043       0.3371   5.36
     6044       0.3388   5.36
     6045       0.3381   5.37
     6046       0.3370   5.37
     6047       0.3374   5.37
     6048       0.3379   5.36
     6049       0.3377   5.37
     6050       0.3375   5.37
     6051       0.3373   5.37
     6052       0.3375   5.37
     6053       0.3373   5.37
     6054       0.3379   5.37
     6055       0.3366   5.37
     6056       0.3383   5.37
     6057       0.3382   5.37
     6058       0.3385   5.37
     6059       0.3361   5.37
     6060       0.3382   5.37
     6061       0.3373   5.36
     6062       0.3373   5.36
     6063       0.3376   5.36
     6064       0.3380   5.37
     6065       0.3375   5.36
     6066       0.3381   5.36
     6067       0.3380   5.36
     6068       0.3367   5.37
     6069       0.3374   5.37
     6070       0.3377   5.37
     6071       0.3365   5.37
     6072       0.3371   5.37
     6073       0.3382   5.37
     6074       0.3378   5.37
     6075       0.3382   5.37
     6076       0.3376   5.37
     6077       0.3367   5.37
     6078       0.3385   5.37
     6079       0.3378   5.37
     6080       0.3372   5.37
     6081       0.3380   5.37
     6082       0.3375   5.36
     6083       0.3368   5.36
     6084       0.3368   5.36
     6085       0.3364   5.37
     6086       0.3363   5.37
     6087       0.3368   5.37
     6088       0.3376   5.37
     6089       0.3374   5.37
     6090       0.3365   5.37
     6091       0.3370   5.37
     6092       0.3371   5.37
     6093       0.3374   5.37
     6094       0.3383   5.37
     6095       0.3378   5.37
     6096       0.3363   5.37
     6097       0.3381   5.37
     6098       0.3374   5.37
     6099       0.3378   5.37
     6100       0.3376   5.37
     6101       0.3373   5.36
     6102       0.3368   5.36
     6103       0.3376   5.36
     6104       0.3370   5.37
     6105       0.3370   5.37
     6106       0.3377   5.37
     6107       0.3377   5.37
     6108       0.3368   5.37
     6109       0.3381   5.37
     6110       0.3379   5.37
     6111       0.3375   5.37
     6112       0.3377   5.37
     6113       0.3374   5.37
     6114       0.3376   5.37
     6115       0.3379   5.37
     6116       0.3375   5.37
     6117       0.3375   5.37
     6118       0.3365   5.37
     6119       0.3371   5.37
     6120       0.3374   5.36
     6121       0.3369   5.37
     6122       0.3376   5.37
     6123       0.3370   5.37
     6124       0.3372   5.36
     6125       0.3376   5.36
     6126       0.3372   5.37
     6127       0.3354   5.36
     6128       0.3382   5.36
     6129       0.3377   5.37
     6130       0.3355   5.37
     6131       0.3380   5.37
     6132       0.3381   5.37
     6133       0.3368   5.37
     6134       0.3380   5.37
     6135       0.3378   5.37
     6136       0.3369   5.37
     6137       0.3380   5.37
     6138       0.3386   5.37
     6139       0.3378   5.37
     6140       0.3376   5.37
     6141       0.3379   5.37
     6142       0.3367   5.36
     6143       0.3374   5.36
     6144       0.3372   5.36
     6145       0.3366   5.37
     6146       0.3375   5.37
     6147       0.3380   5.37
     6148       0.3381   5.37
     6149       0.3374   5.37
     6150       0.3380   5.37
     6151       0.3386   5.37
     6152       0.3376   5.37
     6153       0.3376   5.37
     6154       0.3379   5.37
     6155       0.3378   5.37
     6156       0.3381   5.37
     6157       0.3391   5.37
     6158       0.3370   5.36
     6159       0.3386   5.36
     6160       0.3379   5.37
     6161       0.3379   5.37
     6162       0.3372   5.37
     6163       0.3377   5.37
     6164       0.3370   5.37
     6165       0.3387   5.37
     6166       0.3379   5.37
     6167       0.3372   5.37
     6168       0.3370   5.37
     6169       0.3379   5.37
     6170       0.3384   5.37
     6171       0.3377   5.37
     6172       0.3382   5.37
     6173       0.3379   5.37
     6174       0.3382   5.37
     6175       0.3383   5.37
     6176       0.3389   5.36
     6177       0.3379   5.36
     6178       0.3380   5.36
     6179       0.3384   5.37
     6180       0.3376   5.37
     6181       0.3381   5.37
     6182       0.3379   5.37
     6183       0.3371   5.36
     6184       0.3383   5.36
     6185       0.3388   5.36
     6186       0.3379   5.37
     6187       0.3383   5.37
     6188       0.3385   5.37
     6189       0.3361   5.37
     6190       0.3378   5.37
     6191       0.3378   5.36
     6192       0.3370   5.37
     6193       0.3381   5.37
     6194       0.3374   5.37
     6195       0.3376   5.37
     6196       0.3386   5.37
     6197       0.3380   5.37
     6198       0.3374   5.37
     6199       0.3377   5.37
     6200       0.3367   5.36
     6201       0.3370   5.37
     6202       0.3383   5.37
     6203       0.3381   5.37
     6204       0.3375   5.37
     6205       0.3377   5.37
     6206       0.3388   5.37
     6207       0.3382   5.37
     6208       0.3367   5.37
     6209       0.3377   5.37
     6210       0.3375   5.37
     6211       0.3367   5.37
     6212       0.3380   5.37
     6213       0.3388   5.36
     6214       0.3373   5.37
     6215       0.3379   5.37
     6216       0.3382   5.37
     6217       0.3378   5.36
     6218       0.3380   5.36
     6219       0.3379   5.37
     6220       0.3369   5.36
     6221       0.3371   5.36
     6222       0.3370   5.36
     6223       0.3375   5.36
     6224       0.3375   5.36
     6225       0.3377   5.37
     6226       0.3375   5.37
     6227       0.3381   5.37
     6228       0.3375   5.37
     6229       0.3374   5.36
     6230       0.3379   5.36
     6231       0.3377   5.37
     6232       0.3369   5.36
     6233       0.3375   5.36
     6234       0.3373   5.37
     6235       0.3379   5.36
     6236       0.3372   5.36
     6237       0.3383   5.36
     6238       0.3383   5.37
     6239       0.3376   5.37
     6240       0.3375   5.37
     6241       0.3379   5.37
     6242       0.3378   5.36
     6243       0.3385   5.36
     6244       0.3382   5.37
     6245       0.3368   5.37
     6246       0.3380   5.37
     6247       0.3382   5.37
     6248       0.3371   5.37
     6249       0.3376   5.37
     6250       0.3380   5.37
     6251       0.3374   5.37
     6252       0.3372   5.37
     6253       0.3392   5.37
     6254       0.3374   5.37
     6255       0.3383   5.37
     6256       0.3383   5.37
     6257       0.3368   5.37
     6258       0.3375   5.37
     6259       0.3369   5.37
     6260       0.3359   5.37
     6261       0.3365   5.37
     6262       0.3362   5.37
     6263       0.3368   5.36
     6264       0.3361   5.36
     6265       0.3372   5.36
     6266       0.3370   5.37
     6267       0.3351   5.37
     6268       0.3369   5.37
     6269       0.3368   5.37
     6270       0.3353   5.37
     6271       0.3363   5.37
     6272       0.3366   5.37
     6273       0.3359   5.37
     6274       0.3369   5.37
     6275       0.3372   5.37
     6276       0.3353   5.37
     6277       0.3373   5.37
     6278       0.3375   5.37
     6279       0.3358   5.37
     6280       0.3369   5.37
     6281       0.3367   5.37
     6282       0.3372   5.37
     6283       0.3368   5.37
     6284       0.3358   5.37
     6285       0.3353   5.37
     6286       0.3373   5.37
     6287       0.3368   5.37
     6288       0.3354   5.37
     6289       0.3359   5.37
     6290       0.3358   5.37
     6291       0.3361   5.37
     6292       0.3369   5.37
     6293       0.3366   5.37
     6294       0.3358   5.37
     6295       0.3370   5.37
     6296       0.3360   5.37
     6297       0.3347   5.37
     6298       0.3363   5.37
     6299       0.3356   5.37
     6300       0.3357   5.37
     6301       0.3362   5.37
     6302       0.3367   5.37
     6303       0.3362   5.37
     6304       0.3360   5.37
     6305       0.3362   5.37
     6306       0.3369   5.37
     6307       0.3355   5.37
     6308       0.3364   5.37
     6309       0.3368   5.37
     6310       0.3359   5.37
     6311       0.3365   5.37
     6312       0.3367   5.37
     6313       0.3364   5.37
     6314       0.3363   5.37
     6315       0.3359   5.37
     6316       0.3363   5.37
     6317       0.3361   5.37
     6318       0.3362   5.37
     6319       0.3357   5.37
     6320       0.3371   5.37
     6321       0.3365   5.37
     6322       0.3361   5.37
     6323       0.3367   5.37
     6324       0.3369   5.37
     6325       0.3358   5.37
     6326       0.3366   5.37
     6327       0.3368   5.37
     6328       0.3354   5.37
     6329       0.3368   5.37
     6330       0.3361   5.37
     6331       0.3353   5.37
     6332       0.3368   5.37
     6333       0.3367   5.37
     6334       0.3363   5.37
     6335       0.3362   5.37
     6336       0.3360   5.37
     6337       0.3352   5.37
     6338       0.3365   5.37
     6339       0.3363   5.37
     6340       0.3363   5.37
     6341       0.3353   5.37
     6342       0.3365   5.37
     6343       0.3374   5.37
     6344       0.3366   5.37
     6345       0.3369   5.37
     6346       0.3366   5.37
     6347       0.3351   5.37
     6348       0.3377   5.37
     6349       0.3363   5.37
     6350       0.3347   5.37
     6351       0.3360   5.37
     6352       0.3363   5.37
     6353       0.3351   5.37
     6354       0.3357   5.37
     6355       0.3361   5.37
     6356       0.3357   5.37
     6357       0.3364   5.37
     6358       0.3360   5.37
     6359       0.3360   5.37
     6360       0.3370   5.37
     6361       0.3367   5.37
     6362       0.3360   5.37
     6363       0.3361   5.37
     6364       0.3367   5.37
     6365       0.3360   5.37
     6366       0.3369   5.37
     6367       0.3369   5.37
     6368       0.3367   5.37
     6369       0.3364   5.37
     6370       0.3367   5.37
     6371       0.3363   5.37
     6372       0.3369   5.37
     6373       0.3367   5.37
     6374       0.3352   5.37
     6375       0.3366   5.37
     6376       0.3356   5.37
     6377       0.3360   5.37
     6378       0.3367   5.37
     6379       0.3360   5.37
     6380       0.3361   5.37
     6381       0.3344   5.37
     6382       0.3359   5.37
     6383       0.3356   5.37
     6384       0.3347   5.37
     6385       0.3359   5.37
     6386       0.3361   5.37
     6387       0.3348   5.37
     6388       0.3354   5.37
     6389       0.3363   5.37
     6390       0.3350   5.37
     6391       0.3367   5.37
     6392       0.3362   5.37
     6393       0.3361   5.37
     6394       0.3366   5.37
     6395       0.3366   5.37
     6396       0.3357   5.37
     6397       0.3363   5.37
     6398       0.3363   5.37
     6399       0.3355   5.37
     6400       0.3363   5.37
     6401       0.3363   5.37
     6402       0.3357   5.37
     6403       0.3365   5.37
     6404       0.3360   5.37
     6405       0.3360   5.37
     6406       0.3372   5.37
     6407       0.3367   5.37
     6408       0.3354   5.37
     6409       0.3370   5.37
     6410       0.3364   5.37
     6411       0.3356   5.37
     6412       0.3369   5.37
     6413       0.3363   5.37
     6414       0.3365   5.37
     6415       0.3363   5.37
     6416       0.3361   5.37
     6417       0.3354   5.37
     6418       0.3356   5.37
     6419       0.3372   5.37
     6420       0.3366   5.37
     6421       0.3361   5.37
     6422       0.3363   5.37
     6423       0.3358   5.37
     6424       0.3356   5.37
     6425       0.3374   5.37
     6426       0.3370   5.37
     6427       0.3363   5.37
     6428       0.3366   5.37
     6429       0.3366   5.37
     6430       0.3363   5.37
     6431       0.3368   5.37
     6432       0.3363   5.37
     6433       0.3358   5.37
     6434       0.3366   5.37
     6435       0.3366   5.37
     6436       0.3357   5.37
     6437       0.3369   5.37
     6438       0.3369   5.37
     6439       0.3362   5.37
     6440       0.3360   5.37
     6441       0.3362   5.37
     6442       0.3352   5.37
     6443       0.3363   5.37
     6444       0.3364   5.37
     6445       0.3357   5.37
     6446       0.3369   5.37
     6447       0.3364   5.37
     6448       0.3362   5.37
     6449       0.3366   5.37
     6450       0.3365   5.37
     6451       0.3363   5.37
     6452       0.3368   5.37
     6453       0.3366   5.37
     6454       0.3358   5.37
     6455       0.3364   5.37
     6456       0.3355   5.37
     6457       0.3348   5.36
     6458       0.3361   5.37
     6459       0.3366   5.37
     6460       0.3364   5.37
     6461       0.3351   5.37
     6462       0.3357   5.37
     6463       0.3360   5.37
     6464       0.3360   5.37
     6465       0.3366   5.37
     6466       0.3370   5.37
     6467       0.3356   5.37
     6468       0.3358   5.37
     6469       0.3361   5.37
     6470       0.3353   5.37
     6471       0.3356   5.37
     6472       0.3358   5.37
     6473       0.3358   5.37
     6474       0.3361   5.37
     6475       0.3367   5.37
     6476       0.3361   5.37
     6477       0.3358   5.37
     6478       0.3366   5.37
     6479       0.3360   5.37
     6480       0.3365   5.37
     6481       0.3360   5.37
     6482       0.3361   5.37
     6483       0.3369   5.37
     6484       0.3371   5.37
     6485       0.3353   5.37
     6486       0.3361   5.37
     6487       0.3360   5.37
     6488       0.3358   5.37
     6489       0.3358   5.37
     6490       0.3361   5.37
     6491       0.3358   5.37
     6492       0.3364   5.37
     6493       0.3363   5.37
     6494       0.3355   5.37
     6495       0.3365   5.37
     6496       0.3361   5.37
     6497       0.3358   5.37
     6498       0.3383   5.37
     6499       0.3378   5.37
     6500       0.3372   5.37
     6501       0.3380   5.37
     6502       0.3384   5.37
     6503       0.3383   5.37
     6504       0.3375   5.37
     6505       0.3378   5.37
     6506       0.3366   5.37
     6507       0.3365   5.36
     6508       0.3374   5.36
     6509       0.3377   5.37
     6510       0.3373   5.37
     6511       0.3377   5.37
     6512       0.3369   5.37
     6513       0.3370   5.37
     6514       0.3376   5.37
     6515       0.3376   5.37
     6516       0.3362   5.37
     6517       0.3375   5.37
     6518       0.3379   5.37
     6519       0.3372   5.37
     6520       0.3376   5.37
     6521       0.3377   5.37
     6522       0.3375   5.37
     6523       0.3377   5.37
     6524       0.3375   5.37
     6525       0.3376   5.37
     6526       0.3375   5.37
     6527       0.3378   5.37
     6528       0.3382   5.37
     6529       0.3373   5.37
     6530       0.3388   5.37
     6531       0.3381   5.37
     6532       0.3369   5.37
     6533       0.3375   5.37
     6534       0.3371   5.36
     6535       0.3366   5.37
     6536       0.3385   5.37
     6537       0.3378   5.37
     6538       0.3363   5.37
     6539       0.3377   5.37
     6540       0.3372   5.37
     6541       0.3374   5.37
     6542       0.3381   5.37
     6543       0.3372   5.37
     6544       0.3369   5.37
     6545       0.3376   5.37
     6546       0.3383   5.36
     6547       0.3383   5.37
     6548       0.3383   5.37
     6549       0.3367   5.37
     6550       0.3366   5.37
     6551       0.3375   5.37
     6552       0.3386   5.36
     6553       0.3369   5.37
     6554       0.3374   5.37
     6555       0.3375   5.37
     6556       0.3371   5.36
     6557       0.3380   5.36
     6558       0.3379   5.36
     6559       0.3376   5.37
     6560       0.3371   5.37
     6561       0.3372   5.37
     6562       0.3379   5.37
     6563       0.3370   5.37
     6564       0.3376   5.37
     6565       0.3377   5.37
     6566       0.3370   5.37
     6567       0.3383   5.37
     6568       0.3383   5.37
     6569       0.3364   5.37
     6570       0.3365   5.37
     6571       0.3369   5.37
     6572       0.3373   5.37
     6573       0.3371   5.37
     6574       0.3374   5.37
     6575       0.3365   5.37
     6576       0.3380   5.37
     6577       0.3382   5.37
     6578       0.3373   5.37
     6579       0.3380   5.37
     6580       0.3373   5.37
     6581       0.3378   5.37
     6582       0.3381   5.37
     6583       0.3381   5.37
     6584       0.3368   5.37
     6585       0.3375   5.37
     6586       0.3370   5.36
     6587       0.3370   5.37
     6588       0.3371   5.37
     6589       0.3376   5.37
     6590       0.3364   5.37
     6591       0.3372   5.36
     6592       0.3386   5.36
     6593       0.3386   5.37
     6594       0.3379   5.37
     6595       0.3381   5.37
     6596       0.3382   5.37
     6597       0.3374   5.37
     6598       0.3374   5.37
     6599       0.3370   5.36
     6600       0.3367   5.37
     6601       0.3376   5.37
     6602       0.3380   5.37
     6603       0.3367   5.37
     6604       0.3378   5.37
     6605       0.3371   5.37
     6606       0.3363   5.37
     6607       0.3364   5.37
     6608       0.3364   5.37
     6609       0.3351   5.37
     6610       0.3362   5.37
     6611       0.3366   5.37
     6612       0.3359   5.37
     6613       0.3365   5.37
     6614       0.3365   5.37
     6615       0.3351   5.37
     6616       0.3370   5.37
     6617       0.3370   5.37
     6618       0.3353   5.37
     6619       0.3363   5.37
     6620       0.3356   5.37
     6621       0.3365   5.37
     6622       0.3368   5.37
     6623       0.3363   5.37
     6624       0.3363   5.37
     6625       0.3360   5.37
     6626       0.3372   5.37
     6627       0.3378   5.37
     6628       0.3363   5.37
     6629       0.3363   5.37
     6630       0.3364   5.37
     6631       0.3361   5.37
     6632       0.3360   5.37
     6633       0.3364   5.37
     6634       0.3352   5.37
     6635       0.3361   5.37
     6636       0.3362   5.37
     6637       0.3358   5.37
     6638       0.3366   5.37
     6639       0.3368   5.37
     6640       0.3352   5.37
     6641       0.3367   5.37
     6642       0.3369   5.37
     6643       0.3364   5.37
     6644       0.3361   5.37
     6645       0.3370   5.37
     6646       0.3357   5.37
     6647       0.3359   5.37
     6648       0.3360   5.37
     6649       0.3357   5.37
     6650       0.3356   5.37
     6651       0.3363   5.37
     6652       0.3361   5.37
     6653       0.3370   5.37
     6654       0.3370   5.37
     6655       0.3358   5.37
     6656       0.3363   5.37
     6657       0.3357   5.37
     6658       0.3350   5.36
     6659       0.3361   5.36
     6660       0.3354   5.37
     6661       0.3358   5.37
     6662       0.3356   5.37
     6663       0.3367   5.37
     6664       0.3373   5.37
     6665       0.3363   5.37
     6666       0.3362   5.37
     6667       0.3365   5.37
     6668       0.3362   5.37
     6669       0.3358   5.37
     6670       0.3363   5.37
     6671       0.3355   5.37
     6672       0.3365   5.37
     6673       0.3363   5.37
     6674       0.3348   5.37
     6675       0.3363   5.37
     6676       0.3355   5.37
     6677       0.3354   5.37
     6678       0.3361   5.37
     6679       0.3364   5.37
     6680       0.3354   5.37
     6681       0.3362   5.37
     6682       0.3364   5.37
     6683       0.3365   5.37
     6684       0.3364   5.37
     6685       0.3363   5.37
     6686       0.3354   5.37
     6687       0.3361   5.37
     6688       0.3365   5.37
     6689       0.3358   5.37
     6690       0.3357   5.37
     6691       0.3358   5.37
     6692       0.3357   5.37
     6693       0.3358   5.37
     6694       0.3365   5.37
     6695       0.3352   5.37
     6696       0.3367   5.37
     6697       0.3364   5.37
     6698       0.3358   5.37
     6699       0.3367   5.37
     6700       0.3363   5.37
     6701       0.3366   5.37
     6702       0.3363   5.37
     6703       0.3368   5.37
     6704       0.3365   5.37
     6705       0.3358   5.37
     6706       0.3365   5.37
     6707       0.3367   5.37
     6708       0.3356   5.37
     6709       0.3363   5.37
     6710       0.3359   5.37
     6711       0.3352   5.37
     6712       0.3361   5.37
     6713       0.3365   5.37
     6714       0.3364   5.37
     6715       0.3372   5.37
     6716       0.3371   5.37
     6717       0.3364   5.37
     6718       0.3359   5.37
     6719       0.3361   5.37
     6720       0.3345   5.36
     6721       0.3359   5.36
     6722       0.3357   5.37
     6723       0.3352   5.37
     6724       0.3367   5.37
     6725       0.3371   5.37
     6726       0.3362   5.37
     6727       0.3360   5.37
     6728       0.3363   5.37
     6729       0.3353   5.37
     6730       0.3366   5.37
     6731       0.3364   5.37
     6732       0.3351   5.37
     6733       0.3370   5.37
     6734       0.3364   5.37
     6735       0.3356   5.37
     6736       0.3360   5.37
     6737       0.3370   5.37
     6738       0.3362   5.37
     6739       0.3370   5.37
     6740       0.3358   5.37
     6741       0.3359   5.37
     6742       0.3350   5.37
     6743       0.3366   5.37
     6744       0.3363   5.37
     6745       0.3358   5.37
     6746       0.3360   5.37
     6747       0.3362   5.37
     6748       0.3350   5.37
     6749       0.3354   5.37
     6750       0.3357   5.37
     6751       0.3356   5.37
     6752       0.3359   5.37
     6753       0.3367   5.37
     6754       0.3357   5.37
     6755       0.3361   5.37
     6756       0.3367   5.37
     6757       0.3353   5.37
     6758       0.3361   5.37
     6759       0.3358   5.37
     6760       0.3364   5.37
     6761       0.3365   5.37
     6762       0.3364   5.37
     6763       0.3355   5.37
     6764       0.3363   5.37
     6765       0.3364   5.37
     6766       0.3360   5.37
     6767       0.3367   5.37
     6768       0.3363   5.37
     6769       0.3352   5.37
     6770       0.3355   5.37
     6771       0.3360   5.37
     6772       0.3361   5.37
     6773       0.3359   5.37
     6774       0.3367   5.37
     6775       0.3347   5.37
     6776       0.3361   5.37
     6777       0.3362   5.37
     6778       0.3359   5.37
     6779       0.3364   5.37
     6780       0.3367   5.37
     6781       0.3372   5.37
     6782       0.3356   5.37
     6783       0.3363   5.37
     6784       0.3365   5.37
     6785       0.3355   5.37
     6786       0.3367   5.37
     6787       0.3363   5.37
     6788       0.3364   5.37
     6789       0.3364   5.37
     6790       0.3364   5.37
     6791       0.3358   5.37
     6792       0.3364   5.37
     6793       0.3365   5.37
     6794       0.3355   5.37
     6795       0.3365   5.37
     6796       0.3364   5.37
     6797       0.3356   5.37
     6798       0.3363   5.37
     6799       0.3356   5.37
     6800       0.3357   5.37
     6801       0.3357   5.37
     6802       0.3363   5.37
     6803       0.3355   5.37
     6804       0.3371   5.37
     6805       0.3365   5.37
     6806       0.3357   5.37
     6807       0.3359   5.37
     6808       0.3368   5.37
     6809       0.3357   5.37
     6810       0.3362   5.37
     6811       0.3363   5.37
     6812       0.3356   5.37
     6813       0.3363   5.37
     6814       0.3361   5.37
     6815       0.3354   5.37
     6816       0.3365   5.37
     6817       0.3362   5.37
     6818       0.3362   5.37
     6819       0.3361   5.37
     6820       0.3365   5.37
     6821       0.3367   5.37
     6822       0.3357   5.37
     6823       0.3362   5.37
     6824       0.3369   5.37
     6825       0.3359   5.37
     6826       0.3363   5.37
     6827       0.3364   5.37
     6828       0.3355   5.37
     6829       0.3367   5.37
     6830       0.3371   5.37
     6831       0.3348   5.37
     6832       0.3363   5.37
     6833       0.3362   5.37
     6834       0.3359   5.37
     6835       0.3364   5.37
     6836       0.3364   5.37
     6837       0.3360   5.37
     6838       0.3365   5.37
     6839       0.3367   5.37
     6840       0.3355   5.37
     6841       0.3374   5.37
     6842       0.3368   5.37
     6843       0.3362   5.37
     6844       0.3362   5.37
     6845       0.3365   5.36
     6846       0.3361   5.37
     6847       0.3357   5.37
     6848       0.3362   5.36
     6849       0.3357   5.37
     6850       0.3366   5.37
     6851       0.3367   5.37
     6852       0.3357   5.37
     6853       0.3368   5.37
     6854       0.3370   5.37
     6855       0.3360   5.37
     6856       0.3367   5.37
     6857       0.3364   5.37
     6858       0.3361   5.37
     6859       0.3357   5.37
     6860       0.3359   5.37
     6861       0.3365   5.37
     6862       0.3353   5.37
     6863       0.3360   5.37
     6864       0.3361   5.37
     6865       0.3355   5.37
     6866       0.3366   5.37
     6867       0.3367   5.37
     6868       0.3352   5.37
     6869       0.3349   5.37
     6870       0.3361   5.37
     6871       0.3352   5.37
     6872       0.3367   5.37
     6873       0.3365   5.37
     6874       0.3349   5.37
     6875       0.3361   5.37
     6876       0.3359   5.37
     6877       0.3362   5.37
     6878       0.3362   5.37
     6879       0.3364   5.37
     6880       0.3349   5.37
     6881       0.3366   5.37
     6882       0.3366   5.37
     6883       0.3355   5.37
     6884       0.3358   5.37
     6885       0.3363   5.37
     6886       0.3358   5.37
     6887       0.3365   5.37
     6888       0.3362   5.37
     6889       0.3348   5.37
     6890       0.3359   5.37
     6891       0.3364   5.37
     6892       0.3356   5.37
     6893       0.3365   5.37
     6894       0.3364   5.37
     6895       0.3356   5.37
     6896       0.3360   5.37
     6897       0.3357   5.37
     6898       0.3352   5.37
     6899       0.3369   5.37
     6900       0.3365   5.37
     6901       0.3373   5.37
     6902       0.3355   5.37
     6903       0.3367   5.37
     6904       0.3370   5.37
     6905       0.3358   5.37
     6906       0.3370   5.37
     6907       0.3368   5.37
     6908       0.3363   5.37
     6909       0.3372   5.37
     6910       0.3370   5.37
     6911       0.3362   5.37
     6912       0.3376   5.37
     6913       0.3382   5.37
     6914       0.3373   5.37
     6915       0.3379   5.37
     6916       0.3380   5.37
     6917       0.3376   5.37
     6918       0.3384   5.37
     6919       0.3379   5.37
     6920       0.3367   5.37
     6921       0.3374   5.37
     6922       0.3371   5.36
     6923       0.3373   5.37
     6924       0.3373   5.37
     6925       0.3379   5.37
     6926       0.3377   5.37
     6927       0.3375   5.37
     6928       0.3376   5.37
     6929       0.3369   5.37
     6930       0.3375   5.37
     6931       0.3372   5.37
     6932       0.3379   5.37
     6933       0.3362   5.37
     6934       0.3373   5.37
     6935       0.3353   5.36
     6936       0.3359   5.36
     6937       0.3370   5.36
     6938       0.3370   5.36
     6939       0.3368   5.37
     6940       0.3377   5.37
     6941       0.3379   5.37
     6942       0.3363   5.37
     6943       0.3374   5.37
     6944       0.3371   5.37
     6945       0.3371   5.37
     6946       0.3376   5.37
     6947       0.3378   5.37
     6948       0.3365   5.37
     6949       0.3381   5.37
     6950       0.3377   5.37
     6951       0.3372   5.37
     6952       0.3377   5.37
     6953       0.3379   5.36
     6954       0.3361   5.37
     6955       0.3378   5.37
     6956       0.3378   5.37
     6957       0.3360   5.37
     6958       0.3371   5.37
     6959       0.3375   5.36
     6960       0.3376   5.37
     6961       0.3377   5.37
     6962       0.3371   5.37
     6963       0.3363   5.37
     6964       0.3380   5.37
     6965       0.3376   5.37
     6966       0.3376   5.37
     6967       0.3376   5.37
     6968       0.3378   5.37
     6969       0.3373   5.37
     6970       0.3370   5.37
     6971       0.3376   5.37
     6972       0.3372   5.37
     6973       0.3367   5.37
     6974       0.3377   5.37
     6975       0.3384   5.37
     6976       0.3375   5.37
     6977       0.3380   5.37
     6978       0.3364   5.37
     6979       0.3357   5.37
     6980       0.3372   5.37
     6981       0.3371   5.36
     6982       0.3366   5.37
     6983       0.3366   5.37
     6984       0.3369   5.37
     6985       0.3372   5.37
     6986       0.3379   5.37
     6987       0.3374   5.37
     6988       0.3365   5.37
     6989       0.3381   5.37
     6990       0.3374   5.37
     6991       0.3365   5.37
     6992       0.3377   5.37
     6993       0.3376   5.36
     6994       0.3373   5.37
     6995       0.3373   5.37
     6996       0.3376   5.36
     6997       0.3377   5.37
     6998       0.3369   5.37
     6999       0.3378   5.37
     7000       0.3380   5.37
     7001       0.3374   5.37
     7002       0.3375   5.37
     7003       0.3372   5.37
     7004       0.3367   5.37
     7005       0.3377   5.37
     7006       0.3377   5.36
     7007       0.3378   5.37
     7008       0.3390   5.37
     7009       0.3382   5.37
     7010       0.3365   5.37
     7011       0.3371   5.37
     7012       0.3373   5.37
     7013       0.3373   5.36
     7014       0.3377   5.36
     7015       0.3379   5.37
     7016       0.3365   5.37
     7017       0.3377   5.37
     7018       0.3371   5.37
     7019       0.3365   5.36
     7020       0.3374   5.36
     7021       0.3369   5.37
     7022       0.3362   5.37
     7023       0.3377   5.37
     7024       0.3375   5.37
     7025       0.3373   5.37
     7026       0.3384   5.37
     7027       0.3376   5.37
     7028       0.3379   5.37
     7029       0.3379   5.37
     7030       0.3378   5.37
     7031       0.3384   5.37
     7032       0.3371   5.37
     7033       0.3377   5.37
     7034       0.3383   5.37
     7035       0.3368   5.36
     7036       0.3374   5.36
     7037       0.3378   5.36
     7038       0.3371   5.37
     7039       0.3382   5.37
     7040       0.3381   5.37
     7041       0.3368   5.37
     7042       0.3374   5.37
     7043       0.3375   5.36
     7044       0.3376   5.37
     7045       0.3373   5.37
     7046       0.3375   5.37
     7047       0.3362   5.37
     7048       0.3381   5.37
     7049       0.3384   5.37
     7050       0.3381   5.37
     7051       0.3381   5.37
     7052       0.3378   5.37
     7053       0.3374   5.37
     7054       0.3368   5.37
     7055       0.3369   5.36
     7056       0.3375   5.37
     7057       0.3374   5.37
     7058       0.3376   5.37
     7059       0.3381   5.37
     7060       0.3368   5.37
     7061       0.3373   5.37
     7062       0.3365   5.37
     7063       0.3369   5.37
     7064       0.3374   5.37
     7065       0.3371   5.37
     7066       0.3370   5.37
     7067       0.3380   5.37
     7068       0.3377   5.37
     7069       0.3373   5.37
     7070       0.3375   5.37
     7071       0.3367   5.36
     7072       0.3369   5.37
     7073       0.3375   5.37
     7074       0.3375   5.37
     7075       0.3375   5.37
     7076       0.3376   5.37
     7077       0.3385   5.37
     7078       0.3377   5.37
     7079       0.3376   5.37
     7080       0.3376   5.37
     7081       0.3370   5.37
     7082       0.3375   5.37
     7083       0.3375   5.36
     7084       0.3379   5.37
     7085       0.3377   5.37
     7086       0.3375   5.37
     7087       0.3378   5.37
     7088       0.3368   5.37
     7089       0.3375   5.37
     7090       0.3362   5.36
     7091       0.3372   5.36
     7092       0.3374   5.36
     7093       0.3375   5.37
     7094       0.3359   5.37
     7095       0.3364   5.37
     7096       0.3375   5.37
     7097       0.3367   5.37
     7098       0.3376   5.37
     7099       0.3378   5.36
     7100       0.3373   5.37
     7101       0.3383   5.37
     7102       0.3387   5.37
     7103       0.3375   5.37
     7104       0.3381   5.37
     7105       0.3376   5.37
     7106       0.3363   5.36
     7107       0.3370   5.36
     7108       0.3369   5.36
     7109       0.3364   5.37
     7110       0.3374   5.37
     7111       0.3375   5.37
     7112       0.3358   5.37
     7113       0.3382   5.37
     7114       0.3383   5.37
     7115       0.3368   5.37
     7116       0.3375   5.37
     7117       0.3382   5.37
     7118       0.3388   5.37
     7119       0.3373   5.37
     7120       0.3375   5.37
     7121       0.3371   5.36
     7122       0.3371   5.36
     7123       0.3375   5.36
     7124       0.3376   5.37
     7125       0.3364   5.37
     7126       0.3380   5.37
     7127       0.3374   5.37
     7128       0.3366   5.37
     7129       0.3379   5.37
     7130       0.3377   5.37
     7131       0.3374   5.37
     7132       0.3384   5.37
     7133       0.3385   5.37
     7134       0.3372   5.36
     7135       0.3380   5.36
     7136       0.3378   5.36
     7137       0.3378   5.36
     7138       0.3380   5.36
     7139       0.3377   5.36
     7140       0.3372   5.37
     7141       0.3377   5.37
     7142       0.3377   5.37
     7143       0.3374   5.37
     7144       0.3383   5.37
     7145       0.3380   5.37
     7146       0.3369   5.37
     7147       0.3370   5.37
     7148       0.3378   5.36
     7149       0.3383   5.37
     7150       0.3370   5.36
     7151       0.3390   5.36
     7152       0.3383   5.37
     7153       0.3359   5.36
     7154       0.3372   5.36
     7155       0.3377   5.36
     7156       0.3365   5.36
     7157       0.3375   5.36
     7158       0.3380   5.37
     7159       0.3374   5.37
     7160       0.3380   5.37
     7161       0.3376   5.37
     7162       0.3367   5.37
     7163       0.3374   5.37
     7164       0.3379   5.36
     7165       0.3366   5.37
     7166       0.3382   5.37
     7167       0.3383   5.37
     7168       0.3378   5.37
     7169       0.3373   5.37
     7170       0.3376   5.37
     7171       0.3370   5.36
     7172       0.3373   5.36
     7173       0.3375   5.37
     7174       0.3379   5.37
     7175       0.3381   5.37
     7176       0.3379   5.37
     7177       0.3378   5.37
     7178       0.3371   5.37
     7179       0.3372   5.37
     7180       0.3382   5.37
     7181       0.3373   5.37
     7182       0.3371   5.37
     7183       0.3370   5.37
     7184       0.3368   5.36
     7185       0.3378   5.36
     7186       0.3376   5.37
     7187       0.3376   5.37
     7188       0.3370   5.37
     7189       0.3384   5.37
     7190       0.3371   5.37
     7191       0.3384   5.37
     7192       0.3385   5.37
     7193       0.3388   5.37
     7194       0.3383   5.37
     7195       0.3371   5.37
     7196       0.3376   5.37
     7197       0.3378   5.37
     7198       0.3374   5.36
     7199       0.3374   5.37
     7200       0.3385   5.37
     7201       0.3381   5.37
     7202       0.3370   5.37
     7203       0.3378   5.37
     7204       0.3374   5.37
     7205       0.3370   5.37
     7206       0.3383   5.37
     7207       0.3377   5.37
     7208       0.3375   5.37
     7209       0.3373   5.37
     7210       0.3376   5.37
     7211       0.3382   5.37
     7212       0.3373   5.37
     7213       0.3378   5.37
     7214       0.3364   5.37
     7215       0.3369   5.36
     7216       0.3375   5.36
     7217       0.3366   5.37
     7218       0.3369   5.37
     7219       0.3374   5.37
     7220       0.3382   5.37
     7221       0.3370   5.37
     7222       0.3381   5.37
     7223       0.3375   5.37
     7224       0.3374   5.37
     7225       0.3376   5.37
     7226       0.3375   5.37
     7227       0.3372   5.37
     7228       0.3380   5.37
     7229       0.3372   5.37
     7230       0.3362   5.37
     7231       0.3376   5.37
     7232       0.3372   5.37
     7233       0.3370   5.37
     7234       0.3373   5.37
     7235       0.3379   5.37
     7236       0.3377   5.37
     7237       0.3376   5.37
     7238       0.3375   5.37
     7239       0.3366   5.37
     7240       0.3360   5.37
     7241       0.3377   5.37
     7242       0.3372   5.37
     7243       0.3367   5.37
     7244       0.3369   5.37
     7245       0.3365   5.37
     7246       0.3360   5.37
     7247       0.3375   5.37
     7248       0.3373   5.37
     7249       0.3370   5.37
     7250       0.3369   5.37
     7251       0.3377   5.37
     7252       0.3367   5.37
     7253       0.3370   5.37
     7254       0.3373   5.37
     7255       0.3366   5.37
     7256       0.3379   5.37
     7257       0.3377   5.37
     7258       0.3364   5.37
     7259       0.3383   5.37
     7260       0.3379   5.37
     7261       0.3367   5.37
     7262       0.3370   5.37
     7263       0.3373   5.37
     7264       0.3360   5.36
     7265       0.3385   5.36
     7266       0.3375   5.37
     7267       0.3367   5.37
     7268       0.3374   5.37
     7269       0.3373   5.37
     7270       0.3372   5.37
     7271       0.3373   5.36
     7272       0.3385   5.36
     7273       0.3376   5.37
     7274       0.3382   5.37
     7275       0.3382   5.37
     7276       0.3378   5.37
     7277       0.3370   5.37
     7278       0.3373   5.37
     7279       0.3372   5.36
     7280       0.3362   5.36
     7281       0.3372   5.36
     7282       0.3373   5.37
     7283       0.3372   5.36
     7284       0.3376   5.36
     7285       0.3376   5.36
     7286       0.3356   5.37
     7287       0.3372   5.37
     7288       0.3383   5.37
     7289       0.3372   5.37
     7290       0.3379   5.37
     7291       0.3375   5.37
     7292       0.3363   5.37
     7293       0.3368   5.37
     7294       0.3370   5.37
     7295       0.3370   5.37
     7296       0.3380   5.37
     7297       0.3378   5.37
     7298       0.3376   5.37
     7299       0.3373   5.37
     7300       0.3380   5.37
     7301       0.3379   5.37
     7302       0.3372   5.37
     7303       0.3380   5.37
     7304       0.3374   5.37
     7305       0.3371   5.36
     7306       0.3373   5.36
     7307       0.3371   5.37
     7308       0.3373   5.37
     7309       0.3386   5.37
     7310       0.3380   5.37
     7311       0.3379   5.37
     7312       0.3380   5.37
     7313       0.3371   5.37
     7314       0.3371   5.37
     7315       0.3376   5.37
     7316       0.3378   5.36
     7317       0.3373   5.37
     7318       0.3373   5.37
     7319       0.3374   5.37
     7320       0.3367   5.36
     7321       0.3372   5.36
     7322       0.3374   5.37
     7323       0.3370   5.37
     7324       0.3389   5.37
     7325       0.3376   5.37
     7326       0.3367   5.37
     7327       0.3379   5.37
     7328       0.3378   5.37
     7329       0.3384   5.37
     7330       0.3370   5.37
     7331       0.3369   5.37
     7332       0.3376   5.37
     7333       0.3366   5.37
     7334       0.3372   5.37
     7335       0.3373   5.37
     7336       0.3370   5.36
     7337       0.3376   5.36
     7338       0.3365   5.37
     7339       0.3364   5.36
     7340       0.3375   5.36
     7341       0.3378   5.37
     7342       0.3375   5.37
     7343       0.3377   5.37
     7344       0.3378   5.37
     7345       0.3365   5.37
     7346       0.3375   5.37
     7347       0.3385   5.36
     7348       0.3375   5.37
     7349       0.3377   5.37
     7350       0.3376   5.37
     7351       0.3367   5.36
     7352       0.3377   5.36
     7353       0.3367   5.37
     7354       0.3366   5.37
     7355       0.3378   5.37
     7356       0.3383   5.36
     7357       0.3374   5.37
     7358       0.3369   5.37
     7359       0.3375   5.37
     7360       0.3371   5.36
     7361       0.3365   5.37
     7362       0.3367   5.37
     7363       0.3367   5.37
     7364       0.3365   5.37
     7365       0.3379   5.37
     7366       0.3374   5.37
     7367       0.3358   5.37
     7368       0.3385   5.37
     7369       0.3377   5.37
     7370       0.3370   5.37
     7371       0.3385   5.37
     7372       0.3383   5.37
     7373       0.3377   5.37
     7374       0.3378   5.37
     7375       0.3377   5.37
     7376       0.3363   5.37
     7377       0.3367   5.37
     7378       0.3375   5.36
     7379       0.3359   5.37
     7380       0.3377   5.37
     7381       0.3379   5.37
     7382       0.3374   5.37
     7383       0.3373   5.37
     7384       0.3375   5.37
     7385       0.3363   5.37
     7386       0.3375   5.37
     7387       0.3382   5.37
     7388       0.3373   5.37
     7389       0.3500   5.37
     7390       0.3370   5.37
     7391       0.3376   5.36
     7392       0.3356   5.37
     7393       0.3377   5.37
     7394       0.3381   5.37
     7395       0.3373   5.37
     7396       0.3375   5.37
     7397       0.3374   5.37
     7398       0.3362   5.37
     7399       0.3374   5.37
     7400       0.3373   5.36
     7401       0.3377   5.37
     7402       0.3382   5.37
     7403       0.3380   5.37
     7404       0.3370   5.37
     7405       0.3369   5.37
     7406       0.3374   5.37
     7407       0.3372   5.37
     7408       0.3368   5.37
     7409       0.3373   5.37
     7410       0.3367   5.37
     7411       0.3373   5.37
     7412       0.3372   5.37
     7413       0.3368   5.37
     7414       0.3383   5.37
     7415       0.3378   5.37
     7416       0.3370   5.37
     7417       0.3372   5.37
     7418       0.3375   5.37
     7419       0.3374   5.37
     7420       0.3381   5.37
     7421       0.3377   5.37
     7422       0.3378   5.37
     7423       0.3378   5.37
     7424       0.3382   5.37
     7425       0.3383   5.37
     7426       0.3375   5.37
     7427       0.3373   5.37
     7428       0.3373   5.36
     7429       0.3365   5.36
     7430       0.3374   5.36
     7431       0.3377   5.36
     7432       0.3370   5.37
     7433       0.3375   5.37
     7434       0.3379   5.37
     7435       0.3375   5.37
     7436       0.3367   5.37
     7437       0.3372   5.37
     7438       0.3368   5.37
     7439       0.3385   5.37
     7440       0.3384   5.37
     7441       0.3378   5.37
     7442       0.3377   5.37
     7443       0.3383   5.37
     7444       0.3377   5.36
     7445       0.3378   5.36
     7446       0.3368   5.36
     7447       0.3366   5.36
     7448       0.3360   5.36
     7449       0.3356   5.36
     7450       0.3364   5.37
     7451       0.3353   5.36
     7452       0.3359   5.36
     7453       0.3351   5.37
     7454       0.3349   5.37
     7455       0.3361   5.37
     7456       0.3362   5.37
     7457       0.3358   5.37
     7458       0.3362   5.37
     7459       0.3366   5.37
     7460       0.3353   5.37
     7461       0.3355   5.37
     7462       0.3366   5.37
     7463       0.3356   5.37
     7464       0.3361   5.37
     7465       0.3368   5.37
     7466       0.3356   5.37
     7467       0.3362   5.37
     7468       0.3363   5.37
     7469       0.3359   5.37
     7470       0.3359   5.37
     7471       0.3360   5.37
     7472       0.3356   5.37
     7473       0.3361   5.37
     7474       0.3367   5.37
     7475       0.3354   5.37
     7476       0.3357   5.37
     7477       0.3359   5.37
     7478       0.3344   5.37
     7479       0.3355   5.37
     7480       0.3358   5.37
     7481       0.3359   5.37
     7482       0.3370   5.37
     7483       0.3367   5.37
     7484       0.3354   5.37
     7485       0.3369   5.37
     7486       0.3364   5.37
     7487       0.3359   5.37
     7488       0.3366   5.37
     7489       0.3364   5.37
     7490       0.3363   5.37
     7491       0.3361   5.37
     7492       0.3357   5.37
     7493       0.3365   5.37
     7494       0.3359   5.37
     7495       0.3363   5.37
     7496       0.3355   5.37
     7497       0.3352   5.37
     7498       0.3364   5.37
     7499       0.3362   5.37
     7500       0.3363   5.37
     7501       0.3365   5.37
     7502       0.3362   5.37
     7503       0.3351   5.37
     7504       0.3369   5.37
     7505       0.3360   5.37
     7506       0.3342   5.37
     7507       0.3357   5.37
     7508       0.3362   5.37
     7509       0.3355   5.37
     7510       0.3364   5.37
     7511       0.3359   5.37
     7512       0.3351   5.37
     7513       0.3357   5.37
     7514       0.3360   5.37
     7515       0.3355   5.37
     7516       0.3367   5.37
     7517       0.3369   5.37
     7518       0.3357   5.37
     7519       0.3368   5.37
     7520       0.3358   5.37
     7521       0.3349   5.37
     7522       0.3365   5.37
     7523       0.3353   5.37
     7524       0.3350   5.37
     7525       0.3359   5.37
     7526       0.3358   5.37
     7527       0.3360   5.37
     7528       0.3365   5.37
     7529       0.3357   5.37
     7530       0.3355   5.37
     7531       0.3361   5.37
     7532       0.3360   5.37
     7533       0.3361   5.37
     7534       0.3359   5.37
     7535       0.3355   5.37
     7536       0.3362   5.37
     7537       0.3355   5.37
     7538       0.3355   5.37
     7539       0.3363   5.37
     7540       0.3348   5.37
     7541       0.3356   5.37
     7542       0.3367   5.37
     7543       0.3364   5.37
     7544       0.3370   5.37
     7545       0.3370   5.37
     7546       0.3355   5.37
     7547       0.3353   5.37
     7548       0.3357   5.37
     7549       0.3356   5.37
     7550       0.3364   5.37
     7551       0.3364   5.37
     7552       0.3355   5.37
     7553       0.3355   5.37
     7554       0.3360   5.37
     7555       0.3345   5.37
     7556       0.3362   5.37
     7557       0.3360   5.37
     7558       0.3350   5.37
     7559       0.3357   5.37
     7560       0.3362   5.37
     7561       0.3343   5.37
     7562       0.3365   5.37
     7563       0.3368   5.37
     7564       0.3356   5.37
     7565       0.3366   5.37
     7566       0.3367   5.37
     7567       0.3361   5.37
     7568       0.3359   5.37
     7569       0.3359   5.37
     7570       0.3348   5.37
     7571       0.3349   5.37
     7572       0.3365   5.37
     7573       0.3363   5.37
     7574       0.3381   5.37
     7575       0.3379   5.37
     7576       0.3366   5.37
     7577       0.3371   5.37
     7578       0.3373   5.37
     7579       0.3367   5.37
     7580       0.3368   5.37
     7581       0.3376   5.37
     7582       0.3378   5.37
     7583       0.3369   5.37
     7584       0.3379   5.37
     7585       0.3377   5.37
     7586       0.3366   5.37
     7587       0.3372   5.37
     7588       0.3375   5.37
     7589       0.3372   5.37
     7590       0.3371   5.37
     7591       0.3379   5.37
     7592       0.3376   5.37
     7593       0.3368   5.37
     7594       0.3373   5.37
     7595       0.3369   5.37
     7596       0.3373   5.37
     7597       0.3378   5.37
     7598       0.3376   5.37
     7599       0.3370   5.37
     7600       0.3370   5.37
     7601       0.3368   5.36
     7602       0.3375   5.36
     7603       0.3381   5.36
     7604       0.3368   5.36
     7605       0.3381   5.36
     7606       0.3373   5.37
     7607       0.3377   5.37
     7608       0.3367   5.37
     7609       0.3376   5.37
     7610       0.3381   5.37
     7611       0.3374   5.37
     7612       0.3381   5.37
     7613       0.3376   5.37
     7614       0.3370   5.36
     7615       0.3374   5.36
     7616       0.3374   5.36
     7617       0.3375   5.37
     7618       0.3371   5.37
     7619       0.3377   5.37
     7620       0.3371   5.37
     7621       0.3370   5.37
     7622       0.3378   5.37
     7623       0.3376   5.37
     7624       0.3383   5.37
     7625       0.3380   5.37
     7626       0.3376   5.36
     7627       0.3378   5.36
     7628       0.3374   5.37
     7629       0.3361   5.36
     7630       0.3378   5.36
     7631       0.3382   5.36
     7632       0.3386   5.37
     7633       0.3376   5.37
     7634       0.3377   5.37
     7635       0.3376   5.36
     7636       0.3369   5.36
     7637       0.3375   5.36
     7638       0.3366   5.36
     7639       0.3370   5.37
     7640       0.3373   5.37
     7641       0.3373   5.37
     7642       0.3363   5.37
     7643       0.3368   5.37
     7644       0.3377   5.37
     7645       0.3364   5.37
     7646       0.3374   5.37
     7647       0.3375   5.37
     7648       0.3362   5.37
     7649       0.3376   5.37
     7650       0.3373   5.37
     7651       0.3365   5.37
     7652       0.3374   5.37
     7653       0.3374   5.37
     7654       0.3367   5.37
     7655       0.3370   5.37
     7656       0.3374   5.37
     7657       0.3377   5.37
     7658       0.3381   5.37
     7659       0.3382   5.37
     7660       0.3376   5.37
     7661       0.3377   5.37
     7662       0.3372   5.36
     7663       0.3364   5.37
     7664       0.3369   5.37
     7665       0.3372   5.36
     7666       0.3360   5.37
     7667       0.3373   5.37
     7668       0.3374   5.37
     7669       0.3372   5.37
     7670       0.3369   5.37
     7671       0.3380   5.37
     7672       0.3383   5.38
     7673       0.3371   5.37
     7674       0.3377   5.37
     7675       0.3378   5.37
     7676       0.3379   5.36
     7677       0.3383   5.36
     7678       0.3385   5.37
     7679       0.3365   5.37
     7680       0.3375   5.37
     7681       0.3370   5.37
     7682       0.3370   5.36
     7683       0.3378   5.36
     7684       0.3380   5.37
     7685       0.3370   5.37
     7686       0.3383   5.37
     7687       0.3376   5.37
     7688       0.3364   5.37
     7689       0.3372   5.37
     7690       0.3375   5.36
     7691       0.3374   5.36
     7692       0.3388   5.36
     7693       0.3383   5.37
     7694       0.3366   5.37
     7695       0.3372   5.37
     7696       0.3374   5.36
     7697       0.3369   5.36
     7698       0.3359   5.36
     7699       0.3366   5.36
     7700       0.3374   5.37
     7701       0.3361   5.37
     7702       0.3373   5.37
     7703       0.3371   5.37
     7704       0.3372   5.37
     7705       0.3375   5.37
     7706       0.3379   5.37
     7707       0.3363   5.37
     7708       0.3377   5.37
     7709       0.3372   5.36
     7710       0.3370   5.36
     7711       0.3370   5.36
     7712       0.3373   5.37
     7713       0.3364   5.37
     7714       0.3378   5.37
     7715       0.3375   5.37
     7716       0.3370   5.37
     7717       0.3375   5.37
     7718       0.3367   5.37
     7719       0.3368   5.36
     7720       0.3374   5.36
     7721       0.3379   5.36
     7722       0.3369   5.37
     7723       0.3376   5.37
     7724       0.3375   5.37
     7725       0.3370   5.37
     7726       0.3378   5.37
     7727       0.3373   5.37
     7728       0.3371   5.37
     7729       0.3375   5.37
     7730       0.3378   5.37
     7731       0.3376   5.37
     7732       0.3358   5.37
     7733       0.3372   5.37
     7734       0.3378   5.37
     7735       0.3372   5.37
     7736       0.3380   5.37
     7737       0.3385   5.36
     7738       0.3365   5.37
     7739       0.3372   5.37
     7740       0.3369   5.36
     7741       0.3376   5.36
     7742       0.3377   5.36
     7743       0.3369   5.36
     7744       0.3365   5.37
     7745       0.3380   5.37
     7746       0.3373   5.37
     7747       0.3369   5.37
     7748       0.3377   5.37
     7749       0.3364   5.37
     7750       0.3363   5.36
     7751       0.3368   5.36
     7752       0.3377   5.37
     7753       0.3376   5.37
     7754       0.3371   5.37
     7755       0.3373   5.37
     7756       0.3369   5.37
     7757       0.3380   5.37
     7758       0.3377   5.37
     7759       0.3372   5.37
     7760       0.3363   5.37
     7761       0.3374   5.37
     7762       0.3376   5.37
     7763       0.3367   5.36
     7764       0.3372   5.36
     7765       0.3375   5.37
     7766       0.3366   5.37
     7767       0.3369   5.37
     7768       0.3379   5.37
     7769       0.3368   5.37
     7770       0.3365   5.37
     7771       0.3371   5.37
     7772       0.3370   5.37
     7773       0.3375   5.37
     7774       0.3385   5.37
     7775       0.3362   5.37
     7776       0.3372   5.37
     7777       0.3375   5.37
     7778       0.3372   5.37
     7779       0.3377   5.37
     7780       0.3375   5.37
     7781       0.3373   5.37
     7782       0.3383   5.37
     7783       0.3376   5.37
     7784       0.3356   5.37
     7785       0.3378   5.37
     7786       0.3376   5.36
     7787       0.3375   5.37
     7788       0.3380   5.37
     7789       0.3374   5.37
     7790       0.3371   5.37
     7791       0.3373   5.37
     7792       0.3374   5.36
     7793       0.3381   5.36
     7794       0.3360   5.37
     7795       0.3369   5.37
     7796       0.3375   5.37
     7797       0.3375   5.37
     7798       0.3377   5.37
     7799       0.3373   5.37
     7800       0.3367   5.37
     7801       0.3374   5.37
     7802       0.3372   5.37
     7803       0.3371   5.37
     7804       0.3379   5.37
     7805       0.3374   5.37
     7806       0.3372   5.37
     7807       0.3374   5.37
     7808       0.3378   5.37
     7809       0.3381   5.36
     7810       0.3375   5.36
     7811       0.3376   5.37
     7812       0.3377   5.37
     7813       0.3380   5.37
     7814       0.3372   5.36
     7815       0.3368   5.36
     7816       0.3369   5.36
     7817       0.3369   5.36
     7818       0.3358   5.37
     7819       0.3377   5.37
     7820       0.3372   5.37
     7821       0.3362   5.37
     7822       0.3367   5.37
     7823       0.3369   5.37
     7824       0.3381   5.37
     7825       0.3369   5.37
     7826       0.3376   5.37
     7827       0.3375   5.37
     7828       0.3370   5.37
     7829       0.3372   5.37
     7830       0.3372   5.37
     7831       0.3366   5.37
     7832       0.3376   5.37
     7833       0.3366   5.37
     7834       0.3367   5.36
     7835       0.3374   5.36
     7836       0.3366   5.37
     7837       0.3368   5.37
     7838       0.3380   5.37
     7839       0.3367   5.37
     7840       0.3374   5.37
     7841       0.3375   5.37
     7842       0.3368   5.37
     7843       0.3361   5.37
     7844       0.3373   5.37
     7845       0.3376   5.37
     7846       0.3371   5.37
     7847       0.3371   5.37
     7848       0.3368   5.37
     7849       0.3360   5.37
     7850       0.3374   5.37
     7851       0.3374   5.36
     7852       0.3373   5.37
     7853       0.3376   5.37
     7854       0.3373   5.37
     7855       0.3372   5.37
     7856       0.3370   5.36
     7857       0.3368   5.36
     7858       0.3379   5.37
     7859       0.3366   5.37
     7860       0.3371   5.37
     7861       0.3371   5.37
     7862       0.3363   5.37
     7863       0.3370   5.37
     7864       0.3371   5.37
     7865       0.3378   5.37
     7866       0.3378   5.37
     7867       0.3384   5.37
     7868       0.3365   5.37
     7869       0.3376   5.37
     7870       0.3374   5.37
     7871       0.3363   5.37
     7872       0.3375   5.37
     7873       0.3367   5.37
     7874       0.3371   5.37
     7875       0.3373   5.37
     7876       0.3368   5.37
     7877       0.3364   5.37
     7878       0.3375   5.37
     7879       0.3379   5.37
     7880       0.3362   5.37
     7881       0.3364   5.37
     7882       0.3362   5.37
     7883       0.3359   5.37
     7884       0.3375   5.37
     7885       0.3379   5.37
     7886       0.3365   5.37
     7887       0.3366   5.37
     7888       0.3368   5.37
     7889       0.3374   5.37
     7890       0.3367   5.37
     7891       0.3376   5.37
     7892       0.3378   5.37
     7893       0.3372   5.37
     7894       0.3379   5.37
     7895       0.3372   5.37
     7896       0.3361   5.37
     7897       0.3374   5.37
     7898       0.3370   5.37
     7899       0.3359   5.37
     7900       0.3377   5.37
     7901       0.3383   5.37
     7902       0.3374   5.37
     7903       0.3374   5.37
     7904       0.3383   5.37
     7905       0.3373   5.37
     7906       0.3378   5.37
     7907       0.3360   5.37
     7908       0.3370   5.37
     7909       0.3369   5.37
     7910       0.3365   5.37
     7911       0.3369   5.37
     7912       0.3376   5.37
     7913       0.3373   5.37
     7914       0.3363   5.37
     7915       0.3377   5.37
     7916       0.3370   5.37
     7917       0.3366   5.36
     7918       0.3373   5.36
     7919       0.3371   5.37
     7920       0.3368   5.37
     7921       0.3365   5.37
     7922       0.3373   5.37
     7923       0.3371   5.37
     7924       0.3368   5.37
     7925       0.3369   5.37
     7926       0.3377   5.37
     7927       0.3364   5.37
     7928       0.3373   5.37
     7929       0.3378   5.37
     7930       0.3376   5.37
     7931       0.3369   5.37
     7932       0.3377   5.37
     7933       0.3367   5.37
     7934       0.3370   5.37
     7935       0.3364   5.37
     7936       0.3366   5.37
     7937       0.3379   5.37
     7938       0.3371   5.37
     7939       0.3370   5.37
     7940       0.3377   5.37
     7941       0.3367   5.37
     7942       0.3366   5.37
     7943       0.3372   5.37
     7944       0.3365   5.36
     7945       0.3363   5.37
     7946       0.3373   5.37
     7947       0.3360   5.37
     7948       0.3366   5.37
     7949       0.3369   5.37
     7950       0.3363   5.36
     7951       0.3354   5.36
     7952       0.3367   5.36
     7953       0.3368   5.37
     7954       0.3378   5.37
     7955       0.3360   5.37
     7956       0.3394   5.37
     7957       0.3386   5.37
     7958       0.3371   5.37
     7959       0.3370   5.37
     7960       0.3370   5.37
     7961       0.3372   5.36
     7962       0.3377   5.36
     7963       0.3370   5.37
     7964       0.3371   5.37
     7965       0.3375   5.37
     7966       0.3379   5.36
     7967       0.3370   5.36
     7968       0.3374   5.36
     7969       0.3369   5.37
     7970       0.3362   5.37
     7971       0.3370   5.37
     7972       0.3376   5.37
     7973       0.3364   5.37
     7974       0.3369   5.37
     7975       0.3373   5.37
     7976       0.3370   5.37
     7977       0.3375   5.37
     7978       0.3368   5.37
     7979       0.3368   5.37
     7980       0.3376   5.37
     7981       0.3372   5.37
     7982       0.3364   5.37
     7983       0.3366   5.37
     7984       0.3374   5.37
     7985       0.3370   5.36
     7986       0.3360   5.37
     7987       0.3367   5.37
     7988       0.3372   5.37
     7989       0.3366   5.37
     7990       0.3379   5.37
     7991       0.3378   5.37
     7992       0.3373   5.37
     7993       0.3377   5.37
     7994       0.3368   5.37
     7995       0.3373   5.37
     7996       0.3370   5.37
     7997       0.3375   5.36
     7998       0.3361   5.36
     7999       0.3373   5.36
     8000       0.3366   5.37
     8001       0.3365   5.37
     8002       0.3376   5.37
     8003       0.3381   5.37
     8004       0.3372   5.37
     8005       0.3379   5.37
     8006       0.3368   5.37
     8007       0.3367   5.37
     8008       0.3373   5.37
     8009       0.3379   5.36
     8010       0.3373   5.37
     8011       0.3373   5.37
     8012       0.3372   5.37
     8013       0.3377   5.37
     8014       0.3370   5.37
     8015       0.3380   5.37
     8016       0.3364   5.37
     8017       0.3363   5.37
     8018       0.3372   5.37
     8019       0.3362   5.37
     8020       0.3364   5.37
     8021       0.3373   5.37
     8022       0.3377   5.37
     8023       0.3367   5.37
     8024       0.3371   5.37
     8025       0.3372   5.37
     8026       0.3367   5.37
     8027       0.3381   5.37
     8028       0.3377   5.37
     8029       0.3364   5.37
     8030       0.3380   5.37
     8031       0.3374   5.37
     8032       0.3362   5.37
     8033       0.3359   5.37
     8034       0.3358   5.37
     8035       0.3350   5.37
     8036       0.3367   5.37
     8037       0.3372   5.37
     8038       0.3370   5.37
     8039       0.3373   5.37
     8040       0.3378   5.37
     8041       0.3368   5.37
     8042       0.3376   5.37
     8043       0.3374   5.37
     8044       0.3365   5.37
     8045       0.3377   5.37
     8046       0.3373   5.37
     8047       0.3368   5.37
     8048       0.3376   5.37
     8049       0.3376   5.37
     8050       0.3382   5.37
     8051       0.3358   5.37
     8052       0.3374   5.37
     8053       0.3377   5.37
     8054       0.3366   5.37
     8055       0.3371   5.37
     8056       0.3369   5.37
     8057       0.3365   5.36
     8058       0.3378   5.36
     8059       0.3374   5.37
     8060       0.3369   5.37
     8061       0.3368   5.37
     8062       0.3380   5.37
     8063       0.3364   5.37
     8064       0.3371   5.37
     8065       0.3368   5.37
     8066       0.3367   5.37
     8067       0.3373   5.37
     8068       0.3382   5.37
     8069       0.3376   5.37
     8070       0.3378   5.37
     8071       0.3382   5.37
     8072       0.3366   5.37
     8073       0.3378   5.37
     8074       0.3374   5.37
     8075       0.3372   5.37
     8076       0.3371   5.37
     8077       0.3376   5.36
     8078       0.3371   5.37
     8079       0.3366   5.37
     8080       0.3371   5.37
     8081       0.3363   5.37
     8082       0.3369   5.37
     8083       0.3364   5.37
     8084       0.3376   5.37
     8085       0.3369   5.37
     8086       0.3373   5.37
     8087       0.3379   5.37
     8088       0.3363   5.37
     8089       0.3378   5.37
     8090       0.3377   5.37
     8091       0.3365   5.37
     8092       0.3369   5.37
     8093       0.3372   5.37
     8094       0.3357   5.37
     8095       0.3373   5.37
     8096       0.3367   5.37
     8097       0.3365   5.37
     8098       0.3374   5.37
     8099       0.3377   5.37
     8100       0.3370   5.37
     8101       0.3386   5.37
     8102       0.3376   5.37
     8103       0.3359   5.37
     8104       0.3375   5.37
     8105       0.3367   5.36
     8106       0.3364   5.37
     8107       0.3370   5.37
     8108       0.3370   5.37
     8109       0.3358   5.37
     8110       0.3371   5.37
     8111       0.3382   5.37
     8112       0.3380   5.37
     8113       0.3381   5.37
     8114       0.3376   5.37
     8115       0.3375   5.37
     8116       0.3369   5.36
     8117       0.3378   5.36
     8118       0.3369   5.37
     8119       0.3363   5.37
     8120       0.3373   5.37
     8121       0.3377   5.37
     8122       0.3366   5.37
     8123       0.3374   5.37
     8124       0.3375   5.37
     8125       0.3371   5.37
     8126       0.3370   5.37
     8127       0.3368   5.37
     8128       0.3362   5.37
     8129       0.3376   5.37
     8130       0.3374   5.37
     8131       0.3374   5.37
     8132       0.3372   5.37
     8133       0.3371   5.37
     8134       0.3363   5.37
     8135       0.3366   5.37
     8136       0.3369   5.37
     8137       0.3361   5.37
     8138       0.3364   5.37
     8139       0.3375   5.37
     8140       0.3359   5.37
     8141       0.3379   5.37
     8142       0.3369   5.37
     8143       0.3370   5.37
     8144       0.3375   5.37
     8145       0.3371   5.37
     8146       0.3365   5.37
     8147       0.3372   5.37
     8148       0.3378   5.37
     8149       0.3375   5.37
     8150       0.3364   5.37
     8151       0.3372   5.37
     8152       0.3369   5.37
     8153       0.3370   5.37
     8154       0.3375   5.37
     8155       0.3376   5.37
     8156       0.3376   5.37
     8157       0.3374   5.37
     8158       0.3371   5.37
     8159       0.3369   5.37
     8160       0.3380   5.37
     8161       0.3371   5.37
     8162       0.3369   5.37
     8163       0.3367   5.37
     8164       0.3380   5.37
     8165       0.3374   5.37
     8166       0.3381   5.37
     8167       0.3377   5.37
     8168       0.3377   5.37
     8169       0.3378   5.37
     8170       0.3382   5.37
     8171       0.3365   5.37
     8172       0.3374   5.37
     8173       0.3372   5.37
     8174       0.3367   5.37
     8175       0.3375   5.37
     8176       0.3369   5.36
     8177       0.3363   5.37
     8178       0.3375   5.37
     8179       0.3370   5.37
     8180       0.3384   5.37
     8181       0.3373   5.37
     8182       0.3379   5.37
     8183       0.3380   5.37
     8184       0.3373   5.37
     8185       0.3377   5.37
     8186       0.3381   5.37
     8187       0.3360   5.37
     8188       0.3368   5.37
     8189       0.3378   5.37
     8190       0.3363   5.37
     8191       0.3373   5.37
     8192       0.3378   5.37
     8193       0.3366   5.37
     8194       0.3377   5.37
     8195       0.3379   5.37
     8196       0.3370   5.37
     8197       0.3367   5.37
     8198       0.3368   5.37
     8199       0.3371   5.37
     8200       0.3380   5.37
     8201       0.3376   5.37
     8202       0.3367   5.37
     8203       0.3368   5.37
     8204       0.3380   5.37
     8205       0.3372   5.37
     8206       0.3376   5.37
     8207       0.3374   5.37
     8208       0.3366   5.37
     8209       0.3371   5.37
     8210       0.3371   5.37
     8211       0.3366   5.37
     8212       0.3364   5.37
     8213       0.3377   5.37
     8214       0.3379   5.37
     8215       0.3374   5.37
     8216       0.3371   5.37
     8217       0.3375   5.37
     8218       0.3365   5.37
     8219       0.3370   5.37
     8220       0.3373   5.37
     8221       0.3371   5.37
     8222       0.3376   5.37
     8223       0.3379   5.37
     8224       0.3375   5.37
     8225       0.3370   5.37
     8226       0.3377   5.37
     8227       0.3375   5.37
     8228       0.3383   5.37
     8229       0.3379   5.37
     8230       0.3369   5.37
     8231       0.3373   5.37
     8232       0.3379   5.37
     8233       0.3374   5.36
     8234       0.3374   5.36
     8235       0.3374   5.37
     8236       0.3364   5.37
     8237       0.3378   5.37
     8238       0.3378   5.37
     8239       0.3364   5.37
     8240       0.3375   5.37
     8241       0.3376   5.37
     8242       0.3371   5.37
     8243       0.3358   5.37
     8244       0.3368   5.37
     8245       0.3376   5.37
     8246       0.3372   5.37
     8247       0.3382   5.37
     8248       0.3376   5.37
     8249       0.3375   5.37
     8250       0.3366   5.37
     8251       0.3373   5.37
     8252       0.3371   5.37
     8253       0.3378   5.37
     8254       0.3367   5.37
     8255       0.3355   5.37
     8256       0.3369   5.37
     8257       0.3376   5.37
     8258       0.3379   5.37
     8259       0.3381   5.37
     8260       0.3377   5.37
     8261       0.3380   5.37
     8262       0.3374   5.37
     8263       0.3371   5.37
     8264       0.3376   5.37
     8265       0.3381   5.37
     8266       0.3374   5.37
     8267       0.3365   5.37
     8268       0.3369   5.37
     8269       0.3372   5.36
     8270       0.3365   5.37
     8271       0.3378   5.37
     8272       0.3378   5.37
     8273       0.3366   5.37
     8274       0.3368   5.37
     8275       0.3372   5.37
     8276       0.3365   5.37
     8277       0.3373   5.37
     8278       0.3375   5.37
     8279       0.3380   5.37
     8280       0.3375   5.37
     8281       0.3378   5.37
     8282       0.3373   5.37
     8283       0.3375   5.37
     8284       0.3382   5.37
     8285       0.3382   5.37
     8286       0.3366   5.37
     8287       0.3379   5.37
     8288       0.3372   5.36
     8289       0.3360   5.36
     8290       0.3379   5.36
     8291       0.3376   5.37
     8292       0.3362   5.37
     8293       0.3376   5.37
     8294       0.3372   5.37
     8295       0.3368   5.37
     8296       0.3382   5.37
     8297       0.3386   5.37
     8298       0.3374   5.37
     8299       0.3379   5.37
     8300       0.3374   5.37
     8301       0.3367   5.36
     8302       0.3376   5.36
     8303       0.3383   5.37
     8304       0.3374   5.37
     8305       0.3371   5.37
     8306       0.3374   5.37
     8307       0.3383   5.37
     8308       0.3364   5.37
     8309       0.3371   5.37
     8310       0.3375   5.37
     8311       0.3378   5.37
     8312       0.3380   5.37
     8313       0.3381   5.37
     8314       0.3369   5.37
     8315       0.3376   5.37
     8316       0.3375   5.36
     8317       0.3367   5.36
     8318       0.3363   5.36
     8319       0.3371   5.37
     8320       0.3374   5.37
     8321       0.3375   5.37
     8322       0.3373   5.37
     8323       0.3363   5.37
     8324       0.3376   5.37
     8325       0.3379   5.37
     8326       0.3380   5.37
     8327       0.3384   5.37
     8328       0.3376   5.37
     8329       0.3366   5.37
     8330       0.3377   5.37
     8331       0.3372   5.37
     8332       0.3372   5.37
     8333       0.3395   5.37
     8334       0.3372   5.37
     8335       0.3367   5.37
     8336       0.3368   5.37
     8337       0.3378   5.37
     8338       0.3380   5.37
     8339       0.3367   5.37
     8340       0.3375   5.37
     8341       0.3377   5.37
     8342       0.3366   5.37
     8343       0.3370   5.37
     8344       0.3380   5.37
     8345       0.3371   5.37
     8346       0.3378   5.37
     8347       0.3381   5.37
     8348       0.3375   5.37
     8349       0.3382   5.37
     8350       0.3368   5.37
     8351       0.3367   5.37
     8352       0.3387   5.37
     8353       0.3385   5.37
     8354       0.3373   5.37
     8355       0.3371   5.37
     8356       0.3373   5.37
     8357       0.3369   5.36
     8358       0.3384   5.36
     8359       0.3381   5.36
     8360       0.3368   5.37
     8361       0.3371   5.37
     8362       0.3376   5.36
     8363       0.3376   5.37
     8364       0.3368   5.37
     8365       0.3378   5.37
     8366       0.3380   5.37
     8367       0.3373   5.37
     8368       0.3378   5.37
     8369       0.3371   5.37
     8370       0.3371   5.37
     8371       0.3372   5.37
     8372       0.3383   5.37
     8373       0.3371   5.37
     8374       0.3377   5.37
     8375       0.3377   5.37
     8376       0.3366   5.36
     8377       0.3367   5.36
     8378       0.3379   5.37
     8379       0.3365   5.37
     8380       0.3375   5.37
     8381       0.3379   5.36
     8382       0.3373   5.37
     8383       0.3374   5.37
     8384       0.3375   5.37
     8385       0.3371   5.36
     8386       0.3370   5.36
     8387       0.3370   5.36
     8388       0.3366   5.37
     8389       0.3367   5.37
     8390       0.3369   5.37
     8391       0.3372   5.37
     8392       0.3373   5.37
     8393       0.3377   5.37
     8394       0.3378   5.37
     8395       0.3369   5.37
     8396       0.3371   5.37
     8397       0.3369   5.37
     8398       0.3368   5.37
     8399       0.3374   5.37
     8400       0.3367   5.37
     8401       0.3359   5.37
     8402       0.3374   5.37
     8403       0.3382   5.37
     8404       0.3369   5.37
     8405       0.3372   5.37
     8406       0.3375   5.37
     8407       0.3361   5.37
     8408       0.3372   5.37
     8409       0.3375   5.37
     8410       0.3366   5.37
     8411       0.3371   5.37
     8412       0.3379   5.36
     8413       0.3375   5.36
     8414       0.3373   5.36
     8415       0.3366   5.37
     8416       0.3365   5.36
     8417       0.3369   5.36
     8418       0.3375   5.37
     8419       0.3375   5.37
     8420       0.3374   5.37
     8421       0.3378   5.37
     8422       0.3367   5.37
     8423       0.3378   5.37
     8424       0.3380   5.37
     8425       0.3374   5.37
     8426       0.3372   5.37
     8427       0.3376   5.37
     8428       0.3375   5.37
     8429       0.3366   5.36
     8430       0.3377   5.36
     8431       0.3371   5.36
     8432       0.3367   5.37
     8433       0.3376   5.37
     8434       0.3377   5.37
     8435       0.3374   5.37
     8436       0.3371   5.37
     8437       0.3367   5.37
     8438       0.3366   5.36
     8439       0.3375   5.36
     8440       0.3377   5.36
     8441       0.3366   5.37
     8442       0.3376   5.37
     8443       0.3378   5.37
     8444       0.3369   5.37
     8445       0.3377   5.37
     8446       0.3370   5.37
     8447       0.3363   5.37
     8448       0.3384   5.37
     8449       0.3378   5.37
     8450       0.3368   5.37
     8451       0.3371   5.37
     8452       0.3371   5.36
     8453       0.3363   5.36
     8454       0.3372   5.36
     8455       0.3368   5.36
     8456       0.3369   5.37
     8457       0.3371   5.37
     8458       0.3374   5.37
     8459       0.3375   5.37
     8460       0.3361   5.37
     8461       0.3374   5.37
     8462       0.3379   5.37
     8463       0.3369   5.37
     8464       0.3377   5.37
     8465       0.3377   5.37
     8466       0.3367   5.37
     8467       0.3370   5.37
     8468       0.3375   5.37
     8469       0.3369   5.37
     8470       0.3373   5.37
     8471       0.3380   5.37
     8472       0.3370   5.36
     8473       0.3370   5.36
     8474       0.3372   5.36
     8475       0.3377   5.37
     8476       0.3374   5.37
     8477       0.3375   5.37
     8478       0.3364   5.36
     8479       0.3368   5.36
     8480       0.3364   5.36
     8481       0.3366   5.36
     8482       0.3375   5.36
     8483       0.3371   5.37
     8484       0.3362   5.37
     8485       0.3380   5.37
     8486       0.3381   5.37
     8487       0.3374   5.37
     8488       0.3375   5.37
     8489       0.3372   5.37
     8490       0.3363   5.37
     8491       0.3367   5.36
     8492       0.3376   5.36
     8493       0.3379   5.37
     8494       0.3366   5.37
     8495       0.3374   5.37
     8496       0.3371   5.36
     8497       0.3367   5.36
     8498       0.3370   5.36
     8499       0.3365   5.37
     8500       0.3368   5.37
     8501       0.3379   5.37
     8502       0.3378   5.37
     8503       0.3367   5.37
     8504       0.3380   5.37
     8505       0.3374   5.37
     8506       0.3367   5.37
     8507       0.3378   5.37
     8508       0.3377   5.37
     8509       0.3367   5.37
     8510       0.3378   5.37
     8511       0.3366   5.37
     8512       0.3355   5.36
     8513       0.3367   5.36
     8514       0.3377   5.37
     8515       0.3371   5.37
     8516       0.3376   5.37
     8517       0.3377   5.37
     8518       0.3371   5.37
     8519       0.3383   5.37
     8520       0.3378   5.37
     8521       0.3366   5.37
     8522       0.3366   5.37
     8523       0.3373   5.37
     8524       0.3378   5.36
     8525       0.3358   5.37
     8526       0.3372   5.37
     8527       0.3368   5.37
     8528       0.3365   5.37
     8529       0.3373   5.37
     8530       0.3371   5.37
     8531       0.3366   5.37
     8532       0.3379   5.37
     8533       0.3374   5.37
     8534       0.3370   5.37
     8535       0.3373   5.37
     8536       0.3370   5.37
     8537       0.3366   5.37
     8538       0.3381   5.37
     8539       0.3380   5.37
     8540       0.3367   5.37
     8541       0.3373   5.37
     8542       0.3370   5.36
     8543       0.3369   5.36
     8544       0.3376   5.36
     8545       0.3371   5.37
     8546       0.3367   5.37
     8547       0.3375   5.37
     8548       0.3370   5.36
     8549       0.3368   5.36
     8550       0.3369   5.36
     8551       0.3371   5.37
     8552       0.3368   5.37
     8553       0.3369   5.37
     8554       0.3373   5.37
     8555       0.3375   5.37
     8556       0.3366   5.37
     8557       0.3365   5.37
     8558       0.3372   5.36
     8559       0.3357   5.36
     8560       0.3369   5.36
     8561       0.3364   5.37
     8562       0.3358   5.37
     8563       0.3370   5.37
     8564       0.3373   5.37
     8565       0.3362   5.37
     8566       0.3369   5.37
     8567       0.3378   5.37
     8568       0.3371   5.37
     8569       0.3374   5.37
     8570       0.3371   5.37
     8571       0.3368   5.37
     8572       0.3372   5.37
     8573       0.3372   5.37
     8574       0.3369   5.37
     8575       0.3379   5.37
     8576       0.3374   5.37
     8577       0.3362   5.36
     8578       0.3368   5.36
     8579       0.3378   5.36
     8580       0.3364   5.36
     8581       0.3367   5.36
     8582       0.3368   5.36
     8583       0.3368   5.36
     8584       0.3388   5.36
     8585       0.3383   5.37
     8586       0.3362   5.37
     8587       0.3373   5.37
     8588       0.3376   5.37
     8589       0.3367   5.36
     8590       0.3365   5.36
     8591       0.3367   5.36
     8592       0.3362   5.37
     8593       0.3357   5.36
     8594       0.3372   5.36
     8595       0.3372   5.37
     8596       0.3365   5.37
     8597       0.3377   5.37
     8598       0.3375   5.37
     8599       0.3360   5.37
     8600       0.3369   5.37
     8601       0.3370   5.37
     8602       0.3365   5.37
     8603       0.3371   5.37
     8604       0.3371   5.37
     8605       0.3362   5.37
     8606       0.3379   5.37
     8607       0.3382   5.37
     8608       0.3374   5.37
     8609       0.3372   5.37
     8610       0.3372   5.37
     8611       0.3367   5.37
     8612       0.3377   5.37
     8613       0.3375   5.37
     8614       0.3361   5.37
     8615       0.3369   5.37
     8616       0.3389   5.37
     8617       0.3360   5.37
     8618       0.3375   5.37
     8619       0.3374   5.37
     8620       0.3362   5.37
     8621       0.3359   5.37
     8622       0.3371   5.37
     8623       0.3372   5.37
     8624       0.3367   5.37
     8625       0.3370   5.37
     8626       0.3370   5.37
     8627       0.3371   5.37
     8628       0.3376   5.37
     8629       0.3372   5.37
     8630       0.3362   5.37
     8631       0.3367   5.37
     8632       0.3373   5.37
     8633       0.3371   5.37
     8634       0.3373   5.37
     8635       0.3368   5.37
     8636       0.3360   5.37
     8637       0.3376   5.37
     8638       0.3382   5.37
     8639       0.3352   5.37
     8640       0.3367   5.37
     8641       0.3375   5.37
     8642       0.3377   5.37
     8643       0.3376   5.37
     8644       0.3370   5.37
     8645       0.3359   5.37
     8646       0.3376   5.37
     8647       0.3373   5.37
     8648       0.3364   5.37
     8649       0.3368   5.37
     8650       0.3381   5.37
     8651       0.3376   5.37
     8652       0.3381   5.37
     8653       0.3379   5.37
     8654       0.3374   5.37
     8655       0.3369   5.36
     8656       0.3373   5.36
     8657       0.3371   5.36
     8658       0.3360   5.37
     8659       0.3366   5.37
     8660       0.3371   5.37
     8661       0.3365   5.37
     8662       0.3370   5.37
     8663       0.3377   5.37
     8664       0.3362   5.37
     8665       0.3374   5.37
     8666       0.3373   5.37
     8667       0.3368   5.37
     8668       0.3378   5.37
     8669       0.3382   5.37
     8670       0.3362   5.37
     8671       0.3377   5.37
     8672       0.3377   5.37
     8673       0.3374   5.37
     8674       0.3376   5.37
     8675       0.3374   5.37
     8676       0.3374   5.37
     8677       0.3380   5.37
     8678       0.3375   5.37
     8679       0.3370   5.37
     8680       0.3373   5.37
     8681       0.3368   5.37
     8682       0.3363   5.37
     8683       0.3375   5.37
     8684       0.3371   5.36
     8685       0.3384   5.37
     8686       0.3366   5.37
     8687       0.3378   5.37
     8688       0.3367   5.37
     8689       0.3378   5.37
     8690       0.3377   5.37
     8691       0.3367   5.37
     8692       0.3367   5.37
     8693       0.3372   5.37
     8694       0.3368   5.36
     8695       0.3360   5.37
     8696       0.3375   5.37
     8697       0.3373   5.37
     8698       0.3368   5.37
     8699       0.3376   5.37
     8700       0.3376   5.37
     8701       0.3368   5.37
     8702       0.3369   5.37
     8703       0.3380   5.37
     8704       0.3363   5.37
     8705       0.3379   5.37
     8706       0.3380   5.37
     8707       0.3377   5.37
     8708       0.3382   5.37
     8709       0.3380   5.37
     8710       0.3369   5.37
     8711       0.3377   5.37
     8712       0.3376   5.37
     8713       0.3388   5.37
     8714       0.3372   5.37
     8715       0.3371   5.37
     8716       0.3380   5.37
     8717       0.3363   5.37
     8718       0.3373   5.37
     8719       0.3386   5.36
     8720       0.3375   5.37
     8721       0.3375   5.37
     8722       0.3379   5.37
     8723       0.3359   5.36
     8724       0.3375   5.36
     8725       0.3374   5.36
     8726       0.3368   5.37
     8727       0.3373   5.37
     8728       0.3384   5.37
     8729       0.3368   5.37
     8730       0.3374   5.37
     8731       0.3375   5.37
     8732       0.3367   5.37
     8733       0.3380   5.37
     8734       0.3377   5.37
     8735       0.3373   5.37
     8736       0.3377   5.37
     8737       0.3378   5.37
     8738       0.3370   5.37
     8739       0.3379   5.37
     8740       0.3378   5.37
     8741       0.3367   5.37
     8742       0.3376   5.37
     8743       0.3377   5.37
     8744       0.3376   5.37
     8745       0.3382   5.37
     8746       0.3381   5.37
     8747       0.3370   5.37
     8748       0.3374   5.36
     8749       0.3379   5.36
     8750       0.3373   5.36
     8751       0.3367   5.37
     8752       0.3364   5.37
     8753       0.3370   5.37
     8754       0.3370   5.37
     8755       0.3382   5.37
     8756       0.3377   5.37
     8757       0.3365   5.37
     8758       0.3372   5.37
     8759       0.3378   5.37
     8760       0.3373   5.37
     8761       0.3377   5.37
     8762       0.3383   5.37
     8763       0.3365   5.37
     8764       0.3374   5.37
     8765       0.3372   5.37
     8766       0.3373   5.37
     8767       0.3382   5.37
     8768       0.3540   5.37
     8769       0.3377   5.37
     8770       0.3386   5.37
     8771       0.3377   5.37
     8772       0.3385   5.37
     8773       0.3374   5.37
     8774       0.3376   5.37
     8775       0.3377   5.37
     8776       0.3367   5.37
     8777       0.3377   5.37
     8778       0.3389   5.37
     8779       0.3372   5.37
     8780       0.3375   5.37
     8781       0.3365   5.37
     8782       0.3374   5.37
     8783       0.3380   5.37
     8784       0.3376   5.37
     8785       0.3366   5.37
     8786       0.3373   5.37
     8787       0.3378   5.36
     8788       0.3376   5.37
     8789       0.3368   5.37
     8790       0.3374   5.37
     8791       0.3363   5.36
     8792       0.3373   5.36
     8793       0.3372   5.37
     8794       0.3366   5.37
     8795       0.3381   5.37
     8796       0.3379   5.37
     8797       0.3373   5.37
     8798       0.3377   5.37
     8799       0.3376   5.37
     8800       0.3366   5.37
     8801       0.3383   5.37
     8802       0.3382   5.37
     8803       0.3373   5.37
     8804       0.3374   5.37
     8805       0.3380   5.37
     8806       0.3378   5.37
     8807       0.3363   5.37
     8808       0.3375   5.37
     8809       0.3365   5.37
     8810       0.3366   5.37
     8811       0.3372   5.37
     8812       0.3377   5.37
     8813       0.3373   5.37
     8814       0.3379   5.37
     8815       0.3378   5.37
     8816       0.3367   5.37
     8817       0.3378   5.37
     8818       0.3373   5.37
     8819       0.3371   5.37
     8820       0.3380   5.37
     8821       0.3375   5.37
     8822       0.3376   5.37
     8823       0.3383   5.37
     8824       0.3382   5.37
     8825       0.3384   5.37
     8826       0.3389   5.37
     8827       0.3381   5.37
     8828       0.3370   5.37
     8829       0.3375   5.37
     8830       0.3374   5.36
     8831       0.3373   5.36
     8832       0.3368   5.36
     8833       0.3366   5.37
     8834       0.3380   5.37
     8835       0.3371   5.37
     8836       0.3371   5.37
     8837       0.3380   5.37
     8838       0.3378   5.37
     8839       0.3376   5.37
     8840       0.3373   5.37
     8841       0.3367   5.37
     8842       0.3380   5.37
     8843       0.3380   5.37
     8844       0.3366   5.37
     8845       0.3386   5.37
     8846       0.3383   5.37
     8847       0.3363   5.37
     8848       0.3374   5.37
     8849       0.3378   5.37
     8850       0.3376   5.37
     8851       0.3384   5.37
     8852       0.3375   5.37
     8853       0.3363   5.37
     8854       0.3377   5.37
     8855       0.3380   5.36
     8856       0.3365   5.37
     8857       0.3370   5.37
     8858       0.3368   5.37
     8859       0.3373   5.36
     8860       0.3377   5.36
     8861       0.3363   5.37
     8862       0.3363   5.37
     8863       0.3381   5.37
     8864       0.3375   5.37
     8865       0.3370   5.37
     8866       0.3377   5.37
     8867       0.3377   5.37
     8868       0.3372   5.37
     8869       0.3374   5.37
     8870       0.3377   5.37
     8871       0.3374   5.37
     8872       0.3373   5.37
     8873       0.3380   5.37
     8874       0.3378   5.37
     8875       0.3372   5.37
     8876       0.3373   5.37
     8877       0.3377   5.37
     8878       0.3372   5.37
     8879       0.3375   5.37
     8880       0.3385   5.37
     8881       0.3363   5.37
     8882       0.3372   5.37
     8883       0.3369   5.37
     8884       0.3368   5.37
     8885       0.3382   5.37
     8886       0.3380   5.37
     8887       0.3368   5.37
     8888       0.3378   5.37
     8889       0.3380   5.37
     8890       0.3369   5.36
     8891       0.3384   5.36
     8892       0.3392   5.37
     8893       0.3380   5.37
     8894       0.3368   5.37
     8895       0.3374   5.37
     8896       0.3371   5.36
     8897       0.3369   5.36
     8898       0.3380   5.36
     8899       0.3484   5.37
     8900       0.3365   5.37
     8901       0.3370   5.37
     8902       0.3370   5.37
     8903       0.3372   5.37
     8904       0.3372   5.37
     8905       0.3379   5.37
     8906       0.3369   5.37
     8907       0.3383   5.37
     8908       0.3373   5.37
     8909       0.3371   5.37
     8910       0.3377   5.37
     8911       0.3370   5.37
     8912       0.3366   5.37
     8913       0.3383   5.37
     8914       0.3384   5.37
     8915       0.3368   5.37
     8916       0.3379   5.37
     8917       0.3379   5.37
     8918       0.3370   5.37
     8919       0.3378   5.37
     8920       0.3382   5.37
     8921       0.3382   5.37
     8922       0.3363   5.37
     8923       0.3377   5.37
     8924       0.3376   5.36
     8925       0.3379   5.37
     8926       0.3387   5.37
     8927       0.3368   5.37
     8928       0.3365   5.37
     8929       0.3371   5.37
     8930       0.3373   5.37
     8931       0.3362   5.37
     8932       0.3381   5.37
     8933       0.3386   5.37
     8934       0.3378   5.37
     8935       0.3377   5.37
     8936       0.3373   5.37
     8937       0.3358   5.37
     8938       0.3373   5.37
     8939       0.3377   5.37
     8940       0.3369   5.37
     8941       0.3381   5.37
     8942       0.3378   5.37
     8943       0.3366   5.37
     8944       0.3379   5.37
     8945       0.3373   5.37
     8946       0.3375   5.37
     8947       0.3368   5.37
     8948       0.3376   5.37
     8949       0.3370   5.37
     8950       0.3383   5.37
     8951       0.3384   5.37
     8952       0.3379   5.37
     8953       0.3363   5.37
     8954       0.3374   5.37
     8955       0.3377   5.36
     8956       0.3370   5.37
     8957       0.3382   5.37
     8958       0.3377   5.37
     8959       0.3369   5.37
     8960       0.3381   5.37
     8961       0.3381   5.37
     8962       0.3374   5.37
     8963       0.3377   5.37
     8964       0.3372   5.36
     8965       0.3362   5.36
     8966       0.3378   5.36
     8967       0.3367   5.37
     8968       0.3376   5.37
     8969       0.3379   5.37
     8970       0.3379   5.37
     8971       0.3377   5.37
     8972       0.3366   5.37
     8973       0.3373   5.37
     8974       0.3369   5.37
     8975       0.3373   5.37
     8976       0.3376   5.37
     8977       0.3372   5.37
     8978       0.3370   5.37
     8979       0.3377   5.37
     8980       0.3372   5.37
     8981       0.3380   5.37
     8982       0.3378   5.37
     8983       0.3375   5.37
     8984       0.3370   5.37
     8985       0.3379   5.37
     8986       0.3389   5.37
     8987       0.3378   5.37
     8988       0.3381   5.37
     8989       0.3380   5.37
     8990       0.3368   5.36
     8991       0.3368   5.36
     8992       0.3382   5.37
     8993       0.3362   5.37
     8994       0.3364   5.37
     8995       0.3376   5.37
     8996       0.3371   5.37
     8997       0.3377   5.37
     8998       0.3371   5.37
     8999       0.3371   5.37
     9000       0.3378   5.37
     9001       0.3379   5.37
     9002       0.3372   5.37
     9003       0.3388   5.37
     9004       0.3386   5.37
     9005       0.3378   5.37
     9006       0.3377   5.37
     9007       0.3368   5.37
     9008       0.3363   5.36
     9009       0.3378   5.36
     9010       0.3377   5.37
     9011       0.3377   5.37
     9012       0.3380   5.37
     9013       0.3380   5.37
     9014       0.3379   5.37
     9015       0.3377   5.37
     9016       0.3377   5.37
     9017       0.3381   5.37
     9018       0.3380   5.37
     9019       0.3382   5.37
     9020       0.3376   5.37
     9021       0.3377   5.37
     9022       0.3382   5.37
     9023       0.3379   5.37
     9024       0.3380   5.37
     9025       0.3378   5.37
     9026       0.3376   5.37
     9027       0.3367   5.37
     9028       0.3372   5.37
     9029       0.3378   5.37
     9030       0.3382   5.37
     9031       0.3375   5.37
     9032       0.3376   5.37
     9033       0.3370   5.36
     9034       0.3378   5.36
     9035       0.3374   5.37
     9036       0.3370   5.37
     9037       0.3387   5.37
     9038       0.3377   5.37
     9039       0.3375   5.37
     9040       0.3382   5.37
     9041       0.3381   5.37
     9042       0.3378   5.37
     9043       0.3371   5.37
     9044       0.3384   5.37
     9045       0.3374   5.37
     9046       0.3366   5.37
     9047       0.3379   5.37
     9048       0.3384   5.37
     9049       0.3376   5.37
     9050       0.3384   5.37
     9051       0.3377   5.37
     9052       0.3374   5.37
     9053       0.3382   5.37
     9054       0.3376   5.37
     9055       0.3373   5.37
     9056       0.3379   5.37
     9057       0.3379   5.37
     9058       0.3381   5.37
     9059       0.3371   5.37
     9060       0.3372   5.37
     9061       0.3373   5.37
     9062       0.3377   5.37
     9063       0.3378   5.37
     9064       0.3378   5.37
     9065       0.3378   5.37
     9066       0.3374   5.37
     9067       0.3373   5.36
     9068       0.3382   5.36
     9069       0.3376   5.37
     9070       0.3371   5.37
     9071       0.3372   5.37
     9072       0.3383   5.37
     9073       0.3377   5.36
     9074       0.3380   5.37
     9075       0.3388   5.37
     9076       0.3388   5.37
     9077       0.3378   5.37
     9078       0.3377   5.37
     9079       0.3377   5.37
     9080       0.3371   5.36
     9081       0.3375   5.36
     9082       0.3380   5.36
     9083       0.3373   5.37
     9084       0.3377   5.37
     9085       0.3380   5.37
     9086       0.3377   5.37
     9087       0.3383   5.37
     9088       0.3382   5.37
     9089       0.3365   5.37
     9090       0.3371   5.37
     9091       0.3379   5.36
     9092       0.3367   5.37
     9093       0.3372   5.37
     9094       0.3381   5.37
     9095       0.3382   5.37
     9096       0.3379   5.37
     9097       0.3378   5.37
     9098       0.3381   5.37
     9099       0.3373   5.37
     9100       0.3379   5.37
     9101       0.3379   5.37
     9102       0.3372   5.36
     9103       0.3375   5.36
     9104       0.3382   5.37
     9105       0.3374   5.37
     9106       0.3370   5.37
     9107       0.3377   5.37
     9108       0.3368   5.37
     9109       0.3376   5.37
     9110       0.3376   5.37
     9111       0.3377   5.36
     9112       0.3376   5.36
     9113       0.3382   5.37
     9114       0.3379   5.37
     9115       0.3384   5.37
     9116       0.3387   5.37
     9117       0.3367   5.36
     9118       0.3372   5.36
     9119       0.3372   5.37
     9120       0.3375   5.37
     9121       0.3375   5.37
     9122       0.3381   5.36
     9123       0.3378   5.37
     9124       0.3386   5.37
     9125       0.3376   5.37
     9126       0.3362   5.37
     9127       0.3374   5.37
     9128       0.3379   5.37
     9129       0.3374   5.37
     9130       0.3368   5.37
     9131       0.3376   5.37
     9132       0.3380   5.37
     9133       0.3369   5.37
     9134       0.3382   5.37
     9135       0.3382   5.37
     9136       0.3371   5.37
     9137       0.3385   5.37
     9138       0.3380   5.37
     9139       0.3372   5.37
     9140       0.3380   5.37
     9141       0.3380   5.36
     9142       0.3362   5.36
     9143       0.3378   5.36
     9144       0.3373   5.37
     9145       0.3367   5.37
     9146       0.3375   5.37
     9147       0.3380   5.37
     9148       0.3369   5.37
     9149       0.3376   5.37
     9150       0.3373   5.37
     9151       0.3361   5.37
     9152       0.3368   5.37
     9153       0.3376   5.37
     9154       0.3378   5.37
     9155       0.3380   5.37
     9156       0.3378   5.37
     9157       0.3380   5.37
     9158       0.3376   5.37
     9159       0.3385   5.37
     9160       0.3382   5.37
     9161       0.3378   5.37
     9162       0.3374   5.37
     9163       0.3378   5.36
     9164       0.3370   5.37
     9165       0.3373   5.37
     9166       0.3374   5.37
     9167       0.3365   5.37
     9168       0.3374   5.37
     9169       0.3376   5.37
     9170       0.3370   5.37
     9171       0.3375   5.37
     9172       0.3374   5.37
     9173       0.3362   5.37
     9174       0.3381   5.37
     9175       0.3384   5.37
     9176       0.3370   5.37
     9177       0.3372   5.37
     9178       0.3380   5.37
     9179       0.3369   5.37
     9180       0.3374   5.37
     9181       0.3375   5.37
     9182       0.3363   5.37
     9183       0.3381   5.37
     9184       0.3401   5.37
     9185       0.3369   5.37
     9186       0.3377   5.37
     9187       0.3384   5.37
     9188       0.3378   5.37
     9189       0.3373   5.37
     9190       0.3392   5.37
     9191       0.3390   5.37
     9192       0.3373   5.37
     9193       0.3373   5.37
     9194       0.3371   5.37
     9195       0.3367   5.36
     9196       0.3382   5.36
     9197       0.3388   5.37
     9198       0.3379   5.37
     9199       0.3379   5.37
     9200       0.3370   5.37
     9201       0.3371   5.37
     9202       0.3371   5.37
     9203       0.3377   5.36
     9204       0.3370   5.37
     9205       0.3379   5.37
     9206       0.3382   5.37
     9207       0.3371   5.37
     9208       0.3379   5.37
     9209       0.3382   5.37
     9210       0.3374   5.37
     9211       0.3385   5.37
     9212       0.3383   5.37
     9213       0.3378   5.37
     9214       0.3384   5.37
     9215       0.3377   5.37
     9216       0.3375   5.36
     9217       0.3369   5.37
     9218       0.3377   5.37
     9219       0.3380   5.37
     9220       0.3369   5.37
     9221       0.3375   5.37
     9222       0.3375   5.37
     9223       0.3373   5.37
     9224       0.3375   5.37
     9225       0.3380   5.37
     9226       0.3368   5.37
     9227       0.3375   5.37
     9228       0.3379   5.37
     9229       0.3377   5.37
     9230       0.3379   5.37
     9231       0.3373   5.37
     9232       0.3368   5.37
     9233       0.3378   5.37
     9234       0.3372   5.37
     9235       0.3372   5.37
     9236       0.3379   5.37
     9237       0.3378   5.37
     9238       0.3375   5.37
     9239       0.3371   5.37
     9240       0.3371   5.37
     9241       0.3370   5.37
     9242       0.3379   5.37
     9243       0.3378   5.37
     9244       0.3369   5.37
     9245       0.3381   5.37
     9246       0.3379   5.37
     9247       0.3383   5.37
     9248       0.3374   5.37
     9249       0.3385   5.37
     9250       0.3385   5.37
     9251       0.3371   5.37
     9252       0.3376   5.37
     9253       0.3371   5.37
     9254       0.3354   5.37
     9255       0.3372   5.37
     9256       0.3373   5.37
     9257       0.3365   5.37
     9258       0.3380   5.37
     9259       0.3375   5.37
     9260       0.3373   5.37
     9261       0.3378   5.37
     9262       0.3379   5.37
     9263       0.3367   5.37
     9264       0.3369   5.37
     9265       0.3374   5.37
     9266       0.3365   5.37
     9267       0.3377   5.37
     9268       0.3377   5.37
     9269       0.3371   5.37
     9270       0.3376   5.37
     9271       0.3380   5.37
     9272       0.3363   5.37
     9273       0.3372   5.37
     9274       0.3376   5.37
     9275       0.3374   5.37
     9276       0.3387   5.37
     9277       0.3386   5.37
     9278       0.3398   5.37
     9279       0.3373   5.37
     9280       0.3379   5.37
     9281       0.3375   5.37
     9282       0.3367   5.36
     9283       0.3377   5.36
     9284       0.3374   5.37
     9285       0.3367   5.37
     9286       0.3372   5.37
     9287       0.3372   5.37
     9288       0.3373   5.37
     9289       0.3375   5.37
     9290       0.3376   5.37
     9291       0.3380   5.37
     9292       0.3377   5.37
     9293       0.3380   5.37
     9294       0.3378   5.37
     9295       0.3382   5.37
     9296       0.3376   5.37
     9297       0.3366   5.36
     9298       0.3374   5.36
     9299       0.3379   5.37
     9300       0.3382   5.37
     9301       0.3369   5.37
     9302       0.3374   5.37
     9303       0.3366   5.37
     9304       0.3376   5.37
     9305       0.3373   5.36
     9306       0.3378   5.37
     9307       0.3367   5.37
     9308       0.3378   5.37
     9309       0.3380   5.37
     9310       0.3363   5.37
     9311       0.3374   5.37
     9312       0.3378   5.37
     9313       0.3374   5.37
     9314       0.3376   5.37
     9315       0.3370   5.37
     9316       0.3374   5.37
     9317       0.3381   5.37
     9318       0.3382   5.37
     9319       0.3370   5.37
     9320       0.3379   5.37
     9321       0.3375   5.37
     9322       0.3362   5.37
     9323       0.3374   5.37
     9324       0.3377   5.37
     9325       0.3367   5.37
     9326       0.3374   5.37
     9327       0.3369   5.37
     9328       0.3371   5.37
     9329       0.3382   5.37
     9330       0.3378   5.37
     9331       0.3373   5.37
     9332       0.3379   5.37
     9333       0.3375   5.37
     9334       0.3372   5.37
     9335       0.3386   5.37
     9336       0.3386   5.37
     9337       0.3385   5.37
     9338       0.3376   5.37
     9339       0.3375   5.37
     9340       0.3370   5.36
     9341       0.3368   5.37
     9342       0.3376   5.37
     9343       0.3371   5.36
     9344       0.3368   5.37
     9345       0.3381   5.37
     9346       0.3374   5.37
     9347       0.3370   5.37
     9348       0.3374   5.37
     9349       0.3369   5.37
     9350       0.3369   5.37
     9351       0.3377   5.37
     9352       0.3383   5.37
     9353       0.3377   5.37
     9354       0.3379   5.37
     9355       0.3379   5.37
     9356       0.3374   5.37
     9357       0.3370   5.37
     9358       0.3376   5.37
     9359       0.3370   5.37
     9360       0.3378   5.37
     9361       0.3375   5.37
     9362       0.3360   5.37
     9363       0.3373   5.37
     9364       0.3375   5.37
     9365       0.3368   5.37
     9366       0.3375   5.37
     9367       0.3374   5.37
     9368       0.3375   5.37
     9369       0.3369   5.37
     9370       0.3379   5.37
     9371       0.3386   5.37
     9372       0.3383   5.37
     9373       0.3379   5.37
     9374       0.3378   5.37
     9375       0.3364   5.37
     9376       0.3370   5.37
     9377       0.3380   5.37
     9378       0.3372   5.37
     9379       0.3378   5.37
     9380       0.3381   5.37
     9381       0.3370   5.37
     9382       0.3378   5.37
     9383       0.3379   5.37
     9384       0.3360   5.37
     9385       0.3376   5.37
     9386       0.3375   5.37
     9387       0.3358   5.37
     9388       0.3377   5.37
     9389       0.3384   5.37
     9390       0.3365   5.37
     9391       0.3368   5.37
     9392       0.3385   5.37
     9393       0.3375   5.37
     9394       0.3371   5.37
     9395       0.3377   5.37
     9396       0.3374   5.37
     9397       0.3366   5.37
     9398       0.3368   5.37
     9399       0.3377   5.37
     9400       0.3362   5.37
     9401       0.3371   5.37
     9402       0.3369   5.37
     9403       0.3368   5.37
     9404       0.3371   5.37
     9405       0.3376   5.37
     9406       0.3374   5.37
     9407       0.3378   5.37
     9408       0.3383   5.37
     9409       0.3370   5.37
     9410       0.3376   5.37
     9411       0.3376   5.37
     9412       0.3373   5.37
     9413       0.3374   5.37
     9414       0.3371   5.37
     9415       0.3361   5.37
     9416       0.3370   5.37
     9417       0.3368   5.37
     9418       0.3368   5.37
     9419       0.3381   5.37
     9420       0.3383   5.37
     9421       0.3372   5.37
     9422       0.3373   5.37
     9423       0.3376   5.37
     9424       0.3368   5.37
     9425       0.3372   5.37
     9426       0.3379   5.37
     9427       0.3382   5.37
     9428       0.3386   5.37
     9429       0.3380   5.37
     9430       0.3379   5.37
     9431       0.3371   5.36
     9432       0.3371   5.36
     9433       0.3382   5.37
     9434       0.3368   5.37
     9435       0.3376   5.37
     9436       0.3369   5.37
     9437       0.3360   5.37
     9438       0.3382   5.37
     9439       0.3378   5.37
     9440       0.3372   5.37
     9441       0.3380   5.37
     9442       0.3383   5.37
     9443       0.3370   5.37
     9444       0.3376   5.37
     9445       0.3379   5.37
     9446       0.3370   5.37
     9447       0.3377   5.37
     9448       0.3384   5.37
     9449       0.3369   5.37
     9450       0.3376   5.37
     9451       0.3372   5.37
     9452       0.3365   5.37
     9453       0.3364   5.37
     9454       0.3374   5.37
     9455       0.3365   5.37
     9456       0.3365   5.37
     9457       0.3375   5.37
     9458       0.3373   5.37
     9459       0.3376   5.37
     9460       0.3382   5.37
     9461       0.3375   5.37
     9462       0.3359   5.37
     9463       0.3377   5.37
     9464       0.3377   5.37
     9465       0.3373   5.37
     9466       0.3374   5.37
     9467       0.3374   5.37
     9468       0.3370   5.37
     9469       0.3372   5.37
     9470       0.3374   5.37
     9471       0.3367   5.37
     9472       0.3377   5.37
     9473       0.3377   5.37
     9474       0.3375   5.37
     9475       0.3376   5.37
     9476       0.3381   5.37
     9477       0.3369   5.37
     9478       0.3381   5.37
     9479       0.3381   5.37
     9480       0.3371   5.37
     9481       0.3371   5.37
     9482       0.3378   5.37
     9483       0.3372   5.37
     9484       0.3382   5.37
     9485       0.3383   5.37
     9486       0.3370   5.37
     9487       0.3381   5.37
     9488       0.3369   5.37
     9489       0.3373   5.36
     9490       0.3364   5.37
     9491       0.3369   5.37
     9492       0.3377   5.37
     9493       0.3369   5.37
     9494       0.3378   5.37
     9495       0.3386   5.37
     9496       0.3372   5.37
     9497       0.3384   5.37
     9498       0.3386   5.37
     9499       0.3366   5.37
     9500       0.3372   5.37
     9501       0.3380   5.37
     9502       0.3364   5.37
     9503       0.3375   5.37
     9504       0.3376   5.37
     9505       0.3366   5.37
     9506       0.3375   5.37
     9507       0.3372   5.37
     9508       0.3367   5.37
     9509       0.3380   5.37
     9510       0.3377   5.37
     9511       0.3381   5.37
     9512       0.3372   5.37
     9513       0.3378   5.37
     9514       0.3368   5.37
     9515       0.3368   5.37
     9516       0.3376   5.37
     9517       0.3368   5.37
     9518       0.3378   5.37
     9519       0.3375   5.37
     9520       0.3375   5.37
     9521       0.3370   5.37
     9522       0.3373   5.37
     9523       0.3370   5.37
     9524       0.3365   5.37
     9525       0.3382   5.37
     9526       0.3380   5.37
     9527       0.3374   5.37
     9528       0.3376   5.37
     9529       0.3381   5.36
     9530       0.3361   5.37
     9531       0.3371   5.37
     9532       0.3382   5.37
     9533       0.3369   5.37
     9534       0.3378   5.37
     9535       0.3377   5.37
     9536       0.3369   5.37
     9537       0.3381   5.37
     9538       0.3374   5.37
     9539       0.3373   5.37
     9540       0.3380   5.37
     9541       0.3376   5.37
     9542       0.3376   5.37
     9543       0.3371   5.37
     9544       0.3371   5.37
     9545       0.3363   5.37
     9546       0.3378   5.37
     9547       0.3373   5.37
     9548       0.3365   5.37
     9549       0.3376   5.37
     9550       0.3382   5.37
     9551       0.3387   5.37
     9552       0.3372   5.37
     9553       0.3375   5.37
     9554       0.3379   5.37
     9555       0.3378   5.37
     9556       0.3380   5.37
     9557       0.3368   5.37
     9558       0.3363   5.37
     9559       0.3372   5.37
     9560       0.3380   5.37
     9561       0.3378   5.37
     9562       0.3379   5.37
     9563       0.3374   5.37
     9564       0.3365   5.37
     9565       0.3368   5.37
     9566       0.3369   5.37
     9567       0.3369   5.37
     9568       0.3377   5.37
     9569       0.3374   5.37
     9570       0.3376   5.37
     9571       0.3383   5.37
     9572       0.3383   5.37
     9573       0.3374   5.37
     9574       0.3377   5.37
     9575       0.3379   5.37
     9576       0.3376   5.36
     9577       0.3375   5.36
     9578       0.3375   5.37
     9579       0.3368   5.37
     9580       0.3368   5.37
     9581       0.3381   5.36
     9582       0.3386   5.37
     9583       0.3368   5.37
     9584       0.3378   5.37
     9585       0.3374   5.37
     9586       0.3367   5.36
     9587       0.3377   5.36
     9588       0.3373   5.36
     9589       0.3382   5.37
     9590       0.3383   5.37
     9591       0.3383   5.37
     9592       0.3373   5.37
     9593       0.3376   5.37
     9594       0.3374   5.37
     9595       0.3374   5.36
     9596       0.3378   5.36
     9597       0.3379   5.37
     9598       0.3369   5.37
     9599       0.3379   5.37
     9600       0.3379   5.37
     9601       0.3370   5.37
     9602       0.3375   5.37
     9603       0.3374   5.37
     9604       0.3370   5.37
     9605       0.3386   5.37
     9606       0.3379   5.37
     9607       0.3368   5.37
     9608       0.3376   5.37
     9609       0.3375   5.37
     9610       0.3379   5.37
     9611       0.3363   5.37
     9612       0.3385   5.37
     9613       0.3390   5.37
     9614       0.3369   5.37
     9615       0.3377   5.37
     9616       0.3372   5.37
     9617       0.3367   5.36
     9618       0.3384   5.36
     9619       0.3381   5.37
     9620       0.3377   5.37
     9621       0.3371   5.37
     9622       0.3379   5.37
     9623       0.3366   5.36
     9624       0.3378   5.36
     9625       0.3382   5.37
     9626       0.3375   5.37
     9627       0.3377   5.37
     9628       0.3377   5.37
     9629       0.3376   5.37
     9630       0.3378   5.37
     9631       0.3376   5.37
     9632       0.3362   5.37
     9633       0.3380   5.37
     9634       0.3371   5.36
     9635       0.3370   5.37
     9636       0.3376   5.37
     9637       0.3384   5.37
     9638       0.3365   5.37
     9639       0.3370   5.37
     9640       0.3373   5.37
     9641       0.3377   5.37
     9642       0.3378   5.37
     9643       0.3374   5.37
     9644       0.3377   5.37
     9645       0.3364   5.36
     9646       0.3378   5.36
     9647       0.3377   5.37
     9648       0.3370   5.37
     9649       0.3377   5.37
     9650       0.3362   5.37
     9651       0.3370   5.36
     9652       0.3375   5.36
     9653       0.3374   5.37
     9654       0.3368   5.37
     9655       0.3382   5.37
     9656       0.3381   5.37
     9657       0.3367   5.37
     9658       0.3380   5.37
     9659       0.3374   5.37
     9660       0.3367   5.37
     9661       0.3377   5.37
     9662       0.3378   5.37
     9663       0.3367   5.37
     9664       0.3386   5.37
     9665       0.3383   5.37
     9666       0.3369   5.37
     9667       0.3376   5.37
     9668       0.3374   5.37
     9669       0.3372   5.37
     9670       0.3372   5.37
     9671       0.3374   5.37
     9672       0.3371   5.37
     9673       0.3361   5.36
     9674       0.3379   5.36
     9675       0.3375   5.37
     9676       0.3370   5.37
     9677       0.3379   5.37
     9678       0.3379   5.37
     9679       0.3366   5.37
     9680       0.3380   5.37
     9681       0.3380   5.37
     9682       0.3373   5.37
     9683       0.3378   5.37
     9684       0.3369   5.37
     9685       0.3366   5.36
     9686       0.3373   5.36
     9687       0.3379   5.37
     9688       0.3370   5.37
     9689       0.3378   5.37
     9690       0.3378   5.37
     9691       0.3372   5.37
     9692       0.3377   5.37
     9693       0.3373   5.36
     9694       0.3356   5.36
     9695       0.3364   5.36
     9696       0.3377   5.37
     9697       0.3371   5.37
     9698       0.3376   5.37
     9699       0.3381   5.37
     9700       0.3376   5.37
     9701       0.3381   5.37
     9702       0.3378   5.37
     9703       0.3385   5.37
     9704       0.3375   5.37
     9705       0.3376   5.37
     9706       0.3376   5.37
     9707       0.3371   5.37
     9708       0.3377   5.37
     9709       0.3381   5.37
     9710       0.3375   5.37
     9711       0.3377   5.37
     9712       0.3377   5.37
     9713       0.3368   5.37
     9714       0.3381   5.37
     9715       0.3383   5.37
     9716       0.3366   5.37
     9717       0.3370   5.37
     9718       0.3367   5.37
     9719       0.3363   5.37
     9720       0.3374   5.37
     9721       0.3377   5.37
     9722       0.3371   5.37
     9723       0.3377   5.37
     9724       0.3381   5.37
     9725       0.3375   5.37
     9726       0.3383   5.37
     9727       0.3380   5.37
     9728       0.3368   5.37
     9729       0.3383   5.37
     9730       0.3374   5.37
     9731       0.3375   5.37
     9732       0.3368   5.37
     9733       0.3378   5.37
     9734       0.3382   5.37
     9735       0.3367   5.36
     9736       0.3376   5.36
     9737       0.3377   5.37
     9738       0.3366   5.37
     9739       0.3367   5.37
     9740       0.3384   5.37
     9741       0.3378   5.37
     9742       0.3373   5.37
     9743       0.3383   5.37
     9744       0.3374   5.37
     9745       0.3378   5.37
     9746       0.3371   5.37
     9747       0.3374   5.37
     9748       0.3382   5.37
     9749       0.3378   5.37
     9750       0.3364   5.37
     9751       0.3375   5.37
     9752       0.3375   5.37
     9753       0.3369   5.37
     9754       0.3377   5.37
     9755       0.3382   5.37
     9756       0.3374   5.37
     9757       0.3370   5.37
     9758       0.3369   5.37
     9759       0.3369   5.37
     9760       0.3376   5.37
     9761       0.3386   5.37
     9762       0.3383   5.37
     9763       0.3373   5.37
     9764       0.3384   5.37
     9765       0.3382   5.37
     9766       0.3376   5.37
     9767       0.3380   5.37
     9768       0.3371   5.37
     9769       0.3374   5.37
     9770       0.3382   5.37
     9771       0.3386   5.37
     9772       0.3370   5.37
     9773       0.3380   5.37
     9774       0.3371   5.37
     9775       0.3367   5.37
     9776       0.3370   5.37
     9777       0.3380   5.36
     9778       0.3379   5.37
     9779       0.3378   5.37
     9780       0.3377   5.37
     9781       0.3362   5.36
     9782       0.3371   5.36
     9783       0.3377   5.36
     9784       0.3373   5.37
     9785       0.3384   5.37
     9786       0.3382   5.37
     9787       0.3373   5.37
     9788       0.3383   5.37
     9789       0.3372   5.37
     9790       0.3378   5.37
     9791       0.3367   5.36
     9792       0.3378   5.36
     9793       0.3381   5.37
     9794       0.3365   5.37
     9795       0.3379   5.37
     9796       0.3382   5.37
     9797       0.3361   5.37
     9798       0.3371   5.37
     9799       0.3370   5.37
     9800       0.3369   5.37
     9801       0.3378   5.37
     9802       0.3376   5.37
     9803       0.3368   5.37
     9804       0.3377   5.37
     9805       0.3378   5.37
     9806       0.3377   5.37
     9807       0.3378   5.37
     9808       0.3377   5.37
     9809       0.3364   5.37
     9810       0.3374   5.37
     9811       0.3375   5.37
     9812       0.3368   5.37
     9813       0.3383   5.37
     9814       0.3381   5.37
     9815       0.3365   5.37
     9816       0.3385   5.37
     9817       0.3382   5.37
     9818       0.3364   5.37
     9819       0.3375   5.37
     9820       0.3375   5.37
     9821       0.3379   5.37
     9822       0.3371   5.37
     9823       0.3372   5.37
     9824       0.3374   5.37
     9825       0.3371   5.37
     9826       0.3376   5.37
     9827       0.3368   5.36
     9828       0.3367   5.37
     9829       0.3379   5.37
     9830       0.3375   5.37
     9831       0.3371   5.37
     9832       0.3369   5.37
     9833       0.3371   5.37
     9834       0.3363   5.37
     9835       0.3390   5.37
     9836       0.3387   5.37
     9837       0.3369   5.37
     9838       0.3370   5.37
     9839       0.3370   5.37
     9840       0.3364   5.36
     9841       0.3371   5.36
     9842       0.3367   5.37
     9843       0.3370   5.37
     9844       0.3378   5.37
     9845       0.3379   5.37
     9846       0.3376   5.37
     9847       0.3380   5.37
     9848       0.3378   5.37
     9849       0.3371   5.37
     9850       0.3383   5.37
     9851       0.3374   5.37
     9852       0.3364   5.37
     9853       0.3375   5.37
     9854       0.3378   5.37
     9855       0.3377   5.37
     9856       0.3367   5.37
     9857       0.3377   5.37
     9858       0.3374   5.36
     9859       0.3370   5.37
     9860       0.3369   5.37
     9861       0.3370   5.37
     9862       0.3369   5.37
     9863       0.3381   5.37
     9864       0.3377   5.37
     9865       0.3376   5.37
     9866       0.3380   5.37
     9867       0.3373   5.37
     9868       0.3364   5.37
     9869       0.3378   5.37
     9870       0.3377   5.37
     9871       0.3364   5.37
     9872       0.3371   5.37
     9873       0.3377   5.37
     9874       0.3372   5.37
     9875       0.3383   5.37
     9876       0.3377   5.37
     9877       0.3371   5.36
     9878       0.3373   5.36
     9879       0.3374   5.37
     9880       0.3365   5.37
     9881       0.3381   5.37
     9882       0.3374   5.37
     9883       0.3380   5.37
     9884       0.3372   5.37
     9885       0.3378   5.37
     9886       0.3383   5.37
     9887       0.3365   5.37
     9888       0.3373   5.37
     9889       0.3372   5.37
     9890       0.3365   5.37
     9891       0.3385   5.37
     9892       0.3384   5.37
     9893       0.3363   5.37
     9894       0.3374   5.37
     9895       0.3379   5.37
     9896       0.3362   5.36
     9897       0.3372   5.36
     9898       0.3376   5.37
     9899       0.3371   5.37
     9900       0.3379   5.37
     9901       0.3378   5.37
     9902       0.3368   5.37
     9903       0.3378   5.37
     9904       0.3376   5.37
     9905       0.3364   5.37
     9906       0.3386   5.37
     9907       0.3378   5.37
     9908       0.3369   5.37
     9909       0.3374   5.37
     9910       0.3372   5.37
     9911       0.3376   5.37
     9912       0.3374   5.37
     9913       0.3376   5.37
     9914       0.3376   5.37
     9915       0.3365   5.37
     9916       0.3373   5.37
     9917       0.3376   5.37
     9918       0.3369   5.37
     9919       0.3373   5.37
     9920       0.3377   5.37
     9921       0.3371   5.38
     9922       0.3377   5.38
     9923       0.3377   5.37
     9924       0.3367   5.37
     9925       0.3377   5.37
     9926       0.3372   5.37
     9927       0.3377   5.37
     9928       0.3381   5.37
     9929       0.3378   5.37
     9930       0.3365   5.37
     9931       0.3381   5.37
     9932       0.3375   5.37
     9933       0.3375   5.37
     9934       0.3377   5.37
     9935       0.3371   5.37
     9936       0.3377   5.37
     9937       0.3380   5.37
     9938       0.3375   5.37
     9939       0.3370   5.37
     9940       0.3376   5.37
     9941       0.3366   5.36
     9942       0.3366   5.37
     9943       0.3372   5.37
     9944       0.3382   5.37
     9945       0.3380   5.37
     9946       0.3371   5.37
     9947       0.3377   5.37
     9948       0.3375   5.37
     9949       0.3368   5.37
     9950       0.3375   5.37
     9951       0.3379   5.37
     9952       0.3374   5.37
     9953       0.3375   5.37
     9954       0.3385   5.37
     9955       0.3377   5.37
     9956       0.3381   5.37
     9957       0.3380   5.37
     9958       0.3384   5.37
     9959       0.3378   5.37
     9960       0.3374   5.37
     9961       0.3368   5.37
     9962       0.3373   5.37
     9963       0.3368   5.37
     9964       0.3361   5.37
     9965       0.3373   5.37
     9966       0.3373   5.37
     9967       0.3376   5.37
     9968       0.3375   5.37
     9969       0.3376   5.37
     9970       0.3371   5.37
     9971       0.3375   5.37
     9972       0.3379   5.37
     9973       0.3380   5.37
     9974       0.3373   5.37
     9975       0.3375   5.37
     9976       0.3374   5.37
     9977       0.3375   5.37
     9978       0.3382   5.37
     9979       0.3387   5.37
     9980       0.3377   5.37
     9981       0.3375   5.37
     9982       0.3374   5.37
     9983       0.3368   5.37
     9984       0.3372   5.37
     9985       0.3368   5.37
     9986       0.3360   5.37
     9987       0.3374   5.37
     9988       0.3367   5.37
     9989       0.3366   5.37
     9990       0.3379   5.37
     9991       0.3382   5.37
     9992       0.3377   5.37
     9993       0.3370   5.37
     9994       0.3370   5.37
     9995       0.3371   5.37
     9996       0.3375   5.37
     9997       0.3374   5.37
     9998       0.3371   5.37
     9999       0.3381   5.37
    10000       0.3375   5.36
    10001       0.3368   5.37
    10002       0.3378   5.37
    10003       0.3377   5.37
    10004       0.3380   5.37
    10005       0.3368   5.37
    10006       0.3372   5.37
    10007       0.3376   5.37
    10008       0.3365   5.37
    10009       0.3373   5.37
    10010       0.3381   5.37
    10011       0.3380   5.37
    10012       0.3376   5.37
    10013       0.3379   5.37
    10014       0.3371   5.37
    10015       0.3380   5.37
    10016       0.3377   5.37
    10017       0.3370   5.37
    10018       0.3385   5.37
    10019       0.3387   5.37
    10020       0.3365   5.37
    10021       0.3374   5.37
    10022       0.3373   5.37
    10023       0.3369   5.37
    10024       0.3383   5.37
    10025       0.3378   5.37
    10026       0.3372   5.37
    10027       0.3385   5.37
    10028       0.3381   5.37
    10029       0.3372   5.37
    10030       0.3373   5.37
    10031       0.3376   5.37
    10032       0.3369   5.37
    10033       0.3374   5.37
    10034       0.3382   5.37
    10035       0.3373   5.37
    10036       0.3363   5.37
    10037       0.3382   5.37
    10038       0.3371   5.37
    10039       0.3374   5.37
    10040       0.3386   5.37
    10041       0.3381   5.37
    10042       0.3377   5.37
    10043       0.3383   5.37
    10044       0.3381   5.37
    10045       0.3371   5.36
    10046       0.3375   5.36
    10047       0.3376   5.37
    10048       0.3361   5.37
    10049       0.3372   5.37
    10050       0.3375   5.37
    10051       0.3371   5.37
    10052       0.3374   5.37
    10053       0.3380   5.37
    10054       0.3378   5.37
    10055       0.3380   5.37
    10056       0.3379   5.37
    10057       0.3368   5.37
    10058       0.3370   5.37
    10059       0.3371   5.37
    10060       0.3358   5.37
    10061       0.3377   5.37
    10062       0.3373   5.37
    10063       0.3373   5.37
    10064       0.3367   5.37
    10065       0.3374   5.37
    10066       0.3370   5.37
    10067       0.3369   5.37
    10068       0.3377   5.37
    10069       0.3379   5.37
    10070       0.3377   5.37
    10071       0.3386   5.37
    10072       0.3388   5.37
    10073       0.3380   5.37
    10074       0.3375   5.37
    10075       0.3375   5.37
    10076       0.3371   5.37
    10077       0.3372   5.37
    10078       0.3370   5.37
    10079       0.3364   5.37
    10080       0.3363   5.37
    10081       0.3369   5.37
    10082       0.3364   5.37
    10083       0.3371   5.37
    10084       0.3382   5.37
    10085       0.3372   5.37
    10086       0.3382   5.37
    10087       0.3378   5.37
    10088       0.3367   5.37
    10089       0.3377   5.37
    10090       0.3376   5.37
    10091       0.3376   5.37
    10092       0.3381   5.37
    10093       0.3384   5.37
    10094       0.3383   5.37
    10095       0.3371   5.37
    10096       0.3375   5.37
    10097       0.3379   5.37
    10098       0.3362   5.36
    10099       0.3376   5.36
    10100       0.3372   5.37
    10101       0.3373   5.37
    10102       0.3380   5.37
    10103       0.3379   5.37
    10104       0.3376   5.37
    10105       0.3378   5.37
    10106       0.3376   5.37
    10107       0.3367   5.37
    10108       0.3379   5.37
    10109       0.3378   5.37
    10110       0.3366   5.37
    10111       0.3380   5.37
    10112       0.3371   5.37
    10113       0.3375   5.37
    10114       0.3384   5.37
    10115       0.3378   5.37
    10116       0.3378   5.37
    10117       0.3375   5.37
    10118       0.3376   5.36
    10119       0.3368   5.37
    10120       0.3370   5.37
    10121       0.3373   5.37
    10122       0.3370   5.37
    10123       0.3373   5.37
    10124       0.3376   5.37
    10125       0.3373   5.37
    10126       0.3355   5.37
    10127       0.3373   5.37
    10128       0.3374   5.37
    10129       0.3368   5.37
    10130       0.3380   5.37
    10131       0.3383   5.37
    10132       0.3375   5.37
    10133       0.3382   5.37
    10134       0.3381   5.37
    10135       0.3365   5.37
    10136       0.3377   5.37
    10137       0.3378   5.37
    10138       0.3368   5.37
    10139       0.3373   5.37
    10140       0.3374   5.37
    10141       0.3366   5.37
    10142       0.3378   5.37
    10143       0.3385   5.37
    10144       0.3362   5.37
    10145       0.3386   5.37
    10146       0.3389   5.37
    10147       0.3385   5.37
    10148       0.3381   5.37
    10149       0.3378   5.37
    10150       0.3373   5.37
    10151       0.3379   5.37
    10152       0.3373   5.36
    10153       0.3366   5.37
    10154       0.3378   5.37
    10155       0.3378   5.37
    10156       0.3384   5.37
    10157       0.3370   5.37
    10158       0.3381   5.37
    10159       0.3380   5.37
    10160       0.3381   5.37
    10161       0.3376   5.37
    10162       0.3378   5.37
    10163       0.3369   5.37
    10164       0.3384   5.37
    10165       0.3386   5.37
    10166       0.3377   5.37
    10167       0.3378   5.37
    10168       0.3377   5.37
    10169       0.3372   5.37
    10170       0.3380   5.37
    10171       0.3378   5.37
    10172       0.3376   5.37
    10173       0.3381   5.37
    10174       0.3368   5.37
    10175       0.3367   5.37
    10176       0.3371   5.37
    10177       0.3373   5.37
    10178       0.3374   5.37
    10179       0.3371   5.37
    10180       0.3371   5.37
    10181       0.3367   5.37
    10182       0.3378   5.37
    10183       0.3375   5.37
    10184       0.3380   5.37
    10185       0.3369   5.37
    10186       0.3383   5.37
    10187       0.3376   5.37
    10188       0.3375   5.37
    10189       0.3380   5.37
    10190       0.3379   5.37
    10191       0.3368   5.37
    10192       0.3381   5.37
    10193       0.3384   5.37
    10194       0.3375   5.37
    10195       0.3381   5.37
    10196       0.3382   5.37
    10197       0.3370   5.37
    10198       0.3372   5.37
    10199       0.3364   5.36
    10200       0.3375   5.37
    10201       0.3378   5.37
    10202       0.3370   5.37
    10203       0.3372   5.37
    10204       0.3384   5.37
    10205       0.3386   5.37
    10206       0.3378   5.37
    10207       0.3379   5.37
    10208       0.3375   5.37
    10209       0.3375   5.37
    10210       0.3380   5.37
    10211       0.3376   5.37
    10212       0.3369   5.37
    10213       0.3378   5.37
    10214       0.3371   5.37
    10215       0.3370   5.37
    10216       0.3373   5.37
    10217       0.3380   5.37
    10218       0.3382   5.37
    10219       0.3363   5.37
    10220       0.3370   5.37
    10221       0.3378   5.37
    10222       0.3377   5.37
    10223       0.3378   5.37
    10224       0.3363   5.37
    10225       0.3372   5.37
    10226       0.3380   5.37
    10227       0.3376   5.37
    10228       0.3368   5.37
    10229       0.3379   5.37
    10230       0.3370   5.37
    10231       0.3367   5.37
    10232       0.3375   5.37
    10233       0.3378   5.37
    10234       0.3371   5.37
    10235       0.3380   5.37
    10236       0.3380   5.37
    10237       0.3375   5.37
    10238       0.3376   5.37
    10239       0.3380   5.37
    10240       0.3372   5.37
    10241       0.3383   5.37
    10242       0.3388   5.37
    10243       0.3380   5.37
    10244       0.3361   5.37
    10245       0.3374   5.37
    10246       0.3378   5.37
    10247       0.3367   5.36
    10248       0.3370   5.36
    10249       0.3360   5.37
    10250       0.3367   5.37
    10251       0.3379   5.37
    10252       0.3379   5.37
    10253       0.3373   5.37
    10254       0.3381   5.37
    10255       0.3382   5.37
    10256       0.3365   5.37
    10257       0.3377   5.37
    10258       0.3367   5.37
    10259       0.3364   5.37
    10260       0.3372   5.37
    10261       0.3367   5.36
    10262       0.3365   5.37
    10263       0.3368   5.37
    10264       0.3376   5.37
    10265       0.3367   5.37
    10266       0.3379   5.37
    10267       0.3377   5.37
    10268       0.3372   5.37
    10269       0.3377   5.37
    10270       0.3376   5.37
    10271       0.3365   5.37
    10272       0.3383   5.37
    10273       0.3379   5.37
    10274       0.3387   5.37
    10275       0.3374   5.37
    10276       0.3382   5.37
    10277       0.3379   5.37
    10278       0.3378   5.37
    10279       0.3383   5.37
    10280       0.3384   5.37
    10281       0.3374   5.37
    10282       0.3381   5.37
    10283       0.3379   5.37
    10284       0.3371   5.37
    10285       0.3377   5.37
    10286       0.3370   5.37
    10287       0.3358   5.37
    10288       0.3372   5.37
    10289       0.3371   5.37
    10290       0.3364   5.37
    10291       0.3380   5.37
    10292       0.3378   5.37
    10293       0.3377   5.37
    10294       0.3377   5.37
    10295       0.3367   5.37
    10296       0.3364   5.37
    10297       0.3377   5.37
    10298       0.3378   5.37
    10299       0.3373   5.37
    10300       0.3373   5.37
    10301       0.3378   5.37
    10302       0.3374   5.37
    10303       0.3378   5.37
    10304       0.3389   5.37
    10305       0.3382   5.37
    10306       0.3371   5.37
    10307       0.3374   5.37
    10308       0.3381   5.36
    10309       0.3367   5.37
    10310       0.3379   5.37
    10311       0.3377   5.37
    10312       0.3372   5.37
    10313       0.3373   5.37
    10314       0.3375   5.37
    10315       0.3369   5.37
    10316       0.3477   5.37
    10317       0.3373   5.37
    10318       0.3371   5.37
    10319       0.3373   5.37
    10320       0.3380   5.37
    10321       0.3371   5.37
    10322       0.3377   5.37
    10323       0.3371   5.37
    10324       0.3367   5.37
    10325       0.3384   5.37
    10326       0.3372   5.37
    10327       0.3369   5.37
    10328       0.3373   5.37
    10329       0.3371   5.37
    10330       0.3374   5.37
    10331       0.3381   5.37
    10332       0.3382   5.37
    10333       0.3390   5.37
    10334       0.3368   5.37
    10335       0.3372   5.37
    10336       0.3378   5.37
    10337       0.3367   5.37
    10338       0.3383   5.37
    10339       0.3374   5.37
    10340       0.3370   5.37
    10341       0.3380   5.37
    10342       0.3373   5.37
    10343       0.3359   5.37
    10344       0.3376   5.37
    10345       0.3371   5.37
    10346       0.3363   5.37
    10347       0.3374   5.37
    10348       0.3373   5.37
    10349       0.3362   5.36
    10350       0.3380   5.36
    10351       0.3375   5.37
    10352       0.3366   5.37
    10353       0.3367   5.37
    10354       0.3378   5.37
    10355       0.3370   5.37
    10356       0.3367   5.37
    10357       0.3373   5.37
    10358       0.3369   5.37
    10359       0.3374   5.37
    10360       0.3379   5.37
    10361       0.3377   5.37
    10362       0.3377   5.37
    10363       0.3383   5.37
    10364       0.3380   5.37
    10365       0.3376   5.37
    10366       0.3383   5.37
    10367       0.3375   5.37
    10368       0.3370   5.37
    10369       0.3373   5.37
    10370       0.3373   5.37
    10371       0.3372   5.37
    10372       0.3376   5.37
    10373       0.3371   5.37
    10374       0.3358   5.37
    10375       0.3368   5.37
    10376       0.3378   5.37
    10377       0.3367   5.37
    10378       0.3377   5.37
    10379       0.3378   5.37
    10380       0.3369   5.37
    10381       0.3382   5.37
    10382       0.3380   5.37
    10383       0.3372   5.37
    10384       0.3385   5.37
    10385       0.3379   5.37
    10386       0.3376   5.37
    10387       0.3371   5.37
    10388       0.3371   5.37
    10389       0.3361   5.37
    10390       0.3380   5.37
    10391       0.3382   5.37
    10392       0.3376   5.37
    10393       0.3369   5.37
    10394       0.3377   5.37
    10395       0.3367   5.37
    10396       0.3365   5.37
    10397       0.3376   5.37
    10398       0.3379   5.37
    10399       0.3365   5.37
    10400       0.3375   5.37
    10401       0.3379   5.37
    10402       0.3369   5.37
    10403       0.3379   5.37
    10404       0.3383   5.37
    10405       0.3375   5.37
    10406       0.3385   5.37
    10407       0.3370   5.37
    10408       0.3363   5.37
    10409       0.3376   5.37
    10410       0.3373   5.37
    10411       0.3370   5.37
    10412       0.3373   5.37
    10413       0.3371   5.37
    10414       0.3366   5.37
    10415       0.3378   5.37
    10416       0.3375   5.37
    10417       0.3364   5.37
    10418       0.3374   5.37
    10419       0.3376   5.37
    10420       0.3368   5.37
    10421       0.3379   5.37
    10422       0.3382   5.37
    10423       0.3367   5.37
    10424       0.3373   5.37
    10425       0.3375   5.37
    10426       0.3379   5.37
    10427       0.3375   5.37
    10428       0.3376   5.37
    10429       0.3380   5.37
    10430       0.3365   5.37
    10431       0.3368   5.37
    10432       0.3370   5.37
    10433       0.3369   5.37
    10434       0.3373   5.37
    10435       0.3377   5.37
    10436       0.3366   5.37
    10437       0.3371   5.37
    10438       0.3371   5.37
    10439       0.3376   5.37
    10440       0.3383   5.37
    10441       0.3377   5.37
    10442       0.3372   5.37
    10443       0.3372   5.37
    10444       0.3373   5.37
    10445       0.3371   5.37
    10446       0.3384   5.37
    10447       0.3382   5.37
    10448       0.3371   5.37
    10449       0.3383   5.37
    10450       0.3380   5.37
    10451       0.3373   5.37
    10452       0.3386   5.37
    10453       0.3380   5.37
    10454       0.3369   5.37
    10455       0.3369   5.36
    10456       0.3377   5.36
    10457       0.3383   5.37
    10458       0.3364   5.37
    10459       0.3371   5.37
    10460       0.3379   5.37
    10461       0.3373   5.37
    10462       0.3372   5.37
    10463       0.3381   5.37
    10464       0.3378   5.37
    10465       0.3378   5.37
    10466       0.3382   5.37
    10467       0.3371   5.36
    10468       0.3369   5.36
    10469       0.3373   5.36
    10470       0.3375   5.37
    10471       0.3379   5.37
    10472       0.3378   5.37
    10473       0.3368   5.37
    10474       0.3376   5.37
    10475       0.3376   5.37
    10476       0.3366   5.37
    10477       0.3374   5.37
    10478       0.3375   5.37
    10479       0.3374   5.37
    10480       0.3376   5.37
    10481       0.3379   5.37
    10482       0.3368   5.37
    10483       0.3366   5.37
    10484       0.3377   5.37
    10485       0.3371   5.37
    10486       0.3366   5.37
    10487       0.3376   5.37
    10488       0.3379   5.37
    10489       0.3365   5.37
    10490       0.3377   5.37
    10491       0.3373   5.37
    10492       0.3366   5.37
    10493       0.3376   5.37
    10494       0.3378   5.37
    10495       0.3368   5.37
    10496       0.3379   5.37
    10497       0.3383   5.37
    10498       0.3372   5.37
    10499       0.3385   5.37
    10500       0.3379   5.37
    10501       0.3366   5.37
    10502       0.3378   5.37
    10503       0.3380   5.36
    10504       0.3371   5.37
    10505       0.3367   5.37
    10506       0.3379   5.37
    10507       0.3378   5.37
    10508       0.3379   5.37
    10509       0.3379   5.37
    10510       0.3369   5.37
    10511       0.3379   5.37
    10512       0.3380   5.37
    10513       0.3380   5.37
    10514       0.3375   5.37
    10515       0.3375   5.37
    10516       0.3370   5.37
    10517       0.3360   5.37
    10518       0.3370   5.37
    10519       0.3380   5.37
    10520       0.3368   5.37
    10521       0.3372   5.37
    10522       0.3368   5.37
    10523       0.3360   5.37
    10524       0.3375   5.37
    10525       0.3376   5.37
    10526       0.3373   5.37
    10527       0.3373   5.37
    10528       0.3376   5.37
    10529       0.3361   5.37
    10530       0.3378   5.37
    10531       0.3374   5.37
    10532       0.3369   5.37
    10533       0.3382   5.37
    10534       0.3380   5.37
    10535       0.3379   5.37
    10536       0.3372   5.37
    10537       0.3373   5.37
    10538       0.3367   5.37
    10539       0.3379   5.37
    10540       0.3377   5.37
    10541       0.3367   5.37
    10542       0.3372   5.37
    10543       0.3373   5.37
    10544       0.3366   5.37
    10545       0.3378   5.37
    10546       0.3379   5.37
    10547       0.3381   5.37
    10548       0.3372   5.37
    10549       0.3377   5.37
    10550       0.3373   5.37
    10551       0.3365   5.37
    10552       0.3375   5.37
    10553       0.3378   5.37
    10554       0.3372   5.37
    10555       0.3382   5.37
    10556       0.3379   5.37
    10557       0.3366   5.37
    10558       0.3374   5.37
    10559       0.3376   5.37
    10560       0.3370   5.36
    10561       0.3377   5.36
    10562       0.3375   5.37
    10563       0.3364   5.37
    10564       0.3377   5.37
    10565       0.3385   5.37
    10566       0.3367   5.37
    10567       0.3380   5.37
    10568       0.3378   5.37
    10569       0.3382   5.37
    10570       0.3375   5.37
    10571       0.3377   5.37
    10572       0.3382   5.37
    10573       0.3392   5.37
    10574       0.3383   5.37
    10575       0.3378   5.37
    10576       0.3365   5.37
    10577       0.3375   5.36
    10578       0.3377   5.37
    10579       0.3356   5.36
    10580       0.3367   5.36
    10581       0.3376   5.37
    10582       0.3368   5.37
    10583       0.3371   5.37
    10584       0.3375   5.37
    10585       0.3363   5.37
    10586       0.3380   5.37
    10587       0.3389   5.37
    10588       0.3379   5.37
    10589       0.3376   5.37
    10590       0.3369   5.37
    10591       0.3358   5.37
    10592       0.3369   5.37
    10593       0.3375   5.37
    10594       0.3366   5.37
    10595       0.3372   5.37
    10596       0.3374   5.37
    10597       0.3367   5.37
    10598       0.3372   5.37
    10599       0.3374   5.37
    10600       0.3376   5.37
    10601       0.3378   5.37
    10602       0.3374   5.37
    10603       0.3365   5.37
    10604       0.3373   5.37
    10605       0.3376   5.37
    10606       0.3369   5.37
    10607       0.3380   5.37
    10608       0.3379   5.37
    10609       0.3381   5.37
    10610       0.3365   5.37
    10611       0.3381   5.37
    10612       0.3377   5.37
    10613       0.3368   5.37
    10614       0.3371   5.37
    10615       0.3369   5.37
    10616       0.3364   5.37
    10617       0.3372   5.37
    10618       0.3370   5.37
    10619       0.3372   5.37
    10620       0.3379   5.37
    10621       0.3377   5.37
    10622       0.3367   5.37
    10623       0.3372   5.37
    10624       0.3372   5.37
    10625       0.3365   5.37
    10626       0.3376   5.37
    10627       0.3376   5.37
    10628       0.3369   5.37
    10629       0.3383   5.37
    10630       0.3378   5.37
    10631       0.3368   5.37
    10632       0.3371   5.37
    10633       0.3378   5.37
    10634       0.3380   5.37
    10635       0.3380   5.37
    10636       0.3372   5.37
    10637       0.3374   5.37
    10638       0.3378   5.37
    10639       0.3371   5.37
    10640       0.3372   5.37
    10641       0.3371   5.37
    10642       0.3384   5.37
    10643       0.3380   5.37
    10644       0.3364   5.37
    10645       0.3380   5.37
    10646       0.3369   5.37
    10647       0.3364   5.37
    10648       0.3370   5.37
    10649       0.3374   5.37
    10650       0.3370   5.37
    10651       0.3381   5.37
    10652       0.3377   5.37
    10653       0.3372   5.37
    10654       0.3366   5.37
    10655       0.3367   5.37
    10656       0.3371   5.37
    10657       0.3369   5.37
    10658       0.3374   5.37
    10659       0.3371   5.37
    10660       0.3377   5.37
    10661       0.3379   5.37
    10662       0.3371   5.37
    10663       0.3381   5.37
    10664       0.3385   5.37
    10665       0.3371   5.37
    10666       0.3381   5.37
    10667       0.3382   5.37
    10668       0.3376   5.37
    10669       0.3368   5.37
    10670       0.3380   5.37
    10671       0.3378   5.37
    10672       0.3374   5.37
    10673       0.3384   5.37
    10674       0.3379   5.37
    10675       0.3371   5.37
    10676       0.3380   5.37
    10677       0.3375   5.37
    10678       0.3365   5.37
    10679       0.3377   5.37
    10680       0.3371   5.37
    10681       0.3376   5.37
    10682       0.3382   5.37
    10683       0.3380   5.37
    10684       0.3368   5.37
    10685       0.3382   5.37
    10686       0.3376   5.36
    10687       0.3362   5.37
    10688       0.3367   5.37
    10689       0.3369   5.37
    10690       0.3369   5.37
    10691       0.3375   5.37
    10692       0.3380   5.37
    10693       0.3369   5.37
    10694       0.3407   5.37
    10695       0.3377   5.37
    10696       0.3372   5.37
    10697       0.3382   5.37
    10698       0.3382   5.37
    10699       0.3383   5.37
    10700       0.3369   5.37
    10701       0.3380   5.37
    10702       0.3374   5.37
    10703       0.3363   5.37
    10704       0.3376   5.37
    10705       0.3374   5.37
    10706       0.3375   5.37
    10707       0.3374   5.37
    10708       0.3370   5.37
    10709       0.3364   5.37
    10710       0.3382   5.37
    10711       0.3375   5.37
    10712       0.3366   5.37
    10713       0.3378   5.37
    10714       0.3380   5.37
    10715       0.3371   5.37
    10716       0.3380   5.37
    10717       0.3377   5.36
    10718       0.3373   5.37
    10719       0.3382   5.37
    10720       0.3372   5.37
    10721       0.3365   5.37
    10722       0.3373   5.37
    10723       0.3379   5.37
    10724       0.3370   5.37
    10725       0.3377   5.37
    10726       0.3382   5.37
    10727       0.3378   5.37
    10728       0.3386   5.37
    10729       0.3386   5.37
    10730       0.3375   5.37
    10731       0.3369   5.37
    10732       0.3376   5.37
    10733       0.3374   5.37
    10734       0.3369   5.37
    10735       0.3372   5.37
    10736       0.3377   5.37
    10737       0.3373   5.37
    10738       0.3371   5.37
    10739       0.3372   5.37
    10740       0.3365   5.37
    10741       0.3377   5.37
    10742       0.3380   5.37
    10743       0.3374   5.37
    10744       0.3385   5.37
    10745       0.3380   5.37
    10746       0.3370   5.37
    10747       0.3378   5.37
    10748       0.3379   5.37
    10749       0.3378   5.37
    10750       0.3377   5.37
    10751       0.3385   5.37
    10752       0.3374   5.37
    10753       0.3371   5.37
    10754       0.3383   5.36
    10755       0.3375   5.36
    10756       0.3385   5.36
    10757       0.3376   5.37
    10758       0.3372   5.37
    10759       0.3362   5.37
    10760       0.3377   5.37
    10761       0.3368   5.37
    10762       0.3367   5.37
    10763       0.3378   5.37
    10764       0.3380   5.37
    10765       0.3369   5.37
    10766       0.3381   5.37
    10767       0.3385   5.37
    10768       0.3371   5.37
    10769       0.3374   5.37
    10770       0.3377   5.37
    10771       0.3372   5.37
    10772       0.3377   5.37
    10773       0.3377   5.37
    10774       0.3366   5.37
    10775       0.3373   5.37
    10776       0.3376   5.37
    10777       0.3373   5.37
    10778       0.3377   5.37
    10779       0.3379   5.37
    10780       0.3377   5.37
    10781       0.3385   5.37
    10782       0.3383   5.37
    10783       0.3367   5.37
    10784       0.3378   5.37
    10785       0.3374   5.37
    10786       0.3369   5.37
    10787       0.3385   5.37
    10788       0.3379   5.37
    10789       0.3375   5.37
    10790       0.3371   5.37
    10791       0.3382   5.37
    10792       0.3385   5.36
    10793       0.3372   5.37
    10794       0.3374   5.37
    10795       0.3367   5.37
    10796       0.3371   5.37
    10797       0.3372   5.37
    10798       0.3375   5.37
    10799       0.3374   5.37
    10800       0.3374   5.37
    10801       0.3377   5.37
    10802       0.3377   5.37
    10803       0.3376   5.37
    10804       0.3382   5.37
    10805       0.3375   5.37
    10806       0.3376   5.37
    10807       0.3375   5.37
    10808       0.3365   5.37
    10809       0.3378   5.37
    10810       0.3383   5.37
    10811       0.3382   5.37
    10812       0.3373   5.37
    10813       0.3371   5.37
    10814       0.3365   5.37
    10815       0.3371   5.37
    10816       0.3367   5.37
    10817       0.3374   5.37
    10818       0.3378   5.37
    10819       0.3379   5.37
    10820       0.3380   5.37
    10821       0.3368   5.37
    10822       0.3382   5.37
    10823       0.3383   5.37
    10824       0.3366   5.36
    10825       0.3374   5.36
    10826       0.3372   5.37
    10827       0.3372   5.37
    10828       0.3386   5.37
    10829       0.3382   5.37
    10830       0.3368   5.37
    10831       0.3383   5.37
    10832       0.3380   5.37
    10833       0.3365   5.37
    10834       0.3388   5.37
    10835       0.3383   5.37
    10836       0.3377   5.37
    10837       0.3378   5.37
    10838       0.3384   5.37
    10839       0.3372   5.37
    10840       0.3381   5.37
    10841       0.3377   5.37
    10842       0.3375   5.37
    10843       0.3376   5.37
    10844       0.3377   5.37
    10845       0.3370   5.37
    10846       0.3375   5.37
    10847       0.3378   5.37
    10848       0.3382   5.36
    10849       0.3370   5.37
    10850       0.3371   5.37
    10851       0.3383   5.37
    10852       0.3377   5.37
    10853       0.3381   5.37
    10854       0.3380   5.37
    10855       0.3370   5.37
    10856       0.3378   5.37
    10857       0.3376   5.37
    10858       0.3369   5.37
    10859       0.3378   5.37
    10860       0.3386   5.37
    10861       0.3379   5.37
    10862       0.3373   5.37
    10863       0.3378   5.37
    10864       0.3378   5.37
    10865       0.3388   5.37
    10866       0.3386   5.37
    10867       0.3372   5.37
    10868       0.3385   5.37
    10869       0.3379   5.37
    10870       0.3375   5.36
    10871       0.3373   5.36
    10872       0.3385   5.37
    10873       0.3376   5.37
    10874       0.3367   5.37
    10875       0.3377   5.37
    10876       0.3378   5.37
    10877       0.3376   5.37
    10878       0.3382   5.37
    10879       0.3381   5.37
    10880       0.3367   5.37
    10881       0.3372   5.37
    10882       0.3388   5.37
    10883       0.3384   5.37
    10884       0.3379   5.37
    10885       0.3376   5.37
    10886       0.3364   5.37
    10887       0.3383   5.37
    10888       0.3378   5.37
    10889       0.3372   5.37
    10890       0.3389   5.37
    10891       0.3388   5.37
    10892       0.3371   5.37
    10893       0.3383   5.37
    10894       0.3378   5.37
    10895       0.3364   5.37
    10896       0.3378   5.37
    10897       0.3380   5.37
    10898       0.3374   5.37
    10899       0.3378   5.37
    10900       0.3377   5.37
    10901       0.3380   5.37
    10902       0.3376   5.37
    10903       0.3372   5.37
    10904       0.3380   5.37
    10905       0.3370   5.37
    10906       0.3371   5.37
    10907       0.3380   5.37
    10908       0.3379   5.37
    10909       0.3382   5.37
    10910       0.3381   5.37
    10911       0.3380   5.37
    10912       0.3380   5.37
    10913       0.3382   5.37
    10914       0.3380   5.37
    10915       0.3372   5.37
    10916       0.3377   5.37
    10917       0.3375   5.36
    10918       0.3380   5.36
    10919       0.3383   5.37
    10920       0.3367   5.37
    10921       0.3380   5.37
    10922       0.3387   5.37
    10923       0.3370   5.37
    10924       0.3380   5.37
    10925       0.3385   5.37
    10926       0.3371   5.37
    10927       0.3380   5.37
    10928       0.3378   5.37
    10929       0.3369   5.36
    10930       0.3372   5.36
    10931       0.3384   5.37
    10932       0.3367   5.37
    10933       0.3375   5.37
    10934       0.3380   5.37
    10935       0.3382   5.37
    10936       0.3369   5.37
    10937       0.3373   5.37
    10938       0.3375   5.37
    10939       0.3374   5.37
    10940       0.3380   5.37
    10941       0.3384   5.37
    10942       0.3377   5.37
    10943       0.3380   5.37
    10944       0.3380   5.37
    10945       0.3375   5.37
    10946       0.3376   5.37
    10947       0.3375   5.37
    10948       0.3368   5.37
    10949       0.3373   5.37
    10950       0.3375   5.37
    10951       0.3368   5.37
    10952       0.3377   5.37
    10953       0.3376   5.37
    10954       0.3364   5.37
    10955       0.3381   5.37
    10956       0.3375   5.36
    10957       0.3372   5.37
    10958       0.3382   5.37
    10959       0.3381   5.37
    10960       0.3372   5.37
    10961       0.3379   5.37
    10962       0.3381   5.37
    10963       0.3377   5.37
    10964       0.3365   5.37
    10965       0.3383   5.37
    10966       0.3388   5.37
    10967       0.3368   5.37
    10968       0.3381   5.37
    10969       0.3375   5.37
    10970       0.3366   5.37
    10971       0.3372   5.37
    10972       0.3374   5.37
    10973       0.3372   5.37
    10974       0.3378   5.37
    10975       0.3387   5.37
    10976       0.3378   5.37
    10977       0.3377   5.37
    10978       0.3378   5.37
    10979       0.3363   5.37
    10980       0.3382   5.37
    10981       0.3373   5.37
    10982       0.3368   5.37
    10983       0.3379   5.37
    10984       0.3380   5.37
    10985       0.3378   5.37
    10986       0.3378   5.37
    10987       0.3380   5.37
    10988       0.3370   5.37
    10989       0.3368   5.37
    10990       0.3372   5.37
    10991       0.3363   5.37
    10992       0.3381   5.37
    10993       0.3378   5.37
    10994       0.3375   5.37
    10995       0.3371   5.37
    10996       0.3380   5.37
    10997       0.3384   5.37
    10998       0.3367   5.37
    10999       0.3375   5.37
    11000       0.3385   5.37
    11001       0.3375   5.37
    11002       0.3380   5.37
    11003       0.3375   5.37
    11004       0.3370   5.37
    11005       0.3378   5.37
    11006       0.3371   5.37
    11007       0.3369   5.37
    11008       0.3379   5.37
    11009       0.3378   5.36
    11010       0.3369   5.37
    11011       0.3381   5.37
    11012       0.3373   5.37
    11013       0.3377   5.37
    11014       0.3378   5.37
    11015       0.3381   5.37
    11016       0.3375   5.37
    11017       0.3381   5.37
    11018       0.3376   5.37
    11019       0.3370   5.37
    11020       0.3375   5.37
    11021       0.3373   5.37
    11022       0.3375   5.36
    11023       0.3373   5.37
    11024       0.3376   5.37
    11025       0.3380   5.37
    11026       0.3370   5.37
    11027       0.3378   5.37
    11028       0.3377   5.37
    11029       0.3373   5.37
    11030       0.3374   5.37
    11031       0.3369   5.37
    11032       0.3365   5.37
    11033       0.3379   5.37
    11034       0.3375   5.37
    11035       0.3373   5.37
    11036       0.3379   5.37
    11037       0.3378   5.37
    11038       0.3367   5.37
    11039       0.3384   5.37
    11040       0.3384   5.37
    11041       0.3373   5.37
    11042       0.3375   5.37
    11043       0.3375   5.37
    11044       0.3373   5.37
    11045       0.3377   5.37
    11046       0.3381   5.37
    11047       0.3377   5.37
    11048       0.3385   5.37
    11049       0.3383   5.37
    11050       0.3390   5.37
    11051       0.3372   5.37
    11052       0.3375   5.37
    11053       0.3376   5.37
    11054       0.3368   5.36
    11055       0.3369   5.36
    11056       0.3376   5.36
    11057       0.3372   5.37
    11058       0.3391   5.37
    11059       0.3379   5.37
    11060       0.3372   5.37
    11061       0.3377   5.37
    11062       0.3381   5.36
    11063       0.3383   5.37
    11064       0.3386   5.37
    11065       0.3370   5.37
    11066       0.3371   5.37
    11067       0.3374   5.37
    11068       0.3374   5.36
    11069       0.3372   5.37
    11070       0.3381   5.37
    11071       0.3376   5.37
    11072       0.3374   5.37
    11073       0.3375   5.37
    11074       0.3377   5.37
    11075       0.3370   5.37
    11076       0.3379   5.37
    11077       0.3377   5.37
    11078       0.3371   5.37
    11079       0.3378   5.37
    11080       0.3374   5.37
    11081       0.3376   5.37
    11082       0.3377   5.37
    11083       0.3379   5.37
    11084       0.3375   5.37
    11085       0.3373   5.37
    11086       0.3378   5.37
    11087       0.3379   5.37
    11088       0.3378   5.37
    11089       0.3381   5.37
    11090       0.3381   5.37
    11091       0.3370   5.37
    11092       0.3379   5.37
    11093       0.3382   5.37
    11094       0.3365   5.37
    11095       0.3374   5.37
    11096       0.3380   5.37
    11097       0.3372   5.37
    11098       0.3383   5.37
    11099       0.3373   5.37
    11100       0.3376   5.37
    11101       0.3381   5.37
    11102       0.3386   5.37
    11103       0.3374   5.37
    11104       0.3384   5.37
    11105       0.3381   5.37
    11106       0.3363   5.37
    11107       0.3374   5.37
    11108       0.3380   5.37
    11109       0.3378   5.37
    11110       0.3372   5.37
    11111       0.3379   5.37
    11112       0.3383   5.37
    11113       0.3371   5.37
    11114       0.3380   5.37
    11115       0.3378   5.37
    11116       0.3366   5.37
    11117       0.3386   5.37
    11118       0.3383   5.37
    11119       0.3372   5.37
    11120       0.3375   5.37
    11121       0.3368   5.37
    11122       0.3370   5.37
    11123       0.3380   5.37
    11124       0.3382   5.37
    11125       0.3368   5.37
    11126       0.3376   5.37
    11127       0.3372   5.37
    11128       0.3371   5.37
    11129       0.3380   5.37
    11130       0.3376   5.37
    11131       0.3379   5.37
    11132       0.3384   5.37
    11133       0.3371   5.37
    11134       0.3365   5.37
    11135       0.3371   5.37
    11136       0.3374   5.36
    11137       0.3367   5.36
    11138       0.3375   5.36
    11139       0.3377   5.36
    11140       0.3381   5.37
    11141       0.3369   5.37
    11142       0.3364   5.37
    11143       0.3379   5.37
    11144       0.3376   5.37
    11145       0.3378   5.37
    11146       0.3373   5.37
    11147       0.3370   5.37
    11148       0.3376   5.37
    11149       0.3377   5.37
    11150       0.3360   5.37
    11151       0.3381   5.37
    11152       0.3376   5.37
    11153       0.3360   5.37
    11154       0.3367   5.37
    11155       0.3369   5.37
    11156       0.3369   5.37
    11157       0.3381   5.37
    11158       0.3374   5.37
    11159       0.3362   5.37
    11160       0.3369   5.37
    11161       0.3378   5.37
    11162       0.3379   5.37
    11163       0.3378   5.37
    11164       0.3382   5.37
    11165       0.3374   5.37
    11166       0.3386   5.37
    11167       0.3373   5.37
    11168       0.3367   5.37
    11169       0.3378   5.37
    11170       0.3376   5.37
    11171       0.3385   5.37
    11172       0.3373   5.37
    11173       0.3379   5.37
    11174       0.3374   5.37
    11175       0.3381   5.37
    11176       0.3383   5.37
    11177       0.3385   5.37
    11178       0.3381   5.37
    11179       0.3373   5.37
    11180       0.3376   5.37
    11181       0.3373   5.37
    11182       0.3379   5.37
    11183       0.3374   5.36
    11184       0.3368   5.37
    11185       0.3375   5.37
    11186       0.3374   5.36
    11187       0.3370   5.37
    11188       0.3374   5.37
    11189       0.3375   5.37
    11190       0.3376   5.37
    11191       0.3380   5.37
    11192       0.3382   5.37
    11193       0.3379   5.37
    11194       0.3384   5.37
    11195       0.3379   5.37
    11196       0.3365   5.37
    11197       0.3380   5.37
    11198       0.3376   5.37
    11199       0.3375   5.37
    11200       0.3368   5.37
    11201       0.3375   5.37
    11202       0.3376   5.37
    11203       0.3372   5.37
    11204       0.3374   5.37
    11205       0.3379   5.37
    11206       0.3376   5.37
    11207       0.3383   5.37
    11208       0.3384   5.37
    11209       0.3372   5.37
    11210       0.3383   5.37
    11211       0.3368   5.37
    11212       0.3375   5.37
    11213       0.3369   5.37
    11214       0.3373   5.36
    11215       0.3368   5.37
    11216       0.3375   5.37
    11217       0.3377   5.37
    11218       0.3369   5.37
    11219       0.3386   5.37
    11220       0.3382   5.37
    11221       0.3371   5.37
    11222       0.3378   5.37
    11223       0.3376   5.37
    11224       0.3361   5.37
    11225       0.3381   5.37
    11226       0.3375   5.37
    11227       0.3373   5.37
    11228       0.3372   5.37
    11229       0.3382   5.37
    11230       0.3384   5.37
    11231       0.3371   5.37
    11232       0.3383   5.37
    11233       0.3381   5.37
    11234       0.3377   5.37
    11235       0.3370   5.37
    11236       0.3376   5.37
    11237       0.3378   5.37
    11238       0.3379   5.37
    11239       0.3371   5.37
    11240       0.3369   5.36
    11241       0.3381   5.36
    11242       0.3382   5.37
    11243       0.3378   5.37
    11244       0.3380   5.37
    11245       0.3378   5.37
    11246       0.3371   5.37
    11247       0.3375   5.37
    11248       0.3365   5.37
    11249       0.3368   5.37
    11250       0.3382   5.37
    11251       0.3377   5.37
    11252       0.3373   5.37
    11253       0.3375   5.37
    11254       0.3376   5.37
    11255       0.3370   5.37
    11256       0.3372   5.37
    11257       0.3380   5.37
    11258       0.3362   5.37
    11259       0.3380   5.37
    11260       0.3379   5.37
    11261       0.3371   5.37
    11262       0.3373   5.37
    11263       0.3388   5.37
    11264       0.3380   5.37
    11265       0.3371   5.37
    11266       0.3375   5.37
    11267       0.3379   5.37
    11268       0.3373   5.36
    11269       0.3380   5.36
    11270       0.3375   5.37
    11271       0.3375   5.37
    11272       0.3383   5.37
    11273       0.3374   5.37
    11274       0.3364   5.37
    11275       0.3367   5.37
    11276       0.3382   5.37
    11277       0.3384   5.37
    11278       0.3380   5.37
    11279       0.3372   5.37
    11280       0.3358   5.37
    11281       0.3366   5.37
    11282       0.3367   5.37
    11283       0.3365   5.37
    11284       0.3386   5.37
    11285       0.3383   5.37
    11286       0.3372   5.37
    11287       0.3377   5.37
    11288       0.3373   5.37
    11289       0.3368   5.37
    11290       0.3369   5.37
    11291       0.3376   5.37
    11292       0.3373   5.37
    11293       0.3366   5.37
    11294       0.3377   5.37
    11295       0.3376   5.37
    11296       0.3368   5.37
    11297       0.3372   5.37
    11298       0.3378   5.37
    11299       0.3373   5.37
    11300       0.3382   5.37
    11301       0.3377   5.37
    11302       0.3369   5.37
    11303       0.3380   5.37
    11304       0.3383   5.37
    11305       0.3375   5.37
    11306       0.3378   5.37
    11307       0.3381   5.37
    11308       0.3367   5.37
    11309       0.3384   5.37
    11310       0.3384   5.37
    11311       0.3364   5.37
    11312       0.3378   5.37
    11313       0.3376   5.37
    11314       0.3373   5.36
    11315       0.3387   5.36
    11316       0.3375   5.37
    11317       0.3374   5.37
    11318       0.3368   5.37
    11319       0.3372   5.37
    11320       0.3374   5.37
    11321       0.3362   5.37
    11322       0.3377   5.37
    11323       0.3386   5.37
    11324       0.3372   5.37
    11325       0.3381   5.37
    11326       0.3381   5.37
    11327       0.3369   5.37
    11328       0.3380   5.37
    11329       0.3377   5.37
    11330       0.3375   5.37
    11331       0.3371   5.37
    11332       0.3373   5.37
    11333       0.3372   5.37
    11334       0.3376   5.37
    11335       0.3376   5.37
    11336       0.3370   5.37
    11337       0.3378   5.37
    11338       0.3382   5.37
    11339       0.3374   5.37
    11340       0.3381   5.37
    11341       0.3383   5.37
    11342       0.3377   5.37
    11343       0.3375   5.37
    11344       0.3380   5.37
    11345       0.3369   5.37
    11346       0.3373   5.37
    11347       0.3374   5.37
    11348       0.3370   5.37
    11349       0.3370   5.37
    11350       0.3381   5.37
    11351       0.3384   5.37
    11352       0.3371   5.37
    11353       0.3377   5.37
    11354       0.3391   5.37
    11355       0.3370   5.37
    11356       0.3380   5.37
    11357       0.3379   5.37
    11358       0.3371   5.37
    11359       0.3379   5.37
    11360       0.3378   5.37
    11361       0.3380   5.37
    11362       0.3379   5.37
    11363       0.3379   5.37
    11364       0.3372   5.37
    11365       0.3382   5.37
    11366       0.3378   5.37
    11367       0.3367   5.37
    11368       0.3382   5.37
    11369       0.3382   5.36
    11370       0.3366   5.37
    11371       0.3381   5.37
    11372       0.3374   5.37
    11373       0.3368   5.37
    11374       0.3370   5.37
    11375       0.3378   5.37
    11376       0.3366   5.37
    11377       0.3373   5.37
    11378       0.3374   5.37
    11379       0.3380   5.37
    11380       0.3375   5.37
    11381       0.3376   5.37
    11382       0.3371   5.37
    11383       0.3364   5.37
    11384       0.3372   5.37
    11385       0.3378   5.37
    11386       0.3368   5.37
    11387       0.3377   5.37
    11388       0.3376   5.37
    11389       0.3357   5.37
    11390       0.3370   5.37
    11391       0.3375   5.37
    11392       0.3366   5.37
    11393       0.3377   5.37
    11394       0.3384   5.37
    11395       0.3364   5.37
    11396       0.3378   5.37
    11397       0.3375   5.37
    11398       0.3367   5.37
    11399       0.3376   5.37
    11400       0.3372   5.37
    11401       0.3372   5.37
    11402       0.3373   5.37
    11403       0.3376   5.37
    11404       0.3369   5.37
    11405       0.3377   5.37
    11406       0.3387   5.37
    11407       0.3377   5.37
    11408       0.3374   5.37
    11409       0.3372   5.37
    11410       0.3370   5.37
    11411       0.3367   5.37
    11412       0.3378   5.37
    11413       0.3376   5.37
    11414       0.3372   5.37
    11415       0.3376   5.37
    11416       0.3374   5.37
    11417       0.3373   5.37
    11418       0.3380   5.37
    11419       0.3377   5.37
    11420       0.3376   5.37
    11421       0.3372   5.37
    11422       0.3383   5.37
    11423       0.3382   5.37
    11424       0.3378   5.37
    11425       0.3377   5.37
    11426       0.3374   5.37
    11427       0.3378   5.37
    11428       0.3371   5.37
    11429       0.3367   5.37
    11430       0.3371   5.37
    11431       0.3380   5.37
    11432       0.3369   5.37
    11433       0.3384   5.37
    11434       0.3380   5.37
    11435       0.3374   5.37
    11436       0.3377   5.37
    11437       0.3376   5.37
    11438       0.3369   5.37
    11439       0.3362   5.37
    11440       0.3375   5.37
    11441       0.3379   5.37
    11442       0.3371   5.37
    11443       0.3371   5.37
    11444       0.3372   5.37
    11445       0.3365   5.37
    11446       0.3375   5.37
    11447       0.3381   5.37
    11448       0.3373   5.37
    11449       0.3379   5.37
    11450       0.3377   5.37
    11451       0.3374   5.37
    11452       0.3378   5.37
    11453       0.3371   5.37
    11454       0.3366   5.37
    11455       0.3364   5.37
    11456       0.3381   5.37
    11457       0.3378   5.37
    11458       0.3382   5.37
    11459       0.3373   5.37
    11460       0.3380   5.37
    11461       0.3366   5.37
    11462       0.3372   5.37
    11463       0.3364   5.37
    11464       0.3379   5.37
    11465       0.3378   5.37
    11466       0.3369   5.37
    11467       0.3380   5.37
    11468       0.3374   5.37
    11469       0.3380   5.37
    11470       0.3361   5.37
    11471       0.3373   5.37
    11472       0.3382   5.37
    11473       0.3376   5.37
    11474       0.3381   5.37
    11475       0.3373   5.37
    11476       0.3364   5.37
    11477       0.3378   5.37
    11478       0.3377   5.37
    11479       0.3369   5.37
    11480       0.3379   5.37
    11481       0.3377   5.37
    11482       0.3380   5.37
    11483       0.3384   5.37
    11484       0.3379   5.37
    11485       0.3367   5.37
    11486       0.3373   5.37
    11487       0.3366   5.37
    11488       0.3367   5.37
    11489       0.3375   5.37
    11490       0.3375   5.37
    11491       0.3359   5.37
    11492       0.3378   5.37
    11493       0.3377   5.37
    11494       0.3363   5.37
    11495       0.3373   5.37
    11496       0.3374   5.37
    11497       0.3367   5.37
    11498       0.3376   5.37
    11499       0.3377   5.37
    11500       0.3383   5.37
    11501       0.3369   5.37
    11502       0.3377   5.37
    11503       0.3373   5.37
    11504       0.3361   5.37
    11505       0.3372   5.37
    11506       0.3376   5.37
    11507       0.3377   5.37
    11508       0.3378   5.37
    11509       0.3376   5.37
    11510       0.3372   5.37
    11511       0.3377   5.37
    11512       0.3375   5.37
    11513       0.3371   5.37
    11514       0.3371   5.37
    11515       0.3368   5.37
    11516       0.3366   5.37
    11517       0.3373   5.37
    11518       0.3376   5.37
    11519       0.3368   5.37
    11520       0.3371   5.37
    11521       0.3377   5.37
    11522       0.3376   5.37
    11523       0.3375   5.37
    11524       0.3380   5.37
    11525       0.3366   5.37
    11526       0.3387   5.37
    11527       0.3377   5.37
    11528       0.3362   5.37
    11529       0.3376   5.37
    11530       0.3384   5.37
    11531       0.3388   5.37
    11532       0.3369   5.37
    11533       0.3375   5.37
    11534       0.3385   5.37
    11535       0.3360   5.37
    11536       0.3375   5.37
    11537       0.3376   5.37
    11538       0.3370   5.37
    11539       0.3382   5.37
    11540       0.3372   5.37
    11541       0.3362   5.37
    11542       0.3380   5.37
    11543       0.3375   5.37
    11544       0.3368   5.37
    11545       0.3389   5.37
    11546       0.3371   5.37
    11547       0.3377   5.37
    11548       0.3375   5.37
    11549       0.3368   5.37
    11550       0.3373   5.37
    11551       0.3377   5.37
    11552       0.3376   5.37
    11553       0.3368   5.37
    11554       0.3385   5.37
    11555       0.3377   5.37
    11556       0.3366   5.37
    11557       0.3373   5.37
    11558       0.3369   5.37
    11559       0.3368   5.37
    11560       0.3378   5.37
    11561       0.3377   5.37
    11562       0.3379   5.37
    11563       0.3374   5.37
    11564       0.3382   5.37
    11565       0.3384   5.37
    11566       0.3358   5.37
    11567       0.3377   5.37
    11568       0.3377   5.36
    11569       0.3366   5.36
    11570       0.3373   5.36
    11571       0.3371   5.37
    11572       0.3375   5.37
    11573       0.3367   5.37
    11574       0.3375   5.37
    11575       0.3369   5.37
    11576       0.3376   5.37
    11577       0.3377   5.37
    11578       0.3364   5.37
    11579       0.3375   5.37
    11580       0.3374   5.37
    11581       0.3375   5.37
    11582       0.3375   5.37
    11583       0.3373   5.37
    11584       0.3366   5.37
    11585       0.3380   5.37
    11586       0.3378   5.37
    11587       0.3358   5.37
    11588       0.3372   5.37
    11589       0.3371   5.37
    11590       0.3368   5.37
    11591       0.3381   5.37
    11592       0.3385   5.37
    11593       0.3369   5.37
    11594       0.3362   5.37
    11595       0.3375   5.37
    11596       0.3371   5.37
    11597       0.3376   5.37
    11598       0.3375   5.37
    11599       0.3380   5.37
    11600       0.3366   5.37
    11601       0.3377   5.37
    11602       0.3377   5.37
    11603       0.3362   5.37
    11604       0.3374   5.37
    11605       0.3378   5.37
    11606       0.3367   5.37
    11607       0.3374   5.37
    11608       0.3382   5.37
    11609       0.3366   5.37
    11610       0.3371   5.37
    11611       0.3378   5.36
    11612       0.3378   5.36
    11613       0.3369   5.36
    11614       0.3374   5.37
    11615       0.3350   5.37
    11616       0.3366   5.37
    11617       0.3370   5.37
    11618       0.3358   5.37
    11619       0.3369   5.37
    11620       0.3373   5.37
    11621       0.3366   5.37
    11622       0.3375   5.37
    11623       0.3376   5.37
    11624       0.3361   5.37
    11625       0.3374   5.37
    11626       0.3383   5.37
    11627       0.3388   5.37
    11628       0.3361   5.37
    11629       0.3375   5.37
    11630       0.3370   5.37
    11631       0.3358   5.37
    11632       0.3377   5.37
    11633       0.3379   5.37
    11634       0.3364   5.37
    11635       0.3373   5.37
    11636       0.3371   5.37
    11637       0.3363   5.37
    11638       0.3386   5.37
    11639       0.3366   5.37
    11640       0.3369   5.37
    11641       0.3384   5.37
    11642       0.3377   5.37
    11643       0.3368   5.37
    11644       0.3380   5.37
    11645       0.3377   5.37
    11646       0.3371   5.37
    11647       0.3375   5.37
    11648       0.3380   5.37
    11649       0.3362   5.37
    11650       0.3375   5.37
    11651       0.3384   5.37
    11652       0.3376   5.37
    11653       0.3372   5.37
    11654       0.3375   5.37
    11655       0.3383   5.37
    11656       0.3369   5.37
    11657       0.3373   5.37
    11658       0.3367   5.37
    11659       0.3368   5.37
    11660       0.3377   5.37
    11661       0.3377   5.37
    11662       0.3362   5.37
    11663       0.3375   5.37
    11664       0.3375   5.37
    11665       0.3362   5.37
    11666       0.3381   5.37
    11667       0.3383   5.37
    11668       0.3371   5.37
    11669       0.3377   5.37
    11670       0.3372   5.37
    11671       0.3369   5.37
    11672       0.3369   5.37
    11673       0.3370   5.37
    11674       0.3369   5.37
    11675       0.3372   5.37
    11676       0.3373   5.37
    11677       0.3379   5.37
    11678       0.3379   5.37
    11679       0.3369   5.37
    11680       0.3369   5.37
    11681       0.3381   5.37
    11682       0.3374   5.37
    11683       0.3365   5.37
    11684       0.3373   5.37
    11685       0.3373   5.37
    11686       0.3380   5.37
    11687       0.3369   5.37
    11688       0.3369   5.37
    11689       0.3379   5.37
    11690       0.3374   5.37
    11691       0.3375   5.37
    11692       0.3373   5.37
    11693       0.3364   5.37
    11694       0.3379   5.37
    11695       0.3377   5.37
    11696       0.3375   5.37
    11697       0.3376   5.37
    11698       0.3378   5.37
    11699       0.3373   5.37
    11700       0.3372   5.37
    11701       0.3371   5.37
    11702       0.3379   5.37
    11703       0.3374   5.37
    11704       0.3376   5.37
    11705       0.3362   5.37
    11706       0.3375   5.37
    11707       0.3382   5.37
    11708       0.3386   5.37
    11709       0.3377   5.37
    11710       0.3371   5.37
    11711       0.3358   5.37
    11712       0.3374   5.37
    11713       0.3376   5.36
    11714       0.3364   5.37
    11715       0.3371   5.37
    11716       0.3377   5.37
    11717       0.3391   5.37
    11718       0.3370   5.37
    11719       0.3376   5.37
    11720       0.3374   5.37
    11721       0.3372   5.37
    11722       0.3377   5.37
    11723       0.3377   5.37
    11724       0.3377   5.37
    11725       0.3380   5.37
    11726       0.3380   5.37
    11727       0.3377   5.37
    11728       0.3381   5.37
    11729       0.3376   5.37
    11730       0.3378   5.37
    11731       0.3372   5.37
    11732       0.3372   5.37
    11733       0.3368   5.37
    11734       0.3374   5.37
    11735       0.3378   5.37
    11736       0.3374   5.37
    11737       0.3372   5.37
    11738       0.3372   5.37
    11739       0.3374   5.37
    11740       0.3382   5.37
    11741       0.3381   5.37
    11742       0.3368   5.37
    11743       0.3378   5.37
    11744       0.3380   5.37
    11745       0.3371   5.37
    11746       0.3384   5.37
    11747       0.3374   5.37
    11748       0.3375   5.37
    11749       0.3367   5.37
    11750       0.3372   5.37
    11751       0.3385   5.37
    11752       0.3368   5.37
    11753       0.3379   5.37
    11754       0.3379   5.37
    11755       0.3373   5.37
    11756       0.3375   5.37
    11757       0.3375   5.37
    11758       0.3371   5.36
    11759       0.3376   5.36
    11760       0.3383   5.37
    11761       0.3367   5.37
    11762       0.3380   5.37
    11763       0.3380   5.37
    11764       0.3370   5.37
    11765       0.3383   5.37
    11766       0.3382   5.37
    11767       0.3366   5.37
    11768       0.3375   5.37
    11769       0.3371   5.37
    11770       0.3374   5.37
    11771       0.3379   5.37
    11772       0.3376   5.37
    11773       0.3371   5.37
    11774       0.3378   5.37
    11775       0.3378   5.37
    11776       0.3373   5.37
    11777       0.3372   5.37
    11778       0.3375   5.37
    11779       0.3372   5.37
    11780       0.3362   5.37
    11781       0.3375   5.37
    11782       0.3372   5.37
    11783       0.3366   5.37
    11784       0.3378   5.37
    11785       0.3372   5.37
    11786       0.3364   5.37
    11787       0.3376   5.37
    11788       0.3379   5.37
    11789       0.3364   5.37
    11790       0.3370   5.37
    11791       0.3364   5.37
    11792       0.3365   5.37
    11793       0.3375   5.37
    11794       0.3370   5.37
    11795       0.3371   5.37
    11796       0.3374   5.37
    11797       0.3378   5.37
    11798       0.3377   5.37
    11799       0.3388   5.37
    11800       0.3381   5.37
    11801       0.3371   5.37
    11802       0.3374   5.37
    11803       0.3376   5.37
    11804       0.3366   5.37
    11805       0.3372   5.37
    11806       0.3377   5.37
    11807       0.3377   5.37
    11808       0.3371   5.37
    11809       0.3372   5.37
    11810       0.3379   5.37
    11811       0.3370   5.37
    11812       0.3378   5.37
    11813       0.3378   5.37
    11814       0.3373   5.37
    11815       0.3373   5.37
    11816       0.3378   5.37
    11817       0.3372   5.37
    11818       0.3377   5.37
    11819       0.3378   5.37
    11820       0.3366   5.37
    11821       0.3369   5.37
    11822       0.3375   5.37
    11823       0.3373   5.37
    11824       0.3379   5.37
    11825       0.3377   5.37
    11826       0.3375   5.37
    11827       0.3375   5.37
    11828       0.3479   5.37
    11829       0.3369   5.36
    11830       0.3374   5.36
    11831       0.3385   5.37
    11832       0.3366   5.37
    11833       0.3376   5.37
    11834       0.3374   5.37
    11835       0.3367   5.37
    11836       0.3371   5.37
    11837       0.3383   5.37
    11838       0.3385   5.37
    11839       0.3364   5.37
    11840       0.3372   5.37
    11841       0.3375   5.37
    11842       0.3375   5.37
    11843       0.3383   5.37
    11844       0.3376   5.37
    11845       0.3363   5.37
    11846       0.3380   5.37
    11847       0.3380   5.37
    11848       0.3370   5.37
    11849       0.3377   5.37
    11850       0.3371   5.37
    11851       0.3357   5.37
    11852       0.3375   5.37
    11853       0.3373   5.37
    11854       0.3370   5.37
    11855       0.3373   5.37
    11856       0.3375   5.37
    11857       0.3366   5.37
    11858       0.3376   5.37
    11859       0.3378   5.37
    11860       0.3366   5.37
    11861       0.3372   5.37
    11862       0.3380   5.37
    11863       0.3372   5.37
    11864       0.3377   5.37
    11865       0.3379   5.37
    11866       0.3374   5.37
    11867       0.3372   5.37
    11868       0.3368   5.37
    11869       0.3379   5.37
    11870       0.3372   5.36
    11871       0.3373   5.36
    11872       0.3366   5.37
    11873       0.3367   5.37
    11874       0.3373   5.37
    11875       0.3377   5.37
    11876       0.3370   5.37
    11877       0.3378   5.37
    11878       0.3367   5.37
    11879       0.3362   5.37
    11880       0.3376   5.37
    11881       0.3375   5.37
    11882       0.3369   5.37
    11883       0.3373   5.37
    11884       0.3371   5.37
    11885       0.3376   5.37
    11886       0.3379   5.37
    11887       0.3377   5.37
    11888       0.3378   5.37
    11889       0.3381   5.37
    11890       0.3379   5.37
    11891       0.3372   5.37
    11892       0.3381   5.37
    11893       0.3372   5.37
    11894       0.3375   5.37
    11895       0.3384   5.37
    11896       0.3372   5.37
    11897       0.3373   5.37
    11898       0.3379   5.37
    11899       0.3379   5.37
    11900       0.3373   5.37
    11901       0.3361   5.37
    11902       0.3365   5.37
    11903       0.3366   5.37
    11904       0.3358   5.37
    11905       0.3376   5.37
    11906       0.3382   5.37
    11907       0.3366   5.37
    11908       0.3379   5.37
    11909       0.3368   5.37
    11910       0.3361   5.37
    11911       0.3372   5.37
    11912       0.3371   5.37
    11913       0.3373   5.37
    11914       0.3376   5.37
    11915       0.3372   5.37
    11916       0.3367   5.37
    11917       0.3374   5.37
    11918       0.3370   5.37
    11919       0.3362   5.37
    11920       0.3384   5.37
    11921       0.3369   5.37
    11922       0.3365   5.37
    11923       0.3372   5.37
    11924       0.3368   5.37
    11925       0.3364   5.37
    11926       0.3379   5.37
    11927       0.3368   5.37
    11928       0.3371   5.37
    11929       0.3374   5.37
    11930       0.3378   5.37
    11931       0.3373   5.37
    11932       0.3366   5.37
    11933       0.3375   5.37
    11934       0.3369   5.37
    11935       0.3371   5.37
    11936       0.3379   5.37
    11937       0.3370   5.37
    11938       0.3362   5.37
    11939       0.3374   5.37
    11940       0.3384   5.37
    11941       0.3370   5.37
    11942       0.3366   5.37
    11943       0.3369   5.37
    11944       0.3364   5.37
    11945       0.3376   5.37
    11946       0.3369   5.37
    11947       0.3368   5.37
    11948       0.3374   5.37
    11949       0.3376   5.37
    11950       0.3366   5.37
    11951       0.3371   5.37
    11952       0.3380   5.37
    11953       0.3371   5.37
    11954       0.3383   5.37
    11955       0.3381   5.37
    11956       0.3372   5.37
    11957       0.3375   5.37
    11958       0.3375   5.37
    11959       0.3363   5.37
    11960       0.3369   5.37
    11961       0.3370   5.37
    11962       0.3377   5.37
    11963       0.3364   5.37
    11964       0.3382   5.37
    11965       0.3381   5.37
    11966       0.3354   5.37
    11967       0.3373   5.37
    11968       0.3376   5.37
    11969       0.3368   5.37
    11970       0.3370   5.37
    11971       0.3372   5.37
    11972       0.3362   5.37
    11973       0.3369   5.37
    11974       0.3375   5.37
    11975       0.3364   5.37
    11976       0.3379   5.37
    11977       0.3373   5.37
    11978       0.3363   5.37
    11979       0.3373   5.37
    11980       0.3373   5.37
    11981       0.3366   5.37
    11982       0.3378   5.37
    11983       0.3384   5.37
    11984       0.3363   5.37
    11985       0.3365   5.37
    11986       0.3366   5.37
    11987       0.3364   5.37
    11988       0.3371   5.37
    11989       0.3375   5.37
    11990       0.3370   5.37
    11991       0.3381   5.37
    11992       0.3373   5.37
    11993       0.3370   5.37
    11994       0.3372   5.37
    11995       0.3374   5.37
    11996       0.3373   5.37
    11997       0.3370   5.37
    11998       0.3376   5.37
    11999       0.3379   5.37
    12000       0.3365   5.37
    12001       0.3372   5.37
    12002       0.3374   5.37
    12003       0.3374   5.37
    12004       0.3379   5.37
    12005       0.3376   5.37
    12006       0.3366   5.37
    12007       0.3375   5.37
    12008       0.3376   5.37
    12009       0.3366   5.37
    12010       0.3375   5.37
    12011       0.3381   5.37
    12012       0.3359   5.37
    12013       0.3370   5.37
    12014       0.3369   5.37
    12015       0.3368   5.37
    12016       0.3353   5.37
    12017       0.3374   5.37
    12018       0.3362   5.37
    12019       0.3375   5.37
    12020       0.3379   5.37
    12021       0.3371   5.37
    12022       0.3371   5.37
    12023       0.3380   5.37
    12024       0.3381   5.37
    12025       0.3372   5.37
    12026       0.3372   5.37
    12027       0.3373   5.37
    12028       0.3366   5.37
    12029       0.3374   5.37
    12030       0.3378   5.37
    12031       0.3370   5.37
    12032       0.3380   5.37
    12033       0.3379   5.37
    12034       0.3371   5.37
    12035       0.3373   5.37
    12036       0.3377   5.37
    12037       0.3367   5.37
    12038       0.3377   5.37
    12039       0.3377   5.37
    12040       0.3364   5.37
    12041       0.3376   5.37
    12042       0.3375   5.37
    12043       0.3376   5.37
    12044       0.3371   5.37
    12045       0.3378   5.37
    12046       0.3368   5.37
    12047       0.3378   5.37
    12048       0.3375   5.37
    12049       0.3362   5.37
    12050       0.3375   5.37
    12051       0.3364   5.37
    12052       0.3358   5.37
    12053       0.3374   5.37
    12054       0.3377   5.37
    12055       0.3377   5.37
    12056       0.3373   5.37
    12057       0.3381   5.37
    12058       0.3378   5.37
    12059       0.3373   5.37
    12060       0.3375   5.37
    12061       0.3378   5.37
    12062       0.3371   5.37
    12063       0.3370   5.37
    12064       0.3381   5.37
    12065       0.3372   5.37
    12066       0.3381   5.37
    12067       0.3382   5.37
    12068       0.3371   5.37
    12069       0.3379   5.37
    12070       0.3377   5.37
    12071       0.3374   5.37
    12072       0.3378   5.37
    12073       0.3373   5.37
    12074       0.3366   5.37
    12075       0.3366   5.37
    12076       0.3378   5.37
    12077       0.3382   5.37
    12078       0.3378   5.37
    12079       0.3373   5.37
    12080       0.3370   5.37
    12081       0.3377   5.37
    12082       0.3375   5.37
    12083       0.3364   5.37
    12084       0.3384   5.37
    12085       0.3386   5.37
    12086       0.3388   5.37
    12087       0.3374   5.37
    12088       0.3375   5.37
    12089       0.3377   5.37
    12090       0.3375   5.37
    12091       0.3380   5.37
    12092       0.3372   5.37
    12093       0.3366   5.37
    12094       0.3371   5.37
    12095       0.3378   5.37
    12096       0.3371   5.37
    12097       0.3374   5.37
    12098       0.3371   5.37
    12099       0.3372   5.37
    12100       0.3382   5.37
    12101       0.3376   5.37
    12102       0.3371   5.37
    12103       0.3378   5.37
    12104       0.3374   5.37
    12105       0.3373   5.37
    12106       0.3378   5.37
    12107       0.3375   5.37
    12108       0.3370   5.37
    12109       0.3377   5.37
    12110       0.3383   5.37
    12111       0.3365   5.37
    12112       0.3398   5.37
    12113       0.3370   5.37
    12114       0.3361   5.37
    12115       0.3378   5.37
    12116       0.3371   5.37
    12117       0.3373   5.37
    12118       0.3372   5.37
    12119       0.3377   5.37
    12120       0.3376   5.37
    12121       0.3371   5.37
    12122       0.3374   5.37
    12123       0.3374   5.37
    12124       0.3371   5.37
    12125       0.3385   5.37
    12126       0.3385   5.37
    12127       0.3367   5.37
    12128       0.3373   5.37
    12129       0.3368   5.37
    12130       0.3368   5.36
    12131       0.3374   5.36
    12132       0.3382   5.37
    12133       0.3360   5.37
    12134       0.3371   5.37
    12135       0.3373   5.37
    12136       0.3360   5.37
    12137       0.3373   5.37
    12138       0.3381   5.37
    12139       0.3370   5.37
    12140       0.3376   5.37
    12141       0.3374   5.37
    12142       0.3362   5.37
    12143       0.3369   5.37
    12144       0.3373   5.37
    12145       0.3371   5.37
    12146       0.3375   5.37
    12147       0.3373   5.37
    12148       0.3371   5.37
    12149       0.3374   5.37
    12150       0.3379   5.37
    12151       0.3376   5.37
    12152       0.3377   5.37
    12153       0.3373   5.37
    12154       0.3373   5.37
    12155       0.3372   5.37
    12156       0.3377   5.37
    12157       0.3382   5.37
    12158       0.3377   5.37
    12159       0.3369   5.37
    12160       0.3381   5.37
    12161       0.3375   5.37
    12162       0.3381   5.37
    12163       0.3372   5.37
    12164       0.3373   5.37
    12165       0.3382   5.37
    12166       0.3376   5.37
    12167       0.3366   5.37
    12168       0.3381   5.37
    12169       0.3371   5.37
    12170       0.3369   5.37
    12171       0.3375   5.37
    12172       0.3376   5.37
    12173       0.3371   5.37
    12174       0.3376   5.37
    12175       0.3377   5.37
    12176       0.3371   5.37
    12177       0.3369   5.37
    12178       0.3375   5.37
    12179       0.3378   5.37
    12180       0.3362   5.37
    12181       0.3383   5.37
    12182       0.3390   5.37
    12183       0.3373   5.37
    12184       0.3380   5.37
    12185       0.3370   5.37
    12186       0.3366   5.37
    12187       0.3386   5.37
    12188       0.3379   5.37
    12189       0.3361   5.37
    12190       0.3381   5.37
    12191       0.3386   5.37
    12192       0.3369   5.37
    12193       0.3378   5.37
    12194       0.3382   5.37
    12195       0.3365   5.37
    12196       0.3374   5.37
    12197       0.3376   5.37
    12198       0.3370   5.37
    12199       0.3371   5.37
    12200       0.3374   5.37
    12201       0.3371   5.37
    12202       0.3383   5.37
    12203       0.3382   5.37
    12204       0.3371   5.37
    12205       0.3389   5.37
    12206       0.3372   5.37
    12207       0.3364   5.37
    12208       0.3371   5.37
    12209       0.3381   5.37
    12210       0.3372   5.37
    12211       0.3361   5.37
    12212       0.3370   5.37
    12213       0.3375   5.37
    12214       0.3360   5.37
    12215       0.3372   5.37
    12216       0.3382   5.37
    12217       0.3377   5.37
    12218       0.3379   5.37
    12219       0.3381   5.37
    12220       0.3371   5.37
    12221       0.3374   5.37
    12222       0.3378   5.37
    12223       0.3368   5.37
    12224       0.3384   5.37
    12225       0.3386   5.37
    12226       0.3369   5.37
    12227       0.3373   5.37
    12228       0.3372   5.37
    12229       0.3368   5.37
    12230       0.3371   5.37
    12231       0.3371   5.36
    12232       0.3359   5.37
    12233       0.3370   5.37
    12234       0.3372   5.37
    12235       0.3372   5.37
    12236       0.3374   5.37
    12237       0.3379   5.37
    12238       0.3373   5.37
    12239       0.3377   5.37
    12240       0.3368   5.37
    12241       0.3371   5.37
    12242       0.3370   5.37
    12243       0.3378   5.37
    12244       0.3384   5.37
    12245       0.3368   5.37
    12246       0.3383   5.37
    12247       0.3381   5.37
    12248       0.3360   5.37
    12249       0.3368   5.37
    12250       0.3370   5.37
    12251       0.3358   5.37
    12252       0.3381   5.37
    12253       0.3382   5.37
    12254       0.3366   5.37
    12255       0.3379   5.37
    12256       0.3373   5.37
    12257       0.3365   5.37
    12258       0.3377   5.37
    12259       0.3375   5.37
    12260       0.3378   5.37
    12261       0.3378   5.37
    12262       0.3371   5.37
    12263       0.3367   5.37
    12264       0.3369   5.37
    12265       0.3366   5.37
    12266       0.3370   5.37
    12267       0.3372   5.37
    12268       0.3377   5.37
    12269       0.3363   5.37
    12270       0.3380   5.37
    12271       0.3381   5.37
    12272       0.3379   5.37
    12273       0.3362   5.37
    12274       0.3374   5.37
    12275       0.3373   5.37
    12276       0.3369   5.37
    12277       0.3375   5.37
    12278       0.3378   5.37
    12279       0.3368   5.38
    12280       0.3371   5.38
    12281       0.3379   5.37
    12282       0.3368   5.37
    12283       0.3377   5.37
    12284       0.3370   5.37
    12285       0.3370   5.37
    12286       0.3381   5.37
    12287       0.3379   5.37
    12288       0.3369   5.37
    12289       0.3372   5.37
    12290       0.3375   5.37
    12291       0.3361   5.37
    12292       0.3375   5.37
    12293       0.3377   5.37
    12294       0.3368   5.37
    12295       0.3382   5.37
    12296       0.3370   5.37
    12297       0.3365   5.37
    12298       0.3376   5.37
    12299       0.3374   5.37
    12300       0.3364   5.37
    12301       0.3387   5.37
    12302       0.3368   5.37
    12303       0.3370   5.37
    12304       0.3366   5.37
    12305       0.3382   5.37
    12306       0.3379   5.37
    12307       0.3371   5.37
    12308       0.3377   5.37
    12309       0.3372   5.37
    12310       0.3361   5.37
    12311       0.3374   5.37
    12312       0.3377   5.37
    12313       0.3368   5.37
    12314       0.3374   5.37
    12315       0.3373   5.37
    12316       0.3363   5.37
    12317       0.3374   5.37
    12318       0.3370   5.37
    12319       0.3367   5.37
    12320       0.3378   5.37
    12321       0.3378   5.37
    12322       0.3360   5.37
    12323       0.3375   5.37
    12324       0.3383   5.37
    12325       0.3371   5.37
    12326       0.3375   5.37
    12327       0.3379   5.37
    12328       0.3368   5.37
    12329       0.3370   5.37
    12330       0.3372   5.37
    12331       0.3360   5.37
    12332       0.3374   5.37
    12333       0.3380   5.37
    12334       0.3378   5.37
    12335       0.3379   5.37
    12336       0.3372   5.37
    12337       0.3377   5.37
    12338       0.3374   5.37
    12339       0.3370   5.37
    12340       0.3366   5.37
    12341       0.3366   5.37
    12342       0.3378   5.37
    12343       0.3373   5.37
    12344       0.3363   5.37
    12345       0.3374   5.37
    12346       0.3377   5.37
    12347       0.3372   5.37
    12348       0.3374   5.37
    12349       0.3379   5.37
    12350       0.3367   5.37
    12351       0.3377   5.37
    12352       0.3380   5.37
    12353       0.3383   5.37
    12354       0.3381   5.37
    12355       0.3374   5.37
    12356       0.3372   5.37
    12357       0.3372   5.37
    12358       0.3380   5.37
    12359       0.3356   5.37
    12360       0.3372   5.37
    12361       0.3380   5.37
    12362       0.3372   5.37
    12363       0.3373   5.37
    12364       0.3380   5.37
    12365       0.3376   5.37
    12366       0.3372   5.37
    12367       0.3381   5.37
    12368       0.3380   5.37
    12369       0.3374   5.37
    12370       0.3365   5.37
    12371       0.3376   5.37
    12372       0.3372   5.37
    12373       0.3380   5.37
    12374       0.3376   5.37
    12375       0.3366   5.37
    12376       0.3375   5.37
    12377       0.3373   5.37
    12378       0.3360   5.37
    12379       0.3374   5.37
    12380       0.3376   5.37
    12381       0.3376   5.37
    12382       0.3368   5.37
    12383       0.3369   5.37
    12384       0.3370   5.37
    12385       0.3382   5.37
    12386       0.3379   5.37
    12387       0.3378   5.37
    12388       0.3380   5.37
    12389       0.3377   5.37
    12390       0.3363   5.37
    12391       0.3371   5.37
    12392       0.3369   5.37
    12393       0.3371   5.37
    12394       0.3371   5.37
    12395       0.3379   5.37
    12396       0.3384   5.37
    12397       0.3367   5.37
    12398       0.3377   5.37
    12399       0.3372   5.37
    12400       0.3370   5.37
    12401       0.3378   5.37
    12402       0.3373   5.37
    12403       0.3370   5.37
    12404       0.3376   5.37
    12405       0.3370   5.37
    12406       0.3369   5.37
    12407       0.3378   5.37
    12408       0.3376   5.37
    12409       0.3372   5.37
    12410       0.3382   5.37
    12411       0.3382   5.37
    12412       0.3378   5.37
    12413       0.3370   5.37
    12414       0.3377   5.37
    12415       0.3368   5.37
    12416       0.3382   5.37
    12417       0.3373   5.37
    12418       0.3373   5.37
    12419       0.3366   5.37
    12420       0.3373   5.37
    12421       0.3366   5.37
    12422       0.3376   5.37
    12423       0.3381   5.37
    12424       0.3379   5.37
    12425       0.3378   5.37
    12426       0.3382   5.37
    12427       0.3375   5.37
    12428       0.3369   5.37
    12429       0.3370   5.37
    12430       0.3371   5.37
    12431       0.3365   5.36
    12432       0.3377   5.36
    12433       0.3383   5.37
    12434       0.3374   5.37
    12435       0.3374   5.37
    12436       0.3363   5.37
    12437       0.3369   5.37
    12438       0.3381   5.37
    12439       0.3373   5.36
    12440       0.3372   5.37
    12441       0.3373   5.37
    12442       0.3378   5.37
    12443       0.3370   5.37
    12444       0.3382   5.37
    12445       0.3380   5.37
    12446       0.3368   5.37
    12447       0.3369   5.37
    12448       0.3374   5.37
    12449       0.3376   5.37
    12450       0.3374   5.37
    12451       0.3381   5.37
    12452       0.3384   5.37
    12453       0.3371   5.37
    12454       0.3367   5.37
    12455       0.3372   5.37
    12456       0.3363   5.37
    12457       0.3367   5.37
    12458       0.3373   5.37
    12459       0.3369   5.37
    12460       0.3373   5.37
    12461       0.3369   5.37
    12462       0.3375   5.37
    12463       0.3376   5.37
    12464       0.3369   5.37
    12465       0.3374   5.37
    12466       0.3383   5.37
    12467       0.3379   5.37
    12468       0.3374   5.37
    12469       0.3374   5.37
    12470       0.3371   5.37
    12471       0.3373   5.37
    12472       0.3386   5.37
    12473       0.3386   5.37
    12474       0.3359   5.37
    12475       0.3378   5.37
    12476       0.3378   5.37
    12477       0.3368   5.36
    12478       0.3380   5.36
    12479       0.3380   5.37
    12480       0.3367   5.37
    12481       0.3380   5.37
    12482       0.3377   5.37
    12483       0.3367   5.36
    12484       0.3381   5.36
    12485       0.3380   5.37
    12486       0.3379   5.37
    12487       0.3364   5.37
    12488       0.3374   5.37
    12489       0.3371   5.37
    12490       0.3370   5.37
    12491       0.3379   5.37
    12492       0.3378   5.37
    12493       0.3365   5.37
    12494       0.3379   5.37
    12495       0.3386   5.37
    12496       0.3382   5.37
    12497       0.3378   5.37
    12498       0.3376   5.37
    12499       0.3364   5.36
    12500       0.3370   5.36
    12501       0.3381   5.37
    12502       0.3369   5.37
    12503       0.3371   5.37
    12504       0.3381   5.37
    12505       0.3382   5.37
    12506       0.3386   5.37
    12507       0.3373   5.37
    12508       0.3368   5.36
    12509       0.3381   5.36
    12510       0.3380   5.36
    12511       0.3370   5.37
    12512       0.3376   5.37
    12513       0.3377   5.37
    12514       0.3371   5.37
    12515       0.3381   5.37
    12516       0.3380   5.37
    12517       0.3376   5.37
    12518       0.3369   5.37
    12519       0.3380   5.37
    12520       0.3378   5.37
    12521       0.3362   5.37
    12522       0.3372   5.37
    12523       0.3378   5.37
    12524       0.3374   5.37
    12525       0.3383   5.37
    12526       0.3377   5.37
    12527       0.3372   5.37
    12528       0.3375   5.37
    12529       0.3375   5.37
    12530       0.3369   5.37
    12531       0.3377   5.37
    12532       0.3377   5.37
    12533       0.3365   5.37
    12534       0.3375   5.37
    12535       0.3384   5.37
    12536       0.3356   5.37
    12537       0.3373   5.37
    12538       0.3381   5.37
    12539       0.3368   5.37
    12540       0.3367   5.37
    12541       0.3381   5.37
    12542       0.3377   5.37
    12543       0.3383   5.37
    12544       0.3372   5.37
    12545       0.3370   5.37
    12546       0.3369   5.37
    12547       0.3375   5.37
    12548       0.3381   5.37
    12549       0.3370   5.37
    12550       0.3381   5.37
    12551       0.3382   5.37
    12552       0.3366   5.37
    12553       0.3376   5.37
    12554       0.3375   5.37
    12555       0.3368   5.36
    12556       0.3374   5.36
    12557       0.3378   5.36
    12558       0.3375   5.37
    12559       0.3372   5.37
    12560       0.3375   5.37
    12561       0.3368   5.37
    12562       0.3377   5.37
    12563       0.3372   5.37
    12564       0.3370   5.37
    12565       0.3376   5.37
    12566       0.3368   5.37
    12567       0.3373   5.37
    12568       0.3373   5.37
    12569       0.3377   5.37
    12570       0.3366   5.37
    12571       0.3379   5.37
    12572       0.3384   5.37
    12573       0.3370   5.37
    12574       0.3378   5.37
    12575       0.3370   5.37
    12576       0.3375   5.37
    12577       0.3371   5.37
    12578       0.3381   5.37
    12579       0.3379   5.37
    12580       0.3365   5.37
    12581       0.3377   5.37
    12582       0.3375   5.36
    12583       0.3369   5.37
    12584       0.3376   5.37
    12585       0.3369   5.37
    12586       0.3369   5.37
    12587       0.3382   5.37
    12588       0.3376   5.37
    12589       0.3369   5.37
    12590       0.3371   5.37
    12591       0.3371   5.37
    12592       0.3367   5.37
    12593       0.3374   5.37
    12594       0.3375   5.37
    12595       0.3375   5.37
    12596       0.3379   5.37
    12597       0.3373   5.37
    12598       0.3368   5.37
    12599       0.3378   5.37
    12600       0.3373   5.37
    12601       0.3363   5.37
    12602       0.3373   5.37
    12603       0.3370   5.37
    12604       0.3360   5.37
    12605       0.3376   5.37
    12606       0.3382   5.37
    12607       0.3394   5.37
    12608       0.3376   5.37
    12609       0.3377   5.37
    12610       0.3372   5.37
    12611       0.3368   5.37
    12612       0.3373   5.37
    12613       0.3372   5.37
    12614       0.3357   5.37
    12615       0.3371   5.37
    12616       0.3375   5.37
    12617       0.3374   5.37
    12618       0.3382   5.37
    12619       0.3369   5.37
    12620       0.3365   5.37
    12621       0.3380   5.37
    12622       0.3385   5.37
    12623       0.3367   5.37
    12624       0.3371   5.37
    12625       0.3388   5.37
    12626       0.3369   5.37
    12627       0.3373   5.37
    12628       0.3373   5.37
    12629       0.3372   5.37
    12630       0.3368   5.37
    12631       0.3372   5.37
    12632       0.3367   5.37
    12633       0.3371   5.37
    12634       0.3372   5.37
    12635       0.3370   5.37
    12636       0.3383   5.37
    12637       0.3373   5.37
    12638       0.3376   5.37
    12639       0.3369   5.37
    12640       0.3372   5.37
    12641       0.3384   5.37
    12642       0.3363   5.37
    12643       0.3377   5.37
    12644       0.3384   5.37
    12645       0.3375   5.37
    12646       0.3379   5.37
    12647       0.3380   5.37
    12648       0.3380   5.37
    12649       0.3379   5.37
    12650       0.3365   5.37
    12651       0.3369   5.37
    12652       0.3380   5.37
    12653       0.3371   5.37
    12654       0.3362   5.37
    12655       0.3376   5.37
    12656       0.3380   5.37
    12657       0.3375   5.37
    12658       0.3386   5.37
    12659       0.3373   5.37
    12660       0.3367   5.37
    12661       0.3377   5.37
    12662       0.3382   5.37
    12663       0.3368   5.37
    12664       0.3371   5.37
    12665       0.3375   5.37
    12666       0.3380   5.37
    12667       0.3383   5.37
    12668       0.3373   5.37
    12669       0.3373   5.37
    12670       0.3365   5.36
    12671       0.3373   5.36
    12672       0.3375   5.36
    12673       0.3367   5.37
    12674       0.3373   5.37
    12675       0.3365   5.37
    12676       0.3373   5.36
    12677       0.3376   5.36
    12678       0.3378   5.37
    12679       0.3362   5.37
    12680       0.3379   5.37
    12681       0.3376   5.37
    12682       0.3370   5.37
    12683       0.3378   5.37
    12684       0.3375   5.37
    12685       0.3369   5.37
    12686       0.3377   5.37
    12687       0.3376   5.36
    12688       0.3368   5.37
    12689       0.3372   5.37
    12690       0.3369   5.37
    12691       0.3368   5.37
    12692       0.3389   5.37
    12693       0.3377   5.37
    12694       0.3374   5.37
    12695       0.3375   5.37
    12696       0.3374   5.37
    12697       0.3372   5.37
    12698       0.3377   5.37
    12699       0.3376   5.37
    12700       0.3371   5.37
    12701       0.3366   5.37
    12702       0.3370   5.37
    12703       0.3377   5.37
    12704       0.3370   5.37
    12705       0.3374   5.37
    12706       0.3369   5.37
    12707       0.3372   5.37
    12708       0.3384   5.37
    12709       0.3379   5.37
    12710       0.3362   5.37
    12711       0.3370   5.37
    12712       0.3381   5.37
    12713       0.3372   5.37
    12714       0.3375   5.37
    12715       0.3372   5.37
    12716       0.3374   5.37
    12717       0.3381   5.37
    12718       0.3376   5.37
    12719       0.3369   5.37
    12720       0.3378   5.37
    12721       0.3377   5.37
    12722       0.3373   5.37
    12723       0.3368   5.37
    12724       0.3373   5.37
    12725       0.3360   5.37
    12726       0.3382   5.37
    12727       0.3369   5.37
    12728       0.3365   5.37
    12729       0.3377   5.37
    12730       0.3368   5.37
    12731       0.3362   5.37
    12732       0.3381   5.37
    12733       0.3383   5.37
    12734       0.3391   5.37
    12735       0.3365   5.37
    12736       0.3378   5.37
    12737       0.3380   5.37
    12738       0.3376   5.36
    12739       0.3374   5.36
    12740       0.3378   5.36
    12741       0.3367   5.37
    12742       0.3366   5.37
    12743       0.3370   5.37
    12744       0.3374   5.37
    12745       0.3381   5.37
    12746       0.3380   5.37
    12747       0.3375   5.37
    12748       0.3370   5.37
    12749       0.3367   5.37
    12750       0.3371   5.37
    12751       0.3384   5.37
    12752       0.3376   5.37
    12753       0.3376   5.37
    12754       0.3372   5.37
    12755       0.3374   5.36
    12756       0.3368   5.36
    12757       0.3380   5.36
    12758       0.3374   5.37
    12759       0.3376   5.37
    12760       0.3371   5.37
    12761       0.3374   5.37
    12762       0.3374   5.37
    12763       0.3378   5.37
    12764       0.3379   5.37
    12765       0.3377   5.37
    12766       0.3371   5.37
    12767       0.3372   5.37
    12768       0.3375   5.36
    12769       0.3376   5.37
    12770       0.3373   5.37
    12771       0.3382   5.37
    12772       0.3367   5.37
    12773       0.3373   5.37
    12774       0.3376   5.37
    12775       0.3375   5.37
    12776       0.3375   5.37
    12777       0.3374   5.37
    12778       0.3375   5.37
    12779       0.3379   5.37
    12780       0.3380   5.36
    12781       0.3379   5.37
    12782       0.3385   5.37
    12783       0.3369   5.37
    12784       0.3365   5.37
    12785       0.3374   5.37
    12786       0.3372   5.36
    12787       0.3365   5.37
    12788       0.3369   5.37
    12789       0.3378   5.37
    12790       0.3371   5.37
    12791       0.3374   5.37
    12792       0.3376   5.37
    12793       0.3387   5.37
    12794       0.3380   5.37
    12795       0.3373   5.37
    12796       0.3367   5.37
    12797       0.3368   5.37
    12798       0.3377   5.37
    12799       0.3375   5.37
    12800       0.3367   5.37
    12801       0.3380   5.37
    12802       0.3381   5.37
    12803       0.3371   5.37
    12804       0.3367   5.37
    12805       0.3372   5.37
    12806       0.3367   5.37
    12807       0.3368   5.37
    12808       0.3377   5.37
    12809       0.3373   5.37
    12810       0.3376   5.37
    12811       0.3383   5.37
    12812       0.3374   5.37
    12813       0.3378   5.37
    12814       0.3379   5.37
    12815       0.3369   5.37
    12816       0.3370   5.37
    12817       0.3376   5.37
    12818       0.3373   5.37
    12819       0.3378   5.37
    12820       0.3368   5.37
    12821       0.3363   5.37
    12822       0.3356   5.37
    12823       0.3369   5.37
    12824       0.3371   5.37
    12825       0.3366   5.37
    12826       0.3378   5.37
    12827       0.3380   5.37
    12828       0.3369   5.37
    12829       0.3380   5.37
    12830       0.3375   5.37
    12831       0.3369   5.37
    12832       0.3372   5.37
    12833       0.3370   5.37
    12834       0.3372   5.37
    12835       0.3383   5.37
    12836       0.3376   5.37
    12837       0.3373   5.37
    12838       0.3372   5.37
    12839       0.3370   5.36
    12840       0.3369   5.37
    12841       0.3379   5.37
    12842       0.3377   5.37
    12843       0.3362   5.37
    12844       0.3379   5.37
    12845       0.3381   5.37
    12846       0.3373   5.37
    12847       0.3375   5.37
    12848       0.3375   5.37
    12849       0.3365   5.37
    12850       0.3382   5.37
    12851       0.3375   5.37
    12852       0.3380   5.37
    12853       0.3370   5.37
    12854       0.3385   5.37
    12855       0.3373   5.37
    12856       0.3367   5.37
    12857       0.3368   5.37
    12858       0.3377   5.37
    12859       0.3366   5.37
    12860       0.3378   5.37
    12861       0.3379   5.37
    12862       0.3370   5.37
    12863       0.3377   5.37
    12864       0.3373   5.37
    12865       0.3368   5.37
    12866       0.3376   5.37
    12867       0.3372   5.37
    12868       0.3367   5.37
    12869       0.3379   5.37
    12870       0.3383   5.37
    12871       0.3371   5.37
    12872       0.3369   5.37
    12873       0.3378   5.37
    12874       0.3361   5.36
    12875       0.3366   5.36
    12876       0.3373   5.37
    12877       0.3370   5.37
    12878       0.3374   5.37
    12879       0.3383   5.37
    12880       0.3375   5.37
    12881       0.3382   5.37
    12882       0.3378   5.37
    12883       0.3377   5.37
    12884       0.3360   5.37
    12885       0.3370   5.37
    12886       0.3364   5.37
    12887       0.3367   5.37
    12888       0.3375   5.37
    12889       0.3389   5.37
    12890       0.3370   5.37
    12891       0.3370   5.37
    12892       0.3370   5.37
    12893       0.3366   5.37
    12894       0.3386   5.37
    12895       0.3378   5.37
    12896       0.3375   5.37
    12897       0.3378   5.37
    12898       0.3375   5.37
    12899       0.3377   5.37
    12900       0.3379   5.37
    12901       0.3379   5.37
    12902       0.3372   5.37
    12903       0.3371   5.37
    12904       0.3379   5.36
    12905       0.3363   5.36
    12906       0.3372   5.36
    12907       0.3369   5.37
    12908       0.3369   5.37
    12909       0.3381   5.37
    12910       0.3381   5.37
    12911       0.3374   5.37
    12912       0.3384   5.37
    12913       0.3373   5.37
    12914       0.3373   5.37
    12915       0.3379   5.37
    12916       0.3370   5.37
    12917       0.3377   5.37
    12918       0.3376   5.37
    12919       0.3383   5.37
    12920       0.3387   5.37
    12921       0.3375   5.37
    12922       0.3378   5.37
    12923       0.3374   5.37
    12924       0.3371   5.37
    12925       0.3370   5.37
    12926       0.3376   5.37
    12927       0.3366   5.37
    12928       0.3369   5.37
    12929       0.3365   5.37
    12930       0.3366   5.37
    12931       0.3373   5.37
    12932       0.3376   5.37
    12933       0.3368   5.37
    12934       0.3385   5.37
    12935       0.3380   5.37
    12936       0.3369   5.37
    12937       0.3378   5.37
    12938       0.3375   5.37
    12939       0.3369   5.36
    12940       0.3375   5.36
    12941       0.3370   5.36
    12942       0.3358   5.37
    12943       0.3370   5.37
    12944       0.3368   5.37
    12945       0.3377   5.37
    12946       0.3363   5.37
    12947       0.3372   5.37
    12948       0.3369   5.37
    12949       0.3369   5.37
    12950       0.3377   5.37
    12951       0.3377   5.37
    12952       0.3368   5.37
    12953       0.3381   5.37
    12954       0.3379   5.37
    12955       0.3380   5.37
    12956       0.3368   5.37
    12957       0.3373   5.37
    12958       0.3372   5.37
    12959       0.3381   5.37
    12960       0.3378   5.37
    12961       0.3361   5.37
    12962       0.3372   5.37
    12963       0.3376   5.37
    12964       0.3366   5.36
    12965       0.3366   5.36
    12966       0.3366   5.37
    12967       0.3361   5.37
    12968       0.3370   5.37
    12969       0.3370   5.37
    12970       0.3360   5.37
    12971       0.3358   5.37
    12972       0.3373   5.37
    12973       0.3371   5.37
    12974       0.3364   5.37
    12975       0.3365   5.37
    12976       0.3357   5.37
    12977       0.3349   5.37
    12978       0.3365   5.37
    12979       0.3370   5.37
    12980       0.3370   5.37
    12981       0.3367   5.37
    12982       0.3366   5.37
    12983       0.3357   5.37
    12984       0.3366   5.37
    12985       0.3371   5.37
    12986       0.3354   5.37
    12987       0.3354   5.37
    12988       0.3365   5.37
    12989       0.3364   5.37
    12990       0.3362   5.37
    12991       0.3355   5.37
    12992       0.3362   5.37
    12993       0.3368   5.37
    12994       0.3365   5.37
    12995       0.3362   5.37
    12996       0.3376   5.37
    12997       0.3370   5.37
    12998       0.3363   5.37
    12999       0.3368   5.37
    13000       0.3365   5.37
    13001       0.3354   5.37
    13002       0.3367   5.37
    13003       0.3367   5.37
    13004       0.3363   5.37
    13005       0.3365   5.37
    13006       0.3371   5.37
    13007       0.3368   5.37
    13008       0.3363   5.37
    13009       0.3367   5.37
    13010       0.3358   5.37
    13011       0.3373   5.37
    13012       0.3374   5.37
    13013       0.3366   5.37
    13014       0.3364   5.37
    13015       0.3360   5.37
    13016       0.3368   5.37
    13017       0.3361   5.37
    13018       0.3367   5.37
    13019       0.3365   5.37
    13020       0.3366   5.37
    13021       0.3373   5.37
    13022       0.3367   5.37
    13023       0.3358   5.37
    13024       0.3376   5.37
    13025       0.3367   5.37
    13026       0.3359   5.37
    13027       0.3364   5.37
    13028       0.3362   5.37
    13029       0.3362   5.37
    13030       0.3368   5.37
    13031       0.3364   5.37
    13032       0.3365   5.37
    13033       0.3369   5.37
    13034       0.3366   5.37
    13035       0.3359   5.37
    13036       0.3372   5.37
    13037       0.3363   5.37
    13038       0.3368   5.37
    13039       0.3369   5.37
    13040       0.3362   5.37
    13041       0.3365   5.37
    13042       0.3360   5.37
    13043       0.3368   5.37
    13044       0.3366   5.37
    13045       0.3368   5.37
    13046       0.3363   5.37
    13047       0.3359   5.37
    13048       0.3364   5.37
    13049       0.3363   5.37
    13050       0.3361   5.37
    13051       0.3370   5.37
    13052       0.3368   5.37
    13053       0.3365   5.37
    13054       0.3368   5.37
    13055       0.3368   5.37
    13056       0.3365   5.37
    13057       0.3357   5.37
    13058       0.3369   5.37
    13059       0.3357   5.37
    13060       0.3371   5.37
    13061       0.3379   5.37
    13062       0.3377   5.37
    13063       0.3361   5.37
    13064       0.3368   5.37
    13065       0.3372   5.37
    13066       0.3368   5.37
    13067       0.3376   5.37
    13068       0.3380   5.37
    13069       0.3371   5.37
    13070       0.3380   5.37
    13071       0.3373   5.37
    13072       0.3360   5.37
    13073       0.3375   5.37
    13074       0.3385   5.37
    13075       0.3365   5.36
    13076       0.3368   5.36
    13077       0.3373   5.37
    13078       0.3376   5.37
    13079       0.3375   5.37
    13080       0.3375   5.37
    13081       0.3360   5.37
    13082       0.3378   5.37
    13083       0.3376   5.37
    13084       0.3381   5.37
    13085       0.3365   5.37
    13086       0.3374   5.37
    13087       0.3371   5.37
    13088       0.3366   5.37
    13089       0.3376   5.37
    13090       0.3372   5.37
    13091       0.3373   5.38
    13092       0.3375   5.38
    13093       0.3370   5.37
    13094       0.3367   5.37
    13095       0.3379   5.37
    13096       0.3383   5.37
    13097       0.3373   5.37
    13098       0.3378   5.37
    13099       0.3384   5.37
    13100       0.3367   5.37
    13101       0.3370   5.37
    13102       0.3383   5.37
    13103       0.3369   5.37
    13104       0.3375   5.37
    13105       0.3369   5.37
    13106       0.3362   5.37
    13107       0.3366   5.37
    13108       0.3376   5.37
    13109       0.3367   5.37
    13110       0.3375   5.37
    13111       0.3378   5.37
    13112       0.3368   5.37
    13113       0.3381   5.37
    13114       0.3379   5.37
    13115       0.3375   5.37
    13116       0.3364   5.37
    13117       0.3372   5.37
    13118       0.3376   5.36
    13119       0.3379   5.37
    13120       0.3383   5.37
    13121       0.3375   5.37
    13122       0.3365   5.37
    13123       0.3370   5.37
    13124       0.3376   5.37
    13125       0.3367   5.37
    13126       0.3373   5.37
    13127       0.3372   5.37
    13128       0.3366   5.37
    13129       0.3382   5.37
    13130       0.3372   5.37
    13131       0.3355   5.37
    13132       0.3367   5.37
    13133       0.3365   5.37
    13134       0.3372   5.37
    13135       0.3370   5.37
    13136       0.3376   5.37
    13137       0.3358   5.37
    13138       0.3377   5.37
    13139       0.3370   5.37
    13140       0.3368   5.37
    13141       0.3378   5.37
    13142       0.3379   5.37
    13143       0.3368   5.37
    13144       0.3378   5.37
    13145       0.3380   5.37
    13146       0.3382   5.37
    13147       0.3373   5.37
    13148       0.3375   5.37
    13149       0.3381   5.37
    13150       0.3361   5.37
    13151       0.3375   5.37
    13152       0.3374   5.37
    13153       0.3375   5.37
    13154       0.3377   5.37
    13155       0.3373   5.37
    13156       0.3369   5.37
    13157       0.3374   5.37
    13158       0.3376   5.37
    13159       0.3364   5.37
    13160       0.3372   5.37
    13161       0.3374   5.37
    13162       0.3367   5.37
    13163       0.3375   5.37
    13164       0.3379   5.37
    13165       0.3363   5.37
    13166       0.3378   5.37
    13167       0.3374   5.37
    13168       0.3365   5.37
    13169       0.3384   5.37
    13170       0.3383   5.37
    13171       0.3365   5.37
    13172       0.3369   5.37
    13173       0.3371   5.37
    13174       0.3363   5.36
    13175       0.3370   5.36
    13176       0.3378   5.37
    13177       0.3374   5.37
    13178       0.3357   5.37
    13179       0.3381   5.37
    13180       0.3382   5.37
    13181       0.3375   5.37
    13182       0.3374   5.37
    13183       0.3370   5.37
    13184       0.3371   5.37
    13185       0.3378   5.37
    13186       0.3378   5.37
    13187       0.3366   5.37
    13188       0.3371   5.37
    13189       0.3377   5.37
    13190       0.3371   5.37
    13191       0.3384   5.37
    13192       0.3384   5.37
    13193       0.3370   5.37
    13194       0.3372   5.37
    13195       0.3373   5.37
    13196       0.3363   5.37
    13197       0.3371   5.37
    13198       0.3372   5.37
    13199       0.3375   5.37
    13200       0.3381   5.37
    13201       0.3373   5.37
    13202       0.3376   5.37
    13203       0.3380   5.37
    13204       0.3376   5.37
    13205       0.3378   5.37
    13206       0.3393   5.37
    13207       0.3386   5.37
    13208       0.3380   5.37
    13209       0.3353   5.37
    13210       0.3369   5.37
    13211       0.3378   5.36
    13212       0.3375   5.37
    13213       0.3382   5.37
    13214       0.3380   5.36
    13215       0.3372   5.37
    13216       0.3364   5.37
    13217       0.3372   5.37
    13218       0.3367   5.37
    13219       0.3384   5.37
    13220       0.3382   5.37
    13221       0.3371   5.37
    13222       0.3376   5.37
    13223       0.3374   5.37
    13224       0.3375   5.37
    13225       0.3375   5.37
    13226       0.3374   5.37
    13227       0.3375   5.37
    13228       0.3380   5.37
    13229       0.3373   5.37
    13230       0.3364   5.37
    13231       0.3383   5.37
    13232       0.3377   5.37
    13233       0.3380   5.37
    13234       0.3380   5.37
    13235       0.3373   5.37
    13236       0.3375   5.37
    13237       0.3381   5.37
    13238       0.3382   5.37
    13239       0.3377   5.37
    13240       0.3375   5.37
    13241       0.3377   5.37
    13242       0.3378   5.37
    13243       0.3367   5.37
    13244       0.3371   5.37
    13245       0.3462   5.37
    13246       0.3367   5.37
    13247       0.3372   5.37
    13248       0.3372   5.37
    13249       0.3372   5.37
    13250       0.3370   5.37
    13251       0.3371   5.37
    13252       0.3375   5.37
    13253       0.3378   5.37
    13254       0.3374   5.37
    13255       0.3363   5.37
    13256       0.3366   5.37
    13257       0.3372   5.37
    13258       0.3372   5.37
    13259       0.3379   5.37
    13260       0.3379   5.37
    13261       0.3372   5.37
    13262       0.3368   5.37
    13263       0.3371   5.37
    13264       0.3380   5.37
    13265       0.3370   5.37
    13266       0.3378   5.37
    13267       0.3381   5.37
    13268       0.3365   5.37
    13269       0.3377   5.37
    13270       0.3369   5.37
    13271       0.3369   5.37
    13272       0.3373   5.37
    13273       0.3378   5.37
    13274       0.3368   5.37
    13275       0.3377   5.37
    13276       0.3378   5.37
    13277       0.3367   5.37
    13278       0.3382   5.37
    13279       0.3375   5.37
    13280       0.3380   5.37
    13281       0.3372   5.37
    13282       0.3372   5.37
    13283       0.3362   5.37
    13284       0.3377   5.37
    13285       0.3371   5.37
    13286       0.3359   5.37
    13287       0.3376   5.37
    13288       0.3386   5.37
    13289       0.3373   5.37
    13290       0.3379   5.37
    13291       0.3381   5.37
    13292       0.3374   5.37
    13293       0.3384   5.37
    13294       0.3382   5.37
    13295       0.3362   5.37
    13296       0.3377   5.37
    13297       0.3372   5.37
    13298       0.3373   5.37
    13299       0.3364   5.37
    13300       0.3377   5.37
    13301       0.3379   5.37
    13302       0.3370   5.37
    13303       0.3376   5.37
    13304       0.3382   5.37
    13305       0.3368   5.37
    13306       0.3372   5.37
    13307       0.3379   5.37
    13308       0.3359   5.37
    13309       0.3378   5.37
    13310       0.3380   5.37
    13311       0.3378   5.37
    13312       0.3379   5.37
    13313       0.3373   5.37
    13314       0.3363   5.37
    13315       0.3371   5.37
    13316       0.3374   5.37
    13317       0.3367   5.37
    13318       0.3373   5.37
    13319       0.3369   5.37
    13320       0.3363   5.37
    13321       0.3380   5.37
    13322       0.3379   5.37
    13323       0.3373   5.37
    13324       0.3379   5.37
    13325       0.3378   5.37
    13326       0.3368   5.37
    13327       0.3379   5.37
    13328       0.3372   5.37
    13329       0.3372   5.37
    13330       0.3377   5.37
    13331       0.3381   5.37
    13332       0.3371   5.37
    13333       0.3363   5.37
    13334       0.3368   5.37
    13335       0.3366   5.36
    13336       0.3371   5.36
    13337       0.3381   5.36
    13338       0.3402   5.37
    13339       0.3371   5.37
    13340       0.3381   5.37
    13341       0.3380   5.37
    13342       0.3374   5.37
    13343       0.3374   5.37
    13344       0.3377   5.37
    13345       0.3375   5.37
    13346       0.3385   5.37
    13347       0.3372   5.37
    13348       0.3371   5.37
    13349       0.3373   5.37
    13350       0.3374   5.37
    13351       0.3375   5.37
    13352       0.3378   5.37
    13353       0.3376   5.37
    13354       0.3368   5.37
    13355       0.3376   5.37
    13356       0.3373   5.37
    13357       0.3367   5.37
    13358       0.3375   5.37
    13359       0.3372   5.37
    13360       0.3378   5.37
    13361       0.3375   5.37
    13362       0.3380   5.37
    13363       0.3375   5.37
    13364       0.3373   5.37
    13365       0.3376   5.37
    13366       0.3379   5.37
    13367       0.3370   5.37
    13368       0.3372   5.37
    13369       0.3372   5.37
    13370       0.3377   5.37
    13371       0.3377   5.37
    13372       0.3380   5.37
    13373       0.3383   5.37
    13374       0.3379   5.37
    13375       0.3371   5.37
    13376       0.3369   5.37
    13377       0.3375   5.37
    13378       0.3370   5.36
    13379       0.3369   5.37
    13380       0.3371   5.37
    13381       0.3380   5.37
    13382       0.3370   5.37
    13383       0.3374   5.37
    13384       0.3377   5.37
    13385       0.3364   5.37
    13386       0.3383   5.37
    13387       0.3384   5.37
    13388       0.3380   5.37
    13389       0.3371   5.37
    13390       0.3372   5.37
    13391       0.3372   5.37
    13392       0.3365   5.37
    13393       0.3369   5.37
    13394       0.3374   5.37
    13395       0.3369   5.37
    13396       0.3379   5.37
    13397       0.3378   5.37
    13398       0.3374   5.37
    13399       0.3373   5.37
    13400       0.3380   5.37
    13401       0.3373   5.37
    13402       0.3374   5.37
    13403       0.3371   5.37
    13404       0.3363   5.37
    13405       0.3376   5.37
    13406       0.3378   5.37
    13407       0.3369   5.37
    13408       0.3381   5.37
    13409       0.3380   5.37
    13410       0.3377   5.37
    13411       0.3387   5.37
    13412       0.3380   5.37
    13413       0.3362   5.37
    13414       0.3365   5.37
    13415       0.3372   5.37
    13416       0.3359   5.37
    13417       0.3376   5.37
    13418       0.3373   5.37
    13419       0.3372   5.37
    13420       0.3366   5.37
    13421       0.3374   5.37
    13422       0.3377   5.37
    13423       0.3374   5.37
    13424       0.3372   5.37
    13425       0.3379   5.37
    13426       0.3371   5.37
    13427       0.3373   5.37
    13428       0.3381   5.37
    13429       0.3377   5.37
    13430       0.3377   5.37
    13431       0.3379   5.37
    13432       0.3371   5.37
    13433       0.3374   5.37
    13434       0.3374   5.37
    13435       0.3375   5.37
    13436       0.3384   5.37
    13437       0.3378   5.37
    13438       0.3377   5.37
    13439       0.3384   5.37
    13440       0.3382   5.37
    13441       0.3371   5.37
    13442       0.3373   5.37
    13443       0.3367   5.37
    13444       0.3773   5.36
    13445       0.3373   5.37
    13446       0.3378   5.37
    13447       0.3375   5.37
    13448       0.3369   5.37
    13449       0.3375   5.37
    13450       0.3372   5.37
    13451       0.3356   5.37
    13452       0.3382   5.37
    13453       0.3379   5.37
    13454       0.3371   5.37
    13455       0.3376   5.37
    13456       0.3380   5.37
    13457       0.3375   5.37
    13458       0.3379   5.37
    13459       0.3375   5.37
    13460       0.3372   5.37
    13461       0.3368   5.37
    13462       0.3374   5.37
    13463       0.3366   5.37
    13464       0.3383   5.37
    13465       0.3374   5.37
    13466       0.3380   5.37
    13467       0.3379   5.37
    13468       0.3375   5.37
    13469       0.3365   5.37
    13470       0.3373   5.37
    13471       0.3370   5.37
    13472       0.3390   5.37
    13473       0.3368   5.37
    13474       0.3373   5.37
    13475       0.3375   5.37
    13476       0.3372   5.37
    13477       0.3370   5.37
    13478       0.3378   5.37
    13479       0.3373   5.37
    13480       0.3376   5.37
    13481       0.3377   5.37
    13482       0.3371   5.37
    13483       0.3378   5.37
    13484       0.3375   5.37
    13485       0.3366   5.37
    13486       0.3375   5.37
    13487       0.3371   5.37
    13488       0.3366   5.37
    13489       0.3381   5.37
    13490       0.3380   5.37
    13491       0.3373   5.37
    13492       0.3371   5.37
    13493       0.3373   5.37
    13494       0.3370   5.37
    13495       0.3366   5.37
    13496       0.3381   5.37
    13497       0.3367   5.37
    13498       0.3377   5.37
    13499       0.3382   5.37
    13500       0.3373   5.37
    13501       0.3373   5.37
    13502       0.3369   5.37
    13503       0.3372   5.37
    13504       0.3377   5.37
    13505       0.3380   5.37
    13506       0.3377   5.37
    13507       0.3365   5.37
    13508       0.3375   5.37
    13509       0.3368   5.37
    13510       0.3376   5.37
    13511       0.3375   5.37
    13512       0.3371   5.37
    13513       0.3371   5.37
    13514       0.3375   5.37
    13515       0.3379   5.37
    13516       0.3366   5.37
    13517       0.3379   5.37
    13518       0.3377   5.37
    13519       0.3372   5.37
    13520       0.3371   5.37
    13521       0.3378   5.37
    13522       0.3367   5.37
    13523       0.3383   5.37
    13524       0.3370   5.37
    13525       0.3369   5.37
    13526       0.3366   5.37
    13527       0.3363   5.37
    13528       0.3373   5.37
    13529       0.3378   5.37
    13530       0.3373   5.37
    13531       0.3372   5.37
    13532       0.3375   5.37
    13533       0.3375   5.37
    13534       0.3366   5.37
    13535       0.3361   5.37
    13536       0.3374   5.37
    13537       0.3376   5.37
    13538       0.3363   5.37
    13539       0.3380   5.37
    13540       0.3374   5.37
    13541       0.3372   5.37
    13542       0.3377   5.37
    13543       0.3383   5.37
    13544       0.3375   5.37
    13545       0.3378   5.37
    13546       0.3367   5.37
    13547       0.3374   5.37
    13548       0.3386   5.37
    13549       0.3382   5.37
    13550       0.3367   5.37
    13551       0.3380   5.37
    13552       0.3377   5.37
    13553       0.3365   5.37
    13554       0.3381   5.37
    13555       0.3369   5.37
    13556       0.3365   5.37
    13557       0.3373   5.37
    13558       0.3383   5.37
    13559       0.3383   5.37
    13560       0.3378   5.37
    13561       0.3381   5.37
    13562       0.3369   5.37
    13563       0.3373   5.37
    13564       0.3374   5.37
    13565       0.3378   5.36
    13566       0.3371   5.37
    13567       0.3373   5.37
    13568       0.3376   5.37
    13569       0.3370   5.37
    13570       0.3369   5.37
    13571       0.3375   5.37
    13572       0.3367   5.37
    13573       0.3377   5.37
    13574       0.3371   5.37
    13575       0.3362   5.37
    13576       0.3380   5.37
    13577       0.3380   5.37
    13578       0.3374   5.37
    13579       0.3377   5.37
    13580       0.3384   5.37
    13581       0.3375   5.37
    13582       0.3373   5.37
    13583       0.3376   5.37
    13584       0.3362   5.36
    13585       0.3374   5.36
    13586       0.3378   5.36
    13587       0.3369   5.37
    13588       0.3379   5.37
    13589       0.3375   5.37
    13590       0.3373   5.37
    13591       0.3370   5.37
    13592       0.3375   5.37
    13593       0.3376   5.37
    13594       0.3383   5.37
    13595       0.3367   5.37
    13596       0.3377   5.37
    13597       0.3376   5.37
    13598       0.3382   5.37
    13599       0.3380   5.37
    13600       0.3362   5.37
    13601       0.3377   5.37
    13602       0.3373   5.37
    13603       0.3381   5.37
    13604       0.3370   5.37
    13605       0.3376   5.37
    13606       0.3366   5.37
    13607       0.3380   5.37
    13608       0.3377   5.37
    13609       0.3365   5.37
    13610       0.3377   5.37
    13611       0.3367   5.37
    13612       0.3369   5.37
    13613       0.3374   5.37
    13614       0.3379   5.37
    13615       0.3364   5.37
    13616       0.3384   5.37
    13617       0.3381   5.37
    13618       0.3383   5.37
    13619       0.3378   5.37
    13620       0.3376   5.37
    13621       0.3371   5.36
    13622       0.3372   5.36
    13623       0.3378   5.36
    13624       0.3378   5.37
    13625       0.3372   5.37
    13626       0.3382   5.37
    13627       0.3378   5.37
    13628       0.3365   5.37
    13629       0.3386   5.37
    13630       0.3379   5.37
    13631       0.3369   5.37
    13632       0.3375   5.37
    13633       0.3378   5.37
    13634       0.3381   5.37
    13635       0.3378   5.37
    13636       0.3385   5.37
    13637       0.3371   5.37
    13638       0.3382   5.37
    13639       0.3378   5.37
    13640       0.3382   5.37
    13641       0.3377   5.37
    13642       0.3375   5.37
    13643       0.3366   5.37
    13644       0.3376   5.37
    13645       0.3371   5.37
    13646       0.3366   5.37
    13647       0.3374   5.37
    13648       0.3379   5.37
    13649       0.3367   5.37
    13650       0.3370   5.37
    13651       0.3369   5.37
    13652       0.3370   5.37
    13653       0.3383   5.37
    13654       0.3377   5.37
    13655       0.3380   5.37
    13656       0.3378   5.37
    13657       0.3384   5.37
    13658       0.3386   5.37
    13659       0.3373   5.37
    13660       0.3379   5.37
    13661       0.3368   5.36
    13662       0.3364   5.37
    13663       0.3365   5.37
    13664       0.3361   5.37
    13665       0.3369   5.37
    13666       0.3375   5.37
    13667       0.3380   5.37
    13668       0.3371   5.37
    13669       0.3373   5.37
    13670       0.3375   5.37
    13671       0.3367   5.37
    13672       0.3371   5.37
    13673       0.3378   5.37
    13674       0.3366   5.37
    13675       0.3382   5.37
    13676       0.3382   5.37
    13677       0.3374   5.37
    13678       0.3369   5.37
    13679       0.3378   5.37
    13680       0.3376   5.37
    13681       0.3378   5.37
    13682       0.3380   5.37
    13683       0.3375   5.37
    13684       0.3389   5.37
    13685       0.3372   5.37
    13686       0.3367   5.37
    13687       0.3372   5.37
    13688       0.3376   5.37
    13689       0.3374   5.36
    13690       0.3369   5.37
    13691       0.3382   5.37
    13692       0.3377   5.37
    13693       0.3374   5.37
    13694       0.3374   5.37
    13695       0.3370   5.37
    13696       0.3371   5.37
    13697       0.3375   5.37
    13698       0.3380   5.37
    13699       0.3370   5.37
    13700       0.3372   5.37
    13701       0.3375   5.37
    13702       0.3371   5.37
    13703       0.3373   5.37
    13704       0.3374   5.37
    13705       0.3374   5.37
    13706       0.3375   5.37
    13707       0.3377   5.37
    13708       0.3370   5.37
    13709       0.3383   5.37
    13710       0.3374   5.37
    13711       0.3377   5.37
    13712       0.3385   5.37
    13713       0.3379   5.37
    13714       0.3377   5.37
    13715       0.3376   5.37
    13716       0.3372   5.37
    13717       0.3381   5.37
    13718       0.3385   5.37
    13719       0.3387   5.37
    13720       0.3376   5.37
    13721       0.3368   5.36
    13722       0.3370   5.36
    13723       0.3376   5.36
    13724       0.3373   5.36
    13725       0.3371   5.36
    13726       0.3372   5.36
    13727       0.3369   5.37
    13728       0.3368   5.37
    13729       0.3380   5.37
    13730       0.3363   5.37
    13731       0.3376   5.37
    13732       0.3377   5.37
    13733       0.3367   5.37
    13734       0.3378   5.37
    13735       0.3384   5.37
    13736       0.3371   5.37
    13737       0.3733   5.37
    13738       0.3385   5.37
    13739       0.3373   5.37
    13740       0.3368   5.37
    13741       0.3374   5.37
    13742       0.3374   5.37
    13743       0.3374   5.37
    13744       0.3378   5.37
    13745       0.3382   5.37
    13746       0.3381   5.37
    13747       0.3380   5.37
    13748       0.3376   5.37
    13749       0.3362   5.37
    13750       0.3369   5.37
    13751       0.3372   5.37
    13752       0.3369   5.37
    13753       0.3379   5.37
    13754       0.3380   5.37
    13755       0.3375   5.37
    13756       0.3381   5.37
    13757       0.3376   5.37
    13758       0.3384   5.37
    13759       0.3384   5.37
    13760       0.3374   5.37
    13761       0.3372   5.37
    13762       0.3375   5.37
    13763       0.3369   5.36
    13764       0.3365   5.37
    13765       0.3382   5.37
    13766       0.3376   5.37
    13767       0.3373   5.37
    13768       0.3376   5.37
    13769       0.3382   5.37
    13770       0.3375   5.37
    13771       0.3368   5.37
    13772       0.3375   5.37
    13773       0.3365   5.37
    13774       0.3373   5.37
    13775       0.3379   5.37
    13776       0.3380   5.37
    13777       0.3359   5.37
    13778       0.3376   5.37
    13779       0.3378   5.37
    13780       0.3370   5.37
    13781       0.3372   5.37
    13782       0.3365   5.37
    13783       0.3368   5.37
    13784       0.3371   5.37
    13785       0.3372   5.37
    13786       0.3367   5.37
    13787       0.3376   5.37
    13788       0.3377   5.37
    13789       0.3374   5.37
    13790       0.3383   5.37
    13791       0.3380   5.37
    13792       0.3371   5.37
    13793       0.3377   5.37
    13794       0.3376   5.36
    13795       0.3369   5.37
    13796       0.3365   5.37
    13797       0.3368   5.37
    13798       0.3379   5.37
    13799       0.3378   5.37
    13800       0.3376   5.37
    13801       0.3382   5.37
    13802       0.3360   5.37
    13803       0.3381   5.37
    13804       0.3384   5.37
    13805       0.3376   5.37
    13806       0.3384   5.37
    13807       0.3384   5.37
    13808       0.3371   5.37
    13809       0.3381   5.37
    13810       0.3397   5.37
    13811       0.3364   5.37
    13812       0.3376   5.37
    13813       0.3374   5.36
    13814       0.3376   5.37
    13815       0.3375   5.37
    13816       0.3369   5.37
    13817       0.3370   5.37
    13818       0.3370   5.37
    13819       0.3371   5.37
    13820       0.3373   5.37
    13821       0.3383   5.37
    13822       0.3381   5.37
    13823       0.3371   5.37
    13824       0.3376   5.37
    13825       0.3376   5.37
    13826       0.3366   5.37
    13827       0.3376   5.37
    13828       0.3376   5.37
    13829       0.3365   5.37
    13830       0.3371   5.37
    13831       0.3372   5.37
    13832       0.3365   5.37
    13833       0.3369   5.37
    13834       0.3376   5.37
    13835       0.3378   5.37
    13836       0.3365   5.37
    13837       0.3376   5.37
    13838       0.3378   5.37
    13839       0.3367   5.37
    13840       0.3373   5.37
    13841       0.3379   5.37
    13842       0.3375   5.37
    13843       0.3376   5.37
    13844       0.3374   5.37
    13845       0.3369   5.37
    13846       0.3374   5.37
    13847       0.3374   5.37
    13848       0.3371   5.37
    13849       0.3383   5.37
    13850       0.3375   5.37
    13851       0.3370   5.37
    13852       0.3379   5.37
    13853       0.3379   5.37
    13854       0.3367   5.37
    13855       0.3387   5.37
    13856       0.3377   5.37
    13857       0.3374   5.37
    13858       0.3375   5.37
    13859       0.3381   5.37
    13860       0.3375   5.37
    13861       0.3370   5.37
    13862       0.3383   5.37
    13863       0.3379   5.37
    13864       0.3364   5.37
    13865       0.3381   5.37
    13866       0.3380   5.37
    13867       0.3374   5.37
    13868       0.3378   5.37
    13869       0.3378   5.37
    13870       0.3372   5.37
    13871       0.3380   5.37
    13872       0.3381   5.37
    13873       0.3361   5.37
    13874       0.3379   5.37
    13875       0.3375   5.37
    13876       0.3373   5.37
    13877       0.3375   5.37
    13878       0.3381   5.37
    13879       0.3372   5.37
    13880       0.3379   5.37
    13881       0.3380   5.37
    13882       0.3373   5.37
    13883       0.3370   5.37
    13884       0.3377   5.37
    13885       0.3373   5.37
    13886       0.3376   5.37
    13887       0.3375   5.37
    13888       0.3371   5.37
    13889       0.3380   5.37
    13890       0.3383   5.37
    13891       0.3389   5.37
    13892       0.3372   5.37
    13893       0.3370   5.37
    13894       0.3379   5.37
    13895       0.3371   5.36
    13896       0.3376   5.36
    13897       0.3373   5.37
    13898       0.3377   5.37
    13899       0.3376   5.37
    13900       0.3372   5.37
    13901       0.3378   5.37
    13902       0.3378   5.37
    13903       0.3373   5.37
    13904       0.3367   5.37
    13905       0.3376   5.37
    13906       0.3374   5.36
    13907       0.3370   5.36
    13908       0.3369   5.36
    13909       0.3373   5.37
    13910       0.3359   5.37
    13911       0.3370   5.37
    13912       0.3375   5.37
    13913       0.3370   5.37
    13914       0.3371   5.37
    13915       0.3369   5.37
    13916       0.3372   5.37
    13917       0.3377   5.37
    13918       0.3381   5.37
    13919       0.3368   5.37
    13920       0.3370   5.37
    13921       0.3374   5.37
    13922       0.3373   5.37
    13923       0.3366   5.37
    13924       0.3375   5.37
    13925       0.3377   5.37
    13926       0.3372   5.37
    13927       0.3384   5.37
    13928       0.3374   5.37
    13929       0.3368   5.37
    13930       0.3383   5.37
    13931       0.3384   5.37
    13932       0.3367   5.37
    13933       0.3369   5.37
    13934       0.3371   5.37
    13935       0.3376   5.37
    13936       0.3370   5.37
    13937       0.3375   5.37
    13938       0.3369   5.37
    13939       0.3383   5.37
    13940       0.3378   5.37
    13941       0.3372   5.37
    13942       0.3377   5.37
    13943       0.3369   5.37
    13944       0.3370   5.37
    13945       0.3376   5.37
    13946       0.3377   5.37
    13947       0.3370   5.37
    13948       0.3376   5.37
    13949       0.3375   5.37
    13950       0.3374   5.37
    13951       0.3374   5.37
    13952       0.3368   5.37
    13953       0.3363   5.37
    13954       0.3366   5.37
    13955       0.3374   5.37
    13956       0.3385   5.37
    13957       0.3373   5.37
    13958       0.3380   5.37
    13959       0.3375   5.37
    13960       0.3369   5.37
    13961       0.3376   5.37
    13962       0.3373   5.37
    13963       0.3375   5.37
    13964       0.3374   5.37
    13965       0.3368   5.37
    13966       0.3366   5.37
    13967       0.3377   5.37
    13968       0.3380   5.38
    13969       0.3371   5.37
    13970       0.3372   5.37
    13971       0.3376   5.37
    13972       0.3365   5.37
    13973       0.3379   5.37
    13974       0.3385   5.37
    13975       0.3374   5.37
    13976       0.3381   5.37
    13977       0.3375   5.37
    13978       0.3356   5.37
    13979       0.3377   5.37
    13980       0.3374   5.37
    13981       0.3367   5.36
    13982       0.3368   5.36
    13983       0.3375   5.37
    13984       0.3376   5.37
    13985       0.3363   5.37
    13986       0.3379   5.37
    13987       0.3373   5.37
    13988       0.3377   5.37
    13989       0.3378   5.37
    13990       0.3375   5.37
    13991       0.3360   5.37
    13992       0.3371   5.37
    13993       0.3379   5.37
    13994       0.3364   5.37
    13995       0.3380   5.37
    13996       0.3374   5.37
    13997       0.3383   5.37
    13998       0.3381   5.37
    13999       0.3371   5.37
    14000       0.3372   5.37
    14001       0.3372   5.37
    14002       0.3371   5.37
    14003       0.3371   5.37
    14004       0.3375   5.37
    14005       0.3376   5.37
    14006       0.3370   5.37
    14007       0.3374   5.37
    14008       0.3367   5.37
    14009       0.3373   5.37
    14010       0.3375   5.37
    14011       0.3374   5.37
    14012       0.3373   5.37
    14013       0.3377   5.37
    14014       0.3378   5.37
    14015       0.3373   5.37
    14016       0.3375   5.37
    14017       0.3378   5.37
    14018       0.3378   5.37
    14019       0.3370   5.37
    14020       0.3376   5.37
    14021       0.3369   5.37
    14022       0.3374   5.37
    14023       0.3377   5.37
    14024       0.3382   5.37
    14025       0.3370   5.37
    14026       0.3376   5.37
    14027       0.3382   5.37
    14028       0.3372   5.37
    14029       0.3384   5.37
    14030       0.3378   5.37
    14031       0.3374   5.37
    14032       0.3370   5.37
    14033       0.3379   5.37
    14034       0.3369   5.37
    14035       0.3380   5.37
    14036       0.3378   5.37
    14037       0.3367   5.37
    14038       0.3376   5.37
    14039       0.3376   5.37
    14040       0.3360   5.37
    14041       0.3373   5.37
    14042       0.3376   5.37
    14043       0.3384   5.37
    14044       0.3371   5.37
    14045       0.3384   5.37
    14046       0.3378   5.37
    14047       0.3371   5.37
    14048       0.3381   5.37
    14049       0.3372   5.37
    14050       0.3368   5.37
    14051       0.3378   5.37
    14052       0.3373   5.37
    14053       0.3376   5.37
    14054       0.3379   5.37
    14055       0.3382   5.37
    14056       0.3372   5.37
    14057       0.3374   5.37
    14058       0.3384   5.37
    14059       0.3385   5.37
    14060       0.3373   5.37
    14061       0.3371   5.37
    14062       0.3367   5.37
    14063       0.3379   5.37
    14064       0.3371   5.37
    14065       0.3371   5.37
    14066       0.3379   5.37
    14067       0.3376   5.37
    14068       0.3369   5.37
    14069       0.3374   5.37
    14070       0.3376   5.37
    14071       0.3377   5.37
    14072       0.3382   5.37
    14073       0.3370   5.37
    14074       0.3382   5.37
    14075       0.3372   5.37
    14076       0.3379   5.37
    14077       0.3378   5.37
    14078       0.3368   5.37
    14079       0.3373   5.37
    14080       0.3375   5.37
    14081       0.3368   5.36
    14082       0.3377   5.36
    14083       0.3376   5.37
    14084       0.3372   5.37
    14085       0.3374   5.37
    14086       0.3375   5.37
    14087       0.3373   5.37
    14088       0.3379   5.37
    14089       0.3378   5.37
    14090       0.3372   5.37
    14091       0.3371   5.37
    14092       0.3370   5.37
    14093       0.3372   5.37
    14094       0.3386   5.37
    14095       0.3382   5.37
    14096       0.3368   5.37
    14097       0.3379   5.37
    14098       0.3374   5.37
    14099       0.3370   5.37
    14100       0.3376   5.37
    14101       0.3376   5.37
    14102       0.3374   5.37
    14103       0.3378   5.37
    14104       0.3381   5.37
    14105       0.3378   5.37
    14106       0.3377   5.37
    14107       0.3376   5.37
    14108       0.3375   5.37
    14109       0.3363   5.36
    14110       0.3372   5.36
    14111       0.3380   5.37
    14112       0.3362   5.37
    14113       0.3370   5.37
    14114       0.3369   5.37
    14115       0.3362   5.37
    14116       0.3356   5.37
    14117       0.3364   5.37
    14118       0.3353   5.37
    14119       0.3368   5.37
    14120       0.3365   5.37
    14121       0.3358   5.38
    14122       0.3369   5.38
    14123       0.3371   5.37
    14124       0.3366   5.37
    14125       0.3360   5.37
    14126       0.3360   5.37
    14127       0.3349   5.37
    14128       0.3365   5.37
    14129       0.3363   5.37
    14130       0.3360   5.37
    14131       0.3377   5.37
    14132       0.3371   5.37
    14133       0.3360   5.37
    14134       0.3371   5.37
    14135       0.3362   5.37
    14136       0.3360   5.37
    14137       0.3361   5.37
    14138       0.3364   5.37
    14139       0.3372   5.37
    14140       0.3366   5.37
    14141       0.3366   5.37
    14142       0.3369   5.37
    14143       0.3366   5.37
    14144       0.3361   5.37
    14145       0.3365   5.37
    14146       0.3361   5.37
    14147       0.3367   5.37
    14148       0.3372   5.37
    14149       0.3358   5.37
    14150       0.3372   5.37
    14151       0.3368   5.37
    14152       0.3354   5.37
    14153       0.3370   5.37
    14154       0.3366   5.37
    14155       0.3362   5.37
    14156       0.3369   5.37
    14157       0.3372   5.37
    14158       0.3357   5.37
    14159       0.3360   5.37
    14160       0.3366   5.37
    14161       0.3362   5.37
    14162       0.3366   5.37
    14163       0.3365   5.38
    14164       0.3367   5.37
    14165       0.3371   5.37
    14166       0.3372   5.37
    14167       0.3354   5.37
    14168       0.3370   5.37
    14169       0.3367   5.37
    14170       0.3358   5.37
    14171       0.3365   5.37
    14172       0.3371   5.37
    14173       0.3370   5.37
    14174       0.3366   5.37
    14175       0.3367   5.37
    14176       0.3360   5.37
    14177       0.3361   5.37
    14178       0.3366   5.37
    14179       0.3370   5.37
    14180       0.3363   5.37
    14181       0.3365   5.37
    14182       0.3365   5.37
    14183       0.3363   5.37
    14184       0.3365   5.37
    14185       0.3369   5.37
    14186       0.3366   5.37
    14187       0.3369   5.37
    14188       0.3359   5.37
    14189       0.3349   5.37
    14190       0.3371   5.37
    14191       0.3372   5.37
    14192       0.3367   5.37
    14193       0.3372   5.37
    14194       0.3372   5.37
    14195       0.3359   5.37
    14196       0.3373   5.37
    14197       0.3365   5.37
    14198       0.3361   5.37
    14199       0.3363   5.37
    14200       0.3369   5.37
    14201       0.3363   5.37
    14202       0.3371   5.37
    14203       0.3370   5.37
    14204       0.3361   5.37
    14205       0.3365   5.37
    14206       0.3368   5.37
    14207       0.3359   5.37
    14208       0.3364   5.37
    14209       0.3361   5.37
    14210       0.3362   5.37
    14211       0.3370   5.37
    14212       0.3366   5.37
    14213       0.3363   5.37
    14214       0.3357   5.37
    14215       0.3367   5.37
    14216       0.3372   5.37
    14217       0.3363   5.37
    14218       0.3363   5.37
    14219       0.3365   5.37
    14220       0.3363   5.37
    14221       0.3365   5.37
    14222       0.3367   5.37
    14223       0.3365   5.37
    14224       0.3372   5.37
    14225       0.3378   5.37
    14226       0.3363   5.37
    14227       0.3368   5.37
    14228       0.3373   5.37
    14229       0.3366   5.37
    14230       0.3366   5.37
    14231       0.3363   5.37
    14232       0.3356   5.37
    14233       0.3361   5.37
    14234       0.3358   5.37
    14235       0.3356   5.37
    14236       0.3365   5.37
    14237       0.3365   5.37
    14238       0.3365   5.37
    14239       0.3366   5.37
    14240       0.3369   5.37
    14241       0.3358   5.37
    14242       0.3358   5.37
    14243       0.3361   5.37
    14244       0.3364   5.37
    14245       0.3364   5.37
    14246       0.3365   5.37
    14247       0.3358   5.37
    14248       0.3369   5.37
    14249       0.3365   5.37
    14250       0.3377   5.37
    14251       0.3367   5.37
    14252       0.3376   5.37
    14253       0.3374   5.37
    14254       0.3361   5.37
    14255       0.3355   5.37
    14256       0.3362   5.37
    14257       0.3366   5.37
    14258       0.3366   5.37
    14259       0.3366   5.37
    14260       0.3355   5.37
    14261       0.3360   5.37
    14262       0.3368   5.37
    14263       0.3359   5.37
    14264       0.3366   5.37
    14265       0.3363   5.37
    14266       0.3363   5.37
    14267       0.3365   5.37
    14268       0.3370   5.37
    14269       0.3365   5.37
    14270       0.3367   5.37
    14271       0.3367   5.37
    14272       0.3364   5.37
    14273       0.3369   5.37
    14274       0.3376   5.37
    14275       0.3364   5.37
    14276       0.3366   5.37
    14277       0.3377   5.37
    14278       0.3366   5.37
    14279       0.3375   5.37
    14280       0.3370   5.37
    14281       0.3357   5.37
    14282       0.3365   5.37
    14283       0.3379   5.37
    14284       0.3372   5.37
    14285       0.3367   5.37
    14286       0.3369   5.37
    14287       0.3365   5.37
    14288       0.3358   5.37
    14289       0.3365   5.37
    14290       0.3370   5.37
    14291       0.3368   5.37
    14292       0.3375   5.37
    14293       0.3372   5.37
    14294       0.3365   5.37
    14295       0.3367   5.37
    14296       0.3373   5.37
    14297       0.3362   5.37
    14298       0.3366   5.37
    14299       0.3361   5.37
    14300       0.3361   5.37
    14301       0.3372   5.37
    14302       0.3370   5.37
    14303       0.3356   5.37
    14304       0.3361   5.37
    14305       0.3368   5.37
    14306       0.3367   5.37
    14307       0.3378   5.37
    14308       0.3370   5.37
    14309       0.3354   5.37
    14310       0.3366   5.37
    14311       0.3365   5.37
    14312       0.3355   5.37
    14313       0.3351   5.37
    14314       0.3360   5.37
    14315       0.3352   5.37
    14316       0.3364   5.37
    14317       0.3368   5.37
    14318       0.3361   5.37
    14319       0.3361   5.37
    14320       0.3371   5.37
    14321       0.3363   5.37
    14322       0.3364   5.37
    14323       0.3364   5.37
    14324       0.3364   5.37
    14325       0.3362   5.37
    14326       0.3372   5.37
    14327       0.3357   5.37
    14328       0.3356   5.37
    14329       0.3368   5.37
    14330       0.3359   5.37
    14331       0.3361   5.37
    14332       0.3367   5.37
    14333       0.3361   5.37
    14334       0.3361   5.37
    14335       0.3369   5.37
    14336       0.3371   5.37
    14337       0.3362   5.37
    14338       0.3360   5.37
    14339       0.3361   5.37
    14340       0.3359   5.37
    14341       0.3365   5.37
    14342       0.3365   5.37
    14343       0.3362   5.37
    14344       0.3369   5.37
    14345       0.3368   5.37
    14346       0.3366   5.37
    14347       0.3366   5.37
    14348       0.3361   5.37
    14349       0.3360   5.37
    14350       0.3366   5.37
    14351       0.3363   5.37
    14352       0.3361   5.37
    14353       0.3370   5.37
    14354       0.3377   5.37
    14355       0.3369   5.37
    14356       0.3380   5.37
    14357       0.3368   5.37
    14358       0.3374   5.37
    14359       0.3353   5.37
    14360       0.3366   5.37
    14361       0.3358   5.37
    14362       0.3362   5.37
    14363       0.3367   5.37
    14364       0.3371   5.37
    14365       0.3356   5.37
    14366       0.3362   5.37
    14367       0.3367   5.37
    14368       0.3363   5.37
    14369       0.3365   5.37
    14370       0.3366   5.37
    14371       0.3358   5.37
    14372       0.3367   5.37
    14373       0.3368   5.37
    14374       0.3360   5.37
    14375       0.3364   5.37
    14376       0.3379   5.37
    14377       0.3368   5.37
    14378       0.3369   5.37
    14379       0.3365   5.37
    14380       0.3354   5.37
    14381       0.3369   5.37
    14382       0.3365   5.37
    14383       0.3366   5.37
    14384       0.3363   5.37
    14385       0.3365   5.37
    14386       0.3352   5.37
    14387       0.3367   5.37
    14388       0.3365   5.37
    14389       0.3360   5.37
    14390       0.3372   5.37
    14391       0.3370   5.37
    14392       0.3367   5.37
    14393       0.3372   5.37
    14394       0.3371   5.38
    14395       0.3363   5.37
    14396       0.3363   5.37
    14397       0.3373   5.37
    14398       0.3371   5.37
    14399       0.3368   5.37
    14400       0.3376   5.37
    14401       0.3372   5.37
    14402       0.3355   5.37
    14403       0.3365   5.37
    14404       0.3372   5.37
    14405       0.3361   5.37
    14406       0.3376   5.37
    14407       0.3374   5.37
    14408       0.3367   5.37
    14409       0.3368   5.37
    14410       0.3361   5.37
    14411       0.3360   5.37
    14412       0.3370   5.37
    14413       0.3369   5.37
    14414       0.3364   5.37
    14415       0.3365   5.37
    14416       0.3366   5.37
    14417       0.3359   5.37
    14418       0.3370   5.37
    14419       0.3362   5.37
    14420       0.3351   5.37
    14421       0.3361   5.37
    14422       0.3364   5.37
    14423       0.3363   5.37
    14424       0.3376   5.37
    14425       0.3375   5.37
    14426       0.3370   5.37
    14427       0.3374   5.37
    14428       0.3367   5.37
    14429       0.3370   5.37
    14430       0.3362   5.37
    14431       0.3364   5.37
    14432       0.3365   5.37
    14433       0.3365   5.37
    14434       0.3361   5.37
    14435       0.3366   5.37
    14436       0.3361   5.37
    14437       0.3366   5.37
    14438       0.3364   5.37
    14439       0.3363   5.37
    14440       0.3369   5.37
    14441       0.3367   5.37
    14442       0.3363   5.37
    14443       0.3362   5.37
    14444       0.3370   5.37
    14445       0.3367   5.37
    14446       0.3367   5.37
    14447       0.3367   5.37
    14448       0.3364   5.37
    14449       0.3371   5.37
    14450       0.3367   5.37
    14451       0.3357   5.37
    14452       0.3374   5.37
    14453       0.3371   5.37
    14454       0.3365   5.37
    14455       0.3366   5.37
    14456       0.3375   5.37
    14457       0.3368   5.37
    14458       0.3370   5.37
    14459       0.3359   5.37
    14460       0.3351   5.37
    14461       0.3366   5.37
    14462       0.3363   5.37
    14463       0.3356   5.37
    14464       0.3367   5.37
    14465       0.3369   5.37
    14466       0.3367   5.37
    14467       0.3357   5.37
    14468       0.3363   5.37
    14469       0.3374   5.37
    14470       0.3357   5.37
    14471       0.3365   5.37
    14472       0.3376   5.37
    14473       0.3362   5.37
    14474       0.3369   5.37
    14475       0.3365   5.37
    14476       0.3366   5.37
    14477       0.3371   5.37
    14478       0.3376   5.37
    14479       0.3365   5.37
    14480       0.3371   5.37
    14481       0.3377   5.37
    14482       0.3356   5.37
    14483       0.3368   5.37
    14484       0.3370   5.37
    14485       0.3361   5.37
    14486       0.3367   5.37
    14487       0.3377   5.37
    14488       0.3364   5.37
    14489       0.3364   5.37
    14490       0.3371   5.37
    14491       0.3351   5.37
    14492       0.3361   5.37
    14493       0.3366   5.37
    14494       0.3367   5.37
    14495       0.3369   5.37
    14496       0.3367   5.37
    14497       0.3359   5.37
    14498       0.3370   5.37
    14499       0.3367   5.37
    14500       0.3354   5.37
    14501       0.3373   5.37
    14502       0.3372   5.37
    14503       0.3363   5.37
    14504       0.3356   5.37
    14505       0.3368   5.37
    14506       0.3366   5.37
    14507       0.3364   5.37
    14508       0.3363   5.37
    14509       0.3367   5.37
    14510       0.3359   5.37
    14511       0.3371   5.37
    14512       0.3368   5.37
    14513       0.3351   5.37
    14514       0.3359   5.37
    14515       0.3363   5.37
    14516       0.3358   5.37
    14517       0.3369   5.37
    14518       0.3376   5.37
    14519       0.3362   5.37
    14520       0.3373   5.37
    14521       0.3367   5.37
    14522       0.3359   5.37
    14523       0.3366   5.37
    14524       0.3360   5.37
    14525       0.3363   5.37
    14526       0.3364   5.37
    14527       0.3368   5.37
    14528       0.3358   5.37
    14529       0.3376   5.37
    14530       0.3365   5.37
    14531       0.3356   5.37
    14532       0.3366   5.37
    14533       0.3369   5.37
    14534       0.3355   5.37
    14535       0.3366   5.37
    14536       0.3369   5.37
    14537       0.3371   5.37
    14538       0.3366   5.37
    14539       0.3373   5.37
    14540       0.3361   5.37
    14541       0.3363   5.37
    14542       0.3374   5.37
    14543       0.3373   5.37
    14544       0.3358   5.37
    14545       0.3359   5.37
    14546       0.3364   5.37
    14547       0.3364   5.37
    14548       0.3372   5.37
    14549       0.3378   5.37
    14550       0.3369   5.37
    14551       0.3373   5.37
    14552       0.3365   5.37
    14553       0.3365   5.37
    14554       0.3363   5.37
    14555       0.3359   5.37
    14556       0.3359   5.37
    14557       0.3364   5.37
    14558       0.3367   5.37
    14559       0.3371   5.37
    14560       0.3377   5.37
    14561       0.3367   5.37
    14562       0.3366   5.37
    14563       0.3371   5.37
    14564       0.3375   5.37
    14565       0.3359   5.37
    14566       0.3366   5.37
    14567       0.3379   5.37
    14568       0.3378   5.37
    14569       0.3366   5.37
    14570       0.3366   5.37
    14571       0.3350   5.37
    14572       0.3363   5.37
    14573       0.3366   5.37
    14574       0.3370   5.37
    14575       0.3353   5.37
    14576       0.3357   5.37
    14577       0.3369   5.37
    14578       0.3368   5.37
    14579       0.3371   5.37
    14580       0.3372   5.37
    14581       0.3348   5.37
    14582       0.3361   5.37
    14583       0.3367   5.37
    14584       0.3355   5.37
    14585       0.3371   5.37
    14586       0.3371   5.37
    14587       0.3366   5.37
    14588       0.3370   5.37
    14589       0.3360   5.37
    14590       0.3358   5.37
    14591       0.3370   5.37
    14592       0.3381   5.37
    14593       0.3369   5.37
    14594       0.3373   5.37
    14595       0.3369   5.37
    14596       0.3367   5.37
    14597       0.3366   5.37
    14598       0.3367   5.37
    14599       0.3361   5.37
    14600       0.3360   5.37
    14601       0.3365   5.37
    14602       0.3362   5.37
    14603       0.3360   5.37
    14604       0.3375   5.37
    14605       0.3363   5.38
    14606       0.3367   5.38
    14607       0.3368   5.37
    14608       0.3358   5.37
    14609       0.3360   5.37
    14610       0.3367   5.37
    14611       0.3371   5.37
    14612       0.3365   5.37
    14613       0.3363   5.37
    14614       0.3362   5.37
    14615       0.3363   5.37
    14616       0.3367   5.37
    14617       0.3372   5.37
    14618       0.3362   5.37
    14619       0.3361   5.37
    14620       0.3368   5.37
    14621       0.3362   5.37
    14622       0.3372   5.37
    14623       0.3368   5.37
    14624       0.3364   5.37
    14625       0.3366   5.37
    14626       0.3363   5.37
    14627       0.3374   5.37
    14628       0.3370   5.37
    14629       0.3369   5.37
    14630       0.3360   5.37
    14631       0.3369   5.37
    14632       0.3366   5.37
    14633       0.3362   5.37
    14634       0.3370   5.37
    14635       0.3361   5.37
    14636       0.3361   5.38
    14637       0.3369   5.38
    14638       0.3365   5.37
    14639       0.3363   5.37
    14640       0.3368   5.37
    14641       0.3366   5.37
    14642       0.3366   5.37
    14643       0.3376   5.37
    14644       0.3384   5.37
    14645       0.3366   5.37
    14646       0.3365   5.37
    14647       0.3381   5.37
    14648       0.3382   5.37
    14649       0.3374   5.37
    14650       0.3375   5.37
    14651       0.3383   5.37
    14652       0.3369   5.37
    14653       0.3374   5.37
    14654       0.3370   5.37
    14655       0.3363   5.37
    14656       0.3374   5.37
    14657       0.3373   5.37
    14658       0.3359   5.37
    14659       0.3376   5.37
    14660       0.3380   5.37
    14661       0.3364   5.37
    14662       0.3368   5.37
    14663       0.3373   5.37
    14664       0.3366   5.37
    14665       0.3378   5.37
    14666       0.3378   5.37
    14667       0.3376   5.37
    14668       0.3370   5.37
    14669       0.3370   5.37
    14670       0.3362   5.37
    14671       0.3379   5.37
    14672       0.3378   5.37
    14673       0.3366   5.37
    14674       0.3384   5.37
    14675       0.3380   5.37
    14676       0.3375   5.37
    14677       0.3362   5.37
    14678       0.3375   5.37
    14679       0.3373   5.37
    14680       0.3368   5.37
    14681       0.3384   5.37
    14682       0.3377   5.37
    14683       0.3366   5.37
    14684       0.3370   5.37
    14685       0.3385   5.37
    14686       0.3368   5.37
    14687       0.3375   5.37
    14688       0.3376   5.37
    14689       0.3374   5.37
    14690       0.3372   5.37
    14691       0.3370   5.37
    14692       0.3369   5.37
    14693       0.3374   5.37
    14694       0.3375   5.37
    14695       0.3359   5.37
    14696       0.3375   5.37
    14697       0.3372   5.37
    14698       0.3364   5.37
    14699       0.3374   5.37
    14700       0.3377   5.37
    14701       0.3372   5.37
    14702       0.3387   5.37
    14703       0.3382   5.37
    14704       0.3368   5.37
    14705       0.3381   5.37
    14706       0.3378   5.37
    14707       0.3381   5.37
    14708       0.3364   5.36
    14709       0.3369   5.36
    14710       0.3372   5.37
    14711       0.3370   5.37
    14712       0.3369   5.37
    14713       0.3364   5.37
    14714       0.3367   5.37
    14715       0.3364   5.37
    14716       0.3371   5.37
    14717       0.3373   5.37
    14718       0.3375   5.37
    14719       0.3369   5.37
    14720       0.3367   5.37
    14721       0.3374   5.37
    14722       0.3385   5.37
    14723       0.3369   5.37
    14724       0.3369   5.37
    14725       0.3370   5.37
    14726       0.3364   5.37
    14727       0.3377   5.37
    14728       0.3370   5.37
    14729       0.3369   5.37
    14730       0.3376   5.37
    14731       0.3380   5.37
    14732       0.3366   5.37
    14733       0.3377   5.37
    14734       0.3380   5.37
    14735       0.3371   5.37
    14736       0.3382   5.37
    14737       0.3372   5.37
    14738       0.3368   5.37
    14739       0.3368   5.37
    14740       0.3381   5.37
    14741       0.3380   5.37
    14742       0.3368   5.37
    14743       0.3372   5.37
    14744       0.3376   5.37
    14745       0.3363   5.37
    14746       0.3376   5.37
    14747       0.3376   5.37
    14748       0.3379   5.37
    14749       0.3380   5.37
    14750       0.3378   5.37
    14751       0.3375   5.37
    14752       0.3380   5.37
    14753       0.3369   5.37
    14754       0.3367   5.37
    14755       0.3377   5.37
    14756       0.3453   5.37
    14757       0.3374   5.37
    14758       0.3378   5.37
    14759       0.3380   5.37
    14760       0.3363   5.37
    14761       0.3371   5.37
    14762       0.3375   5.37
    14763       0.3374   5.37
    14764       0.3375   5.37
    14765       0.3381   5.37
    14766       0.3364   5.37
    14767       0.3372   5.37
    14768       0.3378   5.37
    14769       0.3380   5.37
    14770       0.3371   5.37
    14771       0.3376   5.37
    14772       0.3377   5.37
    14773       0.3366   5.37
    14774       0.3367   5.37
    14775       0.3379   5.37
    14776       0.3371   5.37
    14777       0.3378   5.37
    14778       0.3383   5.37
    14779       0.3375   5.37
    14780       0.3379   5.37
    14781       0.3385   5.37
    14782       0.3376   5.37
    14783       0.3379   5.37
    14784       0.3373   5.37
    14785       0.3369   5.37
    14786       0.3378   5.37
    14787       0.3380   5.37
    14788       0.3372   5.37
    14789       0.3375   5.37
    14790       0.3376   5.37
    14791       0.3365   5.37
    14792       0.3372   5.37
    14793       0.3376   5.37
    14794       0.3373   5.37
    14795       0.3373   5.37
    14796       0.3373   5.37
    14797       0.3371   5.37
    14798       0.3376   5.37
    14799       0.3378   5.37
    14800       0.3378   5.37
    14801       0.3377   5.37
    14802       0.3377   5.37
    14803       0.3372   5.37
    14804       0.3365   5.37
    14805       0.3371   5.37
    14806       0.3375   5.37
    14807       0.3362   5.37
    14808       0.3378   5.37
    14809       0.3377   5.37
    14810       0.3363   5.37
    14811       0.3370   5.37
    14812       0.3371   5.37
    14813       0.3368   5.37
    14814       0.3374   5.37
    14815       0.3377   5.37
    14816       0.3375   5.37
    14817       0.3381   5.37
    14818       0.3376   5.37
    14819       0.3375   5.37
    14820       0.3375   5.37
    14821       0.3369   5.37
    14822       0.3373   5.37
    14823       0.3379   5.37
    14824       0.3379   5.37
    14825       0.3371   5.37
    14826       0.3385   5.37
    14827       0.3380   5.37
    14828       0.3374   5.37
    14829       0.3380   5.37
    14830       0.3382   5.37
    14831       0.3378   5.37
    14832       0.3376   5.37
    14833       0.3372   5.37
    14834       0.3366   5.37
    14835       0.3369   5.37
    14836       0.3372   5.37
    14837       0.3378   5.37
    14838       0.3371   5.37
    14839       0.3368   5.37
    14840       0.3374   5.37
    14841       0.3373   5.37
    14842       0.3382   5.37
    14843       0.3377   5.37
    14844       0.3378   5.37
    14845       0.3383   5.37
    14846       0.3369   5.37
    14847       0.3370   5.37
    14848       0.3374   5.37
    14849       0.3368   5.37
    14850       0.3359   5.37
    14851       0.3371   5.37
    14852       0.3373   5.37
    14853       0.3366   5.37
    14854       0.3380   5.37
    14855       0.3376   5.37
    14856       0.3371   5.37
    14857       0.3369   5.37
    14858       0.3375   5.37
    14859       0.3370   5.37
    14860       0.3366   5.37
    14861       0.3373   5.37
    14862       0.3371   5.37
    14863       0.3374   5.37
    14864       0.3379   5.37
    14865       0.3376   5.37
    14866       0.3372   5.37
    14867       0.3377   5.37
    14868       0.3381   5.36
    14869       0.3373   5.37
    14870       0.3374   5.37
    14871       0.3373   5.37
    14872       0.3365   5.37
    14873       0.3377   5.37
    14874       0.3376   5.37
    14875       0.3367   5.37
    14876       0.3372   5.37
    14877       0.3384   5.37
    14878       0.3371   5.37
    14879       0.3374   5.37
    14880       0.3373   5.37
    14881       0.3379   5.37
    14882       0.3389   5.37
    14883       0.3381   5.37
    14884       0.3376   5.37
    14885       0.3386   5.37
    14886       0.3373   5.37
    14887       0.3369   5.37
    14888       0.3375   5.37
    14889       0.3371   5.36
    14890       0.3370   5.37
    14891       0.3369   5.37
    14892       0.3384   5.37
    14893       0.3383   5.37
    14894       0.3371   5.37
    14895       0.3384   5.37
    14896       0.3369   5.36
    14897       0.3372   5.37
    14898       0.3372   5.37
    14899       0.3377   5.37
    14900       0.3377   5.37
    14901       0.3379   5.37
    14902       0.3379   5.37
    14903       0.3377   5.37
    14904       0.3371   5.37
    14905       0.3380   5.37
    14906       0.3364   5.37
    14907       0.3369   5.37
    14908       0.3380   5.37
    14909       0.3372   5.37
    14910       0.3382   5.37
    14911       0.3379   5.37
    14912       0.3376   5.37
    14913       0.3373   5.37
    14914       0.3384   5.37
    14915       0.3371   5.37
    14916       0.3372   5.37
    14917       0.3373   5.37
    14918       0.3373   5.37
    14919       0.3370   5.37
    14920       0.3376   5.37
    14921       0.3381   5.37
    14922       0.3372   5.37
    14923       0.3383   5.37
    14924       0.3383   5.37
    14925       0.3375   5.37
    14926       0.3374   5.37
    14927       0.3375   5.37
    14928       0.3374   5.36
    14929       0.3377   5.36
    14930       0.3377   5.36
    14931       0.3374   5.37
    14932       0.3375   5.37
    14933       0.3377   5.37
    14934       0.3373   5.37
    14935       0.3376   5.37
    14936       0.3380   5.37
    14937       0.3373   5.37
    14938       0.3381   5.37
    14939       0.3377   5.37
    14940       0.3370   5.37
    14941       0.3370   5.37
    14942       0.3377   5.37
    14943       0.3366   5.37
    14944       0.3383   5.37
    14945       0.3379   5.37
    14946       0.3361   5.37
    14947       0.3371   5.37
    14948       0.3362   5.37
    14949       0.3370   5.37
    14950       0.3367   5.37
    14951       0.3367   5.37
    14952       0.3363   5.37
    14953       0.3362   5.37
    14954       0.3367   5.37
    14955       0.3369   5.37
    14956       0.3368   5.37
    14957       0.3368   5.37
    14958       0.3361   5.37
    14959       0.3350   5.36
    14960       0.3360   5.36
    14961       0.3371   5.36
    14962       0.3360   5.37
    14963       0.3360   5.37
    14964       0.3372   5.37
    14965       0.3361   5.37
    14966       0.3371   5.37
    14967       0.3367   5.37
    14968       0.3351   5.37
    14969       0.3355   5.37
    14970       0.3365   5.37
    14971       0.3359   5.37
    14972       0.3373   5.37
    14973       0.3366   5.37
    14974       0.3362   5.37
    14975       0.3370   5.37
    14976       0.3372   5.37
    14977       0.3360   5.37
    14978       0.3373   5.37
    14979       0.3369   5.37
    14980       0.3361   5.37
    14981       0.3365   5.37
    14982       0.3368   5.37
    14983       0.3356   5.37
    14984       0.3368   5.37
    14985       0.3370   5.37
    14986       0.3370   5.37
    14987       0.3363   5.37
    14988       0.3365   5.37
    14989       0.3370   5.37
    14990       0.3358   5.37
    14991       0.3361   5.37
    14992       0.3372   5.37
    14993       0.3360   5.37
    14994       0.3372   5.37
    14995       0.3372   5.37
    14996       0.3362   5.37
    14997       0.3368   5.37
    14998       0.3371   5.37
    14999       0.3354   5.37
    15000       0.3360   5.37
    15001       0.3367   5.37
    15002       0.3356   5.37
    15003       0.3372   5.37
    15004       0.3370   5.37
    15005       0.3365   5.37
    15006       0.3370   5.37
    15007       0.3369   5.37
    15008       0.3364   5.37
    15009       0.3372   5.37
    15010       0.3372   5.37
    15011       0.3359   5.37
    15012       0.3387   5.37
    15013       0.3376   5.37
    15014       0.3368   5.36
    15015       0.3371   5.36
    15016       0.3365   5.36
    15017       0.3369   5.36
    15018       0.3380   5.36
    15019       0.3386   5.37
    15020       0.3373   5.37
    15021       0.3376   5.37
    15022       0.3373   5.37
    15023       0.3380   5.37
    15024       0.3367   5.37
    15025       0.3369   5.37
    15026       0.3376   5.37
    15027       0.3374   5.37
    15028       0.3384   5.37
    15029       0.3378   5.37
    15030       0.3366   5.37
    15031       0.3378   5.37
    15032       0.3377   5.37
    15033       0.3368   5.37
    15034       0.3374   5.37
    15035       0.3377   5.37
    15036       0.3362   5.37
    15037       0.3383   5.37
    15038       0.3373   5.37
    15039       0.3373   5.37
    15040       0.3373   5.37
    15041       0.3376   5.37
    15042       0.3368   5.37
    15043       0.3380   5.37
    15044       0.3371   5.37
    15045       0.3377   5.37
    15046       0.3381   5.37
    15047       0.3377   5.37
    15048       0.3374   5.37
    15049       0.3376   5.37
    15050       0.3383   5.37
    15051       0.3379   5.37
    15052       0.3368   5.37
    15053       0.3379   5.37
    15054       0.3379   5.37
    15055       0.3371   5.37
    15056       0.3377   5.37
    15057       0.3376   5.37
    15058       0.3374   5.37
    15059       0.3378   5.37
    15060       0.3380   5.37
    15061       0.3377   5.37
    15062       0.3385   5.37
    15063       0.3370   5.37
    15064       0.3369   5.37
    15065       0.3381   5.37
    15066       0.3377   5.37
    15067       0.3370   5.37
    15068       0.3385   5.37
    15069       0.3385   5.37
    15070       0.3380   5.37
    15071       0.3376   5.37
    15072       0.3376   5.37
    15073       0.3377   5.37
    15074       0.3376   5.37
    15075       0.3379   5.37
    15076       0.3370   5.37
    15077       0.3378   5.37
    15078       0.3378   5.37
    15079       0.3379   5.37
    15080       0.3362   5.37
    15081       0.3374   5.37
    15082       0.3372   5.37
    15083       0.3374   5.37
    15084       0.3373   5.37
    15085       0.3373   5.37
    15086       0.3359   5.37
    15087       0.3375   5.37
    15088       0.3377   5.37
    15089       0.3367   5.37
    15090       0.3372   5.37
    15091       0.3377   5.37
    15092       0.3365   5.37
    15093       0.3377   5.37
    15094       0.3378   5.37
    15095       0.3374   5.37
    15096       0.3381   5.37
    15097       0.3384   5.37
    15098       0.3377   5.37
    15099       0.3377   5.37
    15100       0.3378   5.37
    15101       0.3372   5.37
    15102       0.3385   5.37
    15103       0.3376   5.37
    15104       0.3371   5.37
    15105       0.3376   5.37
    15106       0.3377   5.37
    15107       0.3378   5.37
    15108       0.3377   5.37
    15109       0.3382   5.37
    15110       0.3375   5.37
    15111       0.3367   5.37
    15112       0.3378   5.37
    15113       0.3376   5.37
    15114       0.3365   5.37
    15115       0.3378   5.37
    15116       0.3378   5.37
    15117       0.3379   5.37
    15118       0.3371   5.37
    15119       0.3373   5.37
    15120       0.3363   5.37
    15121       0.3374   5.37
    15122       0.3369   5.37
    15123       0.3379   5.37
    15124       0.3386   5.37
    15125       0.3382   5.37
    15126       0.3372   5.37
    15127       0.3381   5.37
    15128       0.3387   5.37
    15129       0.3374   5.37
    15130       0.3382   5.37
    15131       0.3374   5.37
    15132       0.3359   5.37
    15133       0.3377   5.37
    15134       0.3379   5.37
    15135       0.3369   5.37
    15136       0.3389   5.37
    15137       0.3381   5.37
    15138       0.3371   5.37
    15139       0.3370   5.37
    15140       0.3375   5.37
    15141       0.3380   5.37
    15142       0.3377   5.37
    15143       0.3371   5.37
    15144       0.3372   5.37
    15145       0.3366   5.37
    15146       0.3372   5.37
    15147       0.3369   5.37
    15148       0.3373   5.37
    15149       0.3378   5.37
    15150       0.3373   5.37
    15151       0.3366   5.37
    15152       0.3374   5.37
    15153       0.3379   5.37
    15154       0.3377   5.37
    15155       0.3381   5.37
    15156       0.3386   5.37
    15157       0.3378   5.37
    15158       0.3379   5.37
    15159       0.3380   5.37
    15160       0.3374   5.37
    15161       0.3375   5.37
    15162       0.3369   5.36
    15163       0.3360   5.37
    15164       0.3377   5.37
    15165       0.3381   5.37
    15166       0.3374   5.37
    15167       0.3378   5.37
    15168       0.3382   5.37
    15169       0.3378   5.37
    15170       0.3370   5.37
    15171       0.3377   5.37
    15172       0.3378   5.37
    15173       0.3367   5.37
    15174       0.3383   5.37
    15175       0.3376   5.37
    15176       0.3367   5.37
    15177       0.3378   5.37
    15178       0.3380   5.37
    15179       0.3365   5.37
    15180       0.3379   5.37
    15181       0.3378   5.37
    15182       0.3377   5.37
    15183       0.3376   5.37
    15184       0.3382   5.37
    15185       0.3373   5.37
    15186       0.3369   5.37
    15187       0.3381   5.37
    15188       0.3370   5.37
    15189       0.3367   5.37
    15190       0.3375   5.37
    15191       0.3366   5.36
    15192       0.3384   5.36
    15193       0.3385   5.37
    15194       0.3371   5.37
    15195       0.3381   5.37
    15196       0.3378   5.37
    15197       0.3379   5.37
    15198       0.3382   5.37
    15199       0.3373   5.37
    15200       0.3377   5.37
    15201       0.3380   5.37
    15202       0.3390   5.37
    15203       0.3387   5.37
    15204       0.3374   5.37
    15205       0.3380   5.37
    15206       0.3373   5.37
    15207       0.3368   5.36
    15208       0.3375   5.36
    15209       0.3374   5.37
    15210       0.3380   5.37
    15211       0.3373   5.37
    15212       0.3379   5.37
    15213       0.3382   5.37
    15214       0.3372   5.37
    15215       0.3374   5.37
    15216       0.3364   5.37
    15217       0.3368   5.37
    15218       0.3372   5.37
    15219       0.3374   5.37
    15220       0.3383   5.37
    15221       0.3375   5.37
    15222       0.3367   5.37
    15223       0.3374   5.37
    15224       0.3378   5.37
    15225       0.3376   5.37
    15226       0.3389   5.37
    15227       0.3382   5.37
    15228       0.3368   5.37
    15229       0.3369   5.37
    15230       0.3418   5.37
    15231       0.3368   5.36
    15232       0.3374   5.37
    15233       0.3385   5.37
    15234       0.3385   5.37
    15235       0.3365   5.37
    15236       0.3374   5.37
    15237       0.3372   5.37
    15238       0.3373   5.37
    15239       0.3371   5.37
    15240       0.3377   5.37
    15241       0.3359   5.37
    15242       0.3382   5.37
    15243       0.3375   5.37
    15244       0.3369   5.37
    15245       0.3380   5.37
    15246       0.3380   5.37
    15247       0.3373   5.37
    15248       0.3378   5.37
    15249       0.3367   5.37
    15250       0.3357   5.37
    15251       0.3369   5.37
    15252       0.3364   5.37
    15253       0.3360   5.37
    15254       0.3363   5.37
    15255       0.3366   5.37
    15256       0.3357   5.37
    15257       0.3371   5.37
    15258       0.3381   5.37
    15259       0.3380   5.37
    15260       0.3349   5.37
    15261       0.3357   5.37
    15262       0.3366   5.37
    15263       0.3361   5.37
    15264       0.3365   5.37
    15265       0.3364   5.37
    15266       0.3366   5.37
    15267       0.3377   5.37
    15268       0.3376   5.37
    15269       0.3357   5.37
    15270       0.3365   5.37
    15271       0.3366   5.37
    15272       0.3353   5.37
    15273       0.3360   5.37
    15274       0.3366   5.37
    15275       0.3365   5.37
    15276       0.3363   5.37
    15277       0.3364   5.37
    15278       0.3351   5.37
    15279       0.3363   5.37
    15280       0.3371   5.37
    15281       0.3362   5.37
    15282       0.3366   5.37
    15283       0.3368   5.37
    15284       0.3356   5.37
    15285       0.3368   5.37
    15286       0.3370   5.37
    15287       0.3356   5.37
    15288       0.3363   5.37
    15289       0.3362   5.37
    15290       0.3360   5.37
    15291       0.3368   5.37
    15292       0.3366   5.37
    15293       0.3363   5.37
    15294       0.3373   5.37
    15295       0.3362   5.37
    15296       0.3359   5.37
    15297       0.3367   5.37
    15298       0.3375   5.37
    15299       0.3366   5.37
    15300       0.3359   5.37
    15301       0.3369   5.37
    15302       0.3370   5.37
    15303       0.3363   5.37
    15304       0.3373   5.37
    15305       0.3370   5.37
    15306       0.3360   5.37
    15307       0.3366   5.37
    15308       0.3368   5.37
    15309       0.3364   5.37
    15310       0.3373   5.37
    15311       0.3370   5.37
    15312       0.3365   5.37
    15313       0.3364   5.37
    15314       0.3362   5.37
    15315       0.3355   5.38
    15316       0.3368   5.38
    15317       0.3366   5.37
    15318       0.3355   5.37
    15319       0.3361   5.37
    15320       0.3368   5.37
    15321       0.3365   5.37
    15322       0.3369   5.37
    15323       0.3368   5.37
    15324       0.3350   5.37
    15325       0.3368   5.37
    15326       0.3358   5.37
    15327       0.3358   5.38
    15328       0.3367   5.38
    15329       0.3363   5.37
    15330       0.3354   5.37
    15331       0.3363   5.37
    15332       0.3370   5.37
    15333       0.3356   5.37
    15334       0.3345   5.37
    15335       0.3362   5.37
    15336       0.3362   5.37
    15337       0.3367   5.37
    15338       0.3367   5.37
    15339       0.3366   5.37
    15340       0.3363   5.37
    15341       0.3365   5.37
    15342       0.3362   5.38
    15343       0.3365   5.37
    15344       0.3370   5.37
    15345       0.3368   5.37
    15346       0.3366   5.37
    15347       0.3368   5.37
    15348       0.3366   5.37
    15349       0.3363   5.37
    15350       0.3365   5.37
    15351       0.3369   5.37
    15352       0.3370   5.37
    15353       0.3372   5.37
    15354       0.3377   5.37
    15355       0.3366   5.37
    15356       0.3367   5.37
    15357       0.3365   5.37
    15358       0.3354   5.37
    15359       0.3368   5.37
    15360       0.3370   5.37
    15361       0.3353   5.37
    15362       0.3368   5.37
    15363       0.3371   5.37
    15364       0.3365   5.37
    15365       0.3372   5.37
    15366       0.3366   5.37
    15367       0.3353   5.37
    15368       0.3366   5.37
    15369       0.3375   5.37
    15370       0.3365   5.37
    15371       0.3363   5.37
    15372       0.3372   5.37
    15373       0.3378   5.37
    15374       0.3377   5.37
    15375       0.3375   5.37
    15376       0.3375   5.37
    15377       0.3367   5.37
    15378       0.3377   5.37
    15379       0.3379   5.37
    15380       0.3373   5.37
    15381       0.3376   5.37
    15382       0.3380   5.37
    15383       0.3372   5.37
    15384       0.3379   5.37
    15385       0.3374   5.37
    15386       0.3379   5.37
    15387       0.3382   5.37
    15388       0.3376   5.37
    15389       0.3365   5.37
    15390       0.3380   5.37
    15391       0.3380   5.37
    15392       0.3370   5.37
    15393       0.3378   5.37
    15394       0.3376   5.37
    15395       0.3378   5.37
    15396       0.3371   5.37
    15397       0.3375   5.37
    15398       0.3365   5.37
    15399       0.3377   5.37
    15400       0.3379   5.37
    15401       0.3381   5.37
    15402       0.3363   5.37
    15403       0.3372   5.37
    15404       0.3372   5.37
    15405       0.3361   5.37
    15406       0.3367   5.37
    15407       0.3375   5.37
    15408       0.3369   5.37
    15409       0.3372   5.37
    15410       0.3380   5.37
    15411       0.3375   5.37
    15412       0.3378   5.37
    15413       0.3371   5.37
    15414       0.3380   5.37
    15415       0.3375   5.37
    15416       0.3376   5.37
    15417       0.3375   5.37
    15418       0.3381   5.37
    15419       0.3380   5.37
    15420       0.3377   5.37
    15421       0.3370   5.37
    15422       0.3376   5.37
    15423       0.3374   5.37
    15424       0.3373   5.37
    15425       0.3378   5.37
    15426       0.3373   5.37
    15427       0.3372   5.37
    15428       0.3374   5.37
    15429       0.3373   5.37
    15430       0.3375   5.37
    15431       0.3387   5.37
    15432       0.3387   5.37
    15433       0.3375   5.37
    15434       0.3375   5.37
    15435       0.3375   5.37
    15436       0.3369   5.37
    15437       0.3375   5.37
    15438       0.3374   5.37
    15439       0.3375   5.37
    15440       0.3371   5.37
    15441       0.3374   5.37
    15442       0.3369   5.37
    15443       0.3386   5.37
    15444       0.3381   5.37
    15445       0.3362   5.37
    15446       0.3374   5.37
    15447       0.3373   5.37
    15448       0.3363   5.37
    15449       0.3371   5.37
    15450       0.3374   5.37
    15451       0.3372   5.37
    15452       0.3378   5.37
    15453       0.3380   5.37
    15454       0.3377   5.37
    15455       0.3382   5.37
    15456       0.3377   5.37
    15457       0.3367   5.37
    15458       0.3376   5.37
    15459       0.3379   5.37
    15460       0.3378   5.37
    15461       0.3369   5.37
    15462       0.3386   5.37
    15463       0.3386   5.37
    15464       0.3372   5.37
    15465       0.3379   5.37
    15466       0.3376   5.37
    15467       0.3370   5.36
    15468       0.3375   5.36
    15469       0.3376   5.37
    15470       0.3370   5.37
    15471       0.3368   5.37
    15472       0.3364   5.37
    15473       0.3362   5.37
    15474       0.3372   5.37
    15475       0.3377   5.37
    15476       0.3374   5.37
    15477       0.3382   5.37
    15478       0.3379   5.37
    15479       0.3374   5.37
    15480       0.3379   5.37
    15481       0.3378   5.37
    15482       0.3377   5.37
    15483       0.3378   5.37
    15484       0.3371   5.37
    15485       0.3363   5.37
    15486       0.3377   5.37
    15487       0.3378   5.37
    15488       0.3373   5.37
    15489       0.3369   5.37
    15490       0.3376   5.37
    15491       0.3381   5.37
    15492       0.3370   5.37
    15493       0.3375   5.37
    15494       0.3380   5.37
    15495       0.3364   5.37
    15496       0.3373   5.37
    15497       0.3380   5.37
    15498       0.3372   5.37
    15499       0.3378   5.37
    15500       0.3372   5.37
    15501       0.3370   5.37
    15502       0.3386   5.37
    15503       0.3385   5.37
    15504       0.3372   5.37
    15505       0.3374   5.37
    15506       0.3375   5.37
    15507       0.3368   5.37
    15508       0.3380   5.37
    15509       0.3379   5.37
    15510       0.3378   5.37
    15511       0.3365   5.37
    15512       0.3373   5.37
    15513       0.3361   5.37
    15514       0.3375   5.37
    15515       0.3379   5.37
    15516       0.3366   5.37
    15517       0.3378   5.37
    15518       0.3382   5.37
    15519       0.3366   5.37
    15520       0.3384   5.37
    15521       0.3380   5.37
    15522       0.3382   5.37
    15523       0.3366   5.37
    15524       0.3378   5.37
    15525       0.3376   5.37
    15526       0.3366   5.37
    15527       0.3375   5.37
    15528       0.3377   5.38
    15529       0.3368   5.37
    15530       0.3375   5.37
    15531       0.3378   5.37
    15532       0.3371   5.37
    15533       0.3376   5.37
    15534       0.3376   5.37
    15535       0.3383   5.37
    15536       0.3380   5.37
    15537       0.3377   5.37
    15538       0.3371   5.37
    15539       0.3377   5.37
    15540       0.3374   5.37
    15541       0.3369   5.37
    15542       0.3374   5.37
    15543       0.3373   5.37
    15544       0.3372   5.37
    15545       0.3381   5.37
    15546       0.3376   5.37
    15547       0.3369   5.37
    15548       0.3375   5.37
    15549       0.3386   5.37
    15550       0.3374   5.37
    15551       0.3384   5.37
    15552       0.3380   5.37
    15553       0.3369   5.37
    15554       0.3366   5.37
    15555       0.3373   5.37
    15556       0.3378   5.36
    15557       0.3368   5.37
    15558       0.3378   5.37
    15559       0.3371   5.37
    15560       0.3373   5.37
    15561       0.3377   5.37
    15562       0.3375   5.37
    15563       0.3374   5.37
    15564       0.3377   5.37
    15565       0.3379   5.37
    15566       0.3374   5.37
    15567       0.3378   5.37
    15568       0.3375   5.37
    15569       0.3366   5.36
    15570       0.3378   5.36
    15571       0.3377   5.37
    15572       0.3368   5.37
    15573       0.3373   5.37
    15574       0.3370   5.37
    15575       0.3364   5.37
    15576       0.3381   5.37
    15577       0.3381   5.37
    15578       0.3378   5.37
    15579       0.3378   5.37
    15580       0.3377   5.37
    15581       0.3378   5.37
    15582       0.3362   5.37
    15583       0.3379   5.37
    15584       0.3379   5.37
    15585       0.3361   5.37
    15586       0.3377   5.37
    15587       0.3375   5.37
    15588       0.3366   5.37
    15589       0.3374   5.37
    15590       0.3377   5.37
    15591       0.3370   5.37
    15592       0.3379   5.37
    15593       0.3367   5.37
    15594       0.3360   5.37
    15595       0.3372   5.37
    15596       0.3377   5.37
    15597       0.3374   5.37
    15598       0.3375   5.37
    15599       0.3374   5.37
    15600       0.3369   5.37
    15601       0.3378   5.37
    15602       0.3379   5.37
    15603       0.3377   5.37
    15604       0.3381   5.37
    15605       0.3385   5.37
    15606       0.3372   5.37
    15607       0.3379   5.37
    15608       0.3382   5.37
    15609       0.3366   5.37
    15610       0.3376   5.37
    15611       0.3377   5.37
    15612       0.3375   5.37
    15613       0.3369   5.37
    15614       0.3378   5.37
    15615       0.3380   5.37
    15616       0.3378   5.37
    15617       0.3377   5.37
    15618       0.3372   5.37
    15619       0.3367   5.37
    15620       0.3375   5.37
    15621       0.3375   5.37
    15622       0.3374   5.37
    15623       0.3380   5.37
    15624       0.3380   5.37
    15625       0.3374   5.37
    15626       0.3381   5.37
    15627       0.3379   5.37
    15628       0.3371   5.37
    15629       0.3377   5.37
    15630       0.3386   5.37
    15631       0.3377   5.37
    15632       0.3376   5.37
    15633       0.3376   5.37
    15634       0.3376   5.37
    15635       0.3380   5.37
    15636       0.3372   5.37
    15637       0.3366   5.37
    15638       0.3379   5.37
    15639       0.3381   5.37
    15640       0.3376   5.37
    15641       0.3377   5.37
    15642       0.3379   5.37
    15643       0.3379   5.37
    15644       0.3374   5.37
    15645       0.3377   5.37
    15646       0.3377   5.37
    15647       0.3379   5.37
    15648       0.3380   5.37
    15649       0.3379   5.37
    15650       0.3373   5.37
    15651       0.3376   5.37
    15652       0.3380   5.37
    15653       0.3372   5.37
    15654       0.3376   5.37
    15655       0.3371   5.37
    15656       0.3372   5.37
    15657       0.3375   5.37
    15658       0.3375   5.37
    15659       0.3364   5.37
    15660       0.3380   5.37
    15661       0.3385   5.37
    15662       0.3369   5.37
    15663       0.3369   5.37
    15664       0.3379   5.37
    15665       0.3378   5.37
    15666       0.3385   5.37
    15667       0.3373   5.37
    15668       0.3367   5.37
    15669       0.3375   5.37
    15670       0.3377   5.37
    15671       0.3375   5.37
    15672       0.3376   5.37
    15673       0.3380   5.37
    15674       0.3374   5.37
    15675       0.3370   5.37
    15676       0.3381   5.37
    15677       0.3367   5.37
    15678       0.3365   5.37
    15679       0.3379   5.37
    15680       0.3385   5.37
    15681       0.3365   5.37
    15682       0.3381   5.37
    15683       0.3374   5.37
    15684       0.3376   5.37
    15685       0.3383   5.37
    15686       0.3390   5.37
    15687       0.3369   5.37
    15688       0.3379   5.37
    15689       0.3378   5.37
    15690       0.3374   5.37
    15691       0.3375   5.37
    15692       0.3371   5.37
    15693       0.3362   5.37
    15694       0.3372   5.37
    15695       0.3371   5.37
    15696       0.3370   5.37
    15697       0.3367   5.37
    15698       0.3376   5.37
    15699       0.3374   5.37
    15700       0.3376   5.37
    15701       0.3371   5.37
    15702       0.3376   5.37
    15703       0.3379   5.37
    15704       0.3371   5.37
    15705       0.3374   5.37
    15706       0.3370   5.37
    15707       0.3385   5.37
    15708       0.3382   5.37
    15709       0.3368   5.37
    15710       0.3371   5.37
    15711       0.3377   5.37
    15712       0.3375   5.37
    15713       0.3383   5.37
    15714       0.3382   5.37
    15715       0.3368   5.37
    15716       0.3384   5.37
    15717       0.3380   5.37
    15718       0.3375   5.37
    15719       0.3371   5.37
    15720       0.3372   5.37
    15721       0.3375   5.36
    15722       0.3370   5.36
    15723       0.3375   5.37
    15724       0.3372   5.37
    15725       0.3380   5.37
    15726       0.3381   5.37
    15727       0.3368   5.37
    15728       0.3373   5.37
    15729       0.3376   5.37
    15730       0.3371   5.37
    15731       0.3366   5.37
    15732       0.3379   5.37
    15733       0.3382   5.37
    15734       0.3371   5.37
    15735       0.3376   5.37
    15736       0.3381   5.37
    15737       0.3378   5.37
    15738       0.3381   5.37
    15739       0.3383   5.37
    15740       0.3379   5.37
    15741       0.3388   5.37
    15742       0.3374   5.37
    15743       0.3370   5.37
    15744       0.3376   5.37
    15745       0.3372   5.37
    15746       0.3369   5.37
    15747       0.3374   5.37
    15748       0.3377   5.37
    15749       0.3367   5.37
    15750       0.3376   5.37
    15751       0.3376   5.37
    15752       0.3371   5.37
    15753       0.3374   5.37
    15754       0.3376   5.37
    15755       0.3367   5.37
    15756       0.3370   5.37
    15757       0.3376   5.37
    15758       0.3374   5.37
    15759       0.3375   5.37
    15760       0.3368   5.37
    15761       0.3373   5.37
    15762       0.3376   5.37
    15763       0.3375   5.37
    15764       0.3381   5.37
    15765       0.3377   5.37
    15766       0.3376   5.37
    15767       0.3374   5.37
    15768       0.3364   5.37
    15769       0.3380   5.37
    15770       0.3382   5.37
    15771       0.3375   5.37
    15772       0.3380   5.37
    15773       0.3374   5.37
    15774       0.3371   5.37
    15775       0.3379   5.37
    15776       0.3380   5.37
    15777       0.3373   5.37
    15778       0.3378   5.37
    15779       0.3371   5.37
    15780       0.3362   5.37
    15781       0.3373   5.37
    15782       0.3377   5.37
    15783       0.3371   5.37
    15784       0.3381   5.37
    15785       0.3369   5.37
    15786       0.3366   5.37
    15787       0.3378   5.37
    15788       0.3379   5.37
    15789       0.3380   5.37
    15790       0.3375   5.37
    15791       0.3387   5.37
    15792       0.3370   5.37
    15793       0.3360   5.37
    15794       0.3375   5.37
    15795       0.3376   5.37
    15796       0.3363   5.37
    15797       0.3377   5.37
    15798       0.3375   5.37
    15799       0.3369   5.37
    15800       0.3378   5.37
    15801       0.3373   5.37
    15802       0.3371   5.37
    15803       0.3371   5.37
    15804       0.3386   5.37
    15805       0.3375   5.37
    15806       0.3377   5.37
    15807       0.3370   5.37
    15808       0.3369   5.37
    15809       0.3369   5.37
    15810       0.3371   5.37
    15811       0.3365   5.37
    15812       0.3376   5.37
    15813       0.3385   5.37
    15814       0.3383   5.37
    15815       0.3379   5.37
    15816       0.3375   5.37
    15817       0.3377   5.37
    15818       0.3374   5.37
    15819       0.3373   5.37
    15820       0.3373   5.37
    15821       0.3378   5.37
    15822       0.3381   5.37
    15823       0.3376   5.37
    15824       0.3371   5.37
    15825       0.3384   5.37
    15826       0.3381   5.37
    15827       0.3365   5.37
    15828       0.3375   5.37
    15829       0.3375   5.37
    15830       0.3380   5.37
    15831       0.3374   5.37
    15832       0.3371   5.37
    15833       0.3374   5.37
    15834       0.3374   5.37
    15835       0.3378   5.37
    15836       0.3368   5.37
    15837       0.3377   5.37
    15838       0.3380   5.37
    15839       0.3374   5.37
    15840       0.3374   5.37
    15841       0.3374   5.37
    15842       0.3370   5.37
    15843       0.3371   5.37
    15844       0.3384   5.37
    15845       0.3372   5.37
    15846       0.3375   5.37
    15847       0.3376   5.37
    15848       0.3367   5.37
    15849       0.3371   5.37
    15850       0.3377   5.37
    15851       0.3379   5.37
    15852       0.3375   5.37
    15853       0.3383   5.37
    15854       0.3383   5.37
    15855       0.3367   5.37
    15856       0.3371   5.37
    15857       0.3377   5.37
    15858       0.3376   5.37
    15859       0.3373   5.37
    15860       0.3375   5.37
    15861       0.3373   5.36
    15862       0.3372   5.36
    15863       0.3376   5.36
    15864       0.3364   5.37
    15865       0.3376   5.37
    15866       0.3376   5.36
    15867       0.3370   5.37
    15868       0.3387   5.37
    15869       0.3384   5.37
    15870       0.3376   5.37
    15871       0.3378   5.37
    15872       0.3373   5.37
    15873       0.3372   5.37
    15874       0.3372   5.37
    15875       0.3374   5.37
    15876       0.3367   5.37
    15877       0.3379   5.37
    15878       0.3377   5.37
    15879       0.3373   5.37
    15880       0.3379   5.37
    15881       0.3378   5.37
    15882       0.3382   5.37
    15883       0.3373   5.37
    15884       0.3385   5.37
    15885       0.3377   5.37
    15886       0.3365   5.37
    15887       0.3375   5.37
    15888       0.3374   5.37
    15889       0.3366   5.37
    15890       0.3374   5.37
    15891       0.3381   5.37
    15892       0.3373   5.37
    15893       0.3375   5.37
    15894       0.3376   5.37
    15895       0.3372   5.37
    15896       0.3368   5.37
    15897       0.3366   5.37
    15898       0.3366   5.37
    15899       0.3374   5.37
    15900       0.3373   5.37
    15901       0.3373   5.37
    15902       0.3371   5.37
    15903       0.3368   5.37
    15904       0.3358   5.37
    15905       0.3384   5.37
    15906       0.3382   5.37
    15907       0.3369   5.37
    15908       0.3381   5.37
    15909       0.3378   5.37
    15910       0.3373   5.37
    15911       0.3382   5.37
    15912       0.3377   5.37
    15913       0.3381   5.37
    15914       0.3370   5.37
    15915       0.3372   5.37
    15916       0.3375   5.37
    15917       0.3376   5.37
    15918       0.3372   5.37
    15919       0.3372   5.37
    15920       0.3372   5.37
    15921       0.3372   5.37
    15922       0.3372   5.37
    15923       0.3373   5.37
    15924       0.3380   5.37
    15925       0.3372   5.37
    15926       0.3360   5.37
    15927       0.3381   5.37
    15928       0.3378   5.37
    15929       0.3369   5.37
    15930       0.3369   5.37
    15931       0.3377   5.37
    15932       0.3369   5.37
    15933       0.3381   5.37
    15934       0.3377   5.37
    15935       0.3370   5.37
    15936       0.3369   5.37
    15937       0.3382   5.37
    15938       0.3370   5.37
    15939       0.3376   5.37
    15940       0.3378   5.37
    15941       0.3375   5.37
    15942       0.3380   5.37
    15943       0.3380   5.37
    15944       0.3384   5.37
    15945       0.3363   5.37
    15946       0.3372   5.37
    15947       0.3375   5.37
    15948       0.3369   5.37
    15949       0.3381   5.37
    15950       0.3384   5.37
    15951       0.3367   5.37
    15952       0.3373   5.37
    15953       0.3378   5.37
    15954       0.3370   5.36
    15955       0.3373   5.36
    15956       0.3384   5.37
    15957       0.3377   5.37
    15958       0.3379   5.37
    15959       0.3378   5.37
    15960       0.3362   5.36
    15961       0.3382   5.36
    15962       0.3380   5.37
    15963       0.3365   5.37
    15964       0.3380   5.37
    15965       0.3373   5.37
    15966       0.3377   5.37
    15967       0.3369   5.37
    15968       0.3380   5.37
    15969       0.3376   5.37
    15970       0.3378   5.37
    15971       0.3375   5.37
    15972       0.3375   5.37
    15973       0.3367   5.37
    15974       0.3373   5.37
    15975       0.3378   5.37
    15976       0.3362   5.37
    15977       0.3379   5.37
    15978       0.3376   5.37
    15979       0.3363   5.37
    15980       0.3375   5.37
    15981       0.3377   5.37
    15982       0.3372   5.37
    15983       0.3374   5.37
    15984       0.3378   5.37
    15985       0.3383   5.37
    15986       0.3379   5.37
    15987       0.3373   5.37
    15988       0.3362   5.36
    15989       0.3373   5.36
    15990       0.3375   5.37
    15991       0.3361   5.37
    15992       0.3372   5.37
    15993       0.3378   5.37
    15994       0.3373   5.37
    15995       0.3379   5.37
    15996       0.3377   5.37
    15997       0.3379   5.37
    15998       0.3380   5.37
    15999       0.3370   5.37
    16000       0.3368   5.37
    16001       0.3385   5.37
    16002       0.3382   5.37
    16003       0.3376   5.37
    16004       0.3369   5.38
    16005       0.3373   5.38
    16006       0.3380   5.37
    16007       0.3375   5.37
    16008       0.3376   5.37
    16009       0.3372   5.37
    16010       0.3373   5.37
    16011       0.3374   5.37
    16012       0.3374   5.37
    16013       0.3365   5.37
    16014       0.3377   5.37
    16015       0.3374   5.37
    16016       0.3367   5.37
    16017       0.3376   5.37
    16018       0.3371   5.37
    16019       0.3368   5.37
    16020       0.3379   5.37
    16021       0.3378   5.37
    16022       0.3365   5.38
    16023       0.3374   5.38
    16024       0.3379   5.37
    16025       0.3373   5.37
    16026       0.3374   5.37
    16027       0.3382   5.37
    16028       0.3373   5.37
    16029       0.3389   5.37
    16030       0.3376   5.37
    16031       0.3366   5.37
    16032       0.3379   5.37
    16033       0.3377   5.37
    16034       0.3372   5.37
    16035       0.3365   5.37
    16036       0.3372   5.37
    16037       0.3371   5.37
    16038       0.3377   5.37
    16039       0.3383   5.37
    16040       0.3377   5.37
    16041       0.3366   5.37
    16042       0.3375   5.37
    16043       0.3377   5.37
    16044       0.3367   5.37
    16045       0.3376   5.37
    16046       0.3380   5.37
    16047       0.3365   5.37
    16048       0.3372   5.37
    16049       0.3374   5.37
    16050       0.3375   5.37
    16051       0.3376   5.37
    16052       0.3386   5.37
    16053       0.3367   5.37
    16054       0.3385   5.37
    16055       0.3377   5.37
    16056       0.3367   5.37
    16057       0.3384   5.37
    16058       0.3376   5.37
    16059       0.3368   5.37
    16060       0.3375   5.37
    16061       0.3366   5.37
    16062       0.3361   5.37
    16063       0.3364   5.37
    16064       0.3379   5.37
    16065       0.3380   5.37
    16066       0.3369   5.37
    16067       0.3378   5.37
    16068       0.3378   5.37
    16069       0.3374   5.37
    16070       0.3374   5.37
    16071       0.3380   5.37
    16072       0.3372   5.37
    16073       0.3380   5.37
    16074       0.3373   5.37
    16075       0.3374   5.37
    16076       0.3383   5.37
    16077       0.3378   5.37
    16078       0.3367   5.37
    16079       0.3382   5.37
    16080       0.3379   5.37
    16081       0.3366   5.37
    16082       0.3380   5.37
    16083       0.3387   5.37
    16084       0.3374   5.37
    16085       0.3381   5.37
    16086       0.3382   5.37
    16087       0.3375   5.37
    16088       0.3385   5.37
    16089       0.3378   5.37
    16090       0.3370   5.37
    16091       0.3377   5.37
    16092       0.3377   5.37
    16093       0.3379   5.37
    16094       0.3372   5.37
    16095       0.3377   5.37
    16096       0.3384   5.37
    16097       0.3376   5.37
    16098       0.3379   5.37
    16099       0.3378   5.37
    16100       0.3374   5.37
    16101       0.3376   5.37
    16102       0.3382   5.37
    16103       0.3371   5.37
    16104       0.3379   5.37
    16105       0.3374   5.37
    16106       0.3369   5.37
    16107       0.3377   5.37
    16108       0.3372   5.37
    16109       0.3371   5.37
    16110       0.3371   5.37
    16111       0.3377   5.37
    16112       0.3367   5.37
    16113       0.3371   5.37
    16114       0.3377   5.37
    16115       0.3374   5.37
    16116       0.3372   5.37
    16117       0.3378   5.37
    16118       0.3379   5.37
    16119       0.3379   5.37
    16120       0.3381   5.37
    16121       0.3363   5.37
    16122       0.3379   5.37
    16123       0.3381   5.36
    16124       0.3373   5.36
    16125       0.3376   5.37
    16126       0.3378   5.37
    16127       0.3372   5.37
    16128       0.3378   5.37
    16129       0.3378   5.37
    16130       0.3377   5.37
    16131       0.3348   5.37
    16132       0.3377   5.37
    16133       0.3382   5.37
    16134       0.3366   5.37
    16135       0.3376   5.37
    16136       0.3378   5.37
    16137       0.3378   5.37
    16138       0.3379   5.37
    16139       0.3383   5.37
    16140       0.3371   5.37
    16141       0.3368   5.37
    16142       0.3366   5.37
    16143       0.3366   5.37
    16144       0.3374   5.37
    16145       0.3377   5.37
    16146       0.3371   5.37
    16147       0.3386   5.37
    16148       0.3385   5.37
    16149       0.3373   5.37
    16150       0.3374   5.37
    16151       0.3385   5.37
    16152       0.3383   5.37
    16153       0.3371   5.37
    16154       0.3376   5.37
    16155       0.3381   5.37
    16156       0.3365   5.37
    16157       0.3380   5.37
    16158       0.3384   5.37
    16159       0.3377   5.37
    16160       0.3375   5.37
    16161       0.3379   5.37
    16162       0.3369   5.37
    16163       0.3385   5.37
    16164       0.3378   5.37
    16165       0.3366   5.37
    16166       0.3375   5.37
    16167       0.3373   5.37
    16168       0.3373   5.37
    16169       0.3376   5.37
    16170       0.3384   5.37
    16171       0.3381   5.37
    16172       0.3376   5.37
    16173       0.3377   5.37
    16174       0.3357   5.37
    16175       0.3380   5.37
    16176       0.3378   5.37
    16177       0.3375   5.37
    16178       0.3372   5.37
    16179       0.3372   5.37
    16180       0.3369   5.37
    16181       0.3387   5.37
    16182       0.3379   5.37
    16183       0.3376   5.37
    16184       0.3377   5.37
    16185       0.3372   5.37
    16186       0.3375   5.37
    16187       0.3367   5.37
    16188       0.3374   5.37
    16189       0.3378   5.37
    16190       0.3370   5.37
    16191       0.3379   5.37
    16192       0.3375   5.37
    16193       0.3370   5.37
    16194       0.3374   5.37
    16195       0.3381   5.37
    16196       0.3381   5.37
    16197       0.3382   5.37
    16198       0.3378   5.37
    16199       0.3371   5.37
    16200       0.3378   5.37
    16201       0.3375   5.37
    16202       0.3372   5.37
    16203       0.3374   5.37
    16204       0.3379   5.37
    16205       0.3370   5.37
    16206       0.3378   5.37
    16207       0.3385   5.37
    16208       0.3369   5.37
    16209       0.3367   5.37
    16210       0.3376   5.37
    16211       0.3367   5.37
    16212       0.3370   5.37
    16213       0.3377   5.37
    16214       0.3377   5.37
    16215       0.3365   5.37
    16216       0.3374   5.37
    16217       0.3383   5.37
    16218       0.3368   5.37
    16219       0.3374   5.37
    16220       0.3376   5.37
    16221       0.3371   5.37
    16222       0.3381   5.37
    16223       0.3377   5.37
    16224       0.3362   5.37
    16225       0.3376   5.37
    16226       0.3382   5.37
    16227       0.3375   5.37
    16228       0.3381   5.37
    16229       0.3373   5.37
    16230       0.3368   5.37
    16231       0.3371   5.37
    16232       0.3370   5.37
    16233       0.3363   5.37
    16234       0.3377   5.37
    16235       0.3373   5.37
    16236       0.3375   5.37
    16237       0.3381   5.37
    16238       0.3381   5.37
    16239       0.3374   5.37
    16240       0.3379   5.37
    16241       0.3381   5.37
    16242       0.3378   5.37
    16243       0.3374   5.37
    16244       0.3380   5.37
    16245       0.3379   5.37
    16246       0.3372   5.37
    16247       0.3374   5.37
    16248       0.3379   5.37
    16249       0.3367   5.37
    16250       0.3370   5.37
    16251       0.3383   5.37
    16252       0.3363   5.37
    16253       0.3380   5.37
    16254       0.3382   5.37
    16255       0.3364   5.37
    16256       0.3373   5.37
    16257       0.3374   5.37
    16258       0.3364   5.37
    16259       0.3376   5.37
    16260       0.3380   5.37
    16261       0.3371   5.37
    16262       0.3383   5.37
    16263       0.3374   5.37
    16264       0.3369   5.37
    16265       0.3378   5.37
    16266       0.3381   5.37
    16267       0.3375   5.37
    16268       0.3382   5.37
    16269       0.3443   5.37
    16270       0.3367   5.37
    16271       0.3375   5.37
    16272       0.3380   5.37
    16273       0.3373   5.37
    16274       0.3372   5.37
    16275       0.3377   5.37
    16276       0.3375   5.37
    16277       0.3369   5.37
    16278       0.3383   5.37
    16279       0.3381   5.37
    16280       0.3366   5.37
    16281       0.3377   5.37
    16282       0.3384   5.37
    16283       0.3379   5.37
    16284       0.3378   5.37
    16285       0.3371   5.37
    16286       0.3367   5.37
    16287       0.3374   5.37
    16288       0.3379   5.37
    16289       0.3369   5.37
    16290       0.3382   5.37
    16291       0.3380   5.37
    16292       0.3377   5.37
    16293       0.3378   5.37
    16294       0.3379   5.37
    16295       0.3368   5.37
    16296       0.3380   5.37
    16297       0.3376   5.37
    16298       0.3367   5.37
    16299       0.3386   5.37
    16300       0.3380   5.37
    16301       0.3378   5.37
    16302       0.3367   5.37
    16303       0.3378   5.37
    16304       0.3374   5.37
    16305       0.3376   5.37
    16306       0.3373   5.37
    16307       0.3372   5.37
    16308       0.3376   5.38
    16309       0.3382   5.38
    16310       0.3377   5.37
    16311       0.3376   5.37
    16312       0.3378   5.37
    16313       0.3380   5.37
    16314       0.3367   5.37
    16315       0.3375   5.37
    16316       0.3384   5.37
    16317       0.3372   5.37
    16318       0.3382   5.37
    16319       0.3383   5.37
    16320       0.3369   5.37
    16321       0.3377   5.37
    16322       0.3380   5.36
    16323       0.3365   5.37
    16324       0.3379   5.37
    16325       0.3380   5.37
    16326       0.3382   5.37
    16327       0.3382   5.37
    16328       0.3383   5.37
    16329       0.3380   5.37
    16330       0.3372   5.37
    16331       0.3368   5.37
    16332       0.3375   5.37
    16333       0.3366   5.37
    16334       0.3380   5.37
    16335       0.3375   5.37
    16336       0.3364   5.37
    16337       0.3378   5.37
    16338       0.3369   5.37
    16339       0.3367   5.37
    16340       0.3375   5.37
    16341       0.3380   5.37
    16342       0.3369   5.37
    16343       0.3377   5.37
    16344       0.3375   5.37
    16345       0.3376   5.37
    16346       0.3377   5.37
    16347       0.3376   5.37
    16348       0.3378   5.37
    16349       0.3385   5.37
    16350       0.3381   5.37
    16351       0.3369   5.37
    16352       0.3377   5.37
    16353       0.3373   5.37
    16354       0.3369   5.37
    16355       0.3379   5.37
    16356       0.3377   5.37
    16357       0.3366   5.37
    16358       0.3369   5.37
    16359       0.3366   5.37
    16360       0.3371   5.37
    16361       0.3373   5.37
    16362       0.3372   5.37
    16363       0.3373   5.37
    16364       0.3368   5.37
    16365       0.3378   5.37
    16366       0.3369   5.37
    16367       0.3371   5.37
    16368       0.3370   5.37
    16369       0.3376   5.37
    16370       0.3373   5.37
    16371       0.3382   5.37
    16372       0.3374   5.37
    16373       0.3371   5.37
    16374       0.3384   5.37
    16375       0.3379   5.37
    16376       0.3366   5.37
    16377       0.3374   5.37
    16378       0.3368   5.37
    16379       0.3372   5.37
    16380       0.3382   5.37
    16381       0.3382   5.37
    16382       0.3365   5.37
    16383       0.3373   5.37
    16384       0.3388   5.37
    16385       0.3371   5.37
    16386       0.3364   5.37
    16387       0.3363   5.37
    16388       0.3351   5.37
    16389       0.3366   5.37
    16390       0.3365   5.37
    16391       0.3364   5.37
    16392       0.3369   5.37
    16393       0.3368   5.37
    16394       0.3370   5.37
    16395       0.3357   5.37
    16396       0.3369   5.37
    16397       0.3380   5.37
    16398       0.3357   5.37
    16399       0.3366   5.37
    16400       0.3370   5.37
    16401       0.3356   5.37
    16402       0.3364   5.37
    16403       0.3361   5.37
    16404       0.3363   5.37
    16405       0.3365   5.37
    16406       0.3365   5.37
    16407       0.3357   5.37
    16408       0.3371   5.37
    16409       0.3368   5.37
    16410       0.3357   5.37
    16411       0.3369   5.37
    16412       0.3368   5.37
    16413       0.3362   5.37
    16414       0.3372   5.37
    16415       0.3369   5.37
    16416       0.3363   5.37
    16417       0.3373   5.37
    16418       0.3376   5.37
    16419       0.3366   5.37
    16420       0.3370   5.37
    16421       0.3362   5.37
    16422       0.3359   5.37
    16423       0.3367   5.37
    16424       0.3370   5.37
    16425       0.3358   5.37
    16426       0.3356   5.37
    16427       0.3367   5.37
    16428       0.3362   5.37
    16429       0.3364   5.37
    16430       0.3374   5.37
    16431       0.3380   5.37
    16432       0.3361   5.37
    16433       0.3364   5.37
    16434       0.3371   5.37
    16435       0.3363   5.37
    16436       0.3376   5.37
    16437       0.3368   5.37
    16438       0.3367   5.37
    16439       0.3366   5.37
    16440       0.3373   5.37
    16441       0.3365   5.37
    16442       0.3374   5.37
    16443       0.3367   5.37
    16444       0.3362   5.38
    16445       0.3373   5.38
    16446       0.3379   5.37
    16447       0.3371   5.37
    16448       0.3366   5.37
    16449       0.3370   5.37
    16450       0.3367   5.37
    16451       0.3365   5.37
    16452       0.3372   5.37
    16453       0.3373   5.37
    16454       0.3375   5.37
    16455       0.3372   5.37
    16456       0.3367   5.37
    16457       0.3373   5.37
    16458       0.3375   5.37
    16459       0.3380   5.37
    16460       0.3369   5.37
    16461       0.3372   5.37
    16462       0.3376   5.37
    16463       0.3362   5.37
    16464       0.3374   5.37
    16465       0.3371   5.37
    16466       0.3368   5.37
    16467       0.3375   5.37
    16468       0.3370   5.37
    16469       0.3364   5.37
    16470       0.3378   5.37
    16471       0.3375   5.37
    16472       0.3372   5.37
    16473       0.3374   5.37
    16474       0.3376   5.37
    16475       0.3372   5.37
    16476       0.3377   5.37
    16477       0.3376   5.37
    16478       0.3368   5.37
    16479       0.3379   5.37
    16480       0.3385   5.37
    16481       0.3372   5.37
    16482       0.3381   5.37
    16483       0.3383   5.37
    16484       0.3377   5.37
    16485       0.3379   5.37
    16486       0.3376   5.37
    16487       0.3374   5.37
    16488       0.3384   5.37
    16489       0.3367   5.37
    16490       0.3373   5.37
    16491       0.3389   5.37
    16492       0.3378   5.37
    16493       0.3375   5.37
    16494       0.3368   5.37
    16495       0.3383   5.37
    16496       0.3371   5.37
    16497       0.3369   5.37
    16498       0.3378   5.37
    16499       0.3381   5.37
    16500       0.3370   5.37
    16501       0.3379   5.37
    16502       0.3381   5.37
    16503       0.3371   5.37
    16504       0.3382   5.37
    16505       0.3380   5.37
    16506       0.3387   5.37
    16507       0.3381   5.37
    16508       0.3378   5.37
    16509       0.3376   5.37
    16510       0.3376   5.37
    16511       0.3379   5.37
    16512       0.3375   5.36
    16513       0.3368   5.36
    16514       0.3373   5.37
    16515       0.3361   5.37
    16516       0.3379   5.37
    16517       0.3378   5.37
    16518       0.3383   5.37
    16519       0.3373   5.37
    16520       0.3379   5.37
    16521       0.3377   5.37
    16522       0.3367   5.37
    16523       0.3371   5.37
    16524       0.3365   5.37
    16525       0.3363   5.37
    16526       0.3374   5.37
    16527       0.3377   5.37
    16528       0.3367   5.37
    16529       0.3383   5.37
    16530       0.3382   5.37
    16531       0.3371   5.37
    16532       0.3379   5.37
    16533       0.3374   5.37
    16534       0.3381   5.37
    16535       0.3380   5.37
    16536       0.3375   5.37
    16537       0.3367   5.37
    16538       0.3378   5.37
    16539       0.3381   5.37
    16540       0.3374   5.37
    16541       0.3380   5.37
    16542       0.3376   5.37
    16543       0.3368   5.38
    16544       0.3376   5.38
    16545       0.3367   5.37
    16546       0.3366   5.37
    16547       0.3367   5.37
    16548       0.3381   5.37
    16549       0.3378   5.37
    16550       0.3380   5.37
    16551       0.3385   5.37
    16552       0.3380   5.37
    16553       0.3370   5.37
    16554       0.3374   5.37
    16555       0.3377   5.37
    16556       0.3364   5.37
    16557       0.3374   5.37
    16558       0.3373   5.37
    16559       0.3359   5.37
    16560       0.3378   5.37
    16561       0.3373   5.37
    16562       0.3369   5.37
    16563       0.3379   5.37
    16564       0.3377   5.37
    16565       0.3371   5.37
    16566       0.3379   5.37
    16567       0.3378   5.37
    16568       0.3374   5.37
    16569       0.3374   5.37
    16570       0.3373   5.37
    16571       0.3370   5.37
    16572       0.3384   5.37
    16573       0.3385   5.37
    16574       0.3372   5.37
    16575       0.3374   5.37
    16576       0.3375   5.37
    16577       0.3373   5.36
    16578       0.3389   5.36
    16579       0.3381   5.37
    16580       0.3367   5.37
    16581       0.3369   5.37
    16582       0.3373   5.37
    16583       0.3376   5.37
    16584       0.3366   5.37
    16585       0.3376   5.37
    16586       0.3371   5.37
    16587       0.3374   5.37
    16588       0.3383   5.37
    16589       0.3381   5.37
    16590       0.3373   5.37
    16591       0.3378   5.37
    16592       0.3372   5.37
    16593       0.3358   5.37
    16594       0.3370   5.37
    16595       0.3369   5.37
    16596       0.3370   5.37
    16597       0.3379   5.37
    16598       0.3380   5.37
    16599       0.3376   5.37
    16600       0.3380   5.37
    16601       0.3372   5.37
    16602       0.3373   5.37
    16603       0.3370   5.37
    16604       0.3379   5.37
    16605       0.3373   5.37
    16606       0.3374   5.37
    16607       0.3380   5.37
    16608       0.3377   5.37
    16609       0.3371   5.37
    16610       0.3376   5.37
    16611       0.3379   5.37
    16612       0.3372   5.37
    16613       0.3382   5.37
    16614       0.3377   5.37
    16615       0.3372   5.37
    16616       0.3373   5.37
    16617       0.3380   5.37
    16618       0.3381   5.37
    16619       0.3385   5.37
    16620       0.3382   5.37
    16621       0.3360   5.37
    16622       0.3374   5.37
    16623       0.3375   5.37
    16624       0.3368   5.37
    16625       0.3384   5.37
    16626       0.3386   5.37
    16627       0.3382   5.37
    16628       0.3371   5.37
    16629       0.3373   5.37
    16630       0.3366   5.36
    16631       0.3380   5.36
    16632       0.3379   5.37
    16633       0.3367   5.37
    16634       0.3365   5.37
    16635       0.3371   5.37
    16636       0.3370   5.37
    16637       0.3378   5.37
    16638       0.3378   5.37
    16639       0.3373   5.37
    16640       0.3371   5.37
    16641       0.3372   5.37
    16642       0.3371   5.37
    16643       0.3371   5.37
    16644       0.3380   5.37
    16645       0.3381   5.37
    16646       0.3371   5.37
    16647       0.3368   5.37
    16648       0.3373   5.37
    16649       0.3365   5.37
    16650       0.3373   5.37
    16651       0.3379   5.37
    16652       0.3381   5.37
    16653       0.3381   5.37
    16654       0.3372   5.37
    16655       0.3370   5.37
    16656       0.3370   5.37
    16657       0.3378   5.37
    16658       0.3365   5.37
    16659       0.3374   5.37
    16660       0.3374   5.37
    16661       0.3371   5.37
    16662       0.3376   5.37
    16663       0.3376   5.37
    16664       0.3359   5.37
    16665       0.3376   5.37
    16666       0.3372   5.37
    16667       0.3368   5.37
    16668       0.3372   5.37
    16669       0.3375   5.37
    16670       0.3376   5.37
    16671       0.3391   5.37
    16672       0.3375   5.37
    16673       0.3376   5.37
    16674       0.3362   5.37
    16675       0.3378   5.37
    16676       0.3371   5.37
    16677       0.3364   5.37
    16678       0.3382   5.37
    16679       0.3380   5.37
    16680       0.3377   5.37
    16681       0.3377   5.37
    16682       0.3377   5.37
    16683       0.3359   5.37
    16684       0.3383   5.37
    16685       0.3382   5.37
    16686       0.3369   5.37
    16687       0.3373   5.37
    16688       0.3371   5.37
    16689       0.3377   5.37
    16690       0.3377   5.37
    16691       0.3371   5.37
    16692       0.3361   5.37
    16693       0.3371   5.37
    16694       0.3376   5.37
    16695       0.3375   5.37
    16696       0.3370   5.37
    16697       0.3380   5.37
    16698       0.3377   5.37
    16699       0.3374   5.37
    16700       0.3377   5.37
    16701       0.3369   5.37
    16702       0.3377   5.37
    16703       0.3371   5.37
    16704       0.3366   5.37
    16705       0.3360   5.37
    16706       0.3367   5.37
    16707       0.3374   5.37
    16708       0.3381   5.37
    16709       0.3377   5.37
    16710       0.3373   5.37
    16711       0.3366   5.37
    16712       0.3380   5.37
    16713       0.3379   5.37
    16714       0.3380   5.37
    16715       0.3380   5.37
    16716       0.3373   5.37
    16717       0.3369   5.37
    16718       0.3372   5.37
    16719       0.3376   5.36
    16720       0.3372   5.37
    16721       0.3370   5.37
    16722       0.3375   5.37
    16723       0.3374   5.37
    16724       0.3377   5.37
    16725       0.3370   5.37
    16726       0.3367   5.37
    16727       0.3368   5.37
    16728       0.3381   5.37
    16729       0.3372   5.37
    16730       0.3376   5.37
    16731       0.3370   5.37
    16732       0.3371   5.37
    16733       0.3371   5.37
    16734       0.3375   5.37
    16735       0.3376   5.37
    16736       0.3360   5.37
    16737       0.3367   5.37
    16738       0.3368   5.37
    16739       0.3365   5.37
    16740       0.3372   5.37
    16741       0.3375   5.37
    16742       0.3365   5.37
    16743       0.3380   5.37
    16744       0.3379   5.37
    16745       0.3378   5.37
    16746       0.3379   5.37
    16747       0.3381   5.37
    16748       0.3369   5.37
    16749       0.3379   5.37
    16750       0.3370   5.37
    16751       0.3375   5.37
    16752       0.3380   5.37
    16753       0.3387   5.37
    16754       0.3371   5.37
    16755       0.3370   5.37
    16756       0.3368   5.37
    16757       0.3362   5.37
    16758       0.3377   5.37
    16759       0.3377   5.37
    16760       0.3374   5.37
    16761       0.3383   5.37
    16762       0.3378   5.37
    16763       0.3360   5.37
    16764       0.3371   5.37
    16765       0.3376   5.37
    16766       0.3377   5.36
    16767       0.3371   5.37
    16768       0.3374   5.37
    16769       0.3383   5.37
    16770       0.3374   5.37
    16771       0.3379   5.37
    16772       0.3375   5.37
    16773       0.3384   5.37
    16774       0.3371   5.37
    16775       0.3373   5.37
    16776       0.3369   5.37
    16777       0.3381   5.37
    16778       0.3379   5.37
    16779       0.3375   5.37
    16780       0.3373   5.37
    16781       0.3372   5.37
    16782       0.3373   5.37
    16783       0.3384   5.37
    16784       0.3378   5.37
    16785       0.3368   5.37
    16786       0.3372   5.37
    16787       0.3375   5.37
    16788       0.3371   5.37
    16789       0.3379   5.37
    16790       0.3379   5.37
    16791       0.3368   5.37
    16792       0.3375   5.37
    16793       0.3375   5.37
    16794       0.3371   5.37
    16795       0.3375   5.37
    16796       0.3377   5.37
    16797       0.3372   5.37
    16798       0.3375   5.37
    16799       0.3380   5.37
    16800       0.3373   5.37
    16801       0.3371   5.37
    16802       0.3376   5.37
    16803       0.3375   5.37
    16804       0.3377   5.37
    16805       0.3379   5.37
    16806       0.3378   5.37
    16807       0.3375   5.37
    16808       0.3379   5.37
    16809       0.3381   5.37
    16810       0.3373   5.37
    16811       0.3379   5.37
    16812       0.3382   5.37
    16813       0.3369   5.37
    16814       0.3373   5.37
    16815       0.3375   5.37
    16816       0.3365   5.37
    16817       0.3373   5.37
    16818       0.3372   5.37
    16819       0.3371   5.37
    16820       0.3373   5.37
    16821       0.3374   5.37
    16822       0.3371   5.37
    16823       0.3379   5.37
    16824       0.3377   5.37
    16825       0.3379   5.37
    16826       0.3366   5.37
    16827       0.3375   5.37
    16828       0.3382   5.37
    16829       0.3373   5.37
    16830       0.3377   5.37
    16831       0.3372   5.37
    16832       0.3373   5.37
    16833       0.3376   5.37
    16834       0.3375   5.37
    16835       0.3377   5.37
    16836       0.3381   5.37
    16837       0.3375   5.37
    16838       0.3374   5.37
    16839       0.3372   5.37
    16840       0.3366   5.37
    16841       0.3364   5.37
    16842       0.3377   5.37
    16843       0.3377   5.37
    16844       0.3364   5.37
    16845       0.3377   5.37
    16846       0.3370   5.37
    16847       0.3368   5.37
    16848       0.3372   5.37
    16849       0.3375   5.37
    16850       0.3368   5.37
    16851       0.3379   5.37
    16852       0.3380   5.37
    16853       0.3380   5.37
    16854       0.3374   5.37
    16855       0.3372   5.36
    16856       0.3379   5.37
    16857       0.3367   5.37
    16858       0.3371   5.37
    16859       0.3369   5.37
    16860       0.3369   5.37
    16861       0.3371   5.37
    16862       0.3374   5.37
    16863       0.3363   5.37
    16864       0.3382   5.37
    16865       0.3382   5.37
    16866       0.3370   5.37
    16867       0.3381   5.37
    16868       0.3389   5.37
    16869       0.3371   5.37
    16870       0.3376   5.37
    16871       0.3379   5.37
    16872       0.3374   5.37
    16873       0.3383   5.37
    16874       0.3382   5.37
    16875       0.3372   5.37
    16876       0.3380   5.37
    16877       0.3371   5.37
    16878       0.3367   5.36
    16879       0.3375   5.36
    16880       0.3381   5.37
    16881       0.3374   5.37
    16882       0.3372   5.37
    16883       0.3376   5.37
    16884       0.3370   5.37
    16885       0.3376   5.37
    16886       0.3379   5.37
    16887       0.3376   5.37
    16888       0.3367   5.37
    16889       0.3375   5.37
    16890       0.3376   5.37
    16891       0.3373   5.37
    16892       0.3376   5.37
    16893       0.3369   5.37
    16894       0.3368   5.37
    16895       0.3373   5.37
    16896       0.3370   5.37
    16897       0.3372   5.37
    16898       0.3376   5.37
    16899       0.3377   5.37
    16900       0.3361   5.37
    16901       0.3370   5.37
    16902       0.3375   5.37
    16903       0.3373   5.37
    16904       0.3374   5.37
    16905       0.3373   5.37
    16906       0.3373   5.37
    16907       0.3382   5.37
    16908       0.3382   5.37
    16909       0.3375   5.37
    16910       0.3379   5.37
    16911       0.3376   5.37
    16912       0.3372   5.37
    16913       0.3368   5.37
    16914       0.3366   5.36
    16915       0.3363   5.37
    16916       0.3374   5.37
    16917       0.3374   5.37
    16918       0.3381   5.37
    16919       0.3375   5.37
    16920       0.3375   5.37
    16921       0.3373   5.37
    16922       0.3374   5.37
    16923       0.3370   5.37
    16924       0.3376   5.37
    16925       0.3370   5.37
    16926       0.3380   5.37
    16927       0.3376   5.37
    16928       0.3370   5.37
    16929       0.3382   5.37
    16930       0.3372   5.37
    16931       0.3367   5.37
    16932       0.3377   5.37
    16933       0.3376   5.36
    16934       0.3365   5.37
    16935       0.3372   5.37
    16936       0.3370   5.37
    16937       0.3381   5.37
    16938       0.3385   5.37
    16939       0.3379   5.37
    16940       0.3370   5.37
    16941       0.3372   5.37
    16942       0.3374   5.37
    16943       0.3367   5.37
    16944       0.3382   5.37
    16945       0.3371   5.37
    16946       0.3373   5.37
    16947       0.3369   5.37
    16948       0.3377   5.37
    16949       0.3375   5.37
    16950       0.3362   5.37
    16951       0.3370   5.37
    16952       0.3376   5.37
    16953       0.3366   5.37
    16954       0.3373   5.37
    16955       0.3380   5.37
    16956       0.3366   5.37
    16957       0.3370   5.37
    16958       0.3377   5.37
    16959       0.3372   5.37
    16960       0.3373   5.37
    16961       0.3372   5.37
    16962       0.3369   5.37
    16963       0.3381   5.37
    16964       0.3381   5.37
    16965       0.3375   5.37
    16966       0.3377   5.37
    16967       0.3382   5.37
    16968       0.3369   5.37
    16969       0.3373   5.37
    16970       0.3375   5.37
    16971       0.3363   5.37
    16972       0.3375   5.37
    16973       0.3371   5.37
    16974       0.3361   5.37
    16975       0.3371   5.37
    16976       0.3377   5.37
    16977       0.3362   5.37
    16978       0.3384   5.37
    16979       0.3375   5.37
    16980       0.3370   5.37
    16981       0.3365   5.37
    16982       0.3374   5.37
    16983       0.3373   5.37
    16984       0.3366   5.37
    16985       0.3378   5.37
    16986       0.3375   5.37
    16987       0.3367   5.37
    16988       0.3377   5.37
    16989       0.3368   5.37
    16990       0.3371   5.37
    16991       0.3376   5.37
    16992       0.3371   5.37
    16993       0.3380   5.37
    16994       0.3379   5.37
    16995       0.3373   5.37
    16996       0.3363   5.37
    16997       0.3367   5.37
    16998       0.3371   5.37
    16999       0.3370   5.37
    17000       0.3382   5.37
    17001       0.3386   5.37
    17002       0.3361   5.37
    17003       0.3373   5.37
    17004       0.3371   5.37
    17005       0.3357   5.37
    17006       0.3376   5.37
    17007       0.3371   5.37
    17008       0.3367   5.36
    17009       0.3377   5.36
    17010       0.3384   5.37
    17011       0.3374   5.37
    17012       0.3369   5.37
    17013       0.3376   5.37
    17014       0.3378   5.37
    17015       0.3361   5.37
    17016       0.3373   5.37
    17017       0.3382   5.37
    17018       0.3365   5.37
    17019       0.3382   5.37
    17020       0.3373   5.37
    17021       0.3375   5.37
    17022       0.3371   5.37
    17023       0.3380   5.37
    17024       0.3371   5.37
    17025       0.3385   5.37
    17026       0.3374   5.37
    17027       0.3356   5.37
    17028       0.3368   5.37
    17029       0.3371   5.37
    17030       0.3369   5.37
    17031       0.3375   5.37
    17032       0.3375   5.37
    17033       0.3369   5.37
    17034       0.3373   5.37
    17035       0.3373   5.37
    17036       0.3361   5.37
    17037       0.3372   5.37
    17038       0.3375   5.37
    17039       0.3373   5.37
    17040       0.3381   5.37
    17041       0.3378   5.37
    17042       0.3376   5.37
    17043       0.3366   5.37
    17044       0.3377   5.37
    17045       0.3382   5.37
    17046       0.3367   5.37
    17047       0.3383   5.37
    17048       0.3380   5.37
    17049       0.3371   5.37
    17050       0.3379   5.37
    17051       0.3385   5.37
    17052       0.3373   5.37
    17053       0.3376   5.37
    17054       0.3374   5.36
    17055       0.3369   5.37
    17056       0.3375   5.37
    17057       0.3384   5.37
    17058       0.3376   5.37
    17059       0.3382   5.37
    17060       0.3372   5.37
    17061       0.3373   5.37
    17062       0.3375   5.37
    17063       0.3378   5.37
    17064       0.3370   5.37
    17065       0.3370   5.37
    17066       0.3376   5.37
    17067       0.3370   5.37
    17068       0.3385   5.37
    17069       0.3376   5.37
    17070       0.3365   5.37
    17071       0.3380   5.37
    17072       0.3378   5.37
    17073       0.3382   5.37
    17074       0.3375   5.37
    17075       0.3375   5.37
    17076       0.3374   5.37
    17077       0.3375   5.37
    17078       0.3371   5.37
    17079       0.3378   5.37
    17080       0.3371   5.37
    17081       0.3377   5.37
    17082       0.3377   5.37
    17083       0.3366   5.37
    17084       0.3379   5.37
    17085       0.3378   5.37
    17086       0.3375   5.37
    17087       0.3381   5.37
    17088       0.3380   5.37
    17089       0.3366   5.37
    17090       0.3378   5.37
    17091       0.3382   5.37
    17092       0.3372   5.37
    17093       0.3369   5.37
    17094       0.3368   5.37
    17095       0.3372   5.37
    17096       0.3376   5.37
    17097       0.3371   5.37
    17098       0.3377   5.37
    17099       0.3374   5.37
    17100       0.3373   5.37
    17101       0.3375   5.37
    17102       0.3367   5.37
    17103       0.3373   5.37
    17104       0.3381   5.37
    17105       0.3379   5.37
    17106       0.3381   5.37
    17107       0.3381   5.37
    17108       0.3373   5.37
    17109       0.3374   5.37
    17110       0.3372   5.37
    17111       0.3366   5.37
    17112       0.3376   5.37
    17113       0.3374   5.37
    17114       0.3364   5.37
    17115       0.3373   5.37
    17116       0.3369   5.37
    17117       0.3360   5.37
    17118       0.3376   5.37
    17119       0.3370   5.37
    17120       0.3372   5.37
    17121       0.3371   5.37
    17122       0.3366   5.37
    17123       0.3362   5.37
    17124       0.3362   5.37
    17125       0.3358   5.37
    17126       0.3355   5.37
    17127       0.3361   5.37
    17128       0.3372   5.37
    17129       0.3353   5.38
    17130       0.3370   5.38
    17131       0.3371   5.37
    17132       0.3361   5.37
    17133       0.3374   5.37
    17134       0.3367   5.37
    17135       0.3360   5.37
    17136       0.3359   5.37
    17137       0.3366   5.37
    17138       0.3368   5.37
    17139       0.3361   5.37
    17140       0.3364   5.37
    17141       0.3371   5.38
    17142       0.3358   5.37
    17143       0.3363   5.37
    17144       0.3358   5.37
    17145       0.3371   5.38
    17146       0.3373   5.38
    17147       0.3370   5.37
    17148       0.3369   5.37
    17149       0.3378   5.37
    17150       0.3374   5.37
    17151       0.3368   5.37
    17152       0.3374   5.37
    17153       0.3369   5.37
    17154       0.3366   5.37
    17155       0.3368   5.37
    17156       0.3373   5.37
    17157       0.3372   5.37
    17158       0.3368   5.37
    17159       0.3367   5.37
    17160       0.3357   5.37
    17161       0.3369   5.37
    17162       0.3365   5.37
    17163       0.3362   5.37
    17164       0.3364   5.37
    17165       0.3370   5.37
    17166       0.3364   5.37
    17167       0.3370   5.37
    17168       0.3367   5.37
    17169       0.3358   5.37
    17170       0.3369   5.37
    17171       0.3375   5.37
    17172       0.3364   5.37
    17173       0.3357   5.37
    17174       0.3366   5.37
    17175       0.3362   5.37
    17176       0.3352   5.37
    17177       0.3372   5.37
    17178       0.3374   5.37
    17179       0.3366   5.37
    17180       0.3358   5.37
    17181       0.3366   5.37
    17182       0.3360   5.37
    17183       0.3366   5.37
    17184       0.3368   5.37
    17185       0.3363   5.37
    17186       0.3360   5.37
    17187       0.3356   5.37
    17188       0.3359   5.37
    17189       0.3367   5.37
    17190       0.3366   5.37
    17191       0.3351   5.37
    17192       0.3371   5.37
    17193       0.3366   5.37
    17194       0.3355   5.37
    17195       0.3354   5.37
    17196       0.3362   5.37
    17197       0.3358   5.37
    17198       0.3365   5.37
    17199       0.3365   5.37
    17200       0.3359   5.37
    17201       0.3360   5.37
    17202       0.3365   5.37
    17203       0.3347   5.37
    17204       0.3368   5.37
    17205       0.3366   5.37
    17206       0.3361   5.37
    17207       0.3370   5.37
    17208       0.3372   5.37
    17209       0.3363   5.37
    17210       0.3358   5.37
    17211       0.3360   5.37
    17212       0.3376   5.37
    17213       0.3354   5.37
    17214       0.3358   5.37
    17215       0.3358   5.37
    17216       0.3362   5.37
    17217       0.3369   5.37
    17218       0.3356   5.37
    17219       0.3353   5.37
    17220       0.3369   5.37
    17221       0.3369   5.37
    17222       0.3356   5.37
    17223       0.3360   5.37
    17224       0.3374   5.37
    17225       0.3352   5.37
    17226       0.3366   5.37
    17227       0.3372   5.37
    17228       0.3369   5.37
    17229       0.3360   5.37
    17230       0.3366   5.37
    17231       0.3366   5.37
    17232       0.3373   5.37
    17233       0.3369   5.37
    17234       0.3356   5.37
    17235       0.3368   5.37
    17236       0.3366   5.37
    17237       0.3353   5.37
    17238       0.3362   5.37
    17239       0.3366   5.37
    17240       0.3361   5.37
    17241       0.3366   5.37
    17242       0.3371   5.37
    17243       0.3361   5.37
    17244       0.3371   5.37
    17245       0.3363   5.37
    17246       0.3371   5.37
    17247       0.3366   5.37
    17248       0.3366   5.37
    17249       0.3358   5.37
    17250       0.3355   5.37
    17251       0.3365   5.37
    17252       0.3365   5.37
    17253       0.3350   5.37
    17254       0.3361   5.37
    17255       0.3364   5.37
    17256       0.3363   5.37
    17257       0.3368   5.37
    17258       0.3375   5.37
    17259       0.3358   5.37
    17260       0.3360   5.37
    17261       0.3361   5.37
    17262       0.3360   5.37
    17263       0.3363   5.37
    17264       0.3360   5.37
    17265       0.3349   5.37
    17266       0.3369   5.37
    17267       0.3362   5.37
    17268       0.3360   5.37
    17269       0.3367   5.37
    17270       0.3364   5.37
    17271       0.3355   5.37
    17272       0.3369   5.37
    17273       0.3360   5.37
    17274       0.3363   5.37
    17275       0.3364   5.37
    17276       0.3366   5.37
    17277       0.3362   5.37
    17278       0.3371   5.37
    17279       0.3366   5.37
    17280       0.3357   5.37
    17281       0.3375   5.37
    17282       0.3363   5.37
    17283       0.3357   5.37
    17284       0.3362   5.37
    17285       0.3365   5.37
    17286       0.3369   5.37
    17287       0.3365   5.37
    17288       0.3359   5.37
    17289       0.3364   5.37
    17290       0.3355   5.37
    17291       0.3363   5.37
    17292       0.3358   5.36
    17293       0.3362   5.37
    17294       0.3360   5.37
    17295       0.3366   5.37
    17296       0.3356   5.37
    17297       0.3363   5.37
    17298       0.3366   5.37
    17299       0.3365   5.37
    17300       0.3369   5.37
    17301       0.3362   5.37
    17302       0.3349   5.37
    17303       0.3350   5.37
    17304       0.3348   5.37
    17305       0.3351   5.37
    17306       0.3358   5.37
    17307       0.3365   5.37
    17308       0.3362   5.37
    17309       0.3368   5.37
    17310       0.3361   5.37
    17311       0.3366   5.37
    17312       0.3364   5.37
    17313       0.3361   5.37
    17314       0.3362   5.37
    17315       0.3367   5.37
    17316       0.3364   5.37
    17317       0.3350   5.37
    17318       0.3361   5.37
    17319       0.3364   5.37
    17320       0.3357   5.37
    17321       0.3362   5.37
    17322       0.3369   5.37
    17323       0.3362   5.37
    17324       0.3357   5.37
    17325       0.3355   5.37
    17326       0.3368   5.37
    17327       0.3359   5.37
    17328       0.3364   5.37
    17329       0.3369   5.37
    17330       0.3359   5.37
    17331       0.3364   5.37
    17332       0.3374   5.37
    17333       0.3373   5.37
    17334       0.3369   5.37
    17335       0.3370   5.37
    17336       0.3359   5.37
    17337       0.3358   5.37
    17338       0.3360   5.37
    17339       0.3361   5.37
    17340       0.3368   5.37
    17341       0.3368   5.37
    17342       0.3352   5.37
    17343       0.3373   5.37
    17344       0.3365   5.37
    17345       0.3357   5.37
    17346       0.3367   5.37
    17347       0.3362   5.38
    17348       0.3360   5.37
    17349       0.3371   5.37
    17350       0.3371   5.37
    17351       0.3355   5.37
    17352       0.3367   5.37
    17353       0.3370   5.37
    17354       0.3365   5.37
    17355       0.3367   5.37
    17356       0.3373   5.38
    17357       0.3372   5.37
    17358       0.3365   5.37
    17359       0.3374   5.37
    17360       0.3366   5.37
    17361       0.3364   5.37
    17362       0.3366   5.37
    17363       0.3361   5.37
    17364       0.3366   5.37
    17365       0.3363   5.37
    17366       0.3364   5.37
    17367       0.3360   5.37
    17368       0.3372   5.37
    17369       0.3364   5.37
    17370       0.3355   5.37
    17371       0.3369   5.37
    17372       0.3369   5.37
    17373       0.3357   5.37
    17374       0.3367   5.37
    17375       0.3366   5.37
    17376       0.3364   5.37
    17377       0.3366   5.37
    17378       0.3370   5.37
    17379       0.3359   5.37
    17380       0.3371   5.37
    17381       0.3371   5.37
    17382       0.3363   5.37
    17383       0.3367   5.37
    17384       0.3363   5.37
    17385       0.3354   5.37
    17386       0.3367   5.37
    17387       0.3368   5.37
    17388       0.3362   5.37
    17389       0.3371   5.37
    17390       0.3367   5.38
    17391       0.3365   5.38
    17392       0.3374   5.38
    17393       0.3364   5.37
    17394       0.3358   5.37
    17395       0.3372   5.37
    17396       0.3363   5.37
    17397       0.3365   5.38
    17398       0.3366   5.37
    17399       0.3367   5.37
    17400       0.3372   5.38
    17401       0.3363   5.37
    17402       0.3380   5.37
    17403       0.3365   5.38
    17404       0.3353   5.37
    17405       0.3367   5.37
    17406       0.3369   5.38
    17407       0.3358   5.38
    17408       0.3362   5.38
    17409       0.3368   5.37
    17410       0.3360   5.37
    17411       0.3365   5.37
    17412       0.3370   5.37
    17413       0.3368   5.37
    17414       0.3368   5.37
    17415       0.3371   5.37
    17416       0.3370   5.37
    17417       0.3364   5.37
    17418       0.3370   5.37
    17419       0.3360   5.37
    17420       0.3365   5.37
    17421       0.3368   5.37
    17422       0.3360   5.37
    17423       0.3359   5.37
    17424       0.3365   5.37
    17425       0.3357   5.37
    17426       0.3370   5.37
    17427       0.3370   5.37
    17428       0.3358   5.37
    17429       0.3367   5.37
    17430       0.3367   5.37
    17431       0.3362   5.37
    17432       0.3366   5.37
    17433       0.3371   5.37
    17434       0.3366   5.37
    17435       0.3363   5.37
    17436       0.3370   5.37
    17437       0.3373   5.37
    17438       0.3358   5.37
    17439       0.3373   5.37
    17440       0.3371   5.37
    17441       0.3359   5.37
    17442       0.3365   5.37
    17443       0.3370   5.37
    17444       0.3360   5.37
    17445       0.3366   5.37
    17446       0.3361   5.37
    17447       0.3359   5.37
    17448       0.3371   5.37
    17449       0.3368   5.37
    17450       0.3363   5.37
    17451       0.3363   5.37
    17452       0.3363   5.37
    17453       0.3350   5.37
    17454       0.3368   5.37
    17455       0.3374   5.38
    17456       0.3362   5.37
    17457       0.3368   5.37
    17458       0.3364   5.37
    17459       0.3367   5.37
    17460       0.3367   5.37
    17461       0.3365   5.37
    17462       0.3360   5.37
    17463       0.3364   5.37
    17464       0.3367   5.37
    17465       0.3359   5.37
    17466       0.3369   5.37
    17467       0.3368   5.37
    17468       0.3363   5.37
    17469       0.3362   5.37
    17470       0.3363   5.37
    17471       0.3361   5.37
    17472       0.3367   5.38
    17473       0.3364   5.38
    17474       0.3360   5.37
    17475       0.3360   5.37
    17476       0.3368   5.37
    17477       0.3376   5.37
    17478       0.3376   5.37
    17479       0.3381   5.37
    17480       0.3378   5.37
    17481       0.3376   5.37
    17482       0.3376   5.37
    17483       0.3372   5.37
    17484       0.3360   5.37
    17485       0.3371   5.37
    17486       0.3382   5.37
    17487       0.3380   5.37
    17488       0.3386   5.37
    17489       0.3379   5.37
    17490       0.3365   5.37
    17491       0.3372   5.37
    17492       0.3380   5.37
    17493       0.3371   5.37
    17494       0.3373   5.37
    17495       0.3373   5.37
    17496       0.3364   5.37
    17497       0.3393   5.37
    17498       0.3376   5.37
    17499       0.3374   5.37
    17500       0.3378   5.37
    17501       0.3385   5.37
    17502       0.3384   5.37
    17503       0.3375   5.37
    17504       0.3377   5.37
    17505       0.3375   5.37
    17506       0.3366   5.37
    17507       0.3371   5.37
    17508       0.3376   5.37
    17509       0.3362   5.37
    17510       0.3377   5.37
    17511       0.3378   5.37
    17512       0.3367   5.37
    17513       0.3376   5.37
    17514       0.3382   5.37
    17515       0.3376   5.37
    17516       0.3388   5.37
    17517       0.3387   5.37
    17518       0.3370   5.37
    17519       0.3372   5.37
    17520       0.3372   5.37
    17521       0.3369   5.37
    17522       0.3374   5.37
    17523       0.3376   5.37
    17524       0.3369   5.37
    17525       0.3391   5.37
    17526       0.3383   5.37
    17527       0.3370   5.37
    17528       0.3367   5.37
    17529       0.3375   5.37
    17530       0.3366   5.37
    17531       0.3363   5.37
    17532       0.3374   5.37
    17533       0.3372   5.37
    17534       0.3350   5.37
    17535       0.3361   5.37
    17536       0.3360   5.37
    17537       0.3361   5.37
    17538       0.3370   5.37
    17539       0.3373   5.37
    17540       0.3367   5.37
    17541       0.3374   5.37
    17542       0.3366   5.37
    17543       0.3359   5.37
    17544       0.3366   5.37
    17545       0.3370   5.37
    17546       0.3352   5.37
    17547       0.3369   5.37
    17548       0.3372   5.37
    17549       0.3369   5.37
    17550       0.3366   5.37
    17551       0.3372   5.37
    17552       0.3359   5.37
    17553       0.3373   5.37
    17554       0.3368   5.37
    17555       0.3356   5.37
    17556       0.3367   5.37
    17557       0.3363   5.37
    17558       0.3360   5.37
    17559       0.3369   5.37
    17560       0.3371   5.37
    17561       0.3362   5.37
    17562       0.3358   5.37
    17563       0.3367   5.37
    17564       0.3357   5.37
    17565       0.3368   5.37
    17566       0.3367   5.37
    17567       0.3364   5.37
    17568       0.3364   5.37
    17569       0.3373   5.38
    17570       0.3357   5.37
    17571       0.3359   5.37
    17572       0.3371   5.37
    17573       0.3365   5.37
    17574       0.3364   5.37
    17575       0.3371   5.37
    17576       0.3371   5.37
    17577       0.3363   5.38
    17578       0.3374   5.38
    17579       0.3371   5.38
    17580       0.3363   5.37
    17581       0.3363   5.37
    17582       0.3364   5.37
    17583       0.3354   5.37
    17584       0.3377   5.37
    17585       0.3375   5.38
    17586       0.3361   5.37
    17587       0.3377   5.37
    17588       0.3379   5.37
    17589       0.3357   5.37
    17590       0.3362   5.37
    17591       0.3374   5.37
    17592       0.3357   5.37
    17593       0.3371   5.37
    17594       0.3367   5.37
    17595       0.3360   5.37
    17596       0.3368   5.37
    17597       0.3374   5.38
    17598       0.3363   5.38
    17599       0.3366   5.38
    17600       0.3363   5.37
    17601       0.3359   5.37
    17602       0.3370   5.37
    17603       0.3366   5.37
    17604       0.3367   5.37
    17605       0.3370   5.37
    17606       0.3378   5.37
    17607       0.3376   5.37
    17608       0.3352   5.37
    17609       0.3362   5.37
    17610       0.3365   5.37
    17611       0.3357   5.37
    17612       0.3366   5.37
    17613       0.3369   5.37
    17614       0.3366   5.37
    17615       0.3363   5.37
    17616       0.3368   5.37
    17617       0.3375   5.37
    17618       0.3378   5.37
    17619       0.3382   5.37
    17620       0.3362   5.37
    17621       0.3366   5.37
    17622       0.3371   5.37
    17623       0.3363   5.37
    17624       0.3367   5.37
    17625       0.3363   5.37
    17626       0.3358   5.38
    17627       0.3363   5.38
    17628       0.3369   5.37
    17629       0.3364   5.38
    17630       0.3367   5.38
    17631       0.3369   5.37
    17632       0.3363   5.37
    17633       0.3371   5.37
    17634       0.3373   5.37
    17635       0.3354   5.37
    17636       0.3368   5.37
    17637       0.3364   5.37
    17638       0.3363   5.37
    17639       0.3365   5.37
    17640       0.3369   5.37
    17641       0.3361   5.37
    17642       0.3354   5.37
    17643       0.3366   5.37
    17644       0.3369   5.37
    17645       0.3359   5.37
    17646       0.3375   5.37
    17647       0.3373   5.38
    17648       0.3363   5.37
    17649       0.3375   5.37
    17650       0.3379   5.37
    17651       0.3359   5.38
    17652       0.3371   5.38
    17653       0.3368   5.37
    17654       0.3353   5.37
    17655       0.3358   5.37
    17656       0.3368   5.37
    17657       0.3366   5.37
    17658       0.3370   5.37
    17659       0.3374   5.38
    17660       0.3373   5.37
    17661       0.3374   5.37
    17662       0.3376   5.37
    17663       0.3366   5.38
    17664       0.3375   5.38
    17665       0.3379   5.37
    17666       0.3374   5.37
    17667       0.3376   5.37
    17668       0.3374   5.37
    17669       0.3375   5.37
    17670       0.3384   5.37
    17671       0.3378   5.38
    17672       0.3373   5.37
    17673       0.3369   5.37
    17674       0.3378   5.37
    17675       0.3375   5.37
    17676       0.3365   5.37
    17677       0.3375   5.37
    17678       0.3379   5.37
    17679       0.3367   5.37
    17680       0.3374   5.37
    17681       0.3378   5.37
    17682       0.3367   5.37
    17683       0.3377   5.37
    17684       0.3381   5.37
    17685       0.3365   5.37
    17686       0.3385   5.37
    17687       0.3375   5.37
    17688       0.3362   5.37
    17689       0.3378   5.37
    17690       0.3380   5.37
    17691       0.3372   5.37
    17692       0.3381   5.37
    17693       0.3380   5.37
    17694       0.3368   5.37
    17695       0.3378   5.37
    17696       0.3371   5.37
    17697       0.3367   5.37
    17698       0.3376   5.37
    17699       0.3375   5.37
    17700       0.3376   5.37
    17701       0.3376   5.37
    17702       0.3378   5.37
    17703       0.3377   5.37
    17704       0.3367   5.37
    17705       0.3384   5.37
    17706       0.3385   5.37
    17707       0.3365   5.37
    17708       0.3376   5.37
    17709       0.3377   5.37
    17710       0.3371   5.37
    17711       0.3383   5.37
    17712       0.3380   5.38
    17713       0.3360   5.38
    17714       0.3361   5.38
    17715       0.3363   5.37
    17716       0.3355   5.37
    17717       0.3368   5.37
    17718       0.3360   5.37
    17719       0.3351   5.37
    17720       0.3360   5.37
    17721       0.3368   5.37
    17722       0.3361   5.38
    17723       0.3375   5.38
    17724       0.3376   5.37
    17725       0.3365   5.37
    17726       0.3370   5.37
    17727       0.3365   5.37
    17728       0.3361   5.37
    17729       0.3370   5.37
    17730       0.3371   5.37
    17731       0.3367   5.38
    17732       0.3369   5.38
    17733       0.3365   5.37
    17734       0.3364   5.37
    17735       0.3367   5.37
    17736       0.3371   5.37
    17737       0.3364   5.37
    17738       0.3365   5.38
    17739       0.3365   5.38
    17740       0.3367   5.37
    17741       0.3357   5.37
    17742       0.3367   5.37
    17743       0.3367   5.38
    17744       0.3354   5.38
    17745       0.3365   5.38
    17746       0.3361   5.37
    17747       0.3360   5.37
    17748       0.3369   5.37
    17749       0.3369   5.37
    17750       0.3363   5.37
    17751       0.3365   5.37
    17752       0.3367   5.37
    17753       0.3365   5.37
    17754       0.3370   5.37
    17755       0.3362   5.38
    17756       0.3360   5.37
    17757       0.3366   5.37
    17758       0.3373   5.37
    17759       0.3362   5.37
    17760       0.3372   5.37
    17761       0.3372   5.37
    17762       0.3355   5.37
    17763       0.3365   5.37
    17764       0.3367   5.37
    17765       0.3364   5.37
    17766       0.3374   5.37
    17767       0.3364   5.37
    17768       0.3361   5.37
    17769       0.3358   5.37
    17770       0.3372   5.37
    17771       0.3365   5.37
    17772       0.3374   5.37
    17773       0.3367   5.37
    17774       0.3374   5.37
    17775       0.3372   5.37
    17776       0.3367   5.37
    17777       0.3367   5.37
    17778       0.3361   5.37
    17779       0.3374   5.37
    17780       0.3363   5.37
    17781       0.3349   5.37
    17782       0.3367   5.37
    17783       0.3370   5.37
    17784       0.3365   5.37
    17785       0.3359   5.37
    17786       0.3363   5.37
    17787       0.3359   5.37
    17788       0.3366   5.37
    17789       0.3362   5.37
    17790       0.3357   5.37
    17791       0.3371   5.37
    17792       0.3364   5.37
    17793       0.3364   5.37
    17794       0.3364   5.37
    17795       0.3368   5.37
    17796       0.3359   5.37
    17797       0.3369   5.37
    17798       0.3366   5.37
    17799       0.3364   5.37
    17800       0.3373   5.37
    17801       0.3371   5.37
    17802       0.3356   5.37
    17803       0.3375   5.37
    17804       0.3373   5.37
    17805       0.3362   5.37
    17806       0.3367   5.37
    17807       0.3365   5.37
    17808       0.3366   5.37
    17809       0.3363   5.37
    17810       0.3366   5.37
    17811       0.3365   5.37
    17812       0.3351   5.37
    17813       0.3363   5.37
    17814       0.3372   5.37
    17815       0.3354   5.37
    17816       0.3366   5.37
    17817       0.3368   5.37
    17818       0.3363   5.37
    17819       0.3367   5.37
    17820       0.3372   5.37
    17821       0.3353   5.38
    17822       0.3368   5.38
    17823       0.3368   5.37
    17824       0.3359   5.37
    17825       0.3367   5.37
    17826       0.3368   5.37
    17827       0.3366   5.37
    17828       0.3367   5.37
    17829       0.3364   5.37
    17830       0.3367   5.37
    17831       0.3378   5.37
    17832       0.3370   5.37
    17833       0.3367   5.37
    17834       0.3370   5.37
    17835       0.3375   5.37
    17836       0.3368   5.37
    17837       0.3376   5.37
    17838       0.3363   5.37
    17839       0.3366   5.37
    17840       0.3368   5.37
    17841       0.3370   5.37
    17842       0.3363   5.37
    17843       0.3360   5.37
    17844       0.3373   5.37
    17845       0.3371   5.37
    17846       0.3364   5.37
    17847       0.3362   5.37
    17848       0.3366   5.37
    17849       0.3365   5.37
    17850       0.3354   5.37
    17851       0.3364   5.37
    17852       0.3362   5.37
    17853       0.3369   5.37
    17854       0.3365   5.37
    17855       0.3360   5.37
    17856       0.3368   5.37
    17857       0.3362   5.37
    17858       0.3362   5.37
    17859       0.3359   5.37
    17860       0.3357   5.37
    17861       0.3363   5.37
    17862       0.3364   5.37
    17863       0.3367   5.37
    17864       0.3350   5.37
    17865       0.3366   5.37
    17866       0.3376   5.37
    17867       0.3353   5.37
    17868       0.3357   5.37
    17869       0.3352   5.37
    17870       0.3352   5.37
    17871       0.3361   5.37
    17872       0.3360   5.37
    17873       0.3355   5.37
    17874       0.3370   5.37
    17875       0.3361   5.37
    17876       0.3364   5.37
    17877       0.3365   5.37
    17878       0.3364   5.37
    17879       0.3362   5.37
    17880       0.3349   5.37
    17881       0.3359   5.37
    17882       0.3355   5.37
    17883       0.3369   5.37
    17884       0.3366   5.37
    17885       0.3368   5.38
    17886       0.3362   5.37
    17887       0.3360   5.37
    17888       0.3351   5.37
    17889       0.3355   5.37
    17890       0.3366   5.37
    17891       0.3366   5.37
    17892       0.3357   5.37
    17893       0.3371   5.37
    17894       0.3360   5.37
    17895       0.3352   5.37
    17896       0.3363   5.37
    17897       0.3362   5.37
    17898       0.3353   5.37
    17899       0.3362   5.37
    17900       0.3365   5.37
    17901       0.3354   5.37
    17902       0.3360   5.37
    17903       0.3359   5.37
    17904       0.3362   5.37
    17905       0.3370   5.37
    17906       0.3364   5.37
    17907       0.3350   5.37
    17908       0.3361   5.37
    17909       0.3362   5.37
    17910       0.3356   5.37
    17911       0.3364   5.37
    17912       0.3362   5.37
    17913       0.3360   5.37
    17914       0.3368   5.37
    17915       0.3363   5.37
    17916       0.3350   5.37
    17917       0.3359   5.37
    17918       0.3365   5.37
    17919       0.3367   5.37
    17920       0.3367   5.37
    17921       0.3356   5.37
    17922       0.3352   5.37
    17923       0.3357   5.37
    17924       0.3364   5.37
    17925       0.3361   5.37
    17926       0.3357   5.37
    17927       0.3359   5.37
    17928       0.3358   5.37
    17929       0.3362   5.37
    17930       0.3368   5.37
    17931       0.3360   5.37
    17932       0.3349   5.37
    17933       0.3362   5.37
    17934       0.3366   5.37
    17935       0.3356   5.37
    17936       0.3361   5.37
    17937       0.3364   5.37
    17938       0.3364   5.38
    17939       0.3357   5.38
    17940       0.3362   5.37
    17941       0.3357   5.37
    17942       0.3364   5.37
    17943       0.3363   5.37
    17944       0.3355   5.37
    17945       0.3371   5.37
    17946       0.3372   5.37
    17947       0.3354   5.37
    17948       0.3363   5.37
    17949       0.3363   5.37
    17950       0.3366   5.37
    17951       0.3375   5.37
    17952       0.3366   5.37
    17953       0.3361   5.37
    17954       0.3364   5.37
    17955       0.3361   5.37
    17956       0.3359   5.37
    17957       0.3366   5.37
    17958       0.3364   5.37
    17959       0.3358   5.37
    17960       0.3365   5.37
    17961       0.3365   5.37
    17962       0.3352   5.37
    17963       0.3359   5.37
    17964       0.3365   5.37
    17965       0.3357   5.37
    17966       0.3359   5.37
    17967       0.3360   5.37
    17968       0.3367   5.38
    17969       0.3365   5.37
    17970       0.3371   5.37
    17971       0.3375   5.38
    17972       0.3353   5.37
    17973       0.3361   5.37
    17974       0.3352   5.37
    17975       0.3354   5.37
    17976       0.3360   5.37
    17977       0.3368   5.37
    17978       0.3358   5.37
    17979       0.3365   5.37
    17980       0.3361   5.37
    17981       0.3353   5.37
    17982       0.3368   5.37
    17983       0.3367   5.37
    17984       0.3357   5.37
    17985       0.3364   5.37
    17986       0.3358   5.37
    17987       0.3359   5.37
    17988       0.3360   5.37
    17989       0.3366   5.37
    17990       0.3365   5.37
    17991       0.3357   5.37
    17992       0.3365   5.37
    17993       0.3359   5.37
    17994       0.3371   5.37
    17995       0.3365   5.37
    17996       0.3353   5.37
    17997       0.3377   5.37
    17998       0.3364   5.37
    17999       0.3353   5.37
    18000       0.3359   5.37
    18001       0.3357   5.37
    18002       0.3359   5.37
    18003       0.3354   5.37
    18004       0.3366   5.37
    18005       0.3359   5.37
    18006       0.3359   5.37
    18007       0.3365   5.37
    18008       0.3371   5.37
    18009       0.3353   5.37
    18010       0.3364   5.37
    18011       0.3369   5.37
    18012       0.3353   5.37
    18013       0.3375   5.37
    18014       0.3376   5.37
    18015       0.3356   5.37
    18016       0.3369   5.37
    18017       0.3375   5.37
    18018       0.3363   5.37
    18019       0.3383   5.37
    18020       0.3383   5.37
    18021       0.3372   5.37
    18022       0.3373   5.37
    18023       0.3376   5.37
    18024       0.3369   5.37
    18025       0.3373   5.37
    18026       0.3374   5.37
    18027       0.3366   5.37
    18028       0.3362   5.37
    18029       0.3369   5.37
    18030       0.3365   5.37
    18031       0.3381   5.37
    18032       0.3376   5.37
    18033       0.3373   5.37
    18034       0.3378   5.37
    18035       0.3378   5.37
    18036       0.3386   5.37
    18037       0.3375   5.37
    18038       0.3379   5.37
    18039       0.3388   5.37
    18040       0.3371   5.37
    18041       0.3375   5.37
    18042       0.3377   5.37
    18043       0.3379   5.37
    18044       0.3365   5.37
    18045       0.3376   5.37
    18046       0.3362   5.37
    18047       0.3370   5.37
    18048       0.3372   5.37
    18049       0.3364   5.37
    18050       0.3374   5.37
    18051       0.3374   5.37
    18052       0.3366   5.37
    18053       0.3375   5.37
    18054       0.3375   5.37
    18055       0.3365   5.37
    18056       0.3373   5.37
    18057       0.3374   5.37
    18058       0.3365   5.37
    18059       0.3373   5.37
    18060       0.3376   5.37
    18061       0.3373   5.37
    18062       0.3375   5.37
    18063       0.3368   5.37
    18064       0.3370   5.37
    18065       0.3363   5.37
    18066       0.3385   5.37
    18067       0.3371   5.37
    18068       0.3376   5.37
    18069       0.3374   5.37
    18070       0.3376   5.37
    18071       0.3365   5.37
    18072       0.3370   5.37
    18073       0.3371   5.37
    18074       0.3370   5.37
    18075       0.3376   5.37
    18076       0.3378   5.37
    18077       0.3370   5.37
    18078       0.3374   5.37
    18079       0.3378   5.37
    18080       0.3364   5.37
    18081       0.3379   5.37
    18082       0.3378   5.37
    18083       0.3373   5.37
    18084       0.3386   5.37
    18085       0.3376   5.37
    18086       0.3378   5.37
    18087       0.3370   5.37
    18088       0.3380   5.37
    18089       0.3374   5.36
    18090       0.3385   5.36
    18091       0.3370   5.37
    18092       0.3364   5.37
    18093       0.3370   5.37
    18094       0.3373   5.37
    18095       0.3365   5.37
    18096       0.3385   5.37
    18097       0.3371   5.37
    18098       0.3369   5.37
    18099       0.3372   5.37
    18100       0.3364   5.37
    18101       0.3376   5.37
    18102       0.3372   5.37
    18103       0.3373   5.37
    18104       0.3378   5.37
    18105       0.3372   5.37
    18106       0.3367   5.37
    18107       0.3371   5.37
    18108       0.3371   5.37
    18109       0.3375   5.37
    18110       0.3367   5.37
    18111       0.3362   5.37
    18112       0.3366   5.37
    18113       0.3375   5.37
    18114       0.3371   5.37
    18115       0.3382   5.37
    18116       0.3375   5.37
    18117       0.3375   5.37
    18118       0.3373   5.37
    18119       0.3373   5.37
    18120       0.3359   5.37
    18121       0.3378   5.37
    18122       0.3374   5.37
    18123       0.3364   5.37
    18124       0.3386   5.37
    18125       0.3382   5.37
    18126       0.3381   5.37
    18127       0.3371   5.37
    18128       0.3373   5.37
    18129       0.3374   5.37
    18130       0.3371   5.36
    18131       0.3376   5.36
    18132       0.3374   5.36
    18133       0.3369   5.37
    18134       0.3375   5.37
    18135       0.3373   5.37
    18136       0.3362   5.37
    18137       0.3380   5.37
    18138       0.3387   5.37
    18139       0.3372   5.37
    18140       0.3372   5.37
    18141       0.3367   5.37
    18142       0.3355   5.37
    18143       0.3383   5.37
    18144       0.3378   5.37
    18145       0.3368   5.37
    18146       0.3379   5.37
    18147       0.3370   5.37
    18148       0.3368   5.37
    18149       0.3375   5.37
    18150       0.3375   5.37
    18151       0.3373   5.37
    18152       0.3369   5.37
    18153       0.3374   5.37
    18154       0.3361   5.37
    18155       0.3378   5.37
    18156       0.3380   5.37
    18157       0.3374   5.37
    18158       0.3367   5.37
    18159       0.3380   5.37
    18160       0.3361   5.37
    18161       0.3376   5.37
    18162       0.3376   5.37
    18163       0.3375   5.37
    18164       0.3372   5.37
    18165       0.3367   5.37
    18166       0.3369   5.37
    18167       0.3365   5.37
    18168       0.3369   5.37
    18169       0.3376   5.37
    18170       0.3376   5.37
    18171       0.3379   5.37
    18172       0.3374   5.37
    18173       0.3364   5.37
    18174       0.3375   5.37
    18175       0.3375   5.37
    18176       0.3360   5.37
    18177       0.3378   5.37
    18178       0.3375   5.37
    18179       0.3368   5.37
    18180       0.3381   5.37
    18181       0.3367   5.37
    18182       0.3367   5.37
    18183       0.3382   5.37
    18184       0.3376   5.37
    18185       0.3373   5.37
    18186       0.3376   5.37
    18187       0.3376   5.37
    18188       0.3357   5.36
    18189       0.3366   5.36
    18190       0.3380   5.37
    18191       0.3361   5.37
    18192       0.3364   5.37
    18193       0.3363   5.37
    18194       0.3365   5.37
    18195       0.3370   5.37
    18196       0.3382   5.37
    18197       0.3385   5.37
    18198       0.3358   5.37
    18199       0.3364   5.37
    18200       0.3379   5.37
    18201       0.3361   5.37
    18202       0.3369   5.37
    18203       0.3378   5.37
    18204       0.3369   5.37
    18205       0.3381   5.37
    18206       0.3380   5.37
    18207       0.3366   5.37
    18208       0.3379   5.37
    18209       0.3370   5.37
    18210       0.3368   5.37
    18211       0.3375   5.37
    18212       0.3371   5.37
    18213       0.3362   5.37
    18214       0.3378   5.37
    18215       0.3370   5.37
    18216       0.3364   5.37
    18217       0.3380   5.37
    18218       0.3375   5.37
    18219       0.3364   5.37
    18220       0.3374   5.37
    18221       0.3369   5.37
    18222       0.3369   5.37
    18223       0.3367   5.37
    18224       0.3370   5.37
    18225       0.3372   5.37
    18226       0.3372   5.37
    18227       0.3372   5.37
    18228       0.3380   5.37
    18229       0.3371   5.37
    18230       0.3368   5.37
    18231       0.3371   5.37
    18232       0.3362   5.37
    18233       0.3372   5.37
    18234       0.3375   5.37
    18235       0.3371   5.37
    18236       0.3369   5.37
    18237       0.3373   5.37
    18238       0.3376   5.37
    18239       0.3378   5.37
    18240       0.3382   5.37
    18241       0.3362   5.37
    18242       0.3378   5.37
    18243       0.3374   5.37
    18244       0.3359   5.37
    18245       0.3380   5.37
    18246       0.3375   5.37
    18247       0.3371   5.37
    18248       0.3380   5.37
    18249       0.3374   5.37
    18250       0.3369   5.37
    18251       0.3380   5.37
    18252       0.3379   5.37
    18253       0.3379   5.37
    18254       0.3378   5.37
    18255       0.3376   5.37
    18256       0.3379   5.37
    18257       0.3362   5.37
    18258       0.3379   5.37
    18259       0.3376   5.37
    18260       0.3370   5.37
    18261       0.3371   5.37
    18262       0.3373   5.37
    18263       0.3369   5.37
    18264       0.3380   5.37
    18265       0.3375   5.37
    18266       0.3377   5.37
    18267       0.3371   5.37
    18268       0.3370   5.37
    18269       0.3373   5.37
    18270       0.3369   5.37
    18271       0.3370   5.37
    18272       0.3360   5.37
    18273       0.3373   5.37
    18274       0.3376   5.37
    18275       0.3368   5.37
    18276       0.3377   5.37
    18277       0.3369   5.37
    18278       0.3366   5.37
    18279       0.3366   5.37
    18280       0.3375   5.37
    18281       0.3373   5.37
    18282       0.3369   5.37
    18283       0.3372   5.37
    18284       0.3361   5.37
    18285       0.3366   5.37
    18286       0.3373   5.37
    18287       0.3369   5.37
    18288       0.3371   5.37
    18289       0.3375   5.37
    18290       0.3380   5.37
    18291       0.3365   5.37
    18292       0.3374   5.37
    18293       0.3372   5.37
    18294       0.3369   5.37
    18295       0.3374   5.37
    18296       0.3380   5.37
    18297       0.3366   5.37
    18298       0.3377   5.37
    18299       0.3372   5.37
    18300       0.3360   5.37
    18301       0.3370   5.37
    18302       0.3374   5.37
    18303       0.3368   5.37
    18304       0.3374   5.37
    18305       0.3370   5.37
    18306       0.3368   5.37
    18307       0.3379   5.37
    18308       0.3375   5.37
    18309       0.3365   5.37
    18310       0.3371   5.37
    18311       0.3379   5.37
    18312       0.3372   5.37
    18313       0.3375   5.37
    18314       0.3374   5.37
    18315       0.3366   5.37
    18316       0.3378   5.37
    18317       0.3377   5.37
    18318       0.3363   5.37
    18319       0.3369   5.37
    18320       0.3367   5.37
    18321       0.3372   5.37
    18322       0.3363   5.37
    18323       0.3366   5.37
    18324       0.3374   5.37
    18325       0.3362   5.37
    18326       0.3369   5.37
    18327       0.3370   5.37
    18328       0.3363   5.37
    18329       0.3371   5.37
    18330       0.3366   5.37
    18331       0.3368   5.37
    18332       0.3372   5.37
    18333       0.3375   5.37
    18334       0.3369   5.37
    18335       0.3381   5.37
    18336       0.3369   5.37
    18337       0.3374   5.37
    18338       0.3370   5.37
    18339       0.3372   5.37
    18340       0.3368   5.37
    18341       0.3380   5.37
    18342       0.3387   5.37
    18343       0.3374   5.37
    18344       0.3381   5.37
    18345       0.3367   5.37
    18346       0.3371   5.37
    18347       0.3374   5.37
    18348       0.3374   5.37
    18349       0.3377   5.37
    18350       0.3377   5.37
    18351       0.3367   5.37
    18352       0.3376   5.37
    18353       0.3370   5.37
    18354       0.3369   5.37
    18355       0.3365   5.37
    18356       0.3356   5.37
    18357       0.3367   5.37
    18358       0.3368   5.37
    18359       0.3357   5.37
    18360       0.3376   5.37
    18361       0.3380   5.37
    18362       0.3368   5.37
    18363       0.3378   5.37
    18364       0.3384   5.37
    18365       0.3354   5.37
    18366       0.3371   5.37
    18367       0.3373   5.37
    18368       0.3374   5.37
    18369       0.3371   5.37
    18370       0.3385   5.37
    18371       0.3374   5.37
    18372       0.3385   5.37
    18373       0.3382   5.37
    18374       0.3370   5.37
    18375       0.3367   5.37
    18376       0.3374   5.37
    18377       0.3367   5.37
    18378       0.3376   5.37
    18379       0.3368   5.37
    18380       0.3364   5.37
    18381       0.3364   5.37
    18382       0.3373   5.37
    18383       0.3363   5.37
    18384       0.3373   5.37
    18385       0.3374   5.37
    18386       0.3378   5.37
    18387       0.3355   5.37
    18388       0.3367   5.37
    18389       0.3369   5.37
    18390       0.3362   5.37
    18391       0.3372   5.37
    18392       0.3370   5.37
    18393       0.3374   5.37
    18394       0.3373   5.37
    18395       0.3374   5.37
    18396       0.3373   5.37
    18397       0.3385   5.37
    18398       0.3381   5.37
    18399       0.3376   5.37
    18400       0.3380   5.37
    18401       0.3375   5.37
    18402       0.3363   5.37
    18403       0.3374   5.37
    18404       0.3372   5.37
    18405       0.3362   5.37
    18406       0.3375   5.37
    18407       0.3374   5.37
    18408       0.3370   5.37
    18409       0.3373   5.37
    18410       0.3380   5.37
    18411       0.3365   5.37
    18412       0.3380   5.37
    18413       0.3379   5.37
    18414       0.3368   5.37
    18415       0.3375   5.37
    18416       0.3372   5.37
    18417       0.3374   5.37
    18418       0.3377   5.37
    18419       0.3378   5.37
    18420       0.3379   5.37
    18421       0.3368   5.37
    18422       0.3379   5.37
    18423       0.3376   5.37
    18424       0.3366   5.37
    18425       0.3377   5.37
    18426       0.3377   5.37
    18427       0.3370   5.37
    18428       0.3376   5.37
    18429       0.3375   5.37
    18430       0.3376   5.37
    18431       0.3373   5.37
    18432       0.3377   5.37
    18433       0.3362   5.37
    18434       0.3383   5.37
    18435       0.3376   5.37
    18436       0.3367   5.37
    18437       0.3378   5.37
    18438       0.3379   5.37
    18439       0.3374   5.37
    18440       0.3380   5.37
    18441       0.3375   5.37
    18442       0.3371   5.37
    18443       0.3379   5.37
    18444       0.3373   5.37
    18445       0.3371   5.37
    18446       0.3372   5.37
    18447       0.3376   5.37
    18448       0.3377   5.37
    18449       0.3369   5.37
    18450       0.3377   5.37
    18451       0.3371   5.37
    18452       0.3372   5.37
    18453       0.3377   5.37
    18454       0.3381   5.37
    18455       0.3375   5.37
    18456       0.3379   5.37
    18457       0.3381   5.37
    18458       0.3354   5.37
    18459       0.3379   5.37
    18460       0.3378   5.37
    18461       0.3373   5.37
    18462       0.3382   5.37
    18463       0.3370   5.37
    18464       0.3378   5.37
    18465       0.3387   5.37
    18466       0.3381   5.37
    18467       0.3362   5.37
    18468       0.3376   5.37
    18469       0.3377   5.37
    18470       0.3363   5.36
    18471       0.3377   5.36
    18472       0.3378   5.37
    18473       0.3373   5.37
    18474       0.3387   5.37
    18475       0.3380   5.37
    18476       0.3375   5.37
    18477       0.3373   5.37
    18478       0.3373   5.37
    18479       0.3373   5.37
    18480       0.3377   5.37
    18481       0.3379   5.37
    18482       0.3376   5.37
    18483       0.3374   5.37
    18484       0.3377   5.37
    18485       0.3379   5.37
    18486       0.3363   5.37
    18487       0.3374   5.37
    18488       0.3372   5.37
    18489       0.3369   5.37
    18490       0.3377   5.37
    18491       0.3383   5.37
    18492       0.3363   5.37
    18493       0.3374   5.37
    18494       0.3371   5.37
    18495       0.3377   5.37
    18496       0.3380   5.37
    18497       0.3377   5.37
    18498       0.3375   5.37
    18499       0.3365   5.37
    18500       0.3369   5.37
    18501       0.3367   5.37
    18502       0.3372   5.37
    18503       0.3367   5.37
    18504       0.3356   5.37
    18505       0.3375   5.37
    18506       0.3367   5.37
    18507       0.3360   5.37
    18508       0.3362   5.37
    18509       0.3362   5.37
    18510       0.3357   5.37
    18511       0.3356   5.37
    18512       0.3367   5.37
    18513       0.3372   5.37
    18514       0.3360   5.37
    18515       0.3364   5.37
    18516       0.3369   5.37
    18517       0.3360   5.37
    18518       0.3370   5.37
    18519       0.3359   5.37
    18520       0.3354   5.37
    18521       0.3368   5.37
    18522       0.3365   5.37
    18523       0.3356   5.37
    18524       0.3364   5.37
    18525       0.3366   5.37
    18526       0.3358   5.37
    18527       0.3367   5.37
    18528       0.3361   5.37
    18529       0.3356   5.37
    18530       0.3370   5.37
    18531       0.3365   5.37
    18532       0.3353   5.37
    18533       0.3366   5.37
    18534       0.3367   5.37
    18535       0.3350   5.37
    18536       0.3365   5.37
    18537       0.3370   5.37
    18538       0.3371   5.37
    18539       0.3371   5.37
    18540       0.3366   5.37
    18541       0.3343   5.37
    18542       0.3358   5.37
    18543       0.3363   5.37
    18544       0.3358   5.37
    18545       0.3364   5.37
    18546       0.3369   5.37
    18547       0.3359   5.38
    18548       0.3350   5.37
    18549       0.3374   5.37
    18550       0.3372   5.37
    18551       0.3356   5.37
    18552       0.3367   5.37
    18553       0.3362   5.37
    18554       0.3350   5.37
    18555       0.3361   5.37
    18556       0.3370   5.37
    18557       0.3356   5.37
    18558       0.3364   5.37
    18559       0.3365   5.37
    18560       0.3369   5.37
    18561       0.3360   5.37
    18562       0.3344   5.37
    18563       0.3355   5.37
    18564       0.3360   5.37
    18565       0.3363   5.37
    18566       0.3367   5.37
    18567       0.3370   5.37
    18568       0.3363   5.37
    18569       0.3362   5.37
    18570       0.3363   5.37
    18571       0.3362   5.37
    18572       0.3363   5.37
    18573       0.3361   5.37
    18574       0.3363   5.37
    18575       0.3354   5.37
    18576       0.3370   5.37
    18577       0.3362   5.37
    18578       0.3357   5.37
    18579       0.3363   5.37
    18580       0.3366   5.37
    18581       0.3365   5.37
    18582       0.3366   5.37
    18583       0.3358   5.37
    18584       0.3359   5.37
    18585       0.3366   5.37
    18586       0.3360   5.37
    18587       0.3366   5.37
    18588       0.3368   5.38
    18589       0.3365   5.38
    18590       0.3357   5.37
    18591       0.3356   5.37
    18592       0.3359   5.37
    18593       0.3363   5.37
    18594       0.3361   5.37
    18595       0.3363   5.37
    18596       0.3367   5.37
    18597       0.3361   5.37
    18598       0.3367   5.37
    18599       0.3366   5.37
    18600       0.3363   5.37
    18601       0.3362   5.37
    18602       0.3365   5.37
    18603       0.3357   5.37
    18604       0.3360   5.37
    18605       0.3366   5.37
    18606       0.3373   5.38
    18607       0.3375   5.38
    18608       0.3376   5.37
    18609       0.3372   5.37
    18610       0.3383   5.37
    18611       0.3385   5.37
    18612       0.3369   5.37
    18613       0.3380   5.37
    18614       0.3376   5.37
    18615       0.3368   5.37
    18616       0.3378   5.37
    18617       0.3372   5.36
    18618       0.3362   5.37
    18619       0.3379   5.37
    18620       0.3375   5.37
    18621       0.3379   5.37
    18622       0.3375   5.37
    18623       0.3382   5.37
    18624       0.3385   5.38
    18625       0.3370   5.38
    18626       0.3371   5.38
    18627       0.3372   5.37
    18628       0.3363   5.37
    18629       0.3372   5.37
    18630       0.3375   5.37
    18631       0.3376   5.37
    18632       0.3378   5.37
    18633       0.3370   5.37
    18634       0.3365   5.37
    18635       0.3377   5.37
    18636       0.3376   5.37
    18637       0.3373   5.37
    18638       0.3371   5.37
    18639       0.3382   5.37
    18640       0.3373   5.37
    18641       0.3379   5.37
    18642       0.3377   5.37
    18643       0.3374   5.37
    18644       0.3375   5.37
    18645       0.3376   5.37
    18646       0.3364   5.37
    18647       0.3369   5.37
    18648       0.3373   5.37
    18649       0.3372   5.37
    18650       0.3370   5.37
    18651       0.3380   5.37
    18652       0.3380   5.37
    18653       0.3371   5.37
    18654       0.3373   5.37
    18655       0.3370   5.37
    18656       0.3368   5.37
    18657       0.3374   5.37
    18658       0.3373   5.37
    18659       0.3374   5.37
    18660       0.3377   5.37
    18661       0.3373   5.37
    18662       0.3372   5.37
    18663       0.3375   5.37
    18664       0.3373   5.37
    18665       0.3376   5.37
    18666       0.3386   5.37
    18667       0.3376   5.37
    18668       0.3367   5.37
    18669       0.3365   5.37
    18670       0.3374   5.37
    18671       0.3374   5.37
    18672       0.3378   5.37
    18673       0.3374   5.37
    18674       0.3366   5.37
    18675       0.3374   5.37
    18676       0.3375   5.37
    18677       0.3370   5.37
    18678       0.3379   5.37
    18679       0.3371   5.37
    18680       0.3378   5.37
    18681       0.3377   5.37
    18682       0.3374   5.37
    18683       0.3371   5.37
    18684       0.3371   5.37
    18685       0.3377   5.37
    18686       0.3369   5.37
    18687       0.3353   5.37
    18688       0.3370   5.37
    18689       0.3371   5.37
    18690       0.3361   5.37
    18691       0.3364   5.37
    18692       0.3377   5.37
    18693       0.3368   5.37
    18694       0.3373   5.37
    18695       0.3386   5.37
    18696       0.3373   5.37
    18697       0.3377   5.37
    18698       0.3371   5.37
    18699       0.3372   5.37
    18700       0.3371   5.37
    18701       0.3371   5.37
    18702       0.3368   5.37
    18703       0.3367   5.37
    18704       0.3377   5.37
    18705       0.3366   5.37
    18706       0.3371   5.37
    18707       0.3365   5.37
    18708       0.3366   5.37
    18709       0.3367   5.37
    18710       0.3377   5.37
    18711       0.3375   5.37
    18712       0.3370   5.37
    18713       0.3370   5.37
    18714       0.3378   5.37
    18715       0.3369   5.37
    18716       0.3382   5.37
    18717       0.3377   5.37
    18718       0.3368   5.37
    18719       0.3382   5.37
    18720       0.3380   5.37
    18721       0.3370   5.37
    18722       0.3369   5.37
    18723       0.3377   5.36
    18724       0.3360   5.37
    18725       0.3376   5.37
    18726       0.3366   5.37
    18727       0.3358   5.37
    18728       0.3381   5.37
    18729       0.3376   5.37
    18730       0.3364   5.37
    18731       0.3367   5.37
    18732       0.3378   5.37
    18733       0.3363   5.37
    18734       0.3376   5.37
    18735       0.3379   5.37
    18736       0.3370   5.37
    18737       0.3384   5.37
    18738       0.3366   5.37
    18739       0.3372   5.37
    18740       0.3376   5.37
    18741       0.3372   5.37
    18742       0.3373   5.37
    18743       0.3382   5.37
    18744       0.3375   5.37
    18745       0.3371   5.37
    18746       0.3361   5.37
    18747       0.3368   5.37
    18748       0.3377   5.37
    18749       0.3378   5.37
    18750       0.3377   5.37
    18751       0.3370   5.37
    18752       0.3369   5.37
    18753       0.3375   5.37
    18754       0.3372   5.37
    18755       0.3368   5.37
    18756       0.3369   5.37
    18757       0.3372   5.37
    18758       0.3372   5.37
    18759       0.3377   5.37
    18760       0.3370   5.37
    18761       0.3374   5.37
    18762       0.3370   5.37
    18763       0.3368   5.37
    18764       0.3373   5.37
    18765       0.3375   5.37
    18766       0.3374   5.37
    18767       0.3372   5.37
    18768       0.3379   5.37
    18769       0.3378   5.37
    18770       0.3373   5.37
    18771       0.3381   5.37
    18772       0.3388   5.37
    18773       0.3366   5.37
    18774       0.3363   5.37
    18775       0.3369   5.37
    18776       0.3365   5.36
    18777       0.3376   5.37
    18778       0.3371   5.37
    18779       0.3384   5.37
    18780       0.3371   5.37
    18781       0.3376   5.37
    18782       0.3382   5.37
    18783       0.3371   5.37
    18784       0.3378   5.37
    18785       0.3369   5.37
    18786       0.3368   5.37
    18787       0.3370   5.37
    18788       0.3368   5.37
    18789       0.3375   5.37
    18790       0.3377   5.37
    18791       0.3381   5.37
    18792       0.3380   5.37
    18793       0.3384   5.37
    18794       0.3368   5.37
    18795       0.3367   5.37
    18796       0.3370   5.37
    18797       0.3377   5.37
    18798       0.3369   5.37
    18799       0.3370   5.37
    18800       0.3382   5.37
    18801       0.3373   5.37
    18802       0.3377   5.37
    18803       0.3374   5.37
    18804       0.3371   5.37
    18805       0.3377   5.37
    18806       0.3378   5.36
    18807       0.3381   5.37
    18808       0.3373   5.37
    18809       0.3372   5.37
    18810       0.3374   5.37
    18811       0.3365   5.37
    18812       0.3369   5.37
    18813       0.3374   5.36
    18814       0.3377   5.37
    18815       0.3371   5.37
    18816       0.3378   5.37
    18817       0.3359   5.37
    18818       0.3370   5.37
    18819       0.3378   5.37
    18820       0.3368   5.37
    18821       0.3379   5.37
    18822       0.3374   5.37
    18823       0.3362   5.37
    18824       0.3378   5.37
    18825       0.3373   5.37
    18826       0.3366   5.37
    18827       0.3370   5.37
    18828       0.3378   5.37
    18829       0.3377   5.37
    18830       0.3377   5.37
    18831       0.3377   5.37
    18832       0.3373   5.37
    18833       0.3375   5.37
    18834       0.3374   5.37
    18835       0.3370   5.37
    18836       0.3372   5.37
    18837       0.3370   5.37
    18838       0.3372   5.37
    18839       0.3378   5.37
    18840       0.3368   5.37
    18841       0.3375   5.37
    18842       0.3362   5.37
    18843       0.3369   5.37
    18844       0.3374   5.37
    18845       0.3369   5.37
    18846       0.3380   5.37
    18847       0.3381   5.37
    18848       0.3377   5.37
    18849       0.3378   5.37
    18850       0.3375   5.37
    18851       0.3366   5.37
    18852       0.3377   5.37
    18853       0.3377   5.37
    18854       0.3369   5.37
    18855       0.3373   5.37
    18856       0.3371   5.37
    18857       0.3378   5.37
    18858       0.3370   5.37
    18859       0.3370   5.37
    18860       0.3361   5.37
    18861       0.3380   5.37
    18862       0.3377   5.37
    18863       0.3373   5.37
    18864       0.3376   5.37
    18865       0.3373   5.37
    18866       0.3371   5.37
    18867       0.3372   5.37
    18868       0.3378   5.37
    18869       0.3381   5.37
    18870       0.3370   5.37
    18871       0.3375   5.37
    18872       0.3378   5.37
    18873       0.3371   5.37
    18874       0.3378   5.37
    18875       0.3374   5.37
    18876       0.3374   5.37
    18877       0.3382   5.37
    18878       0.3374   5.37
    18879       0.3377   5.37
    18880       0.3361   5.37
    18881       0.3367   5.37
    18882       0.3371   5.37
    18883       0.3376   5.37
    18884       0.3374   5.37
    18885       0.3369   5.37
    18886       0.3374   5.37
    18887       0.3381   5.37
    18888       0.3373   5.37
    18889       0.3376   5.37
    18890       0.3379   5.37
    18891       0.3372   5.37
    18892       0.3377   5.37
    18893       0.3374   5.37
    18894       0.3360   5.37
    18895       0.3374   5.37
    18896       0.3372   5.37
    18897       0.3370   5.37
    18898       0.3381   5.37
    18899       0.3379   5.37
    18900       0.3380   5.37
    18901       0.3370   5.37
    18902       0.3371   5.37
    18903       0.3377   5.37
    18904       0.3376   5.37
    18905       0.3379   5.37
    18906       0.3377   5.37
    18907       0.3370   5.37
    18908       0.3385   5.37
    18909       0.3379   5.37
    18910       0.3368   5.37
    18911       0.3367   5.37
    18912       0.3374   5.36
    18913       0.3363   5.37
    18914       0.3380   5.37
    18915       0.3376   5.37
    18916       0.3364   5.37
    18917       0.3380   5.37
    18918       0.3382   5.37
    18919       0.3365   5.37
    18920       0.3370   5.37
    18921       0.3373   5.37
    18922       0.3373   5.37
    18923       0.3383   5.37
    18924       0.3375   5.37
    18925       0.3363   5.37
    18926       0.3376   5.37
    18927       0.3370   5.37
    18928       0.3375   5.37
    18929       0.3383   5.37
    18930       0.3383   5.37
    18931       0.3377   5.37
    18932       0.3369   5.37
    18933       0.3372   5.37
    18934       0.3372   5.37
    18935       0.3368   5.36
    18936       0.3371   5.36
    18937       0.3375   5.37
    18938       0.3369   5.37
    18939       0.3368   5.37
    18940       0.3366   5.37
    18941       0.3373   5.37
    18942       0.3365   5.37
    18943       0.3367   5.37
    18944       0.3362   5.37
    18945       0.3373   5.37
    18946       0.3380   5.37
    18947       0.3373   5.37
    18948       0.3372   5.37
    18949       0.3372   5.37
    18950       0.3371   5.37
    18951       0.3371   5.37
    18952       0.3377   5.37
    18953       0.3372   5.37
    18954       0.3384   5.37
    18955       0.3382   5.37
    18956       0.3373   5.37
    18957       0.3372   5.37
    18958       0.3382   5.37
    18959       0.3380   5.37
    18960       0.3367   5.37
    18961       0.3370   5.37
    18962       0.3366   5.37
    18963       0.3357   5.37
    18964       0.3376   5.37
    18965       0.3366   5.37
    18966       0.3357   5.37
    18967       0.3374   5.37
    18968       0.3370   5.37
    18969       0.3380   5.37
    18970       0.3385   5.37
    18971       0.3370   5.37
    18972       0.3374   5.37
    18973       0.3370   5.37
    18974       0.3376   5.37
    18975       0.3365   5.37
    18976       0.3385   5.37
    18977       0.3385   5.37
    18978       0.3371   5.37
    18979       0.3369   5.37
    18980       0.3364   5.37
    18981       0.3368   5.37
    18982       0.3374   5.37
    18983       0.3366   5.37
    18984       0.3360   5.37
    18985       0.3363   5.37
    18986       0.3357   5.37
    18987       0.3365   5.37
    18988       0.3373   5.37
    18989       0.3371   5.37
    18990       0.3369   5.37
    18991       0.3371   5.37
    18992       0.3365   5.37
    18993       0.3363   5.37
    18994       0.3368   5.37
    18995       0.3372   5.37
    18996       0.3374   5.37
    18997       0.3362   5.37
    18998       0.3370   5.37
    18999       0.3377   5.37
    19000       0.3371   5.37
    19001       0.3371   5.37
    19002       0.3365   5.37
    19003       0.3370   5.37
    19004       0.3366   5.37
    19005       0.3367   5.37
    19006       0.3356   5.37
    19007       0.3367   5.37
    19008       0.3368   5.37
    19009       0.3360   5.37
    19010       0.3377   5.37
    19011       0.3360   5.37
    19012       0.3366   5.37
    19013       0.3365   5.37
    19014       0.3360   5.38
    19015       0.3365   5.37
    19016       0.3376   5.37
    19017       0.3376   5.37
    19018       0.3360   5.37
    19019       0.3374   5.37
    19020       0.3374   5.37
    19021       0.3364   5.37
    19022       0.3363   5.37
    19023       0.3369   5.37
    19024       0.3363   5.37
    19025       0.3374   5.37
    19026       0.3373   5.37
    19027       0.3367   5.37
    19028       0.3369   5.37
    19029       0.3379   5.37
    19030       0.3380   5.37
    19031       0.3369   5.38
    19032       0.3374   5.38
    19033       0.3373   5.37
    19034       0.3359   5.37
    19035       0.3358   5.37
    19036       0.3365   5.37
    19037       0.3366   5.37
    19038       0.3378   5.37
    19039       0.3367   5.37
    19040       0.3354   5.37
    19041       0.3371   5.37
    19042       0.3374   5.37
    19043       0.3366   5.37
    19044       0.3371   5.37
    19045       0.3370   5.37
    19046       0.3360   5.37
    19047       0.3364   5.37
    19048       0.3371   5.37
    19049       0.3367   5.37
    19050       0.3382   5.37
    19051       0.3371   5.37
    19052       0.3363   5.37
    19053       0.3364   5.37
    19054       0.3373   5.37
    19055       0.3365   5.37
    19056       0.3363   5.37
    19057       0.3367   5.37
    19058       0.3370   5.37
    19059       0.3374   5.37
    19060       0.3374   5.37
    19061       0.3371   5.37
    19062       0.3370   5.37
    19063       0.3367   5.37
    19064       0.3370   5.37
    19065       0.3367   5.37
    19066       0.3374   5.37
    19067       0.3368   5.37
    19068       0.3365   5.37
    19069       0.3378   5.37
    19070       0.3375   5.37
    19071       0.3364   5.37
    19072       0.3362   5.37
    19073       0.3371   5.37
    19074       0.3368   5.37
    19075       0.3366   5.37
    19076       0.3375   5.37
    19077       0.3365   5.37
    19078       0.3372   5.37
    19079       0.3368   5.37
    19080       0.3364   5.37
    19081       0.3375   5.37
    19082       0.3373   5.37
    19083       0.3358   5.37
    19084       0.3364   5.37
    19085       0.3371   5.37
    19086       0.3361   5.37
    19087       0.3373   5.37
    19088       0.3379   5.37
    19089       0.3382   5.37
    19090       0.3379   5.37
    19091       0.3376   5.37
    19092       0.3360   5.37
    19093       0.3372   5.37
    19094       0.3373   5.37
    19095       0.3377   5.37
    19096       0.3369   5.37
    19097       0.3375   5.37
    19098       0.3372   5.37
    19099       0.3362   5.37
    19100       0.3376   5.37
    19101       0.3372   5.37
    19102       0.3362   5.37
    19103       0.3364   5.37
    19104       0.3366   5.37
    19105       0.3367   5.37
    19106       0.3379   5.37
    19107       0.3375   5.37
    19108       0.3359   5.37
    19109       0.3369   5.37
    19110       0.3372   5.37
    19111       0.3363   5.37
    19112       0.3369   5.37
    19113       0.3372   5.37
    19114       0.3368   5.37
    19115       0.3372   5.37
    19116       0.3379   5.37
    19117       0.3358   5.37
    19118       0.3369   5.37
    19119       0.3375   5.37
    19120       0.3370   5.37
    19121       0.3376   5.37
    19122       0.3370   5.37
    19123       0.3361   5.37
    19124       0.3378   5.37
    19125       0.3376   5.37
    19126       0.3373   5.37
    19127       0.3373   5.37
    19128       0.3377   5.37
    19129       0.3375   5.37
    19130       0.3365   5.37
    19131       0.3375   5.37
    19132       0.3370   5.37
    19133       0.3369   5.37
    19134       0.3379   5.37
    19135       0.3379   5.37
    19136       0.3362   5.37
    19137       0.3372   5.37
    19138       0.3372   5.37
    19139       0.3357   5.37
    19140       0.3376   5.37
    19141       0.3375   5.37
    19142       0.3363   5.37
    19143       0.3371   5.37
    19144       0.3381   5.37
    19145       0.3376   5.37
    19146       0.3386   5.37
    19147       0.3382   5.37
    19148       0.3373   5.37
    19149       0.3373   5.37
    19150       0.3384   5.37
    19151       0.3367   5.37
    19152       0.3382   5.37
    19153       0.3373   5.37
    19154       0.3367   5.37
    19155       0.3376   5.37
    19156       0.3380   5.37
    19157       0.3369   5.37
    19158       0.3371   5.37
    19159       0.3379   5.37
    19160       0.3382   5.37
    19161       0.3363   5.37
    19162       0.3369   5.37
    19163       0.3368   5.37
    19164       0.3366   5.37
    19165       0.3374   5.37
    19166       0.3374   5.37
    19167       0.3373   5.37
    19168       0.3381   5.37
    19169       0.3377   5.38
    19170       0.3373   5.37
    19171       0.3377   5.37
    19172       0.3370   5.37
    19173       0.3367   5.37
    19174       0.3380   5.37
    19175       0.3377   5.37
    19176       0.3373   5.37
    19177       0.3381   5.37
    19178       0.3378   5.37
    19179       0.3380   5.37
    19180       0.3370   5.37
    19181       0.3365   5.37
    19182       0.3364   5.37
    19183       0.3383   5.37
    19184       0.3374   5.37
    19185       0.3379   5.37
    19186       0.3373   5.37
    19187       0.3369   5.37
    19188       0.3361   5.37
    19189       0.3366   5.37
    19190       0.3374   5.37
    19191       0.3376   5.38
    19192       0.3379   5.37
    19193       0.3379   5.37
    19194       0.3370   5.37
    19195       0.3379   5.37
    19196       0.3373   5.37
    19197       0.3371   5.37
    19198       0.3361   5.37
    19199       0.3370   5.37
    19200       0.3397   5.37
    19201       0.3370   5.37
    19202       0.3369   5.37
    19203       0.3373   5.37
    19204       0.3367   5.37
    19205       0.3373   5.37
    19206       0.3377   5.37
    19207       0.3376   5.37
    19208       0.3374   5.37
    19209       0.3377   5.37
    19210       0.3364   5.38
    19211       0.3365   5.38
    19212       0.3375   5.37
    19213       0.3376   5.37
    19214       0.3374   5.37
    19215       0.3375   5.37
    19216       0.3367   5.37
    19217       0.3379   5.37
    19218       0.3378   5.37
    19219       0.3369   5.37
    19220       0.3386   5.37
    19221       0.3379   5.37
    19222       0.3372   5.37
    19223       0.3362   5.37
    19224       0.3380   5.37
    19225       0.3387   5.37
    19226       0.3371   5.37
    19227       0.3372   5.37
    19228       0.3375   5.37
    19229       0.3368   5.37
    19230       0.3374   5.37
    19231       0.3378   5.37
    19232       0.3375   5.37
    19233       0.3374   5.37
    19234       0.3376   5.37
    19235       0.3374   5.37
    19236       0.3376   5.37
    19237       0.3375   5.37
    19238       0.3369   5.38
    19239       0.3377   5.38
    19240       0.3372   5.37
    19241       0.3369   5.37
    19242       0.3377   5.37
    19243       0.3377   5.37
    19244       0.3369   5.37
    19245       0.3376   5.37
    19246       0.3375   5.37
    19247       0.3369   5.37
    19248       0.3376   5.37
    19249       0.3380   5.37
    19250       0.3379   5.37
    19251       0.3371   5.37
    19252       0.3372   5.37
    19253       0.3377   5.37
    19254       0.3364   5.37
    19255       0.3381   5.37
    19256       0.3384   5.37
    19257       0.3363   5.37
    19258       0.3373   5.37
    19259       0.3378   5.37
    19260       0.3375   5.37
    19261       0.3374   5.37
    19262       0.3376   5.37
    19263       0.3364   5.37
    19264       0.3384   5.37
    19265       0.3379   5.37
    19266       0.3370   5.37
    19267       0.3374   5.37
    19268       0.3373   5.37
    19269       0.3369   5.37
    19270       0.3380   5.37
    19271       0.3386   5.37
    19272       0.3379   5.37
    19273       0.3379   5.37
    19274       0.3378   5.37
    19275       0.3366   5.37
    19276       0.3370   5.37
    19277       0.3373   5.36
    19278       0.3368   5.37
    19279       0.3378   5.37
    19280       0.3380   5.37
    19281       0.3368   5.37
    19282       0.3369   5.37
    19283       0.3372   5.37
    19284       0.3371   5.37
    19285       0.3375   5.37
    19286       0.3383   5.37
    19287       0.3365   5.37
    19288       0.3364   5.37
    19289       0.3371   5.37
    19290       0.3372   5.37
    19291       0.3367   5.37
    19292       0.3375   5.37
    19293       0.3387   5.37
    19294       0.3370   5.37
    19295       0.3380   5.37
    19296       0.3375   5.37
    19297       0.3361   5.37
    19298       0.3373   5.37
    19299       0.3372   5.37
    19300       0.3373   5.37
    19301       0.3379   5.37
    19302       0.3380   5.37
    19303       0.3378   5.37
    19304       0.3384   5.37
    19305       0.3369   5.37
    19306       0.3366   5.37
    19307       0.3366   5.37
    19308       0.3371   5.37
    19309       0.3366   5.37
    19310       0.3374   5.37
    19311       0.3372   5.37
    19312       0.3372   5.37
    19313       0.3365   5.37
    19314       0.3378   5.37
    19315       0.3374   5.37
    19316       0.3373   5.37
    19317       0.3373   5.37
    19318       0.3371   5.37
    19319       0.3364   5.37
    19320       0.3380   5.37
    19321       0.3379   5.37
    19322       0.3362   5.37
    19323       0.3366   5.37
    19324       0.3380   5.37
    19325       0.3373   5.37
    19326       0.3378   5.37
    19327       0.3378   5.37
    19328       0.3370   5.37
    19329       0.3374   5.37
    19330       0.3386   5.37
    19331       0.3372   5.37
    19332       0.3375   5.37
    19333       0.3379   5.37
    19334       0.3372   5.37
    19335       0.3374   5.37
    19336       0.3378   5.37
    19337       0.3355   5.37
    19338       0.3375   5.37
    19339       0.3370   5.37
    19340       0.3364   5.37
    19341       0.3373   5.37
    19342       0.3374   5.37
    19343       0.3370   5.37
    19344       0.3365   5.37
    19345       0.3377   5.37
    19346       0.3387   5.37
    19347       0.3366   5.37
    19348       0.3371   5.37
    19349       0.3377   5.37
    19350       0.3371   5.36
    19351       0.3371   5.36
    19352       0.3367   5.37
    19353       0.3367   5.37
    19354       0.3366   5.37
    19355       0.3377   5.37
    19356       0.3372   5.37
    19357       0.3374   5.37
    19358       0.3380   5.37
    19359       0.3368   5.37
    19360       0.3376   5.37
    19361       0.3378   5.37
    19362       0.3363   5.37
    19363       0.3371   5.37
    19364       0.3381   5.37
    19365       0.3363   5.37
    19366       0.3367   5.37
    19367       0.3377   5.37
    19368       0.3378   5.37
    19369       0.3377   5.37
    19370       0.3375   5.37
    19371       0.3365   5.37
    19372       0.3378   5.37
    19373       0.3379   5.37
    19374       0.3368   5.37
    19375       0.3370   5.37
    19376       0.3374   5.37
    19377       0.3382   5.37
    19378       0.3372   5.37
    19379       0.3384   5.37
    19380       0.3372   5.37
    19381       0.3369   5.37
    19382       0.3369   5.37
    19383       0.3368   5.37
    19384       0.3366   5.37
    19385       0.3382   5.37
    19386       0.3371   5.37
    19387       0.3353   5.37
    19388       0.3361   5.37
    19389       0.3363   5.37
    19390       0.3355   5.37
    19391       0.3361   5.37
    19392       0.3363   5.37
    19393       0.3353   5.37
    19394       0.3358   5.37
    19395       0.3355   5.37
    19396       0.3351   5.37
    19397       0.3358   5.37
    19398       0.3365   5.37
    19399       0.3357   5.37
    19400       0.3362   5.37
    19401       0.3360   5.37
    19402       0.3353   5.37
    19403       0.3359   5.37
    19404       0.3357   5.37
    19405       0.3347   5.37
    19406       0.3362   5.37
    19407       0.3362   5.37
    19408       0.3356   5.37
    19409       0.3363   5.37
    19410       0.3363   5.37
    19411       0.3356   5.37
    19412       0.3365   5.37
    19413       0.3364   5.37
    19414       0.3362   5.37
    19415       0.3353   5.37
    19416       0.3364   5.37
    19417       0.3356   5.37
    19418       0.3354   5.37
    19419       0.3360   5.37
    19420       0.3363   5.37
    19421       0.3355   5.37
    19422       0.3360   5.37
    19423       0.3363   5.37
    19424       0.3355   5.37
    19425       0.3354   5.37
    19426       0.3358   5.37
    19427       0.3357   5.37
    19428       0.3366   5.37
    19429       0.3366   5.37
    19430       0.3353   5.37
    19431       0.3359   5.37
    19432       0.3361   5.37
    19433       0.3351   5.37
    19434       0.3363   5.37
    19435       0.3363   5.37
    19436       0.3355   5.37
    19437       0.3355   5.37
    19438       0.3354   5.37
    19439       0.3349   5.37
    19440       0.3367   5.37
    19441       0.3359   5.37
    19442       0.3358   5.37
    19443       0.3363   5.37
    19444       0.3363   5.37
    19445       0.3357   5.37
    19446       0.3369   5.37
    19447       0.3370   5.37
    19448       0.3354   5.37
    19449       0.3367   5.37
    19450       0.3369   5.37
    19451       0.3361   5.37
    19452       0.3358   5.37
    19453       0.3361   5.37
    19454       0.3368   5.37
    19455       0.3355   5.37
    19456       0.3361   5.37
    19457       0.3361   5.37
    19458       0.3359   5.37
    19459       0.3370   5.37
    19460       0.3361   5.38
    19461       0.3360   5.37
    19462       0.3362   5.37
    19463       0.3362   5.37
    19464       0.3356   5.37
    19465       0.3360   5.37
    19466       0.3358   5.37
    19467       0.3356   5.37
    19468       0.3360   5.37
    19469       0.3363   5.37
    19470       0.3341   5.38
    19471       0.3364   5.38
    19472       0.3358   5.37
    19473       0.3346   5.37
    19474       0.3358   5.37
    19475       0.3351   5.37
    19476       0.3344   5.37
    19477       0.3355   5.37
    19478       0.3360   5.37
    19479       0.3359   5.37
    19480       0.3356   5.37
    19481       0.3350   5.37
    19482       0.3350   5.37
    19483       0.3370   5.37
    19484       0.3367   5.37
    19485       0.3360   5.37
    19486       0.3367   5.37
    19487       0.3363   5.37
    19488       0.3348   5.37
    19489       0.3355   5.37
    19490       0.3363   5.37
    19491       0.3360   5.37
    19492       0.3373   5.37
    19493       0.3360   5.38
    19494       0.3343   5.38
    19495       0.3364   5.38
    19496       0.3357   5.37
    19497       0.3352   5.37
    19498       0.3356   5.37
    19499       0.3365   5.37
    19500       0.3360   5.38
    19501       0.3345   5.38
    19502       0.3363   5.38
    19503       0.3362   5.37
    19504       0.3358   5.37
    19505       0.3360   5.37
    19506       0.3363   5.37
    19507       0.3361   5.37
    19508       0.3368   5.37
    19509       0.3361   5.37
    19510       0.3363   5.37
    19511       0.3365   5.37
    19512       0.3351   5.37
    19513       0.3347   5.37
    19514       0.3359   5.37
    19515       0.3356   5.37
    19516       0.3359   5.37
    19517       0.3363   5.37
    19518       0.3356   5.37
    19519       0.3351   5.37
    19520       0.3359   5.37
    19521       0.3361   5.37
    19522       0.3360   5.37
    19523       0.3372   5.37
    19524       0.3364   5.38
    19525       0.3356   5.37
    19526       0.3360   5.37
    19527       0.3360   5.37
    19528       0.3346   5.37
    19529       0.3364   5.37
    19530       0.3357   5.37
    19531       0.3350   5.37
    19532       0.3363   5.37
    19533       0.3361   5.37
    19534       0.3346   5.37
    19535       0.3356   5.37
    19536       0.3361   5.37
    19537       0.3352   5.37
    19538       0.3355   5.37
    19539       0.3359   5.37
    19540       0.3366   5.37
    19541       0.3355   5.37
    19542       0.3358   5.37
    19543       0.3362   5.37
    19544       0.3361   5.37
    19545       0.3361   5.37
    19546       0.3358   5.37
    19547       0.3352   5.37
    19548       0.3361   5.37
    19549       0.3363   5.37
    19550       0.3355   5.37
    19551       0.3358   5.37
    19552       0.3356   5.37
    19553       0.3344   5.37
    19554       0.3359   5.37
    19555       0.3355   5.37
    19556       0.3354   5.37
    19557       0.3359   5.37
    19558       0.3361   5.37
    19559       0.3351   5.37
    19560       0.3365   5.37
    19561       0.3364   5.38
    19562       0.3354   5.37
    19563       0.3356   5.37
    19564       0.3365   5.37
    19565       0.3352   5.37
    19566       0.3362   5.37
    19567       0.3364   5.37
    19568       0.3351   5.37
    19569       0.3357   5.37
    19570       0.3366   5.38
    19571       0.3351   5.37
    19572       0.3364   5.37
    19573       0.3366   5.37
    19574       0.3357   5.37
    19575       0.3358   5.37
    19576       0.3358   5.38
    19577       0.3353   5.37
    19578       0.3352   5.37
    19579       0.3364   5.37
    19580       0.3356   5.37
    19581       0.3363   5.37
    19582       0.3364   5.37
    19583       0.3357   5.37
    19584       0.3349   5.37
    19585       0.3363   5.37
    19586       0.3370   5.37
    19587       0.3358   5.37
    19588       0.3364   5.37
    19589       0.3356   5.37
    19590       0.3345   5.37
    19591       0.3361   5.37
    19592       0.3366   5.37
    19593       0.3362   5.37
    19594       0.3357   5.37
    19595       0.3365   5.37
    19596       0.3354   5.37
    19597       0.3367   5.37
    19598       0.3363   5.37
    19599       0.3356   5.38
    19600       0.3361   5.38
    19601       0.3363   5.37
    19602       0.3352   5.37
    19603       0.3366   5.37
    19604       0.3367   5.37
    19605       0.3365   5.37
    19606       0.3366   5.37
    19607       0.3361   5.37
    19608       0.3361   5.37
    19609       0.3358   5.37
    19610       0.3359   5.37
    19611       0.3355   5.38
    19612       0.3355   5.38
    19613       0.3358   5.37
    19614       0.3354   5.37
    19615       0.3368   5.37
    19616       0.3359   5.37
    19617       0.3357   5.37
    19618       0.3357   5.37
    19619       0.3363   5.37
    19620       0.3343   5.37
    19621       0.3359   5.37
    19622       0.3356   5.37
    19623       0.3356   5.37
    19624       0.3349   5.37
    19625       0.3360   5.37
    19626       0.3356   5.37
    19627       0.3362   5.37
    19628       0.3368   5.37
    19629       0.3367   5.37
    19630       0.3353   5.37
    19631       0.3362   5.37
    19632       0.3361   5.37
    19633       0.3359   5.37
    19634       0.3365   5.37
    19635       0.3369   5.37
    19636       0.3357   5.37
    19637       0.3368   5.37
    19638       0.3364   5.37
    19639       0.3357   5.37
    19640       0.3367   5.37
    19641       0.3363   5.37
    19642       0.3350   5.37
    19643       0.3361   5.37
    19644       0.3364   5.37
    19645       0.3355   5.37
    19646       0.3358   5.37
    19647       0.3357   5.37
    19648       0.3349   5.37
    19649       0.3367   5.37
    19650       0.3365   5.37
    19651       0.3357   5.37
    19652       0.3358   5.37
    19653       0.3365   5.37
    19654       0.3365   5.37
    19655       0.3368   5.37
    19656       0.3360   5.37
    19657       0.3351   5.37
    19658       0.3356   5.37
    19659       0.3361   5.37
    19660       0.3350   5.37
    19661       0.3372   5.37
    19662       0.3364   5.37
    19663       0.3365   5.37
    19664       0.3358   5.37
    19665       0.3361   5.37
    19666       0.3362   5.37
    19667       0.3355   5.37
    19668       0.3362   5.37
    19669       0.3361   5.37
    19670       0.3355   5.37
    19671       0.3361   5.37
    19672       0.3360   5.37
    19673       0.3355   5.37
    19674       0.3352   5.37
    19675       0.3358   5.37
    19676       0.3357   5.37
    19677       0.3357   5.37
    19678       0.3357   5.37
    19679       0.3354   5.37
    19680       0.3371   5.37
    19681       0.3362   5.37
    19682       0.3361   5.37
    19683       0.3366   5.37
    19684       0.3361   5.37
    19685       0.3348   5.37
    19686       0.3362   5.37
    19687       0.3363   5.37
    19688       0.3366   5.37
    19689       0.3362   5.37
    19690       0.3365   5.37
    19691       0.3351   5.37
    19692       0.3362   5.37
    19693       0.3359   5.37
    19694       0.3355   5.37
    19695       0.3359   5.37
    19696       0.3362   5.37
    19697       0.3352   5.37
    19698       0.3359   5.37
    19699       0.3364   5.37
    19700       0.3354   5.37
    19701       0.3361   5.37
    19702       0.3363   5.37
    19703       0.3360   5.37
    19704       0.3363   5.37
    19705       0.3359   5.37
    19706       0.3363   5.37
    19707       0.3360   5.37
    19708       0.3359   5.37
    19709       0.3361   5.37
    19710       0.3352   5.37
    19711       0.3362   5.37
    19712       0.3362   5.37
    19713       0.3358   5.37
    19714       0.3367   5.37
    19715       0.3359   5.37
    19716       0.3354   5.37
    19717       0.3363   5.37
    19718       0.3361   5.37
    19719       0.3354   5.37
    19720       0.3358   5.37
    19721       0.3368   5.37
    19722       0.3364   5.37
    19723       0.3364   5.37
    19724       0.3360   5.37
    19725       0.3355   5.37
    19726       0.3368   5.37
    19727       0.3361   5.37
    19728       0.3358   5.37
    19729       0.3358   5.37
    19730       0.3364   5.37
    19731       0.3355   5.37
    19732       0.3365   5.37
    19733       0.3362   5.37
    19734       0.3349   5.37
    19735       0.3365   5.37
    19736       0.3369   5.37
    19737       0.3359   5.37
    19738       0.3364   5.37
    19739       0.3363   5.37
    19740       0.3359   5.37
    19741       0.3355   5.37
    19742       0.3360   5.37
    19743       0.3359   5.37
    19744       0.3373   5.37
    19745       0.3362   5.37
    19746       0.3362   5.38
    19747       0.3360   5.38
    19748       0.3360   5.37
    19749       0.3367   5.37
    19750       0.3353   5.37
    19751       0.3360   5.37
    19752       0.3370   5.37
    19753       0.3354   5.37
    19754       0.3362   5.37
    19755       0.3364   5.37
    19756       0.3359   5.37
    19757       0.3357   5.37
    19758       0.3359   5.37
    19759       0.3347   5.37
    19760       0.3365   5.37
    19761       0.3362   5.37
    19762       0.3353   5.37
    19763       0.3357   5.37
    19764       0.3364   5.37
    19765       0.3355   5.37
    19766       0.3375   5.37
    19767       0.3361   5.37
    19768       0.3350   5.37
    19769       0.3367   5.37
    19770       0.3367   5.38
    19771       0.3366   5.38
    19772       0.3358   5.38
    19773       0.3353   5.37
    19774       0.3353   5.38
    19775       0.3358   5.38
    19776       0.3362   5.37
    19777       0.3361   5.37
    19778       0.3366   5.37
    19779       0.3363   5.37
    19780       0.3361   5.37
    19781       0.3357   5.37
    19782       0.3361   5.37
    19783       0.3356   5.37
    19784       0.3363   5.37
    19785       0.3359   5.37
    19786       0.3353   5.37
    19787       0.3361   5.37
    19788       0.3366   5.37
    19789       0.3365   5.37
    19790       0.3350   5.37
    19791       0.3361   5.37
    19792       0.3363   5.37
    19793       0.3358   5.37
    19794       0.3365   5.37
    19795       0.3363   5.37
    19796       0.3354   5.37
    19797       0.3356   5.37
    19798       0.3364   5.37
    19799       0.3353   5.37
    19800       0.3364   5.37
    19801       0.3360   5.37
    19802       0.3355   5.37
    19803       0.3370   5.37
    19804       0.3375   5.37
    19805       0.3354   5.37
    19806       0.3359   5.37
    19807       0.3363   5.37
    19808       0.3358   5.37
    19809       0.3355   5.37
    19810       0.3361   5.37
    19811       0.3359   5.37
    19812       0.3364   5.37
    19813       0.3364   5.37
    19814       0.3355   5.37
    19815       0.3357   5.37
    19816       0.3369   5.37
    19817       0.3350   5.37
    19818       0.3364   5.37
    19819       0.3362   5.37
    19820       0.3350   5.37
    19821       0.3357   5.37
    19822       0.3359   5.37
    19823       0.3346   5.37
    19824       0.3351   5.37
    19825       0.3363   5.37
    19826       0.3353   5.37
    19827       0.3368   5.37
    19828       0.3369   5.37
    19829       0.3359   5.37
    19830       0.3353   5.37
    19831       0.3366   5.37
    19832       0.3364   5.37
    19833       0.3365   5.37
    19834       0.3359   5.37
    19835       0.3354   5.37
    19836       0.3354   5.37
    19837       0.3363   5.37
    19838       0.3353   5.37
    19839       0.3360   5.37
    19840       0.3362   5.37
    19841       0.3365   5.37
    19842       0.3347   5.37
    19843       0.3360   5.37
    19844       0.3360   5.37
    19845       0.3347   5.37
    19846       0.3360   5.37
    19847       0.3353   5.37
    19848       0.3351   5.37
    19849       0.3360   5.37
    19850       0.3367   5.37
    19851       0.3362   5.37
    19852       0.3364   5.37
    19853       0.3360   5.37
    19854       0.3350   5.37
    19855       0.3364   5.37
    19856       0.3360   5.37
    19857       0.3354   5.37
    19858       0.3357   5.37
    19859       0.3354   5.37
    19860       0.3359   5.37
    19861       0.3352   5.37
    19862       0.3363   5.37
    19863       0.3371   5.37
    19864       0.3360   5.37
    19865       0.3363   5.37
    19866       0.3355   5.37
    19867       0.3367   5.37
    19868       0.3367   5.37
    19869       0.3342   5.37
    19870       0.3363   5.37
    19871       0.3362   5.37
    19872       0.3365   5.38
    19873       0.3357   5.38
    19874       0.3354   5.38
    19875       0.3364   5.37
    19876       0.3351   5.37
    19877       0.3363   5.37
    19878       0.3360   5.38
    19879       0.3359   5.37
    19880       0.3356   5.37
    19881       0.3360   5.37
    19882       0.3355   5.37
    19883       0.3365   5.37
    19884       0.3355   5.37
    19885       0.3352   5.37
    19886       0.3364   5.37
    19887       0.3367   5.37
    19888       0.3356   5.37
    19889       0.3363   5.37
    19890       0.3361   5.37
    19891       0.3362   5.37
    19892       0.3362   5.37
    19893       0.3363   5.37
    19894       0.3364   5.37
    19895       0.3369   5.37
    19896       0.3365   5.37
    19897       0.3347   5.37
    19898       0.3361   5.37
    19899       0.3359   5.37
    19900       0.3360   5.37
    19901       0.3361   5.37
    19902       0.3364   5.38
    19903       0.3356   5.38
    19904       0.3358   5.38
    19905       0.3361   5.37
    19906       0.3358   5.37
    19907       0.3367   5.37
    19908       0.3370   5.37
    19909       0.3353   5.37
    19910       0.3356   5.37
    19911       0.3366   5.37
    19912       0.3363   5.37
    19913       0.3356   5.37
    19914       0.3364   5.37
    19915       0.3358   5.38
    19916       0.3360   5.37
    19917       0.3361   5.37
    19918       0.3357   5.37
    19919       0.3349   5.37
    19920       0.3362   5.37
    19921       0.3367   5.37
    19922       0.3351   5.37
    19923       0.3354   5.37
    19924       0.3360   5.37
    19925       0.3355   5.37
    19926       0.3373   5.37
    19927       0.3366   5.37
    19928       0.3352   5.37
    19929       0.3365   5.37
    19930       0.3363   5.37
    19931       0.3348   5.37
    19932       0.3369   5.37
    19933       0.3362   5.37
    19934       0.3364   5.37
    19935       0.3361   5.37
    19936       0.3367   5.37
    19937       0.3350   5.37
    19938       0.3367   5.37
    19939       0.3367   5.37
    19940       0.3358   5.37
    19941       0.3365   5.37
    19942       0.3368   5.37
    19943       0.3352   5.37
    19944       0.3357   5.37
    19945       0.3361   5.37
    19946       0.3352   5.37
    19947       0.3357   5.37
    19948       0.3364   5.37
    19949       0.3360   5.37
    19950       0.3359   5.37
    19951       0.3364   5.37
    19952       0.3359   5.37
    19953       0.3361   5.37
    19954       0.3366   5.37
    19955       0.3364   5.37
    19956       0.3782   5.37
    19957       0.3361   5.37
    19958       0.3362   5.37
    19959       0.3355   5.37
    19960       0.3358   5.37
    19961       0.3363   5.37
    19962       0.3348   5.37
    19963       0.3358   5.37
    19964       0.3360   5.37
    19965       0.3357   5.37
    19966       0.3359   5.37
    19967       0.3364   5.37
    19968       0.3357   5.37
    19969       0.3365   5.37
    19970       0.3367   5.37
    19971       0.3353   5.37
    19972       0.3367   5.37
    19973       0.3363   5.37
    19974       0.3367   5.37
    19975       0.3349   5.37
    19976       0.3364   5.37
    19977       0.3364   5.37
    19978       0.3363   5.37
    19979       0.3363   5.37
    19980       0.3351   5.37
    19981       0.3358   5.37
    19982       0.3365   5.37
    19983       0.3365   5.37
    19984       0.3370   5.37
    19985       0.3372   5.37
    19986       0.3366   5.37
    19987       0.3356   5.37
    19988       0.3362   5.37
    19989       0.3368   5.37
    19990       0.3344   5.37
    19991       0.3366   5.37
    19992       0.3368   5.37
    19993       0.3353   5.38
    19994       0.3362   5.38
    19995       0.3365   5.37
    19996       0.3355   5.37
    19997       0.3369   5.37
    19998       0.3367   5.37
    19999       0.3356   5.37

  histograma, classes de 0,010 ns
  0.330 a 0.340  19976  ############################################################
  0.340 a 0.350    15  #
  0.350 a 0.360     3  #
  0.360 a 0.370     2  #
  0.370 a 0.380     4  #

  minimo 0.3331   mediana 0.3370   maximo 0.3782
  periodo de clock ao FIM: 0.3205 ns (3.12 GHz)
  CICLOS por operacao
    por HARDWARE (sysfs 5.40 GHz):  1.819
    por EMISSAO  (medido 3.12 GHz): 1.052
    razao emissao/hardware: 0.58   <- o nucleo esta sendo dividido
