  sonda-relaxed: 20000 amostras de 2000000 rodadas, cpu 0, governor performance

  periodo de clock MEDIDO, apos 400 ms de aquecimento: 0.3160 ns  (3.16 GHz)
  frequencia lida do sysfs no mesmo instante:         5.44 GHz

  amostra  ns/operacao   GHz
  -------  -----------  -----
        0       0.3376   5.44
        1       0.3383   5.44
        2       0.3383   5.44
        3       0.3381   5.43
        4       0.3382   5.43
        5       0.3386   5.42
        6       0.3373   5.42
        7       0.3392   5.42
        8       0.3489   5.42
        9       0.3388   5.42
       10       0.3394   5.42
       11       0.3392   5.42
       12       0.3384   5.42
       13       0.3389   5.42
       14       0.3391   5.42
       15       0.3397   5.42
       16       0.3393   5.42
       17       0.3397   5.42
       18       0.3395   5.42
       19       0.3388   5.42
       20       0.3394   5.42
       21       0.3385   5.42
       22       0.3381   5.41
       23       0.3370   5.41
       24       0.3369   5.40
       25       0.3359   5.40
       26       0.3356   5.40
       27       0.3360   5.39
       28       0.3352   5.39
       29       0.3370   5.39
       30       0.3365   5.39
       31       0.3348   5.39
       32       0.3357   5.39
       33       0.3365   5.39
       34       0.3354   5.39
       35       0.3359   5.39
       36       0.3363   5.39
       37       0.3356   5.39
       38       0.3366   5.39
       39       0.3356   5.38
       40       0.3356   5.38
       41       0.3365   5.38
       42       0.3356   5.38
       43       0.3343   5.38
       44       0.3361   5.38
       45       0.3356   5.38
       46       0.3358   5.38
       47       0.3357   5.38
       48       0.3359   5.38
       49       0.3351   5.38
       50       0.3347   5.38
       51       0.3364   5.38
       52       0.3363   5.38
       53       0.3367   5.38
       54       0.3362   5.38
       55       0.3357   5.38
       56       0.3358   5.38
       57       0.3365   5.38
       58       0.3354   5.38
       59       0.3354   5.38
       60       0.3356   5.38
       61       0.3348   5.38
       62       0.3354   5.38
       63       0.3362   5.38
       64       0.3366   5.38
       65       0.3360   5.38
       66       0.3361   5.38
       67       0.3356   5.38
       68       0.3357   5.38
       69       0.3355   5.38
       70       0.3354   5.37
       71       0.3343   5.38
       72       0.3363   5.38
       73       0.3362   5.38
       74       0.3364   5.38
       75       0.3362   5.38
       76       0.3364   5.38
       77       0.3350   5.38
       78       0.3360   5.38
       79       0.3362   5.37
       80       0.3363   5.38
       81       0.3361   5.38
       82       0.3363   5.38
       83       0.3355   5.38
       84       0.3369   5.38
       85       0.3367   5.38
       86       0.3360   5.38
       87       0.3365   5.38
       88       0.3365   5.37
       89       0.3359   5.38
       90       0.3356   5.38
       91       0.3365   5.38
       92       0.3364   5.37
       93       0.3344   5.37
       94       0.3364   5.37
       95       0.3351   5.38
       96       0.3352   5.38
       97       0.3357   5.38
       98       0.3359   5.38
       99       0.3359   5.37
      100       0.3360   5.37
      101       0.3366   5.38
      102       0.3349   5.38
      103       0.3364   5.38
      104       0.3366   5.37
      105       0.3357   5.38
      106       0.3356   5.38
      107       0.3356   5.37
      108       0.3344   5.37
      109       0.3355   5.37
      110       0.3356   5.38
      111       0.3346   5.38
      112       0.3348   5.38
      113       0.3348   5.38
      114       0.3348   5.38
      115       0.3353   5.38
      116       0.3359   5.38
      117       0.3343   5.37
      118       0.3354   5.37
      119       0.3358   5.37
      120       0.3345   5.38
      121       0.3360   5.38
      122       0.3359   5.38
      123       0.3351   5.38
      124       0.3355   5.38
      125       0.3363   5.37
      126       0.3359   5.38
      127       0.3355   5.38
      128       0.3363   5.37
      129       0.3355   5.38
      130       0.3357   5.38
      131       0.3354   5.37
      132       0.3356   5.37
      133       0.3356   5.37
      134       0.3359   5.38
      135       0.3352   5.37
      136       0.3356   5.37
      137       0.3359   5.37
      138       0.3359   5.38
      139       0.3356   5.37
      140       0.3361   5.37
      141       0.3361   5.38
      142       0.3353   5.38
      143       0.3359   5.38
      144       0.3357   5.38
      145       0.3359   5.38
      146       0.3360   5.38
      147       0.3354   5.37
      148       0.3349   5.37
      149       0.3353   5.37
      150       0.3351   5.38
      151       0.3360   5.38
      152       0.3366   5.38
      153       0.3366   5.37
      154       0.3348   5.38
      155       0.3347   5.38
      156       0.3350   5.37
      157       0.3347   5.38
      158       0.3350   5.38
      159       0.3359   5.38
      160       0.3359   5.37
      161       0.3364   5.37
      162       0.3358   5.38
      163       0.3360   5.38
      164       0.3346   5.38
      165       0.3354   5.38
      166       0.3359   5.38
      167       0.3358   5.38
      168       0.3358   5.37
      169       0.3347   5.37
      170       0.3356   5.37
      171       0.3359   5.38
      172       0.3357   5.38
      173       0.3360   5.38
      174       0.3354   5.38
      175       0.3342   5.37
      176       0.3360   5.37
      177       0.3358   5.38
      178       0.3356   5.37
      179       0.3359   5.37
      180       0.3362   5.38
      181       0.3362   5.38
      182       0.3358   5.38
      183       0.3361   5.38
      184       0.3363   5.37
      185       0.3348   5.38
      186       0.3359   5.38
      187       0.3369   5.37
      188       0.3346   5.37
      189       0.3357   5.37
      190       0.3358   5.37
      191       0.3351   5.38
      192       0.3362   5.38
      193       0.3363   5.38
      194       0.3350   5.38
      195       0.3363   5.38
      196       0.3361   5.37
      197       0.3358   5.38
      198       0.3362   5.38
      199       0.3368   5.37
      200       0.3355   5.38
      201       0.3360   5.38
      202       0.3362   5.38
      203       0.3359   5.38
      204       0.3364   5.38
      205       0.3363   5.38
      206       0.3346   5.37
      207       0.3357   5.37
      208       0.3350   5.37
      209       0.3355   5.38
      210       0.3357   5.38
      211       0.3366   5.38
      212       0.3356   5.38
      213       0.3367   5.38
      214       0.3368   5.38
      215       0.3368   5.38
      216       0.3364   5.38
      217       0.3372   5.37
      218       0.3356   5.38
      219       0.3359   5.38
      220       0.3355   5.37
      221       0.3350   5.37
      222       0.3359   5.37
      223       0.3361   5.37
      224       0.3362   5.38
      225       0.3356   5.38
      226       0.3352   5.38
      227       0.3360   5.38
      228       0.3352   5.38
      229       0.3354   5.38
      230       0.3352   5.38
      231       0.3345   5.38
      232       0.3350   5.38
      233       0.3356   5.38
      234       0.3351   5.38
      235       0.3357   5.38
      236       0.3358   5.38
      237       0.3355   5.37
      238       0.3361   5.37
      239       0.3367   5.38
      240       0.3364   5.38
      241       0.3364   5.38
      242       0.3365   5.38
      243       0.3353   5.38
      244       0.3366   5.38
      245       0.3360   5.37
      246       0.3350   5.38
      247       0.3358   5.38
      248       0.3352   5.38
      249       0.3356   5.37
      250       0.3366   5.37
      251       0.3364   5.38
      252       0.3346   5.38
      253       0.3354   5.38
      254       0.3357   5.38
      255       0.3362   5.38
      256       0.3359   5.38
      257       0.3357   5.38
      258       0.3353   5.37
      259       0.3359   5.37
      260       0.3355   5.37
      261       0.3345   5.38
      262       0.3357   5.38
      263       0.3358   5.38
      264       0.3351   5.38
      265       0.3368   5.38
      266       0.3363   5.38
      267       0.3364   5.38
      268       0.3357   5.38
      269       0.3359   5.38
      270       0.3348   5.38
      271       0.3352   5.38
      272       0.3363   5.38
      273       0.3353   5.38
      274       0.3348   5.37
      275       0.3353   5.37
      276       0.3356   5.37
      277       0.3350   5.38
      278       0.3364   5.38
      279       0.3364   5.38
      280       0.3348   5.38
      281       0.3366   5.38
      282       0.3362   5.37
      283       0.3357   5.38
      284       0.3355   5.38
      285       0.3360   5.38
      286       0.3360   5.38
      287       0.3366   5.38
      288       0.3357   5.37
      289       0.3352   5.37
      290       0.3357   5.37
      291       0.3363   5.38
      292       0.3351   5.38
      293       0.3362   5.38
      294       0.3362   5.38
      295       0.3354   5.38
      296       0.3361   5.38
      297       0.3361   5.38
      298       0.3350   5.38
      299       0.3360   5.38
      300       0.3367   5.38
      301       0.3357   5.38
      302       0.3363   5.38
      303       0.3362   5.37
      304       0.3369   5.38
      305       0.3458   5.38
      306       0.3364   5.38
      307       0.3348   5.38
      308       0.3355   5.38
      309       0.3357   5.38
      310       0.3356   5.38
      311       0.3358   5.37
      312       0.3360   5.37
      313       0.3357   5.38
      314       0.3349   5.38
      315       0.3360   5.38
      316       0.3353   5.38
      317       0.3354   5.38
      318       0.3358   5.38
      319       0.3359   5.38
      320       0.3353   5.37
      321       0.3362   5.37
      322       0.3359   5.38
      323       0.3356   5.38
      324       0.3363   5.38
      325       0.3354   5.38
      326       0.3350   5.38
      327       0.3363   5.38
      328       0.3362   5.38
      329       0.3352   5.38
      330       0.3361   5.38
      331       0.3362   5.38
      332       0.3356   5.38
      333       0.3363   5.38
      334       0.3359   5.37
      335       0.3351   5.38
      336       0.3352   5.38
      337       0.3355   5.38
      338       0.3348   5.38
      339       0.3361   5.38
      340       0.3361   5.38
      341       0.3351   5.38
      342       0.3361   5.38
      343       0.3359   5.38
      344       0.3352   5.37
      345       0.3361   5.37
      346       0.3362   5.37
      347       0.3351   5.38
      348       0.3362   5.38
      349       0.3360   5.38
      350       0.3340   5.38
      351       0.3350   5.38
      352       0.3365   5.38
      353       0.3359   5.38
      354       0.3356   5.38
      355       0.3361   5.38
      356       0.3365   5.38
      357       0.3344   5.37
      358       0.3356   5.37
      359       0.3366   5.37
      360       0.3356   5.38
      361       0.3355   5.38
      362       0.3367   5.38
      363       0.3360   5.38
      364       0.3361   5.38
      365       0.3361   5.37
      366       0.3361   5.38
      367       0.3358   5.38
      368       0.3365   5.38
      369       0.3355   5.38
      370       0.3360   5.38
      371       0.3355   5.38
      372       0.3352   5.38
      373       0.3362   5.38
      374       0.3363   5.38
      375       0.3360   5.38
      376       0.3362   5.38
      377       0.3365   5.38
      378       0.3356   5.38
      379       0.3361   5.38
      380       0.3359   5.38
      381       0.3337   5.38
      382       0.3353   5.38
      383       0.3360   5.38
      384       0.3354   5.38
      385       0.3360   5.38
      386       0.3359   5.38
      387       0.3354   5.38
      388       0.3362   5.38
      389       0.3358   5.37
      390       0.3357   5.38
      391       0.3364   5.38
      392       0.3360   5.38
      393       0.3356   5.38
      394       0.3370   5.38
      395       0.3365   5.38
      396       0.3367   5.38
      397       0.3347   5.37
      398       0.3353   5.37
      399       0.3361   5.38
      400       0.3358   5.38
      401       0.3369   5.38
      402       0.3363   5.38
      403       0.3353   5.38
      404       0.3363   5.38
      405       0.3365   5.37
      406       0.3354   5.38
      407       0.3362   5.38
      408       0.3360   5.38
      409       0.3361   5.37
      410       0.3363   5.37
      411       0.3373   5.38
      412       0.3358   5.38
      413       0.3356   5.38
      414       0.3363   5.38
      415       0.3347   5.38
      416       0.3354   5.38
      417       0.3353   5.38
      418       0.3353   5.38
      419       0.3357   5.38
      420       0.3358   5.38
      421       0.3355   5.38
      422       0.3357   5.38
      423       0.3346   5.38
      424       0.3356   5.38
      425       0.3358   5.38
      426       0.3355   5.38
      427       0.3353   5.38
      428       0.3361   5.38
      429       0.3354   5.38
      430       0.3350   5.38
      431       0.3360   5.38
      432       0.3359   5.38
      433       0.3349   5.38
      434       0.3358   5.38
      435       0.3359   5.38
      436       0.3360   5.38
      437       0.3362   5.38
      438       0.3368   5.38
      439       0.3364   5.38
      440       0.3350   5.37
      441       0.3366   5.37
      442       0.3361   5.38
      443       0.3351   5.37
      444       0.3360   5.37
      445       0.3353   5.38
      446       0.3362   5.38
      447       0.3366   5.38
      448       0.3368   5.38
      449       0.3351   5.38
      450       0.3352   5.38
      451       0.3359   5.38
      452       0.3348   5.38
      453       0.3364   5.38
      454       0.3360   5.37
      455       0.3351   5.38
      456       0.3360   5.38
      457       0.3362   5.38
      458       0.3354   5.38
      459       0.3360   5.38
      460       0.3363   5.38
      461       0.3350   5.37
      462       0.3355   5.37
      463       0.3362   5.37
      464       0.3355   5.38
      465       0.3356   5.38
      466       0.3356   5.38
      467       0.3344   5.38
      468       0.3364   5.38
      469       0.3353   5.38
      470       0.3358   5.38
      471       0.3365   5.38
      472       0.3370   5.38
      473       0.3358   5.37
      474       0.3373   5.37
      475       0.3366   5.38
      476       0.3358   5.38
      477       0.3356   5.38
      478       0.3363   5.38
      479       0.3352   5.37
      480       0.3356   5.37
      481       0.3365   5.37
      482       0.3366   5.38
      483       0.3351   5.38
      484       0.3361   5.38
      485       0.3361   5.38
      486       0.3358   5.37
      487       0.3354   5.37
      488       0.3354   5.38
      489       0.3347   5.38
      490       0.3362   5.38
      491       0.3364   5.38
      492       0.3361   5.38
      493       0.3360   5.38
      494       0.3361   5.38
      495       0.3351   5.38
      496       0.3364   5.38
      497       0.3367   5.38
      498       0.3352   5.37
      499       0.3360   5.37
      500       0.3359   5.38
      501       0.3356   5.37
      502       0.3356   5.37
      503       0.3359   5.38
      504       0.3353   5.38
      505       0.3362   5.38
      506       0.3362   5.38
      507       0.3356   5.37
      508       0.3360   5.37
      509       0.3355   5.38
      510       0.3358   5.38
      511       0.3365   5.38
      512       0.3363   5.37
      513       0.3354   5.38
      514       0.3357   5.38
      515       0.3359   5.38
      516       0.3358   5.38
      517       0.3367   5.38
      518       0.3365   5.37
      519       0.3360   5.37
      520       0.3376   5.37
      521       0.3360   5.38
      522       0.3365   5.38
      523       0.3357   5.37
      524       0.3365   5.37
      525       0.3362   5.37
      526       0.3354   5.38
      527       0.3361   5.38
      528       0.3361   5.38
      529       0.3349   5.37
      530       0.3370   5.37
      531       0.3369   5.37
      532       0.3359   5.38
      533       0.3363   5.38
      534       0.3373   5.37
      535       0.3358   5.38
      536       0.3363   5.38
      537       0.3358   5.38
      538       0.3356   5.37
      539       0.3358   5.37
      540       0.3363   5.37
      541       0.3349   5.37
      542       0.3368   5.37
      543       0.3363   5.38
      544       0.3360   5.38
      545       0.3361   5.38
      546       0.3364   5.38
      547       0.3353   5.37
      548       0.3365   5.37
      549       0.3360   5.37
      550       0.3358   5.38
      551       0.3361   5.38
      552       0.3360   5.38
      553       0.3357   5.38
      554       0.3366   5.38
      555       0.3363   5.38
      556       0.3357   5.37
      557       0.3361   5.37
      558       0.3358   5.37
      559       0.3359   5.38
      560       0.3367   5.38
      561       0.3357   5.38
      562       0.3356   5.38
      563       0.3354   5.38
      564       0.3362   5.38
      565       0.3364   5.37
      566       0.3353   5.38
      567       0.3360   5.38
      568       0.3348   5.38
      569       0.3362   5.37
      570       0.3361   5.37
      571       0.3358   5.38
      572       0.3351   5.37
      573       0.3355   5.37
      574       0.3365   5.38
      575       0.3355   5.37
      576       0.3351   5.37
      577       0.3361   5.38
      578       0.3360   5.38
      579       0.3354   5.38
      580       0.3354   5.37
      581       0.3352   5.37
      582       0.3358   5.37
      583       0.3362   5.37
      584       0.3354   5.38
      585       0.3362   5.38
      586       0.3367   5.38
      587       0.3357   5.38
      588       0.3365   5.38
      589       0.3362   5.37
      590       0.3358   5.37
      591       0.3355   5.37
      592       0.3360   5.38
      593       0.3363   5.37
      594       0.3357   5.37
      595       0.3357   5.38
      596       0.3347   5.37
      597       0.3358   5.37
      598       0.3354   5.37
      599       0.3350   5.38
      600       0.3360   5.38
      601       0.3354   5.38
      602       0.3352   5.38
      603       0.3356   5.38
      604       0.3359   5.38
      605       0.3362   5.37
      606       0.3366   5.37
      607       0.3363   5.38
      608       0.3360   5.38
      609       0.3349   5.37
      610       0.3352   5.37
      611       0.3357   5.37
      612       0.3352   5.38
      613       0.3367   5.38
      614       0.3371   5.38
      615       0.3349   5.38
      616       0.3360   5.38
      617       0.3362   5.38
      618       0.3357   5.37
      619       0.3364   5.37
      620       0.3363   5.38
      621       0.3363   5.38
      622       0.3367   5.38
      623       0.3366   5.38
      624       0.3352   5.38
      625       0.3463   5.38
      626       0.3365   5.37
      627       0.3360   5.37
      628       0.3357   5.37
      629       0.3363   5.38
      630       0.3352   5.38
      631       0.3358   5.38
      632       0.3360   5.38
      633       0.3360   5.37
      634       0.3364   5.37
      635       0.3366   5.38
      636       0.3351   5.38
      637       0.3355   5.38
      638       0.3360   5.37
      639       0.3359   5.38
      640       0.3365   5.38
      641       0.3359   5.38
      642       0.3352   5.38
      643       0.3362   5.38
      644       0.3365   5.37
      645       0.3361   5.38
      646       0.3350   5.37
      647       0.3360   5.37
      648       0.3354   5.37
      649       0.3351   5.38
      650       0.3368   5.38
      651       0.3364   5.38
      652       0.3358   5.38
      653       0.3362   5.38
      654       0.3355   5.37
      655       0.3349   5.38
      656       0.3364   5.38
      657       0.3361   5.38
      658       0.3360   5.38
      659       0.3365   5.38
      660       0.3365   5.37
      661       0.3349   5.37
      662       0.3364   5.37
      663       0.3357   5.38
      664       0.3359   5.38
      665       0.3358   5.38
      666       0.3366   5.38
      667       0.3356   5.38
      668       0.3367   5.38
      669       0.3360   5.37
      670       0.3356   5.37
      671       0.3356   5.37
      672       0.3360   5.38
      673       0.3358   5.38
      674       0.3366   5.38
      675       0.3364   5.38
      676       0.3364   5.38
      677       0.3372   5.38
      678       0.3369   5.38
      679       0.3353   5.37
      680       0.3356   5.37
      681       0.3362   5.38
      682       0.3353   5.38
      683       0.3364   5.38
      684       0.3361   5.37
      685       0.3366   5.37
      686       0.3370   5.37
      687       0.3367   5.38
      688       0.3365   5.38
      689       0.3350   5.37
      690       0.3359   5.37
      691       0.3362   5.37
      692       0.3353   5.38
      693       0.3359   5.38
      694       0.3355   5.38
      695       0.3356   5.38
      696       0.3361   5.38
      697       0.3365   5.38
      698       0.3352   5.38
      699       0.3365   5.38
      700       0.3364   5.37
      701       0.3353   5.38
      702       0.3369   5.38
      703       0.3370   5.37
      704       0.3353   5.38
      705       0.3364   5.38
      706       0.3362   5.37
      707       0.3356   5.37
      708       0.3365   5.37
      709       0.3362   5.37
      710       0.3361   5.38
      711       0.3361   5.38
      712       0.3350   5.37
      713       0.3365   5.37
      714       0.3360   5.37
      715       0.3360   5.38
      716       0.3354   5.38
      717       0.3368   5.38
      718       0.3361   5.38
      719       0.3342   5.38
      720       0.3359   5.38
      721       0.3360   5.37
      722       0.3358   5.37
      723       0.3365   5.37
      724       0.3368   5.38
      725       0.3353   5.38
      726       0.3351   5.38
      727       0.3363   5.38
      728       0.3352   5.38
      729       0.3354   5.37
      730       0.3354   5.37
      731       0.3357   5.37
      732       0.3353   5.38
      733       0.3361   5.38
      734       0.3364   5.38
      735       0.3358   5.38
      736       0.3363   5.38
      737       0.3361   5.38
      738       0.3355   5.38
      739       0.3361   5.38
      740       0.3371   5.37
      741       0.3357   5.38
      742       0.3364   5.38
      743       0.3362   5.38
      744       0.3358   5.37
      745       0.3365   5.37
      746       0.3368   5.38
      747       0.3364   5.38
      748       0.3366   5.38
      749       0.3363   5.37
      750       0.3357   5.38
      751       0.3364   5.38
      752       0.3365   5.38
      753       0.3363   5.37
      754       0.3360   5.37
      755       0.3360   5.38
      756       0.3362   5.37
      757       0.3360   5.37
      758       0.3368   5.38
      759       0.3360   5.37
      760       0.3365   5.37
      761       0.3363   5.37
      762       0.3365   5.37
      763       0.3366   5.37
      764       0.3364   5.38
      765       0.3351   5.38
      766       0.3359   5.38
      767       0.3363   5.37
      768       0.3364   5.38
      769       0.3356   5.37
      770       0.3361   5.37
      771       0.3367   5.38
      772       0.3361   5.38
      773       0.3360   5.38
      774       0.3361   5.37
      775       0.3364   5.38
      776       0.3362   5.38
      777       0.3371   5.38
      778       0.3360   5.38
      779       0.3364   5.38
      780       0.3361   5.38
      781       0.3354   5.38
      782       0.3366   5.38
      783       0.3366   5.38
      784       0.3354   5.37
      785       0.3364   5.37
      786       0.3363   5.37
      787       0.3342   5.38
      788       0.3365   5.38
      789       0.3359   5.38
      790       0.3357   5.38
      791       0.3361   5.38
      792       0.3365   5.38
      793       0.3357   5.38
      794       0.3369   5.38
      795       0.3366   5.38
      796       0.3352   5.38
      797       0.3358   5.38
      798       0.3358   5.38
      799       0.3357   5.37
      800       0.3362   5.37
      801       0.3357   5.38
      802       0.3356   5.38
      803       0.3364   5.38
      804       0.3365   5.38
      805       0.3359   5.38
      806       0.3367   5.38
      807       0.3368   5.38
      808       0.3366   5.38
      809       0.3362   5.38
      810       0.3363   5.38
      811       0.3358   5.38
      812       0.3356   5.38
      813       0.3366   5.38
      814       0.3368   5.38
      815       0.3351   5.38
      816       0.3370   5.38
      817       0.3369   5.38
      818       0.3348   5.37
      819       0.3363   5.37
      820       0.3363   5.38
      821       0.3357   5.37
      822       0.3358   5.37
      823       0.3362   5.37
      824       0.3356   5.38
      825       0.3364   5.38
      826       0.3367   5.38
      827       0.3356   5.37
      828       0.3363   5.37
      829       0.3355   5.38
      830       0.3349   5.38
      831       0.3366   5.38
      832       0.3358   5.38
      833       0.3355   5.38
      834       0.3363   5.38
      835       0.3366   5.38
      836       0.3358   5.38
      837       0.3367   5.38
      838       0.3369   5.38
      839       0.3355   5.38
      840       0.3360   5.38
      841       0.3371   5.37
      842       0.3360   5.37
      843       0.3361   5.37
      844       0.3360   5.37
      845       0.3356   5.38
      846       0.3364   5.38
      847       0.3364   5.38
      848       0.3373   5.37
      849       0.3363   5.38
      850       0.3371   5.38
      851       0.3366   5.38
      852       0.3351   5.37
      853       0.3362   5.37
      854       0.3363   5.37
      855       0.3362   5.38
      856       0.3363   5.38
      857       0.3361   5.37
      858       0.3357   5.37
      859       0.3363   5.37
      860       0.3355   5.38
      861       0.3352   5.37
      862       0.3360   5.37
      863       0.3353   5.38
      864       0.3359   5.38
      865       0.3361   5.38
      866       0.3354   5.38
      867       0.3359   5.37
      868       0.3361   5.37
      869       0.3362   5.37
      870       0.3359   5.38
      871       0.3362   5.38
      872       0.3359   5.38
      873       0.3348   5.38
      874       0.3365   5.38
      875       0.3365   5.37
      876       0.3359   5.37
      877       0.3358   5.37
      878       0.3361   5.37
      879       0.3346   5.38
      880       0.3367   5.38
      881       0.3361   5.38
      882       0.3356   5.38
      883       0.3368   5.38
      884       0.3364   5.38
      885       0.3362   5.38
      886       0.3359   5.38
      887       0.3363   5.38
      888       0.3350   5.37
      889       0.3356   5.37
      890       0.3362   5.37
      891       0.3350   5.38
      892       0.3354   5.38
      893       0.3362   5.38
      894       0.3362   5.38
      895       0.3361   5.38
      896       0.3358   5.38
      897       0.3360   5.38
      898       0.3359   5.38
      899       0.3367   5.38
      900       0.3370   5.37
      901       0.3353   5.38
      902       0.3369   5.38
      903       0.3375   5.38
      904       0.3364   5.38
      905       0.3364   5.38
      906       0.3373   5.38
      907       0.3356   5.38
      908       0.3360   5.38
      909       0.3354   5.37
      910       0.3355   5.37
      911       0.3355   5.37
      912       0.3356   5.37
      913       0.3358   5.38
      914       0.3361   5.38
      915       0.3361   5.38
      916       0.3349   5.38
      917       0.3361   5.38
      918       0.3367   5.38
      919       0.3362   5.38
      920       0.3371   5.38
      921       0.3364   5.38
      922       0.3354   5.38
      923       0.3459   5.38
      924       0.3369   5.37
      925       0.3362   5.38
      926       0.3368   5.38
      927       0.3363   5.38
      928       0.3364   5.37
      929       0.3341   5.37
      930       0.3362   5.37
      931       0.3365   5.37
      932       0.3348   5.38
      933       0.3358   5.38
      934       0.3357   5.38
      935       0.3358   5.38
      936       0.3356   5.38
      937       0.3361   5.38
      938       0.3358   5.37
      939       0.3349   5.37
      940       0.3365   5.38
      941       0.3359   5.38
      942       0.3365   5.38
      943       0.3364   5.37
      944       0.3350   5.38
      945       0.3361   5.38
      946       0.3360   5.37
      947       0.3353   5.37
      948       0.3363   5.37
      949       0.3357   5.38
      950       0.3350   5.38
      951       0.3364   5.38
      952       0.3361   5.38
      953       0.3358   5.38
      954       0.3362   5.38
      955       0.3361   5.38
      956       0.3352   5.38
      957       0.3357   5.38
      958       0.3360   5.38
      959       0.3363   5.38
      960       0.3367   5.38
      961       0.3363   5.38
      962       0.3348   5.37
      963       0.3364   5.37
      964       0.3366   5.37
      965       0.3358   5.38
      966       0.3365   5.38
      967       0.3360   5.38
      968       0.3366   5.37
      969       0.3354   5.37
      970       0.3366   5.37
      971       0.3366   5.38
      972       0.3359   5.38
      973       0.3362   5.38
      974       0.3366   5.37
      975       0.3353   5.37
      976       0.3367   5.37
      977       0.3364   5.38
      978       0.3376   5.38
      979       0.3373   5.38
      980       0.3369   5.38
      981       0.3359   5.37
      982       0.3355   5.37
      983       0.3361   5.37
      984       0.3359   5.37
      985       0.3365   5.37
      986       0.3370   5.38
      987       0.3362   5.38
      988       0.3361   5.38
      989       0.3362   5.38
      990       0.3358   5.38
      991       0.3367   5.38
      992       0.3363   5.37
      993       0.3361   5.37
      994       0.3369   5.37
      995       0.3366   5.38
      996       0.3357   5.38
      997       0.3362   5.38
      998       0.3358   5.37
      999       0.3359   5.37
     1000       0.3356   5.37
     1001       0.3364   5.38
     1002       0.3358   5.38
     1003       0.3352   5.38
     1004       0.3358   5.37
     1005       0.3358   5.38
     1006       0.3360   5.38
     1007       0.3361   5.38
     1008       0.3361   5.38
     1009       0.3360   5.38
     1010       0.3366   5.38
     1011       0.3365   5.38
     1012       0.3354   5.37
     1013       0.3364   5.37
     1014       0.3360   5.37
     1015       0.3358   5.38
     1016       0.3369   5.38
     1017       0.3362   5.38
     1018       0.3363   5.37
     1019       0.3365   5.37
     1020       0.3363   5.37
     1021       0.3360   5.38
     1022       0.3368   5.38
     1023       0.3357   5.38
     1024       0.3355   5.37
     1025       0.3354   5.37
     1026       0.3362   5.37
     1027       0.3352   5.38
     1028       0.3357   5.38
     1029       0.3358   5.38
     1030       0.3358   5.38
     1031       0.3371   5.38
     1032       0.3367   5.38
     1033       0.3366   5.37
     1034       0.3360   5.37
     1035       0.3365   5.37
     1036       0.3368   5.38
     1037       0.3362   5.38
     1038       0.3355   5.38
     1039       0.3357   5.38
     1040       0.3358   5.38
     1041       0.3369   5.38
     1042       0.3363   5.38
     1043       0.3369   5.38
     1044       0.3367   5.38
     1045       0.3366   5.38
     1046       0.3360   5.38
     1047       0.3363   5.37
     1048       0.3374   5.38
     1049       0.3357   5.38
     1050       0.3360   5.38
     1051       0.3369   5.38
     1052       0.3362   5.37
     1053       0.3366   5.37
     1054       0.3358   5.38
     1055       0.3358   5.38
     1056       0.3357   5.38
     1057       0.3356   5.38
     1058       0.3357   5.37
     1059       0.3364   5.37
     1060       0.3363   5.38
     1061       0.3361   5.38
     1062       0.3362   5.38
     1063       0.3361   5.37
     1064       0.3358   5.37
     1065       0.3360   5.37
     1066       0.3367   5.38
     1067       0.3354   5.38
     1068       0.3362   5.38
     1069       0.3362   5.37
     1070       0.3361   5.38
     1071       0.3375   5.38
     1072       0.3374   5.38
     1073       0.3356   5.38
     1074       0.3361   5.38
     1075       0.3358   5.37
     1076       0.3360   5.37
     1077       0.3363   5.37
     1078       0.3365   5.38
     1079       0.3358   5.38
     1080       0.3365   5.38
     1081       0.3360   5.37
     1082       0.3349   5.37
     1083       0.3358   5.37
     1084       0.3358   5.37
     1085       0.3351   5.38
     1086       0.3360   5.38
     1087       0.3365   5.38
     1088       0.3361   5.38
     1089       0.3353   5.38
     1090       0.3365   5.38
     1091       0.3358   5.38
     1092       0.3355   5.38
     1093       0.3360   5.38
     1094       0.3356   5.38
     1095       0.3345   5.37
     1096       0.3364   5.37
     1097       0.3364   5.38
     1098       0.3358   5.38
     1099       0.3370   5.38
     1100       0.3370   5.38
     1101       0.3349   5.38
     1102       0.3352   5.38
     1103       0.3361   5.38
     1104       0.3359   5.37
     1105       0.3357   5.37
     1106       0.3361   5.38
     1107       0.3364   5.38
     1108       0.3369   5.38
     1109       0.3363   5.38
     1110       0.3360   5.37
     1111       0.3361   5.37
     1112       0.3364   5.38
     1113       0.3352   5.38
     1114       0.3367   5.38
     1115       0.3362   5.38
     1116       0.3351   5.37
     1117       0.3362   5.37
     1118       0.3361   5.38
     1119       0.3358   5.38
     1120       0.3360   5.38
     1121       0.3365   5.38
     1122       0.3355   5.38
     1123       0.3361   5.38
     1124       0.3361   5.38
     1125       0.3360   5.37
     1126       0.3356   5.37
     1127       0.3357   5.37
     1128       0.3360   5.38
     1129       0.3353   5.38
     1130       0.3359   5.38
     1131       0.3364   5.38
     1132       0.3358   5.38
     1133       0.3360   5.38
     1134       0.3360   5.38
     1135       0.3355   5.37
     1136       0.3362   5.37
     1137       0.3362   5.38
     1138       0.3364   5.38
     1139       0.3361   5.38
     1140       0.3358   5.38
     1141       0.3352   5.38
     1142       0.3366   5.38
     1143       0.3366   5.38
     1144       0.3360   5.38
     1145       0.3355   5.38
     1146       0.3359   5.38
     1147       0.3351   5.37
     1148       0.3352   5.37
     1149       0.3355   5.38
     1150       0.3347   5.38
     1151       0.3358   5.38
     1152       0.3366   5.38
     1153       0.3358   5.38
     1154       0.3370   5.38
     1155       0.3366   5.38
     1156       0.3352   5.38
     1157       0.3361   5.38
     1158       0.3366   5.38
     1159       0.3360   5.37
     1160       0.3356   5.37
     1161       0.3355   5.38
     1162       0.3355   5.38
     1163       0.3362   5.38
     1164       0.3363   5.37
     1165       0.3356   5.38
     1166       0.3366   5.38
     1167       0.3364   5.38
     1168       0.3356   5.38
     1169       0.3341   5.38
     1170       0.3365   5.37
     1171       0.3360   5.38
     1172       0.3364   5.38
     1173       0.3362   5.38
     1174       0.3363   5.38
     1175       0.3348   5.38
     1176       0.3358   5.38
     1177       0.3366   5.38
     1178       0.3347   5.38
     1179       0.3364   5.38
     1180       0.3342   5.38
     1181       0.3348   5.38
     1182       0.3361   5.38
     1183       0.3355   5.38
     1184       0.3356   5.38
     1185       0.3356   5.38
     1186       0.3360   5.38
     1187       0.3352   5.38
     1188       0.3362   5.38
     1189       0.3366   5.38
     1190       0.3355   5.38
     1191       0.3355   5.38
     1192       0.3362   5.38
     1193       0.3365   5.38
     1194       0.3365   5.38
     1195       0.3349   5.38
     1196       0.3349   5.38
     1197       0.3356   5.38
     1198       0.3358   5.38
     1199       0.3349   5.37
     1200       0.3365   5.37
     1201       0.3353   5.38
     1202       0.3343   5.38
     1203       0.3357   5.38
     1204       0.3361   5.37
     1205       0.3359   5.38
     1206       0.3360   5.38
     1207       0.3358   5.38
     1208       0.3359   5.38
     1209       0.3356   5.38
     1210       0.3360   5.38
     1211       0.3354   5.37
     1212       0.3366   5.37
     1213       0.3364   5.38
     1214       0.3370   5.38
     1215       0.3357   5.38
     1216       0.3352   5.38
     1217       0.3360   5.37
     1218       0.3354   5.37
     1219       0.3359   5.37
     1220       0.3365   5.38
     1221       0.3354   5.38
     1222       0.3363   5.38
     1223       0.3359   5.38
     1224       0.3355   5.38
     1225       0.3360   5.38
     1226       0.3357   5.38
     1227       0.3357   5.38
     1228       0.3357   5.38
     1229       0.3356   5.38
     1230       0.3357   5.38
     1231       0.3360   5.38
     1232       0.3358   5.38
     1233       0.3355   5.38
     1234       0.3365   5.38
     1235       0.3364   5.37
     1236       0.3346   5.38
     1237       0.3355   5.38
     1238       0.3361   5.38
     1239       0.3356   5.38
     1240       0.3354   5.38
     1241       0.3457   5.38
     1242       0.3353   5.38
     1243       0.3355   5.38
     1244       0.3362   5.38
     1245       0.3359   5.38
     1246       0.3360   5.38
     1247       0.3353   5.38
     1248       0.3352   5.38
     1249       0.3358   5.38
     1250       0.3364   5.38
     1251       0.3340   5.38
     1252       0.3354   5.38
     1253       0.3358   5.38
     1254       0.3350   5.37
     1255       0.3359   5.37
     1256       0.3355   5.38
     1257       0.3355   5.38
     1258       0.3362   5.38
     1259       0.3360   5.38
     1260       0.3365   5.38
     1261       0.3355   5.38
     1262       0.3358   5.38
     1263       0.3358   5.37
     1264       0.3343   5.38
     1265       0.3353   5.38
     1266       0.3365   5.38
     1267       0.3358   5.38
     1268       0.3361   5.38
     1269       0.3365   5.38
     1270       0.3346   5.38
     1271       0.3353   5.38
     1272       0.3363   5.37
     1273       0.3343   5.38
     1274       0.3352   5.38
     1275       0.3354   5.38
     1276       0.3351   5.37
     1277       0.3358   5.37
     1278       0.3358   5.38
     1279       0.3349   5.38
     1280       0.3363   5.38
     1281       0.3363   5.38
     1282       0.3355   5.38
     1283       0.3366   5.38
     1284       0.3362   5.38
     1285       0.3347   5.38
     1286       0.3357   5.38
     1287       0.3355   5.37
     1288       0.3352   5.38
     1289       0.3354   5.38
     1290       0.3359   5.38
     1291       0.3357   5.37
     1292       0.3363   5.37
     1293       0.3362   5.38
     1294       0.3353   5.38
     1295       0.3365   5.38
     1296       0.3367   5.38
     1297       0.3360   5.38
     1298       0.3367   5.38
     1299       0.3365   5.38
     1300       0.3360   5.38
     1301       0.3346   5.37
     1302       0.3358   5.37
     1303       0.3367   5.38
     1304       0.3352   5.38
     1305       0.3360   5.38
     1306       0.3365   5.38
     1307       0.3359   5.37
     1308       0.3360   5.37
     1309       0.3359   5.37
     1310       0.3350   5.38
     1311       0.3359   5.38
     1312       0.3354   5.38
     1313       0.3358   5.37
     1314       0.3362   5.37
     1315       0.3361   5.38
     1316       0.3357   5.38
     1317       0.3363   5.38
     1318       0.3358   5.38
     1319       0.3357   5.38
     1320       0.3361   5.38
     1321       0.3362   5.37
     1322       0.3362   5.37
     1323       0.3363   5.37
     1324       0.3360   5.38
     1325       0.3354   5.38
     1326       0.3361   5.38
     1327       0.3367   5.37
     1328       0.3364   5.37
     1329       0.3363   5.37
     1330       0.3358   5.38
     1331       0.3357   5.38
     1332       0.3358   5.38
     1333       0.3362   5.37
     1334       0.3350   5.38
     1335       0.3368   5.38
     1336       0.3360   5.37
     1337       0.3348   5.38
     1338       0.3356   5.38
     1339       0.3355   5.38
     1340       0.3351   5.37
     1341       0.3357   5.37
     1342       0.3361   5.37
     1343       0.3360   5.37
     1344       0.3354   5.38
     1345       0.3361   5.38
     1346       0.3362   5.38
     1347       0.3351   5.38
     1348       0.3359   5.38
     1349       0.3366   5.38
     1350       0.3353   5.38
     1351       0.3363   5.38
     1352       0.3361   5.38
     1353       0.3353   5.37
     1354       0.3364   5.37
     1355       0.3357   5.37
     1356       0.3358   5.38
     1357       0.3355   5.38
     1358       0.3358   5.38
     1359       0.3350   5.37
     1360       0.3363   5.37
     1361       0.3362   5.37
     1362       0.3360   5.38
     1363       0.3363   5.38
     1364       0.3362   5.38
     1365       0.3361   5.38
     1366       0.3360   5.38
     1367       0.3364   5.37
     1368       0.3355   5.37
     1369       0.3357   5.37
     1370       0.3361   5.38
     1371       0.3354   5.38
     1372       0.3357   5.38
     1373       0.3365   5.38
     1374       0.3351   5.38
     1375       0.3366   5.38
     1376       0.3370   5.38
     1377       0.3360   5.37
     1378       0.3367   5.37
     1379       0.3362   5.38
     1380       0.3354   5.37
     1381       0.3366   5.37
     1382       0.3366   5.37
     1383       0.3364   5.38
     1384       0.3359   5.38
     1385       0.3365   5.38
     1386       0.3366   5.38
     1387       0.3349   5.38
     1388       0.3360   5.38
     1389       0.3365   5.38
     1390       0.3358   5.38
     1391       0.3367   5.38
     1392       0.3358   5.38
     1393       0.3352   5.37
     1394       0.3363   5.37
     1395       0.3359   5.38
     1396       0.3352   5.38
     1397       0.3361   5.38
     1398       0.3365   5.38
     1399       0.3343   5.38
     1400       0.3361   5.38
     1401       0.3364   5.37
     1402       0.3354   5.37
     1403       0.3358   5.37
     1404       0.3360   5.38
     1405       0.3346   5.38
     1406       0.3362   5.38
     1407       0.3364   5.38
     1408       0.3355   5.38
     1409       0.3361   5.38
     1410       0.3362   5.38
     1411       0.3341   5.38
     1412       0.3353   5.38
     1413       0.3362   5.37
     1414       0.3357   5.37
     1415       0.3359   5.37
     1416       0.3359   5.38
     1417       0.3349   5.38
     1418       0.3365   5.38
     1419       0.3363   5.38
     1420       0.3351   5.38
     1421       0.3365   5.38
     1422       0.3368   5.38
     1423       0.3359   5.38
     1424       0.3360   5.38
     1425       0.3380   5.38
     1426       0.3358   5.38
     1427       0.3356   5.37
     1428       0.3351   5.37
     1429       0.3357   5.37
     1430       0.3354   5.38
     1431       0.3362   5.38
     1432       0.3360   5.38
     1433       0.3353   5.38
     1434       0.3363   5.38
     1435       0.3372   5.38
     1436       0.3356   5.38
     1437       0.3357   5.38
     1438       0.3352   5.37
     1439       0.3348   5.37
     1440       0.3359   5.37
     1441       0.3367   5.38
     1442       0.3353   5.38
     1443       0.3363   5.38
     1444       0.3361   5.37
     1445       0.3357   5.37
     1446       0.3359   5.37
     1447       0.3357   5.38
     1448       0.3352   5.38
     1449       0.3361   5.38
     1450       0.3364   5.37
     1451       0.3342   5.38
     1452       0.3363   5.38
     1453       0.3363   5.37
     1454       0.3358   5.38
     1455       0.3370   5.38
     1456       0.3357   5.38
     1457       0.3348   5.37
     1458       0.3363   5.37
     1459       0.3357   5.38
     1460       0.3357   5.37
     1461       0.3359   5.37
     1462       0.3362   5.37
     1463       0.3351   5.37
     1464       0.3370   5.37
     1465       0.3364   5.38
     1466       0.3351   5.38
     1467       0.3364   5.38
     1468       0.3367   5.38
     1469       0.3372   5.38
     1470       0.3343   5.38
     1471       0.3364   5.38
     1472       0.3368   5.37
     1473       0.3352   5.37
     1474       0.3355   5.37
     1475       0.3365   5.37
     1476       0.3355   5.38
     1477       0.3362   5.38
     1478       0.3360   5.38
     1479       0.3365   5.38
     1480       0.3356   5.38
     1481       0.3362   5.38
     1482       0.3351   5.37
     1483       0.3359   5.37
     1484       0.3355   5.37
     1485       0.3340   5.38
     1486       0.3363   5.38
     1487       0.3365   5.38
     1488       0.3350   5.38
     1489       0.3358   5.38
     1490       0.3355   5.38
     1491       0.3354   5.37
     1492       0.3364   5.37
     1493       0.3358   5.38
     1494       0.3351   5.38
     1495       0.3360   5.38
     1496       0.3364   5.37
     1497       0.3355   5.37
     1498       0.3354   5.37
     1499       0.3363   5.37
     1500       0.3356   5.37
     1501       0.3369   5.37
     1502       0.3365   5.38
     1503       0.3351   5.38
     1504       0.3369   5.38
     1505       0.3358   5.37
     1506       0.3353   5.37
     1507       0.3361   5.37
     1508       0.3359   5.37
     1509       0.3357   5.38
     1510       0.3357   5.38
     1511       0.3362   5.38
     1512       0.3356   5.37
     1513       0.3350   5.37
     1514       0.3358   5.37
     1515       0.3359   5.38
     1516       0.3344   5.38
     1517       0.3367   5.38
     1518       0.3364   5.38
     1519       0.3357   5.38
     1520       0.3354   5.38
     1521       0.3357   5.38
     1522       0.3357   5.38
     1523       0.3361   5.38
     1524       0.3356   5.38
     1525       0.3358   5.38
     1526       0.3365   5.38
     1527       0.3368   5.38
     1528       0.3349   5.37
     1529       0.3360   5.37
     1530       0.3358   5.37
     1531       0.3348   5.38
     1532       0.3358   5.38
     1533       0.3363   5.38
     1534       0.3353   5.38
     1535       0.3357   5.38
     1536       0.3358   5.38
     1537       0.3356   5.38
     1538       0.3465   5.38
     1539       0.3365   5.38
     1540       0.3357   5.37
     1541       0.3363   5.37
     1542       0.3354   5.37
     1543       0.3358   5.38
     1544       0.3356   5.38
     1545       0.3361   5.37
     1546       0.3351   5.37
     1547       0.3356   5.37
     1548       0.3359   5.38
     1549       0.3356   5.38
     1550       0.3362   5.38
     1551       0.3364   5.38
     1552       0.3365   5.38
     1553       0.3360   5.38
     1554       0.3364   5.38
     1555       0.3363   5.38
     1556       0.3360   5.37
     1557       0.3363   5.37
     1558       0.3367   5.38
     1559       0.3362   5.37
     1560       0.3362   5.37
     1561       0.3365   5.37
     1562       0.3351   5.37
     1563       0.3362   5.37
     1564       0.3364   5.38
     1565       0.3354   5.37
     1566       0.3383   5.37
     1567       0.3365   5.38
     1568       0.3357   5.38
     1569       0.3363   5.38
     1570       0.3356   5.37
     1571       0.3350   5.37
     1572       0.3362   5.37
     1573       0.3363   5.38
     1574       0.3346   5.38
     1575       0.3362   5.38
     1576       0.3359   5.38
     1577       0.3359   5.38
     1578       0.3363   5.38
     1579       0.3370   5.38
     1580       0.3351   5.38
     1581       0.3365   5.38
     1582       0.3359   5.38
     1583       0.3358   5.37
     1584       0.3356   5.37
     1585       0.3358   5.38
     1586       0.3360   5.38
     1587       0.3361   5.38
     1588       0.3368   5.38
     1589       0.3358   5.38
     1590       0.3363   5.38
     1591       0.3371   5.38
     1592       0.3369   5.38
     1593       0.3358   5.37
     1594       0.3359   5.37
     1595       0.3365   5.37
     1596       0.3343   5.37
     1597       0.3362   5.37
     1598       0.3371   5.38
     1599       0.3362   5.38
     1600       0.3374   5.38
     1601       0.3367   5.38
     1602       0.3354   5.38
     1603       0.3362   5.38
     1604       0.3356   5.38
     1605       0.3353   5.37
     1606       0.3364   5.37
     1607       0.3364   5.37
     1608       0.3360   5.38
     1609       0.3364   5.38
     1610       0.3365   5.38
     1611       0.3359   5.38
     1612       0.3360   5.38
     1613       0.3364   5.37
     1614       0.3357   5.38
     1615       0.3364   5.38
     1616       0.3365   5.37
     1617       0.3359   5.38
     1618       0.3372   5.38
     1619       0.3354   5.38
     1620       0.3349   5.37
     1621       0.3363   5.37
     1622       0.3364   5.37
     1623       0.3357   5.38
     1624       0.3360   5.38
     1625       0.3358   5.37
     1626       0.3354   5.38
     1627       0.3370   5.38
     1628       0.3365   5.37
     1629       0.3360   5.37
     1630       0.3357   5.37
     1631       0.3363   5.38
     1632       0.3363   5.38
     1633       0.3348   5.37
     1634       0.3361   5.37
     1635       0.3369   5.38
     1636       0.3356   5.38
     1637       0.3360   5.38
     1638       0.3362   5.38
     1639       0.3361   5.37
     1640       0.3373   5.37
     1641       0.3366   5.38
     1642       0.3355   5.37
     1643       0.3359   5.37
     1644       0.3359   5.37
     1645       0.3360   5.38
     1646       0.3356   5.38
     1647       0.3367   5.38
     1648       0.3348   5.38
     1649       0.3361   5.38
     1650       0.3359   5.38
     1651       0.3354   5.38
     1652       0.3367   5.38
     1653       0.3366   5.37
     1654       0.3348   5.38
     1655       0.3360   5.38
     1656       0.3361   5.37
     1657       0.3357   5.38
     1658       0.3362   5.38
     1659       0.3363   5.37
     1660       0.3350   5.37
     1661       0.3356   5.37
     1662       0.3360   5.38
     1663       0.3358   5.38
     1664       0.3364   5.38
     1665       0.3359   5.38
     1666       0.3344   5.37
     1667       0.3364   5.37
     1668       0.3362   5.38
     1669       0.3357   5.37
     1670       0.3362   5.37
     1671       0.3362   5.37
     1672       0.3366   5.37
     1673       0.3341   5.38
     1674       0.3358   5.38
     1675       0.3361   5.38
     1676       0.3345   5.37
     1677       0.3362   5.37
     1678       0.3373   5.38
     1679       0.3359   5.38
     1680       0.3359   5.38
     1681       0.3348   5.38
     1682       0.3355   5.38
     1683       0.3362   5.38
     1684       0.3364   5.38
     1685       0.3347   5.38
     1686       0.3362   5.38
     1687       0.3356   5.37
     1688       0.3361   5.37
     1689       0.3358   5.37
     1690       0.3356   5.38
     1691       0.3347   5.38
     1692       0.3358   5.38
     1693       0.3361   5.37
     1694       0.3351   5.37
     1695       0.3359   5.37
     1696       0.3364   5.38
     1697       0.3354   5.37
     1698       0.3361   5.37
     1699       0.3363   5.37
     1700       0.3358   5.38
     1701       0.3361   5.38
     1702       0.3365   5.38
     1703       0.3356   5.37
     1704       0.3348   5.37
     1705       0.3353   5.37
     1706       0.3344   5.38
     1707       0.3361   5.38
     1708       0.3358   5.38
     1709       0.3360   5.37
     1710       0.3361   5.37
     1711       0.3359   5.38
     1712       0.3355   5.38
     1713       0.3362   5.38
     1714       0.3364   5.37
     1715       0.3364   5.38
     1716       0.3365   5.38
     1717       0.3356   5.38
     1718       0.3352   5.38
     1719       0.3361   5.38
     1720       0.3348   5.38
     1721       0.3352   5.38
     1722       0.3353   5.38
     1723       0.3359   5.38
     1724       0.3351   5.37
     1725       0.3355   5.37
     1726       0.3359   5.37
     1727       0.3355   5.38
     1728       0.3347   5.38
     1729       0.3362   5.38
     1730       0.3361   5.38
     1731       0.3360   5.38
     1732       0.3357   5.38
     1733       0.3362   5.38
     1734       0.3350   5.38
     1735       0.3355   5.38
     1736       0.3358   5.37
     1737       0.3362   5.37
     1738       0.3358   5.37
     1739       0.3357   5.38
     1740       0.3352   5.38
     1741       0.3356   5.38
     1742       0.3364   5.38
     1743       0.3354   5.38
     1744       0.3361   5.38
     1745       0.3364   5.38
     1746       0.3354   5.38
     1747       0.3358   5.38
     1748       0.3365   5.37
     1749       0.3355   5.38
     1750       0.3373   5.38
     1751       0.3368   5.38
     1752       0.3358   5.37
     1753       0.3366   5.37
     1754       0.3355   5.37
     1755       0.3347   5.37
     1756       0.3358   5.37
     1757       0.3393   5.38
     1758       0.3369   5.38
     1759       0.3346   5.38
     1760       0.3360   5.38
     1761       0.3352   5.38
     1762       0.3350   5.37
     1763       0.3358   5.37
     1764       0.3354   5.38
     1765       0.3367   5.38
     1766       0.3364   5.38
     1767       0.3366   5.38
     1768       0.3358   5.38
     1769       0.3362   5.38
     1770       0.3362   5.38
     1771       0.3351   5.38
     1772       0.3361   5.38
     1773       0.3356   5.38
     1774       0.3346   5.38
     1775       0.3361   5.38
     1776       0.3355   5.38
     1777       0.3348   5.38
     1778       0.3358   5.38
     1779       0.3361   5.38
     1780       0.3362   5.38
     1781       0.3365   5.38
     1782       0.3363   5.38
     1783       0.3357   5.38
     1784       0.3350   5.38
     1785       0.3345   5.38
     1786       0.3357   5.37
     1787       0.3366   5.37
     1788       0.3366   5.38
     1789       0.3352   5.38
     1790       0.3359   5.38
     1791       0.3360   5.37
     1792       0.3357   5.38
     1793       0.3359   5.38
     1794       0.3357   5.38
     1795       0.3358   5.38
     1796       0.3368   5.38
     1797       0.3362   5.38
     1798       0.3345   5.37
     1799       0.3356   5.37
     1800       0.3363   5.37
     1801       0.3363   5.38
     1802       0.3349   5.38
     1803       0.3351   5.38
     1804       0.3363   5.38
     1805       0.3350   5.37
     1806       0.3364   5.37
     1807       0.3364   5.38
     1808       0.3350   5.38
     1809       0.3350   5.38
     1810       0.3362   5.38
     1811       0.3360   5.38
     1812       0.3365   5.38
     1813       0.3359   5.37
     1814       0.3358   5.38
     1815       0.3362   5.38
     1816       0.3357   5.38
     1817       0.3358   5.38
     1818       0.3363   5.38
     1819       0.3357   5.38
     1820       0.3348   5.37
     1821       0.3361   5.37
     1822       0.3365   5.38
     1823       0.3354   5.38
     1824       0.3360   5.38
     1825       0.3363   5.38
     1826       0.3352   5.38
     1827       0.3368   5.38
     1828       0.3359   5.38
     1829       0.3362   5.38
     1830       0.3363   5.38
     1831       0.3360   5.38
     1832       0.3358   5.38
     1833       0.3364   5.38
     1834       0.3360   5.38
     1835       0.3341   5.37
     1836       0.3367   5.37
     1837       0.3364   5.37
     1838       0.3358   5.38
     1839       0.3350   5.38
     1840       0.3361   5.38
     1841       0.3352   5.38
     1842       0.3365   5.38
     1843       0.3351   5.38
     1844       0.3356   5.38
     1845       0.3350   5.38
     1846       0.3360   5.38
     1847       0.3364   5.37
     1848       0.3351   5.38
     1849       0.3357   5.38
     1850       0.3354   5.38
     1851       0.3353   5.37
     1852       0.3358   5.37
     1853       0.3364   5.38
     1854       0.3362   5.38
     1855       0.3367   5.38
     1856       0.3359   5.38
     1857       0.3357   5.37
     1858       0.3369   5.37
     1859       0.3445   5.37
     1860       0.3357   5.38
     1861       0.3357   5.38
     1862       0.3364   5.38
     1863       0.3357   5.38
     1864       0.3365   5.38
     1865       0.3357   5.37
     1866       0.3359   5.38
     1867       0.3359   5.38
     1868       0.3366   5.38
     1869       0.3357   5.38
     1870       0.3363   5.38
     1871       0.3359   5.37
     1872       0.3356   5.38
     1873       0.3360   5.38
     1874       0.3353   5.38
     1875       0.3351   5.38
     1876       0.3357   5.38
     1877       0.3358   5.38
     1878       0.3357   5.38
     1879       0.3360   5.38
     1880       0.3366   5.38
     1881       0.3362   5.38
     1882       0.3362   5.38
     1883       0.3363   5.38
     1884       0.3359   5.38
     1885       0.3354   5.38
     1886       0.3351   5.38
     1887       0.3354   5.38
     1888       0.3355   5.37
     1889       0.3362   5.37
     1890       0.3366   5.38
     1891       0.3350   5.38
     1892       0.3359   5.38
     1893       0.3358   5.38
     1894       0.3354   5.38
     1895       0.3366   5.38
     1896       0.3363   5.38
     1897       0.3356   5.38
     1898       0.3360   5.38
     1899       0.3363   5.38
     1900       0.3354   5.38
     1901       0.3362   5.38
     1902       0.3355   5.38
     1903       0.3359   5.38
     1904       0.3361   5.38
     1905       0.3354   5.38
     1906       0.3357   5.37
     1907       0.3364   5.37
     1908       0.3358   5.38
     1909       0.3355   5.38
     1910       0.3360   5.38
     1911       0.3364   5.38
     1912       0.3356   5.38
     1913       0.3365   5.38
     1914       0.3359   5.38
     1915       0.3347   5.38
     1916       0.3364   5.38
     1917       0.3361   5.38
     1918       0.3361   5.37
     1919       0.3365   5.37
     1920       0.3366   5.38
     1921       0.3358   5.38
     1922       0.3363   5.38
     1923       0.3366   5.38
     1924       0.3360   5.38
     1925       0.3361   5.38
     1926       0.3362   5.38
     1927       0.3361   5.38
     1928       0.3351   5.38
     1929       0.3362   5.38
     1930       0.3351   5.38
     1931       0.3361   5.38
     1932       0.3352   5.38
     1933       0.3362   5.38
     1934       0.3351   5.38
     1935       0.3358   5.38
     1936       0.3357   5.38
     1937       0.3352   5.38
     1938       0.3362   5.38
     1939       0.3362   5.38
     1940       0.3352   5.38
     1941       0.3366   5.38
     1942       0.3367   5.38
     1943       0.3356   5.38
     1944       0.3369   5.38
     1945       0.3362   5.38
     1946       0.3353   5.37
     1947       0.3356   5.37
     1948       0.3366   5.38
     1949       0.3358   5.38
     1950       0.3363   5.38
     1951       0.3357   5.38
     1952       0.3365   5.38
     1953       0.3364   5.38
     1954       0.3358   5.37
     1955       0.3345   5.38
     1956       0.3365   5.38
     1957       0.3356   5.37
     1958       0.3344   5.37
     1959       0.3362   5.37
     1960       0.3373   5.38
     1961       0.3348   5.38
     1962       0.3354   5.38
     1963       0.3361   5.38
     1964       0.3351   5.37
     1965       0.3361   5.37
     1966       0.3357   5.38
     1967       0.3353   5.38
     1968       0.3362   5.38
     1969       0.3357   5.38
     1970       0.3366   5.38
     1971       0.3349   5.38
     1972       0.3356   5.38
     1973       0.3358   5.37
     1974       0.3353   5.38
     1975       0.3365   5.38
     1976       0.3368   5.38
     1977       0.3357   5.38
     1978       0.3362   5.38
     1979       0.3360   5.38
     1980       0.3357   5.37
     1981       0.3364   5.37
     1982       0.3360   5.38
     1983       0.3362   5.38
     1984       0.3363   5.38
     1985       0.3357   5.37
     1986       0.3350   5.38
     1987       0.3361   5.38
     1988       0.3358   5.38
     1989       0.3353   5.37
     1990       0.3354   5.37
     1991       0.3358   5.38
     1992       0.3357   5.38
     1993       0.3362   5.38
     1994       0.3352   5.38
     1995       0.3343   5.37
     1996       0.3351   5.37
     1997       0.3361   5.38
     1998       0.3351   5.38
     1999       0.3362   5.38
     2000       0.3360   5.38
     2001       0.3357   5.38
     2002       0.3359   5.38
     2003       0.3357   5.38
     2004       0.3349   5.38
     2005       0.3360   5.38
     2006       0.3357   5.38
     2007       0.3346   5.38
     2008       0.3361   5.38
     2009       0.3361   5.38
     2010       0.3356   5.38
     2011       0.3367   5.38
     2012       0.3362   5.38
     2013       0.3360   5.37
     2014       0.3355   5.38
     2015       0.3360   5.38
     2016       0.3352   5.38
     2017       0.3357   5.38
     2018       0.3357   5.38
     2019       0.3361   5.38
     2020       0.3354   5.38
     2021       0.3360   5.38
     2022       0.3349   5.38
     2023       0.3350   5.38
     2024       0.3354   5.38
     2025       0.3365   5.38
     2026       0.3350   5.38
     2027       0.3364   5.38
     2028       0.3360   5.38
     2029       0.3351   5.37
     2030       0.3366   5.37
     2031       0.3360   5.37
     2032       0.3361   5.38
     2033       0.3362   5.38
     2034       0.3359   5.38
     2035       0.3353   5.38
     2036       0.3354   5.38
     2037       0.3362   5.38
     2038       0.3357   5.38
     2039       0.3367   5.38
     2040       0.3361   5.38
     2041       0.3347   5.38
     2042       0.3361   5.38
     2043       0.3363   5.37
     2044       0.3362   5.38
     2045       0.3367   5.38
     2046       0.3364   5.38
     2047       0.3351   5.38
     2048       0.3362   5.38
     2049       0.3365   5.38
     2050       0.3359   5.38
     2051       0.3358   5.38
     2052       0.3354   5.38
     2053       0.3348   5.37
     2054       0.3354   5.37
     2055       0.3353   5.38
     2056       0.3360   5.38
     2057       0.3356   5.38
     2058       0.3362   5.38
     2059       0.3360   5.38
     2060       0.3358   5.38
     2061       0.3360   5.38
     2062       0.3363   5.38
     2063       0.3349   5.38
     2064       0.3358   5.38
     2065       0.3359   5.38
     2066       0.3349   5.38
     2067       0.3363   5.38
     2068       0.3360   5.37
     2069       0.3346   5.37
     2070       0.3352   5.37
     2071       0.3363   5.37
     2072       0.3351   5.38
     2073       0.3360   5.38
     2074       0.3358   5.38
     2075       0.3347   5.38
     2076       0.3358   5.38
     2077       0.3361   5.38
     2078       0.3347   5.38
     2079       0.3363   5.38
     2080       0.3366   5.38
     2081       0.3359   5.38
     2082       0.3360   5.38
     2083       0.3361   5.37
     2084       0.3357   5.38
     2085       0.3360   5.38
     2086       0.3359   5.38
     2087       0.3356   5.38
     2088       0.3361   5.38
     2089       0.3362   5.37
     2090       0.3351   5.38
     2091       0.3360   5.38
     2092       0.3362   5.37
     2093       0.3359   5.38
     2094       0.3355   5.38
     2095       0.3357   5.37
     2096       0.3357   5.37
     2097       0.3363   5.37
     2098       0.3361   5.37
     2099       0.3363   5.38
     2100       0.3357   5.38
     2101       0.3357   5.38
     2102       0.3356   5.38
     2103       0.3338   5.38
     2104       0.3360   5.38
     2105       0.3353   5.37
     2106       0.3355   5.38
     2107       0.3361   5.38
     2108       0.3359   5.38
     2109       0.3352   5.38
     2110       0.3366   5.38
     2111       0.3370   5.38
     2112       0.3355   5.38
     2113       0.3361   5.38
     2114       0.3352   5.37
     2115       0.3350   5.37
     2116       0.3359   5.37
     2117       0.3355   5.37
     2118       0.3351   5.38
     2119       0.3359   5.38
     2120       0.3361   5.38
     2121       0.3348   5.38
     2122       0.3357   5.38
     2123       0.3357   5.38
     2124       0.3356   5.37
     2125       0.3360   5.37
     2126       0.3360   5.38
     2127       0.3349   5.38
     2128       0.3361   5.38
     2129       0.3356   5.38
     2130       0.3363   5.37
     2131       0.3358   5.37
     2132       0.3365   5.38
     2133       0.3356   5.38
     2134       0.3357   5.38
     2135       0.3346   5.37
     2136       0.3349   5.38
     2137       0.3358   5.38
     2138       0.3365   5.38
     2139       0.3345   5.37
     2140       0.3362   5.37
     2141       0.3354   5.38
     2142       0.3358   5.38
     2143       0.3360   5.38
     2144       0.3363   5.37
     2145       0.3349   5.38
     2146       0.3356   5.38
     2147       0.3360   5.38
     2148       0.3359   5.38
     2149       0.3343   5.38
     2150       0.3360   5.38
     2151       0.3368   5.37
     2152       0.3354   5.37
     2153       0.3359   5.37
     2154       0.3354   5.38
     2155       0.3338   5.37
     2156       0.3455   5.37
     2157       0.3357   5.37
     2158       0.3364   5.38
     2159       0.3359   5.38
     2160       0.3363   5.38
     2161       0.3358   5.38
     2162       0.3359   5.38
     2163       0.3357   5.37
     2164       0.3350   5.37
     2165       0.3355   5.37
     2166       0.3362   5.38
     2167       0.3353   5.38
     2168       0.3364   5.38
     2169       0.3362   5.37
     2170       0.3354   5.37
     2171       0.3349   5.37
     2172       0.3357   5.37
     2173       0.3356   5.38
     2174       0.3361   5.38
     2175       0.3368   5.38
     2176       0.3360   5.38
     2177       0.3360   5.38
     2178       0.3354   5.37
     2179       0.3349   5.37
     2180       0.3358   5.37
     2181       0.3361   5.38
     2182       0.3359   5.38
     2183       0.3354   5.38
     2184       0.3357   5.37
     2185       0.3355   5.38
     2186       0.3360   5.38
     2187       0.3361   5.38
     2188       0.3363   5.37
     2189       0.3360   5.38
     2190       0.3357   5.38
     2191       0.3357   5.38
     2192       0.3358   5.38
     2193       0.3360   5.38
     2194       0.3354   5.37
     2195       0.3354   5.37
     2196       0.3365   5.37
     2197       0.3367   5.38
     2198       0.3356   5.38
     2199       0.3359   5.38
     2200       0.3358   5.37
     2201       0.3355   5.38
     2202       0.3359   5.38
     2203       0.3359   5.38
     2204       0.3359   5.37
     2205       0.3362   5.37
     2206       0.3364   5.38
     2207       0.3358   5.38
     2208       0.3357   5.38
     2209       0.3358   5.38
     2210       0.3351   5.38
     2211       0.3358   5.38
     2212       0.3357   5.38
     2213       0.3356   5.38
     2214       0.3351   5.38
     2215       0.3354   5.38
     2216       0.3350   5.37
     2217       0.3355   5.37
     2218       0.3359   5.38
     2219       0.3349   5.38
     2220       0.3358   5.38
     2221       0.3364   5.38
     2222       0.3356   5.38
     2223       0.3362   5.38
     2224       0.3360   5.37
     2225       0.3350   5.37
     2226       0.3370   5.37
     2227       0.3359   5.38
     2228       0.3359   5.38
     2229       0.3352   5.38
     2230       0.3345   5.37
     2231       0.3372   5.38
     2232       0.3354   5.38
     2233       0.3359   5.38
     2234       0.3356   5.38
     2235       0.3352   5.37
     2236       0.3356   5.37
     2237       0.3365   5.38
     2238       0.3352   5.38
     2239       0.3365   5.38
     2240       0.3359   5.38
     2241       0.3349   5.38
     2242       0.3351   5.38
     2243       0.3353   5.37
     2244       0.3353   5.38
     2245       0.3360   5.38
     2246       0.3360   5.38
     2247       0.3355   5.38
     2248       0.3365   5.38
     2249       0.3361   5.38
     2250       0.3358   5.37
     2251       0.3365   5.37
     2252       0.3357   5.37
     2253       0.3359   5.38
     2254       0.3365   5.38
     2255       0.3358   5.38
     2256       0.3361   5.37
     2257       0.3367   5.37
     2258       0.3367   5.38
     2259       0.3358   5.38
     2260       0.3366   5.38
     2261       0.3363   5.37
     2262       0.3365   5.37
     2263       0.3365   5.37
     2264       0.3363   5.38
     2265       0.3355   5.37
     2266       0.3362   5.37
     2267       0.3362   5.38
     2268       0.3353   5.38
     2269       0.3368   5.38
     2270       0.3352   5.37
     2271       0.3347   5.38
     2272       0.3346   5.37
     2273       0.3362   5.37
     2274       0.3369   5.38
     2275       0.3354   5.38
     2276       0.3365   5.38
     2277       0.3362   5.38
     2278       0.3358   5.38
     2279       0.3360   5.38
     2280       0.3358   5.37
     2281       0.3346   5.37
     2282       0.3365   5.37
     2283       0.3360   5.38
     2284       0.3351   5.38
     2285       0.3359   5.38
     2286       0.3354   5.37
     2287       0.3357   5.38
     2288       0.3355   5.38
     2289       0.3360   5.38
     2290       0.3352   5.38
     2291       0.3368   5.38
     2292       0.3356   5.38
     2293       0.3352   5.37
     2294       0.3360   5.37
     2295       0.3357   5.38
     2296       0.3362   5.37
     2297       0.3357   5.37
     2298       0.3351   5.37
     2299       0.3352   5.38
     2300       0.3360   5.38
     2301       0.3361   5.38
     2302       0.3349   5.38
     2303       0.3358   5.38
     2304       0.3359   5.38
     2305       0.3344   5.37
     2306       0.3367   5.37
     2307       0.3364   5.38
     2308       0.3351   5.38
     2309       0.3367   5.38
     2310       0.3360   5.38
     2311       0.3351   5.38
     2312       0.3361   5.38
     2313       0.3362   5.38
     2314       0.3360   5.38
     2315       0.3358   5.38
     2316       0.3368   5.38
     2317       0.3364   5.37
     2318       0.3362   5.38
     2319       0.3358   5.38
     2320       0.3355   5.37
     2321       0.3356   5.37
     2322       0.3355   5.37
     2323       0.3358   5.38
     2324       0.3355   5.38
     2325       0.3375   5.38
     2326       0.3363   5.38
     2327       0.3352   5.38
     2328       0.3357   5.38
     2329       0.3362   5.38
     2330       0.3357   5.37
     2331       0.3360   5.37
     2332       0.3359   5.37
     2333       0.3354   5.38
     2334       0.3355   5.38
     2335       0.3361   5.38
     2336       0.3359   5.38
     2337       0.3358   5.38
     2338       0.3361   5.37
     2339       0.3350   5.38
     2340       0.3352   5.38
     2341       0.3361   5.37
     2342       0.3343   5.38
     2343       0.3353   5.38
     2344       0.3358   5.38
     2345       0.3358   5.38
     2346       0.3357   5.38
     2347       0.3364   5.38
     2348       0.3354   5.38
     2349       0.3358   5.38
     2350       0.3353   5.37
     2351       0.3345   5.38
     2352       0.3358   5.38
     2353       0.3363   5.38
     2354       0.3354   5.38
     2355       0.3367   5.38
     2356       0.3358   5.38
     2357       0.3354   5.38
     2358       0.3354   5.38
     2359       0.3363   5.38
     2360       0.3365   5.37
     2361       0.3355   5.38
     2362       0.3361   5.38
     2363       0.3363   5.37
     2364       0.3345   5.38
     2365       0.3365   5.38
     2366       0.3358   5.38
     2367       0.3359   5.38
     2368       0.3357   5.38
     2369       0.3363   5.37
     2370       0.3358   5.37
     2371       0.3359   5.37
     2372       0.3352   5.38
     2373       0.3351   5.38
     2374       0.3355   5.38
     2375       0.3366   5.38
     2376       0.3360   5.38
     2377       0.3359   5.38
     2378       0.3355   5.38
     2379       0.3353   5.38
     2380       0.3348   5.38
     2381       0.3351   5.38
     2382       0.3348   5.38
     2383       0.3357   5.38
     2384       0.3362   5.38
     2385       0.3349   5.38
     2386       0.3366   5.38
     2387       0.3365   5.38
     2388       0.3357   5.38
     2389       0.3366   5.38
     2390       0.3366   5.37
     2391       0.3354   5.38
     2392       0.3361   5.38
     2393       0.3352   5.37
     2394       0.3357   5.37
     2395       0.3362   5.37
     2396       0.3357   5.38
     2397       0.3351   5.38
     2398       0.3361   5.38
     2399       0.3365   5.38
     2400       0.3356   5.38
     2401       0.3363   5.38
     2402       0.3356   5.37
     2403       0.3358   5.37
     2404       0.3352   5.38
     2405       0.3361   5.38
     2406       0.3356   5.38
     2407       0.3353   5.38
     2408       0.3362   5.38
     2409       0.3365   5.38
     2410       0.3351   5.38
     2411       0.3359   5.38
     2412       0.3359   5.37
     2413       0.3346   5.37
     2414       0.3358   5.37
     2415       0.3360   5.38
     2416       0.3354   5.38
     2417       0.3353   5.38
     2418       0.3349   5.38
     2419       0.3342   5.38
     2420       0.3368   5.38
     2421       0.3354   5.38
     2422       0.3360   5.38
     2423       0.3355   5.38
     2424       0.3349   5.38
     2425       0.3356   5.38
     2426       0.3352   5.38
     2427       0.3360   5.38
     2428       0.3358   5.38
     2429       0.3360   5.38
     2430       0.3356   5.38
     2431       0.3350   5.38
     2432       0.3356   5.38
     2433       0.3359   5.38
     2434       0.3351   5.38
     2435       0.3360   5.38
     2436       0.3361   5.38
     2437       0.3354   5.38
     2438       0.3362   5.38
     2439       0.3365   5.38
     2440       0.3352   5.38
     2441       0.3352   5.38
     2442       0.3356   5.37
     2443       0.3353   5.38
     2444       0.3358   5.38
     2445       0.3364   5.38
     2446       0.3356   5.38
     2447       0.3359   5.38
     2448       0.3355   5.38
     2449       0.3359   5.38
     2450       0.3347   5.38
     2451       0.3357   5.38
     2452       0.3361   5.37
     2453       0.3355   5.38
     2454       0.3362   5.38
     2455       0.3365   5.38
     2456       0.3348   5.37
     2457       0.3360   5.37
     2458       0.3356   5.37
     2459       0.3353   5.38
     2460       0.3359   5.38
     2461       0.3362   5.38
     2462       0.3348   5.38
     2463       0.3364   5.38
     2464       0.3355   5.38
     2465       0.3353   5.38
     2466       0.3356   5.38
     2467       0.3359   5.38
     2468       0.3350   5.37
     2469       0.3363   5.37
     2470       0.3361   5.38
     2471       0.3354   5.38
     2472       0.3360   5.38
     2473       0.3360   5.38
     2474       0.3354   5.38
     2475       0.3362   5.38
     2476       0.3370   5.38
     2477       0.3357   5.38
     2478       0.3360   5.38
     2479       0.3456   5.38
     2480       0.3360   5.38
     2481       0.3358   5.38
     2482       0.3366   5.37
     2483       0.3352   5.38
     2484       0.3361   5.38
     2485       0.3355   5.38
     2486       0.3354   5.37
     2487       0.3368   5.37
     2488       0.3359   5.38
     2489       0.3346   5.38
     2490       0.3361   5.38
     2491       0.3361   5.38
     2492       0.3370   5.38
     2493       0.3353   5.38
     2494       0.3356   5.38
     2495       0.3361   5.37
     2496       0.3351   5.37
     2497       0.3359   5.37
     2498       0.3365   5.38
     2499       0.3352   5.38
     2500       0.3354   5.38
     2501       0.3354   5.37
     2502       0.3348   5.37
     2503       0.3361   5.37
     2504       0.3367   5.38
     2505       0.3353   5.38
     2506       0.3360   5.38
     2507       0.3355   5.38
     2508       0.3350   5.38
     2509       0.3361   5.38
     2510       0.3359   5.38
     2511       0.3347   5.38
     2512       0.3364   5.38
     2513       0.3360   5.38
     2514       0.3348   5.38
     2515       0.3357   5.38
     2516       0.3352   5.38
     2517       0.3354   5.38
     2518       0.3365   5.38
     2519       0.3363   5.38
     2520       0.3340   5.37
     2521       0.3348   5.37
     2522       0.3359   5.37
     2523       0.3357   5.38
     2524       0.3355   5.38
     2525       0.3350   5.38
     2526       0.3345   5.38
     2527       0.3358   5.38
     2528       0.3358   5.37
     2529       0.3362   5.37
     2530       0.3359   5.37
     2531       0.3357   5.38
     2532       0.3358   5.38
     2533       0.3356   5.38
     2534       0.3359   5.38
     2535       0.3367   5.38
     2536       0.3356   5.38
     2537       0.3350   5.38
     2538       0.3352   5.38
     2539       0.3351   5.38
     2540       0.3354   5.38
     2541       0.3358   5.38
     2542       0.3356   5.38
     2543       0.3362   5.38
     2544       0.3362   5.38
     2545       0.3354   5.38
     2546       0.3367   5.38
     2547       0.3365   5.38
     2548       0.3357   5.37
     2549       0.3364   5.37
     2550       0.3363   5.37
     2551       0.3352   5.37
     2552       0.3360   5.37
     2553       0.3366   5.38
     2554       0.3362   5.38
     2555       0.3364   5.38
     2556       0.3355   5.38
     2557       0.3351   5.37
     2558       0.3360   5.37
     2559       0.3359   5.38
     2560       0.3350   5.38
     2561       0.3358   5.38
     2562       0.3361   5.38
     2563       0.3353   5.38
     2564       0.3362   5.38
     2565       0.3359   5.38
     2566       0.3358   5.37
     2567       0.3357   5.37
     2568       0.3362   5.38
     2569       0.3355   5.38
     2570       0.3369   5.38
     2571       0.3356   5.38
     2572       0.3348   5.37
     2573       0.3365   5.37
     2574       0.3350   5.37
     2575       0.3360   5.38
     2576       0.3353   5.38
     2577       0.3357   5.38
     2578       0.3362   5.38
     2579       0.3359   5.38
     2580       0.3359   5.38
     2581       0.3358   5.38
     2582       0.3366   5.38
     2583       0.3362   5.38
     2584       0.3367   5.38
     2585       0.3348   5.38
     2586       0.3351   5.38
     2587       0.3348   5.38
     2588       0.3352   5.37
     2589       0.3360   5.37
     2590       0.3361   5.38
     2591       0.3344   5.38
     2592       0.3357   5.38
     2593       0.3360   5.38
     2594       0.3349   5.38
     2595       0.3355   5.38
     2596       0.3353   5.38
     2597       0.3359   5.38
     2598       0.3360   5.38
     2599       0.3359   5.38
     2600       0.3353   5.38
     2601       0.3360   5.38
     2602       0.3359   5.38
     2603       0.3355   5.38
     2604       0.3363   5.38
     2605       0.3362   5.38
     2606       0.3352   5.37
     2607       0.3356   5.37
     2608       0.3364   5.37
     2609       0.3350   5.37
     2610       0.3360   5.37
     2611       0.3362   5.38
     2612       0.3350   5.38
     2613       0.3358   5.38
     2614       0.3353   5.38
     2615       0.3351   5.38
     2616       0.3354   5.38
     2617       0.3358   5.38
     2618       0.3352   5.38
     2619       0.3363   5.38
     2620       0.3357   5.38
     2621       0.3362   5.38
     2622       0.3350   5.38
     2623       0.3354   5.38
     2624       0.3356   5.38
     2625       0.3350   5.38
     2626       0.3364   5.38
     2627       0.3355   5.38
     2628       0.3344   5.38
     2629       0.3350   5.38
     2630       0.3357   5.38
     2631       0.3335   5.37
     2632       0.3356   5.37
     2633       0.3360   5.38
     2634       0.3357   5.38
     2635       0.3358   5.38
     2636       0.3359   5.38
     2637       0.3348   5.38
     2638       0.3362   5.38
     2639       0.3364   5.38
     2640       0.3352   5.38
     2641       0.3361   5.38
     2642       0.3355   5.38
     2643       0.3351   5.38
     2644       0.3358   5.38
     2645       0.3364   5.38
     2646       0.3352   5.38
     2647       0.3364   5.38
     2648       0.3362   5.38
     2649       0.3352   5.38
     2650       0.3361   5.38
     2651       0.3358   5.38
     2652       0.3346   5.37
     2653       0.3362   5.37
     2654       0.3366   5.38
     2655       0.3357   5.38
     2656       0.3359   5.38
     2657       0.3358   5.38
     2658       0.3355   5.37
     2659       0.3359   5.37
     2660       0.3368   5.38
     2661       0.3359   5.38
     2662       0.3357   5.38
     2663       0.3369   5.38
     2664       0.3364   5.38
     2665       0.3363   5.38
     2666       0.3358   5.38
     2667       0.3361   5.37
     2668       0.3352   5.37
     2669       0.3360   5.37
     2670       0.3363   5.38
     2671       0.3356   5.38
     2672       0.3360   5.38
     2673       0.3361   5.38
     2674       0.3356   5.38
     2675       0.3360   5.38
     2676       0.3353   5.38
     2677       0.3347   5.37
     2678       0.3351   5.37
     2679       0.3349   5.38
     2680       0.3356   5.38
     2681       0.3361   5.38
     2682       0.3357   5.38
     2683       0.3351   5.38
     2684       0.3361   5.38
     2685       0.3362   5.38
     2686       0.3358   5.38
     2687       0.3362   5.38
     2688       0.3363   5.38
     2689       0.3358   5.38
     2690       0.3362   5.38
     2691       0.3355   5.38
     2692       0.3357   5.38
     2693       0.3359   5.38
     2694       0.3360   5.38
     2695       0.3351   5.38
     2696       0.3361   5.38
     2697       0.3355   5.38
     2698       0.3353   5.37
     2699       0.3364   5.37
     2700       0.3356   5.38
     2701       0.3356   5.38
     2702       0.3356   5.38
     2703       0.3356   5.38
     2704       0.3353   5.38
     2705       0.3361   5.38
     2706       0.3361   5.37
     2707       0.3358   5.38
     2708       0.3361   5.38
     2709       0.3366   5.38
     2710       0.3361   5.38
     2711       0.3358   5.38
     2712       0.3358   5.38
     2713       0.3350   5.38
     2714       0.3350   5.38
     2715       0.3357   5.38
     2716       0.3354   5.38
     2717       0.3354   5.38
     2718       0.3361   5.38
     2719       0.3364   5.38
     2720       0.3351   5.38
     2721       0.3364   5.38
     2722       0.3359   5.38
     2723       0.3353   5.38
     2724       0.3356   5.38
     2725       0.3357   5.37
     2726       0.3349   5.38
     2727       0.3361   5.38
     2728       0.3360   5.38
     2729       0.3355   5.38
     2730       0.3362   5.38
     2731       0.3352   5.38
     2732       0.3351   5.38
     2733       0.3365   5.38
     2734       0.3358   5.38
     2735       0.3350   5.38
     2736       0.3355   5.38
     2737       0.3359   5.38
     2738       0.3362   5.38
     2739       0.3358   5.38
     2740       0.3362   5.37
     2741       0.3345   5.38
     2742       0.3356   5.38
     2743       0.3357   5.38
     2744       0.3348   5.38
     2745       0.3351   5.38
     2746       0.3354   5.38
     2747       0.3352   5.38
     2748       0.3356   5.38
     2749       0.3358   5.38
     2750       0.3344   5.38
     2751       0.3359   5.38
     2752       0.3360   5.37
     2753       0.3368   5.37
     2754       0.3356   5.37
     2755       0.3362   5.38
     2756       0.3360   5.38
     2757       0.3358   5.38
     2758       0.3353   5.38
     2759       0.3349   5.38
     2760       0.3353   5.38
     2761       0.3362   5.38
     2762       0.3363   5.38
     2763       0.3353   5.38
     2764       0.3356   5.38
     2765       0.3361   5.37
     2766       0.3357   5.38
     2767       0.3362   5.38
     2768       0.3353   5.38
     2769       0.3354   5.38
     2770       0.3355   5.38
     2771       0.3354   5.37
     2772       0.3344   5.37
     2773       0.3365   5.37
     2774       0.3451   5.38
     2775       0.3354   5.38
     2776       0.3370   5.38
     2777       0.3362   5.38
     2778       0.3358   5.38
     2779       0.3361   5.38
     2780       0.3363   5.37
     2781       0.3351   5.38
     2782       0.3357   5.38
     2783       0.3358   5.38
     2784       0.3348   5.38
     2785       0.3361   5.38
     2786       0.3355   5.38
     2787       0.3349   5.38
     2788       0.3360   5.38
     2789       0.3363   5.38
     2790       0.3353   5.38
     2791       0.3365   5.38
     2792       0.3365   5.38
     2793       0.3346   5.38
     2794       0.3359   5.38
     2795       0.3357   5.38
     2796       0.3367   5.37
     2797       0.3355   5.37
     2798       0.3355   5.37
     2799       0.3359   5.38
     2800       0.3361   5.38
     2801       0.3355   5.38
     2802       0.3357   5.38
     2803       0.3348   5.38
     2804       0.3358   5.38
     2805       0.3357   5.38
     2806       0.3352   5.38
     2807       0.3353   5.38
     2808       0.3349   5.37
     2809       0.3355   5.38
     2810       0.3354   5.38
     2811       0.3356   5.37
     2812       0.3349   5.38
     2813       0.3358   5.38
     2814       0.3361   5.38
     2815       0.3351   5.38
     2816       0.3358   5.38
     2817       0.3354   5.38
     2818       0.3351   5.38
     2819       0.3362   5.38
     2820       0.3365   5.38
     2821       0.3350   5.38
     2822       0.3359   5.38
     2823       0.3361   5.37
     2824       0.3354   5.38
     2825       0.3358   5.38
     2826       0.3357   5.38
     2827       0.3352   5.38
     2828       0.3367   5.38
     2829       0.3363   5.38
     2830       0.3359   5.38
     2831       0.3358   5.38
     2832       0.3354   5.38
     2833       0.3355   5.37
     2834       0.3365   5.37
     2835       0.3363   5.38
     2836       0.3360   5.38
     2837       0.3356   5.38
     2838       0.3360   5.38
     2839       0.3337   5.38
     2840       0.3356   5.38
     2841       0.3358   5.38
     2842       0.3365   5.38
     2843       0.3349   5.38
     2844       0.3349   5.38
     2845       0.3350   5.37
     2846       0.3359   5.38
     2847       0.3354   5.38
     2848       0.3365   5.38
     2849       0.3356   5.38
     2850       0.3357   5.38
     2851       0.3361   5.38
     2852       0.3362   5.38
     2853       0.3356   5.38
     2854       0.3366   5.38
     2855       0.3345   5.37
     2856       0.3352   5.37
     2857       0.3360   5.37
     2858       0.3348   5.38
     2859       0.3362   5.38
     2860       0.3365   5.38
     2861       0.3360   5.38
     2862       0.3355   5.38
     2863       0.3360   5.38
     2864       0.3351   5.38
     2865       0.3361   5.38
     2866       0.3357   5.38
     2867       0.3357   5.38
     2868       0.3363   5.38
     2869       0.3354   5.38
     2870       0.3350   5.37
     2871       0.3369   5.37
     2872       0.3366   5.37
     2873       0.3348   5.38
     2874       0.3362   5.38
     2875       0.3362   5.37
     2876       0.3356   5.38
     2877       0.3357   5.38
     2878       0.3363   5.38
     2879       0.3350   5.38
     2880       0.3356   5.38
     2881       0.3356   5.38
     2882       0.3350   5.37
     2883       0.3356   5.37
     2884       0.3360   5.37
     2885       0.3360   5.38
     2886       0.3345   5.38
     2887       0.3356   5.38
     2888       0.3358   5.38
     2889       0.3339   5.38
     2890       0.3358   5.38
     2891       0.3358   5.37
     2892       0.3352   5.38
     2893       0.3356   5.38
     2894       0.3354   5.38
     2895       0.3355   5.38
     2896       0.3364   5.38
     2897       0.3358   5.38
     2898       0.3351   5.38
     2899       0.3363   5.38
     2900       0.3362   5.38
     2901       0.3349   5.38
     2902       0.3361   5.38
     2903       0.3359   5.38
     2904       0.3347   5.38
     2905       0.3356   5.38
     2906       0.3363   5.38
     2907       0.3349   5.37
     2908       0.3355   5.37
     2909       0.3355   5.37
     2910       0.3351   5.38
     2911       0.3364   5.38
     2912       0.3359   5.38
     2913       0.3345   5.38
     2914       0.3357   5.38
     2915       0.3362   5.38
     2916       0.3348   5.38
     2917       0.3357   5.38
     2918       0.3350   5.38
     2919       0.3348   5.38
     2920       0.3356   5.38
     2921       0.3359   5.38
     2922       0.3352   5.37
     2923       0.3358   5.37
     2924       0.3362   5.38
     2925       0.3347   5.38
     2926       0.3362   5.38
     2927       0.3352   5.37
     2928       0.3355   5.38
     2929       0.3356   5.38
     2930       0.3363   5.38
     2931       0.3353   5.37
     2932       0.3348   5.37
     2933       0.3356   5.37
     2934       0.3361   5.37
     2935       0.3353   5.38
     2936       0.3355   5.38
     2937       0.3353   5.38
     2938       0.3363   5.38
     2939       0.3358   5.38
     2940       0.3360   5.38
     2941       0.3359   5.38
     2942       0.3356   5.38
     2943       0.3358   5.38
     2944       0.3357   5.37
     2945       0.3356   5.37
     2946       0.3362   5.37
     2947       0.3353   5.38
     2948       0.3362   5.38
     2949       0.3360   5.38
     2950       0.3351   5.38
     2951       0.3354   5.38
     2952       0.3362   5.38
     2953       0.3347   5.38
     2954       0.3357   5.38
     2955       0.3360   5.38
     2956       0.3356   5.38
     2957       0.3356   5.38
     2958       0.3357   5.38
     2959       0.3350   5.38
     2960       0.3371   5.38
     2961       0.3368   5.37
     2962       0.3356   5.38
     2963       0.3360   5.38
     2964       0.3364   5.38
     2965       0.3361   5.37
     2966       0.3369   5.37
     2967       0.3362   5.37
     2968       0.3358   5.37
     2969       0.3355   5.37
     2970       0.3358   5.38
     2971       0.3350   5.38
     2972       0.3358   5.38
     2973       0.3362   5.38
     2974       0.3362   5.37
     2975       0.3354   5.37
     2976       0.3361   5.38
     2977       0.3362   5.38
     2978       0.3358   5.37
     2979       0.3366   5.37
     2980       0.3364   5.38
     2981       0.3343   5.38
     2982       0.3358   5.38
     2983       0.3361   5.38
     2984       0.3360   5.38
     2985       0.3358   5.38
     2986       0.3364   5.38
     2987       0.3349   5.38
     2988       0.3352   5.38
     2989       0.3350   5.37
     2990       0.3355   5.38
     2991       0.3361   5.38
     2992       0.3359   5.38
     2993       0.3346   5.37
     2994       0.3359   5.37
     2995       0.3351   5.38
     2996       0.3350   5.38
     2997       0.3357   5.38
     2998       0.3352   5.38
     2999       0.3350   5.38
     3000       0.3360   5.38
     3001       0.3362   5.38
     3002       0.3346   5.38
     3003       0.3359   5.38
     3004       0.3362   5.37
     3005       0.3356   5.38
     3006       0.3364   5.38
     3007       0.3363   5.38
     3008       0.3354   5.38
     3009       0.3364   5.38
     3010       0.3361   5.37
     3011       0.3355   5.38
     3012       0.3357   5.38
     3013       0.3363   5.38
     3014       0.3355   5.37
     3015       0.3363   5.37
     3016       0.3368   5.37
     3017       0.3359   5.38
     3018       0.3365   5.38
     3019       0.3363   5.38
     3020       0.3356   5.38
     3021       0.3351   5.37
     3022       0.3366   5.37
     3023       0.3365   5.37
     3024       0.3351   5.37
     3025       0.3362   5.37
     3026       0.3367   5.38
     3027       0.3357   5.38
     3028       0.3358   5.38
     3029       0.3364   5.38
     3030       0.3357   5.38
     3031       0.3358   5.38
     3032       0.3352   5.38
     3033       0.3349   5.37
     3034       0.3354   5.37
     3035       0.3362   5.38
     3036       0.3367   5.38
     3037       0.3363   5.38
     3038       0.3366   5.38
     3039       0.3351   5.37
     3040       0.3358   5.37
     3041       0.3362   5.38
     3042       0.3353   5.38
     3043       0.3358   5.38
     3044       0.3355   5.37
     3045       0.3357   5.38
     3046       0.3361   5.38
     3047       0.3366   5.38
     3048       0.3362   5.37
     3049       0.3359   5.37
     3050       0.3357   5.38
     3051       0.3359   5.38
     3052       0.3360   5.38
     3053       0.3358   5.38
     3054       0.3359   5.37
     3055       0.3357   5.37
     3056       0.3354   5.37
     3057       0.3356   5.38
     3058       0.3357   5.38
     3059       0.3360   5.38
     3060       0.3357   5.38
     3061       0.3365   5.38
     3062       0.3362   5.38
     3063       0.3363   5.38
     3064       0.3354   5.37
     3065       0.3360   5.37
     3066       0.3353   5.38
     3067       0.3342   5.38
     3068       0.3354   5.38
     3069       0.3358   5.38
     3070       0.3354   5.38
     3071       0.3365   5.38
     3072       0.3370   5.38
     3073       0.3362   5.38
     3074       0.3360   5.38
     3075       0.3355   5.38
     3076       0.3349   5.37
     3077       0.3355   5.37
     3078       0.3361   5.37
     3079       0.3353   5.38
     3080       0.3355   5.38
     3081       0.3357   5.38
     3082       0.3355   5.38
     3083       0.3361   5.38
     3084       0.3354   5.38
     3085       0.3352   5.38
     3086       0.3360   5.38
     3087       0.3358   5.38
     3088       0.3354   5.38
     3089       0.3357   5.38
     3090       0.3358   5.38
     3091       0.3353   5.38
     3092       0.3361   5.38
     3093       0.3357   5.38
     3094       0.3351   5.38
     3095       0.3358   5.38
     3096       0.3458   5.38
     3097       0.3356   5.37
     3098       0.3357   5.37
     3099       0.3363   5.38
     3100       0.3348   5.37
     3101       0.3357   5.37
     3102       0.3361   5.37
     3103       0.3366   5.38
     3104       0.3345   5.38
     3105       0.3362   5.38
     3106       0.3354   5.38
     3107       0.3350   5.38
     3108       0.3356   5.38
     3109       0.3359   5.38
     3110       0.3351   5.37
     3111       0.3367   5.37
     3112       0.3364   5.38
     3113       0.3358   5.38
     3114       0.3364   5.38
     3115       0.3358   5.37
     3116       0.3348   5.38
     3117       0.3356   5.38
     3118       0.3361   5.38
     3119       0.3353   5.38
     3120       0.3353   5.38
     3121       0.3343   5.37
     3122       0.3356   5.38
     3123       0.3358   5.38
     3124       0.3361   5.38
     3125       0.3360   5.38
     3126       0.3356   5.38
     3127       0.3358   5.38
     3128       0.3357   5.37
     3129       0.3366   5.37
     3130       0.3370   5.38
     3131       0.3357   5.38
     3132       0.3361   5.38
     3133       0.3367   5.37
     3134       0.3363   5.37
     3135       0.3362   5.37
     3136       0.3351   5.38
     3137       0.3352   5.38
     3138       0.3356   5.38
     3139       0.3363   5.38
     3140       0.3353   5.38
     3141       0.3359   5.38
     3142       0.3359   5.38
     3143       0.3349   5.38
     3144       0.3355   5.38
     3145       0.3362   5.38
     3146       0.3366   5.37
     3147       0.3346   5.37
     3148       0.3357   5.37
     3149       0.3356   5.37
     3150       0.3353   5.38
     3151       0.3355   5.38
     3152       0.3351   5.38
     3153       0.3355   5.38
     3154       0.3365   5.38
     3155       0.3363   5.38
     3156       0.3357   5.38
     3157       0.3361   5.38
     3158       0.3365   5.38
     3159       0.3350   5.37
     3160       0.3359   5.37
     3161       0.3361   5.37
     3162       0.3350   5.38
     3163       0.3363   5.38
     3164       0.3360   5.38
     3165       0.3357   5.38
     3166       0.3357   5.38
     3167       0.3352   5.38
     3168       0.3347   5.38
     3169       0.3349   5.38
     3170       0.3363   5.38
     3171       0.3353   5.37
     3172       0.3362   5.37
     3173       0.3359   5.38
     3174       0.3350   5.37
     3175       0.3353   5.37
     3176       0.3359   5.38
     3177       0.3351   5.38
     3178       0.3359   5.38
     3179       0.3357   5.37
     3180       0.3355   5.38
     3181       0.3357   5.38
     3182       0.3360   5.38
     3183       0.3352   5.38
     3184       0.3365   5.38
     3185       0.3357   5.38
     3186       0.3352   5.38
     3187       0.3358   5.38
     3188       0.3361   5.37
     3189       0.3356   5.38
     3190       0.3362   5.38
     3191       0.3359   5.38
     3192       0.3362   5.38
     3193       0.3360   5.38
     3194       0.3365   5.38
     3195       0.3364   5.37
     3196       0.3348   5.38
     3197       0.3360   5.38
     3198       0.3362   5.38
     3199       0.3357   5.37
     3200       0.3366   5.37
     3201       0.3365   5.38
     3202       0.3361   5.37
     3203       0.3363   5.37
     3204       0.3367   5.37
     3205       0.3357   5.38
     3206       0.3358   5.38
     3207       0.3366   5.38
     3208       0.3362   5.37
     3209       0.3365   5.37
     3210       0.3356   5.38
     3211       0.3351   5.37
     3212       0.3360   5.37
     3213       0.3352   5.38
     3214       0.3352   5.38
     3215       0.3361   5.38
     3216       0.3366   5.37
     3217       0.3354   5.37
     3218       0.3355   5.37
     3219       0.3366   5.38
     3220       0.3347   5.37
     3221       0.3359   5.37
     3222       0.3365   5.37
     3223       0.3355   5.38
     3224       0.3351   5.38
     3225       0.3355   5.38
     3226       0.3348   5.37
     3227       0.3358   5.37
     3228       0.3362   5.38
     3229       0.3359   5.38
     3230       0.3364   5.38
     3231       0.3353   5.38
     3232       0.3360   5.37
     3233       0.3355   5.37
     3234       0.3359   5.38
     3235       0.3367   5.38
     3236       0.3343   5.37
     3237       0.3357   5.37
     3238       0.3355   5.38
     3239       0.3351   5.38
     3240       0.3350   5.38
     3241       0.3359   5.38
     3242       0.3355   5.38
     3243       0.3356   5.38
     3244       0.3348   5.38
     3245       0.3335   5.38
     3246       0.3355   5.38
     3247       0.3353   5.38
     3248       0.3345   5.38
     3249       0.3356   5.38
     3250       0.3356   5.38
     3251       0.3351   5.38
     3252       0.3360   5.38
     3253       0.3352   5.38
     3254       0.3355   5.38
     3255       0.3360   5.38
     3256       0.3359   5.38
     3257       0.3355   5.38
     3258       0.3360   5.38
     3259       0.3372   5.38
     3260       0.3367   5.38
     3261       0.3360   5.38
     3262       0.3358   5.37
     3263       0.3350   5.38
     3264       0.3360   5.38
     3265       0.3363   5.38
     3266       0.3360   5.38
     3267       0.3358   5.38
     3268       0.3358   5.38
     3269       0.3356   5.37
     3270       0.3358   5.37
     3271       0.3356   5.38
     3272       0.3352   5.38
     3273       0.3354   5.38
     3274       0.3357   5.38
     3275       0.3360   5.38
     3276       0.3404   5.38
     3277       0.3361   5.38
     3278       0.3362   5.37
     3279       0.3352   5.38
     3280       0.3358   5.38
     3281       0.3362   5.38
     3282       0.3361   5.37
     3283       0.3361   5.37
     3284       0.3352   5.37
     3285       0.3365   5.38
     3286       0.3365   5.38
     3287       0.3355   5.38
     3288       0.3354   5.38
     3289       0.3357   5.38
     3290       0.3356   5.38
     3291       0.3352   5.38
     3292       0.3361   5.38
     3293       0.3368   5.38
     3294       0.3351   5.37
     3295       0.3361   5.37
     3296       0.3360   5.38
     3297       0.3348   5.38
     3298       0.3358   5.38
     3299       0.3359   5.38
     3300       0.3358   5.37
     3301       0.3354   5.37
     3302       0.3361   5.38
     3303       0.3352   5.38
     3304       0.3352   5.38
     3305       0.3360   5.38
     3306       0.3356   5.38
     3307       0.3360   5.38
     3308       0.3355   5.38
     3309       0.3351   5.38
     3310       0.3359   5.38
     3311       0.3355   5.37
     3312       0.3343   5.38
     3313       0.3360   5.38
     3314       0.3362   5.38
     3315       0.3351   5.37
     3316       0.3350   5.37
     3317       0.3359   5.38
     3318       0.3361   5.38
     3319       0.3359   5.38
     3320       0.3365   5.38
     3321       0.3353   5.38
     3322       0.3359   5.38
     3323       0.3360   5.37
     3324       0.3362   5.37
     3325       0.3344   5.37
     3326       0.3358   5.37
     3327       0.3361   5.38
     3328       0.3359   5.38
     3329       0.3356   5.38
     3330       0.3346   5.38
     3331       0.3365   5.38
     3332       0.3363   5.38
     3333       0.3356   5.38
     3334       0.3355   5.38
     3335       0.3357   5.38
     3336       0.3352   5.38
     3337       0.3353   5.38
     3338       0.3358   5.38
     3339       0.3356   5.38
     3340       0.3359   5.38
     3341       0.3361   5.38
     3342       0.3366   5.38
     3343       0.3336   5.38
     3344       0.3353   5.38
     3345       0.3349   5.38
     3346       0.3357   5.37
     3347       0.3355   5.37
     3348       0.3359   5.38
     3349       0.3357   5.38
     3350       0.3372   5.38
     3351       0.3361   5.38
     3352       0.3356   5.38
     3353       0.3364   5.38
     3354       0.3359   5.38
     3355       0.3357   5.38
     3356       0.3361   5.38
     3357       0.3359   5.38
     3358       0.3348   5.38
     3359       0.3363   5.38
     3360       0.3358   5.38
     3361       0.3357   5.38
     3362       0.3357   5.38
     3363       0.3363   5.38
     3364       0.3357   5.38
     3365       0.3363   5.38
     3366       0.3362   5.38
     3367       0.3357   5.38
     3368       0.3357   5.38
     3369       0.3369   5.38
     3370       0.3364   5.38
     3371       0.3360   5.37
     3372       0.3361   5.37
     3373       0.3360   5.37
     3374       0.3352   5.37
     3375       0.3364   5.37
     3376       0.3369   5.38
     3377       0.3349   5.38
     3378       0.3354   5.38
     3379       0.3363   5.38
     3380       0.3352   5.38
     3381       0.3360   5.38
     3382       0.3364   5.37
     3383       0.3363   5.38
     3384       0.3366   5.38
     3385       0.3371   5.38
     3386       0.3351   5.38
     3387       0.3362   5.38
     3388       0.3358   5.38
     3389       0.3350   5.37
     3390       0.3363   5.37
     3391       0.3362   5.38
     3392       0.3354   5.38
     3393       0.3359   5.38
     3394       0.3451   5.38
     3395       0.3351   5.38
     3396       0.3363   5.38
     3397       0.3359   5.38
     3398       0.3352   5.38
     3399       0.3362   5.38
     3400       0.3360   5.38
     3401       0.3352   5.38
     3402       0.3364   5.38
     3403       0.3363   5.38
     3404       0.3360   5.38
     3405       0.3368   5.38
     3406       0.3358   5.38
     3407       0.3361   5.37
     3408       0.3347   5.37
     3409       0.3360   5.37
     3410       0.3354   5.38
     3411       0.3354   5.38
     3412       0.3350   5.38
     3413       0.3363   5.38
     3414       0.3351   5.38
     3415       0.3359   5.38
     3416       0.3360   5.38
     3417       0.3352   5.38
     3418       0.3358   5.38
     3419       0.3360   5.38
     3420       0.3344   5.38
     3421       0.3357   5.38
     3422       0.3360   5.38
     3423       0.3351   5.38
     3424       0.3355   5.38
     3425       0.3359   5.38
     3426       0.3344   5.38
     3427       0.3351   5.38
     3428       0.3359   5.38
     3429       0.3354   5.38
     3430       0.3363   5.38
     3431       0.3360   5.38
     3432       0.3344   5.38
     3433       0.3363   5.38
     3434       0.3362   5.38
     3435       0.3366   5.38
     3436       0.3366   5.38
     3437       0.3360   5.38
     3438       0.3344   5.37
     3439       0.3361   5.37
     3440       0.3351   5.37
     3441       0.3359   5.38
     3442       0.3365   5.38
     3443       0.3361   5.38
     3444       0.3346   5.38
     3445       0.3351   5.38
     3446       0.3366   5.38
     3447       0.3356   5.38
     3448       0.3362   5.38
     3449       0.3363   5.38
     3450       0.3371   5.38
     3451       0.3352   5.37
     3452       0.3357   5.37
     3453       0.3360   5.37
     3454       0.3355   5.38
     3455       0.3362   5.38
     3456       0.3358   5.38
     3457       0.3351   5.38
     3458       0.3362   5.38
     3459       0.3353   5.38
     3460       0.3356   5.38
     3461       0.3367   5.38
     3462       0.3366   5.38
     3463       0.3362   5.38
     3464       0.3361   5.38
     3465       0.3361   5.37
     3466       0.3349   5.38
     3467       0.3359   5.38
     3468       0.3362   5.38
     3469       0.3355   5.38
     3470       0.3365   5.38
     3471       0.3362   5.38
     3472       0.3352   5.38
     3473       0.3361   5.38
     3474       0.3359   5.38
     3475       0.3356   5.37
     3476       0.3356   5.37
     3477       0.3360   5.38
     3478       0.3354   5.38
     3479       0.3362   5.38
     3480       0.3365   5.38
     3481       0.3362   5.38
     3482       0.3366   5.38
     3483       0.3353   5.38
     3484       0.3352   5.38
     3485       0.3361   5.38
     3486       0.3362   5.38
     3487       0.3362   5.38
     3488       0.3357   5.38
     3489       0.3361   5.38
     3490       0.3358   5.38
     3491       0.3365   5.38
     3492       0.3360   5.38
     3493       0.3360   5.38
     3494       0.3353   5.38
     3495       0.3360   5.38
     3496       0.3360   5.37
     3497       0.3363   5.38
     3498       0.3358   5.38
     3499       0.3357   5.38
     3500       0.3354   5.38
     3501       0.3359   5.38
     3502       0.3364   5.38
     3503       0.3356   5.38
     3504       0.3369   5.38
     3505       0.3359   5.38
     3506       0.3349   5.38
     3507       0.3365   5.38
     3508       0.3368   5.38
     3509       0.3351   5.37
     3510       0.3357   5.37
     3511       0.3360   5.38
     3512       0.3355   5.37
     3513       0.3357   5.37
     3514       0.3358   5.38
     3515       0.3346   5.38
     3516       0.3355   5.38
     3517       0.3367   5.38
     3518       0.3356   5.38
     3519       0.3356   5.38
     3520       0.3362   5.38
     3521       0.3362   5.38
     3522       0.3359   5.38
     3523       0.3363   5.38
     3524       0.3343   5.38
     3525       0.3361   5.38
     3526       0.3359   5.37
     3527       0.3354   5.38
     3528       0.3360   5.38
     3529       0.3353   5.38
     3530       0.3357   5.37
     3531       0.3358   5.37
     3532       0.3363   5.38
     3533       0.3351   5.38
     3534       0.3365   5.38
     3535       0.3369   5.38
     3536       0.3364   5.38
     3537       0.3351   5.38
     3538       0.3354   5.38
     3539       0.3359   5.37
     3540       0.3358   5.38
     3541       0.3362   5.38
     3542       0.3361   5.38
     3543       0.3357   5.38
     3544       0.3361   5.38
     3545       0.3359   5.38
     3546       0.3357   5.37
     3547       0.3360   5.37
     3548       0.3361   5.37
     3549       0.3355   5.38
     3550       0.3356   5.38
     3551       0.3364   5.38
     3552       0.3356   5.38
     3553       0.3364   5.38
     3554       0.3361   5.38
     3555       0.3348   5.38
     3556       0.3359   5.38
     3557       0.3364   5.38
     3558       0.3356   5.38
     3559       0.3354   5.38
     3560       0.3362   5.38
     3561       0.3352   5.38
     3562       0.3367   5.38
     3563       0.3367   5.38
     3564       0.3353   5.38
     3565       0.3362   5.38
     3566       0.3359   5.38
     3567       0.3350   5.37
     3568       0.3360   5.37
     3569       0.3359   5.38
     3570       0.3346   5.38
     3571       0.3361   5.38
     3572       0.3357   5.38
     3573       0.3354   5.38
     3574       0.3361   5.38
     3575       0.3360   5.38
     3576       0.3352   5.38
     3577       0.3358   5.38
     3578       0.3354   5.38
     3579       0.3361   5.38
     3580       0.3356   5.38
     3581       0.3352   5.38
     3582       0.3352   5.38
     3583       0.3356   5.38
     3584       0.3361   5.38
     3585       0.3364   5.38
     3586       0.3350   5.38
     3587       0.3355   5.38
     3588       0.3369   5.38
     3589       0.3358   5.38
     3590       0.3363   5.38
     3591       0.3356   5.38
     3592       0.3355   5.38
     3593       0.3357   5.38
     3594       0.3364   5.38
     3595       0.3354   5.38
     3596       0.3362   5.38
     3597       0.3359   5.38
     3598       0.3353   5.38
     3599       0.3361   5.38
     3600       0.3368   5.38
     3601       0.3348   5.37
     3602       0.3356   5.37
     3603       0.3358   5.38
     3604       0.3348   5.38
     3605       0.3360   5.38
     3606       0.3365   5.37
     3607       0.3353   5.38
     3608       0.3357   5.38
     3609       0.3348   5.38
     3610       0.3342   5.38
     3611       0.3357   5.38
     3612       0.3361   5.38
     3613       0.3353   5.38
     3614       0.3358   5.38
     3615       0.3364   5.38
     3616       0.3352   5.37
     3617       0.3351   5.37
     3618       0.3356   5.37
     3619       0.3358   5.38
     3620       0.3361   5.38
     3621       0.3349   5.38
     3622       0.3368   5.38
     3623       0.3353   5.38
     3624       0.3361   5.38
     3625       0.3362   5.38
     3626       0.3354   5.38
     3627       0.3355   5.38
     3628       0.3363   5.38
     3629       0.3359   5.37
     3630       0.3360   5.37
     3631       0.3364   5.38
     3632       0.3351   5.38
     3633       0.3358   5.38
     3634       0.3371   5.38
     3635       0.3352   5.38
     3636       0.3348   5.38
     3637       0.3359   5.37
     3638       0.3351   5.37
     3639       0.3360   5.37
     3640       0.3365   5.38
     3641       0.3357   5.37
     3642       0.3362   5.37
     3643       0.3364   5.37
     3644       0.3353   5.38
     3645       0.3356   5.38
     3646       0.3359   5.38
     3647       0.3350   5.37
     3648       0.3349   5.37
     3649       0.3360   5.38
     3650       0.3361   5.37
     3651       0.3362   5.37
     3652       0.3368   5.38
     3653       0.3365   5.37
     3654       0.3362   5.37
     3655       0.3361   5.37
     3656       0.3348   5.37
     3657       0.3355   5.37
     3658       0.3357   5.37
     3659       0.3352   5.38
     3660       0.3360   5.38
     3661       0.3359   5.38
     3662       0.3349   5.38
     3663       0.3356   5.38
     3664       0.3358   5.37
     3665       0.3354   5.38
     3666       0.3359   5.38
     3667       0.3363   5.38
     3668       0.3355   5.38
     3669       0.3357   5.38
     3670       0.3360   5.38
     3671       0.3361   5.38
     3672       0.3350   5.38
     3673       0.3362   5.38
     3674       0.3361   5.38
     3675       0.3354   5.38
     3676       0.3352   5.38
     3677       0.3354   5.38
     3678       0.3350   5.38
     3679       0.3361   5.38
     3680       0.3356   5.38
     3681       0.3347   5.38
     3682       0.3354   5.38
     3683       0.3360   5.38
     3684       0.3359   5.37
     3685       0.3359   5.37
     3686       0.3362   5.37
     3687       0.3357   5.38
     3688       0.3354   5.38
     3689       0.3348   5.37
     3690       0.3350   5.37
     3691       0.3360   5.37
     3692       0.3362   5.38
     3693       0.3354   5.38
     3694       0.3363   5.38
     3695       0.3358   5.38
     3696       0.3349   5.37
     3697       0.3357   5.37
     3698       0.3361   5.37
     3699       0.3352   5.38
     3700       0.3359   5.38
     3701       0.3356   5.38
     3702       0.3354   5.38
     3703       0.3356   5.38
     3704       0.3359   5.38
     3705       0.3350   5.38
     3706       0.3361   5.38
     3707       0.3359   5.38
     3708       0.3355   5.38
     3709       0.3358   5.38
     3710       0.3351   5.38
     3711       0.3354   5.38
     3712       0.3356   5.37
     3713       0.3456   5.37
     3714       0.3361   5.38
     3715       0.3354   5.38
     3716       0.3361   5.38
     3717       0.3364   5.38
     3718       0.3360   5.37
     3719       0.3365   5.37
     3720       0.3362   5.37
     3721       0.3352   5.38
     3722       0.3362   5.38
     3723       0.3361   5.38
     3724       0.3347   5.37
     3725       0.3360   5.37
     3726       0.3353   5.38
     3727       0.3355   5.37
     3728       0.3358   5.37
     3729       0.3355   5.38
     3730       0.3358   5.38
     3731       0.3360   5.38
     3732       0.3359   5.37
     3733       0.3356   5.38
     3734       0.3360   5.38
     3735       0.3360   5.38
     3736       0.3352   5.38
     3737       0.3356   5.38
     3738       0.3353   5.38
     3739       0.3357   5.38
     3740       0.3367   5.38
     3741       0.3363   5.38
     3742       0.3361   5.38
     3743       0.3363   5.38
     3744       0.3363   5.38
     3745       0.3346   5.38
     3746       0.3363   5.38
     3747       0.3363   5.37
     3748       0.3355   5.38
     3749       0.3344   5.38
     3750       0.3357   5.37
     3751       0.3370   5.37
     3752       0.3349   5.38
     3753       0.3359   5.38
     3754       0.3365   5.38
     3755       0.3356   5.38
     3756       0.3353   5.38
     3757       0.3366   5.37
     3758       0.3357   5.38
     3759       0.3358   5.38
     3760       0.3359   5.38
     3761       0.3355   5.38
     3762       0.3355   5.38
     3763       0.3361   5.37
     3764       0.3352   5.38
     3765       0.3357   5.38
     3766       0.3361   5.37
     3767       0.3345   5.37
     3768       0.3358   5.37
     3769       0.3358   5.38
     3770       0.3357   5.38
     3771       0.3348   5.38
     3772       0.3356   5.38
     3773       0.3352   5.38
     3774       0.3363   5.38
     3775       0.3365   5.38
     3776       0.3346   5.38
     3777       0.3355   5.38
     3778       0.3357   5.37
     3779       0.3342   5.37
     3780       0.3354   5.37
     3781       0.3358   5.38
     3782       0.3358   5.38
     3783       0.3356   5.38
     3784       0.3358   5.38
     3785       0.3348   5.38
     3786       0.3367   5.38
     3787       0.3363   5.38
     3788       0.3356   5.38
     3789       0.3361   5.38
     3790       0.3362   5.37
     3791       0.3355   5.37
     3792       0.3358   5.37
     3793       0.3367   5.38
     3794       0.3359   5.38
     3795       0.3351   5.38
     3796       0.3363   5.37
     3797       0.3367   5.37
     3798       0.3345   5.38
     3799       0.3364   5.38
     3800       0.3363   5.38
     3801       0.3358   5.38
     3802       0.3349   5.38
     3803       0.3354   5.37
     3804       0.3356   5.38
     3805       0.3362   5.38
     3806       0.3345   5.38
     3807       0.3357   5.38
     3808       0.3363   5.38
     3809       0.3361   5.38
     3810       0.3343   5.37
     3811       0.3356   5.37
     3812       0.3357   5.38
     3813       0.3351   5.38
     3814       0.3357   5.38
     3815       0.3361   5.38
     3816       0.3346   5.37
     3817       0.3356   5.37
     3818       0.3361   5.37
     3819       0.3361   5.38
     3820       0.3365   5.38
     3821       0.3359   5.38
     3822       0.3359   5.38
     3823       0.3356   5.38
     3824       0.3362   5.38
     3825       0.3353   5.38
     3826       0.3360   5.38
     3827       0.3368   5.38
     3828       0.3365   5.38
     3829       0.3363   5.38
     3830       0.3362   5.38
     3831       0.3362   5.38
     3832       0.3354   5.38
     3833       0.3361   5.37
     3834       0.3358   5.38
     3835       0.3361   5.38
     3836       0.3359   5.37
     3837       0.3342   5.37
     3838       0.3365   5.37
     3839       0.3361   5.38
     3840       0.3364   5.38
     3841       0.3355   5.38
     3842       0.3357   5.38
     3843       0.3359   5.37
     3844       0.3360   5.37
     3845       0.3354   5.37
     3846       0.3359   5.37
     3847       0.3354   5.38
     3848       0.3364   5.38
     3849       0.3359   5.37
     3850       0.3354   5.38
     3851       0.3358   5.38
     3852       0.3362   5.38
     3853       0.3357   5.38
     3854       0.3366   5.38
     3855       0.3375   5.38
     3856       0.3367   5.38
     3857       0.3358   5.38
     3858       0.3364   5.37
     3859       0.3354   5.37
     3860       0.3364   5.37
     3861       0.3360   5.37
     3862       0.3349   5.37
     3863       0.3363   5.37
     3864       0.3361   5.37
     3865       0.3359   5.38
     3866       0.3366   5.38
     3867       0.3368   5.37
     3868       0.3355   5.37
     3869       0.3358   5.37
     3870       0.3364   5.37
     3871       0.3353   5.38
     3872       0.3363   5.38
     3873       0.3363   5.38
     3874       0.3351   5.38
     3875       0.3365   5.38
     3876       0.3355   5.38
     3877       0.3348   5.38
     3878       0.3355   5.38
     3879       0.3363   5.38
     3880       0.3356   5.38
     3881       0.3361   5.38
     3882       0.3366   5.38
     3883       0.3366   5.38
     3884       0.3354   5.38
     3885       0.3359   5.38
     3886       0.3361   5.38
     3887       0.3355   5.38
     3888       0.3359   5.38
     3889       0.3358   5.37
     3890       0.3356   5.37
     3891       0.3362   5.37
     3892       0.3358   5.37
     3893       0.3355   5.38
     3894       0.3354   5.38
     3895       0.3367   5.38
     3896       0.3356   5.38
     3897       0.3362   5.38
     3898       0.3361   5.38
     3899       0.3352   5.37
     3900       0.3356   5.37
     3901       0.3363   5.37
     3902       0.3350   5.38
     3903       0.3363   5.38
     3904       0.3366   5.38
     3905       0.3357   5.38
     3906       0.3368   5.38
     3907       0.3363   5.38
     3908       0.3356   5.38
     3909       0.3351   5.38
     3910       0.3350   5.37
     3911       0.3357   5.38
     3912       0.3359   5.38
     3913       0.3369   5.38
     3914       0.3358   5.37
     3915       0.3361   5.37
     3916       0.3357   5.37
     3917       0.3347   5.38
     3918       0.3367   5.38
     3919       0.3358   5.38
     3920       0.3354   5.38
     3921       0.3360   5.38
     3922       0.3360   5.38
     3923       0.3356   5.38
     3924       0.3341   5.38
     3925       0.3362   5.38
     3926       0.3356   5.38
     3927       0.3349   5.38
     3928       0.3360   5.38
     3929       0.3349   5.38
     3930       0.3358   5.38
     3931       0.3369   5.38
     3932       0.3360   5.38
     3933       0.3352   5.38
     3934       0.3358   5.38
     3935       0.3365   5.38
     3936       0.3357   5.38
     3937       0.3361   5.38
     3938       0.3362   5.38
     3939       0.3359   5.37
     3940       0.3372   5.37
     3941       0.3367   5.38
     3942       0.3358   5.38
     3943       0.3363   5.38
     3944       0.3356   5.37
     3945       0.3358   5.37
     3946       0.3359   5.37
     3947       0.3352   5.38
     3948       0.3359   5.38
     3949       0.3365   5.38
     3950       0.3355   5.38
     3951       0.3359   5.37
     3952       0.3361   5.37
     3953       0.3361   5.38
     3954       0.3354   5.38
     3955       0.3359   5.38
     3956       0.3360   5.37
     3957       0.3362   5.38
     3958       0.3360   5.38
     3959       0.3358   5.38
     3960       0.3355   5.38
     3961       0.3359   5.38
     3962       0.3357   5.37
     3963       0.3349   5.37
     3964       0.3363   5.37
     3965       0.3362   5.38
     3966       0.3353   5.38
     3967       0.3351   5.38
     3968       0.3361   5.38
     3969       0.3368   5.38
     3970       0.3357   5.38
     3971       0.3361   5.38
     3972       0.3358   5.37
     3973       0.3351   5.37
     3974       0.3358   5.37
     3975       0.3363   5.38
     3976       0.3354   5.38
     3977       0.3358   5.38
     3978       0.3363   5.38
     3979       0.3348   5.38
     3980       0.3356   5.38
     3981       0.3365   5.38
     3982       0.3348   5.38
     3983       0.3365   5.38
     3984       0.3367   5.38
     3985       0.3361   5.38
     3986       0.3364   5.38
     3987       0.3366   5.38
     3988       0.3341   5.38
     3989       0.3366   5.38
     3990       0.3369   5.38
     3991       0.3357   5.37
     3992       0.3359   5.37
     3993       0.3364   5.37
     3994       0.3351   5.37
     3995       0.3360   5.37
     3996       0.3362   5.38
     3997       0.3348   5.38
     3998       0.3357   5.38
     3999       0.3354   5.37
     4000       0.3352   5.38
     4001       0.3356   5.38
     4002       0.3359   5.38
     4003       0.3355   5.38
     4004       0.3366   5.38
     4005       0.3361   5.37
     4006       0.3346   5.38
     4007       0.3357   5.38
     4008       0.3364   5.38
     4009       0.3462   5.38
     4010       0.3353   5.38
     4011       0.3358   5.38
     4012       0.3362   5.38
     4013       0.3335   5.37
     4014       0.3353   5.37
     4015       0.3356   5.38
     4016       0.3346   5.38
     4017       0.3361   5.38
     4018       0.3356   5.38
     4019       0.3358   5.38
     4020       0.3362   5.38
     4021       0.3366   5.37
     4022       0.3363   5.38
     4023       0.3362   5.38
     4024       0.3354   5.38
     4025       0.3345   5.37
     4026       0.3355   5.37
     4027       0.3348   5.37
     4028       0.3344   5.38
     4029       0.3355   5.38
     4030       0.3355   5.38
     4031       0.3345   5.38
     4032       0.3349   5.38
     4033       0.3358   5.37
     4034       0.3347   5.38
     4035       0.3356   5.38
     4036       0.3359   5.38
     4037       0.3352   5.38
     4038       0.3354   5.38
     4039       0.3360   5.38
     4040       0.3349   5.38
     4041       0.3365   5.38
     4042       0.3362   5.38
     4043       0.3361   5.38
     4044       0.3355   5.38
     4045       0.3355   5.38
     4046       0.3345   5.37
     4047       0.3356   5.37
     4048       0.3357   5.37
     4049       0.3342   5.38
     4050       0.3366   5.38
     4051       0.3362   5.38
     4052       0.3347   5.38
     4053       0.3351   5.38
     4054       0.3362   5.37
     4055       0.3357   5.38
     4056       0.3354   5.38
     4057       0.3357   5.38
     4058       0.3362   5.37
     4059       0.3346   5.38
     4060       0.3358   5.38
     4061       0.3358   5.38
     4062       0.3360   5.37
     4063       0.3354   5.37
     4064       0.3360   5.38
     4065       0.3349   5.38
     4066       0.3361   5.38
     4067       0.3360   5.38
     4068       0.3340   5.37
     4069       0.3360   5.37
     4070       0.3351   5.38
     4071       0.3337   5.38
     4072       0.3357   5.38
     4073       0.3355   5.38
     4074       0.3344   5.37
     4075       0.3355   5.37
     4076       0.3361   5.38
     4077       0.3350   5.38
     4078       0.3362   5.38
     4079       0.3354   5.37
     4080       0.3354   5.38
     4081       0.3358   5.38
     4082       0.3351   5.38
     4083       0.3341   5.38
     4084       0.3364   5.38
     4085       0.3362   5.38
     4086       0.3354   5.38
     4087       0.3362   5.38
     4088       0.3362   5.38
     4089       0.3357   5.38
     4090       0.3353   5.38
     4091       0.3355   5.38
     4092       0.3354   5.38
     4093       0.3366   5.38
     4094       0.3359   5.38
     4095       0.3364   5.38
     4096       0.3355   5.38
     4097       0.3350   5.38
     4098       0.3351   5.38
     4099       0.3363   5.38
     4100       0.3362   5.38
     4101       0.3356   5.38
     4102       0.3350   5.38
     4103       0.3365   5.38
     4104       0.3358   5.38
     4105       0.3355   5.38
     4106       0.3358   5.38
     4107       0.3357   5.38
     4108       0.3355   5.38
     4109       0.3356   5.38
     4110       0.3353   5.38
     4111       0.3362   5.38
     4112       0.3369   5.38
     4113       0.3363   5.38
     4114       0.3354   5.38
     4115       0.3366   5.38
     4116       0.3363   5.37
     4117       0.3356   5.38
     4118       0.3359   5.38
     4119       0.3357   5.38
     4120       0.3348   5.38
     4121       0.3363   5.38
     4122       0.3362   5.38
     4123       0.3358   5.38
     4124       0.3359   5.38
     4125       0.3363   5.37
     4126       0.3354   5.37
     4127       0.3360   5.37
     4128       0.3365   5.38
     4129       0.3353   5.38
     4130       0.3359   5.38
     4131       0.3362   5.38
     4132       0.3364   5.38
     4133       0.3354   5.38
     4134       0.3352   5.38
     4135       0.3363   5.38
     4136       0.3359   5.38
     4137       0.3369   5.37
     4138       0.3360   5.37
     4139       0.3365   5.37
     4140       0.3355   5.38
     4141       0.3366   5.38
     4142       0.3339   5.38
     4143       0.3355   5.38
     4144       0.3367   5.38
     4145       0.3353   5.37
     4146       0.3357   5.37
     4147       0.3360   5.38
     4148       0.3343   5.38
     4149       0.3362   5.38
     4150       0.3363   5.38
     4151       0.3344   5.38
     4152       0.3346   5.38
     4153       0.3363   5.38
     4154       0.3359   5.38
     4155       0.3360   5.38
     4156       0.3362   5.38
     4157       0.3354   5.38
     4158       0.3358   5.38
     4159       0.3361   5.38
     4160       0.3352   5.38
     4161       0.3363   5.38
     4162       0.3369   5.38
     4163       0.3356   5.38
     4164       0.3362   5.38
     4165       0.3366   5.37
     4166       0.3350   5.38
     4167       0.3366   5.38
     4168       0.3367   5.38
     4169       0.3365   5.38
     4170       0.3364   5.38
     4171       0.3359   5.38
     4172       0.3348   5.37
     4173       0.3368   5.37
     4174       0.3365   5.38
     4175       0.3358   5.38
     4176       0.3365   5.38
     4177       0.3365   5.38
     4178       0.3358   5.38
     4179       0.3358   5.38
     4180       0.3363   5.37
     4181       0.3354   5.38
     4182       0.3362   5.38
     4183       0.3363   5.38
     4184       0.3350   5.38
     4185       0.3360   5.38
     4186       0.3364   5.38
     4187       0.3357   5.38
     4188       0.3352   5.37
     4189       0.3357   5.37
     4190       0.3360   5.38
     4191       0.3356   5.38
     4192       0.3364   5.38
     4193       0.3369   5.38
     4194       0.3353   5.38
     4195       0.3362   5.38
     4196       0.3363   5.38
     4197       0.3361   5.38
     4198       0.3360   5.38
     4199       0.3364   5.38
     4200       0.3353   5.37
     4201       0.3361   5.37
     4202       0.3360   5.38
     4203       0.3355   5.38
     4204       0.3359   5.38
     4205       0.3363   5.38
     4206       0.3349   5.38
     4207       0.3370   5.38
     4208       0.3361   5.37
     4209       0.3356   5.38
     4210       0.3357   5.38
     4211       0.3358   5.38
     4212       0.3352   5.38
     4213       0.3358   5.38
     4214       0.3352   5.38
     4215       0.3355   5.38
     4216       0.3358   5.38
     4217       0.3361   5.38
     4218       0.3353   5.38
     4219       0.3363   5.38
     4220       0.3363   5.38
     4221       0.3356   5.38
     4222       0.3358   5.38
     4223       0.3353   5.38
     4224       0.3357   5.38
     4225       0.3361   5.38
     4226       0.3359   5.38
     4227       0.3353   5.38
     4228       0.3346   5.37
     4229       0.3364   5.37
     4230       0.3362   5.38
     4231       0.3350   5.38
     4232       0.3363   5.38
     4233       0.3360   5.38
     4234       0.3356   5.38
     4235       0.3360   5.38
     4236       0.3359   5.38
     4237       0.3356   5.38
     4238       0.3356   5.38
     4239       0.3364   5.38
     4240       0.3359   5.38
     4241       0.3363   5.38
     4242       0.3364   5.38
     4243       0.3351   5.38
     4244       0.3355   5.38
     4245       0.3355   5.38
     4246       0.3353   5.37
     4247       0.3362   5.37
     4248       0.3362   5.38
     4249       0.3348   5.38
     4250       0.3355   5.38
     4251       0.3358   5.38
     4252       0.3349   5.38
     4253       0.3357   5.38
     4254       0.3364   5.38
     4255       0.3350   5.38
     4256       0.3359   5.38
     4257       0.3355   5.37
     4258       0.3347   5.38
     4259       0.3370   5.38
     4260       0.3355   5.38
     4261       0.3340   5.38
     4262       0.3358   5.38
     4263       0.3356   5.37
     4264       0.3357   5.38
     4265       0.3353   5.38
     4266       0.3359   5.38
     4267       0.3352   5.38
     4268       0.3351   5.38
     4269       0.3362   5.38
     4270       0.3349   5.38
     4271       0.3357   5.38
     4272       0.3358   5.38
     4273       0.3358   5.38
     4274       0.3350   5.38
     4275       0.3351   5.38
     4276       0.3361   5.38
     4277       0.3356   5.38
     4278       0.3364   5.38
     4279       0.3373   5.38
     4280       0.3359   5.38
     4281       0.3360   5.38
     4282       0.3363   5.38
     4283       0.3359   5.37
     4284       0.3358   5.37
     4285       0.3359   5.38
     4286       0.3353   5.38
     4287       0.3359   5.38
     4288       0.3357   5.38
     4289       0.3349   5.38
     4290       0.3362   5.38
     4291       0.3363   5.38
     4292       0.3350   5.38
     4293       0.3346   5.38
     4294       0.3354   5.38
     4295       0.3356   5.38
     4296       0.3358   5.38
     4297       0.3356   5.38
     4298       0.3363   5.38
     4299       0.3359   5.38
     4300       0.3363   5.38
     4301       0.3363   5.38
     4302       0.3367   5.38
     4303       0.3365   5.38
     4304       0.3347   5.38
     4305       0.3365   5.38
     4306       0.3363   5.38
     4307       0.3357   5.37
     4308       0.3356   5.37
     4309       0.3362   5.38
     4310       0.3355   5.38
     4311       0.3363   5.38
     4312       0.3368   5.38
     4313       0.3350   5.38
     4314       0.3360   5.38
     4315       0.3359   5.38
     4316       0.3357   5.38
     4317       0.3355   5.37
     4318       0.3366   5.37
     4319       0.3364   5.38
     4320       0.3354   5.38
     4321       0.3364   5.38
     4322       0.3355   5.38
     4323       0.3346   5.38
     4324       0.3357   5.38
     4325       0.3360   5.38
     4326       0.3358   5.38
     4327       0.3361   5.38
     4328       0.3365   5.38
     4329       0.3352   5.38
     4330       0.3357   5.38
     4331       0.3452   5.38
     4332       0.3345   5.37
     4333       0.3359   5.37
     4334       0.3351   5.38
     4335       0.3352   5.38
     4336       0.3356   5.38
     4337       0.3356   5.38
     4338       0.3352   5.38
     4339       0.3363   5.38
     4340       0.3358   5.38
     4341       0.3344   5.38
     4342       0.3356   5.38
     4343       0.3354   5.38
     4344       0.3354   5.38
     4345       0.3353   5.38
     4346       0.3356   5.38
     4347       0.3358   5.38
     4348       0.3360   5.38
     4349       0.3358   5.38
     4350       0.3340   5.38
     4351       0.3356   5.38
     4352       0.3360   5.38
     4353       0.3353   5.38
     4354       0.3359   5.38
     4355       0.3360   5.38
     4356       0.3351   5.38
     4357       0.3354   5.38
     4358       0.3350   5.38
     4359       0.3355   5.38
     4360       0.3356   5.38
     4361       0.3355   5.38
     4362       0.3359   5.38
     4363       0.3353   5.38
     4364       0.3362   5.38
     4365       0.3354   5.38
     4366       0.3354   5.38
     4367       0.3354   5.38
     4368       0.3355   5.38
     4369       0.3351   5.38
     4370       0.3356   5.38
     4371       0.3342   5.38
     4372       0.3344   5.38
     4373       0.3358   5.38
     4374       0.3357   5.38
     4375       0.3346   5.38
     4376       0.3352   5.38
     4377       0.3360   5.38
     4378       0.3363   5.38
     4379       0.3359   5.38
     4380       0.3365   5.38
     4381       0.3355   5.38
     4382       0.3358   5.38
     4383       0.3360   5.38
     4384       0.3362   5.38
     4385       0.3359   5.38
     4386       0.3357   5.38
     4387       0.3346   5.38
     4388       0.3355   5.38
     4389       0.3360   5.38
     4390       0.3346   5.38
     4391       0.3357   5.38
     4392       0.3360   5.38
     4393       0.3350   5.38
     4394       0.3359   5.38
     4395       0.3346   5.38
     4396       0.3353   5.38
     4397       0.3356   5.38
     4398       0.3359   5.38
     4399       0.3350   5.38
     4400       0.3356   5.38
     4401       0.3362   5.38
     4402       0.3349   5.38
     4403       0.3363   5.38
     4404       0.3357   5.38
     4405       0.3355   5.38
     4406       0.3351   5.38
     4407       0.3356   5.38
     4408       0.3357   5.38
     4409       0.3357   5.38
     4410       0.3359   5.38
     4411       0.3352   5.38
     4412       0.3351   5.38
     4413       0.3358   5.38
     4414       0.3352   5.38
     4415       0.3348   5.38
     4416       0.3358   5.38
     4417       0.3360   5.38
     4418       0.3345   5.38
     4419       0.3354   5.38
     4420       0.3356   5.38
     4421       0.3358   5.38
     4422       0.3353   5.38
     4423       0.3358   5.38
     4424       0.3351   5.38
     4425       0.3356   5.38
     4426       0.3351   5.38
     4427       0.3347   5.37
     4428       0.3351   5.37
     4429       0.3352   5.38
     4430       0.3352   5.38
     4431       0.3355   5.38
     4432       0.3350   5.37
     4433       0.3353   5.38
     4434       0.3359   5.38
     4435       0.3360   5.38
     4436       0.3349   5.38
     4437       0.3354   5.38
     4438       0.3352   5.38
     4439       0.3344   5.38
     4440       0.3347   5.38
     4441       0.3357   5.38
     4442       0.3348   5.38
     4443       0.3357   5.38
     4444       0.3353   5.37
     4445       0.3348   5.37
     4446       0.3360   5.37
     4447       0.3361   5.38
     4448       0.3352   5.38
     4449       0.3356   5.38
     4450       0.3352   5.38
     4451       0.3353   5.38
     4452       0.3355   5.38
     4453       0.3354   5.38
     4454       0.3356   5.38
     4455       0.3344   5.38
     4456       0.3361   5.38
     4457       0.3360   5.38
     4458       0.3348   5.38
     4459       0.3358   5.38
     4460       0.3358   5.38
     4461       0.3345   5.38
     4462       0.3357   5.38
     4463       0.3355   5.38
     4464       0.3348   5.38
     4465       0.3355   5.38
     4466       0.3361   5.38
     4467       0.3343   5.38
     4468       0.3357   5.38
     4469       0.3360   5.38
     4470       0.3349   5.38
     4471       0.3355   5.38
     4472       0.3362   5.38
     4473       0.3356   5.38
     4474       0.3359   5.38
     4475       0.3354   5.38
     4476       0.3351   5.38
     4477       0.3357   5.38
     4478       0.3352   5.38
     4479       0.3344   5.38
     4480       0.3351   5.38
     4481       0.3361   5.38
     4482       0.3353   5.38
     4483       0.3367   5.38
     4484       0.3359   5.38
     4485       0.3359   5.38
     4486       0.3349   5.38
     4487       0.3359   5.38
     4488       0.3337   5.38
     4489       0.3361   5.38
     4490       0.3358   5.37
     4491       0.3351   5.37
     4492       0.3364   5.37
     4493       0.3348   5.38
     4494       0.3347   5.38
     4495       0.3359   5.38
     4496       0.3360   5.38
     4497       0.3348   5.38
     4498       0.3352   5.38
     4499       0.3349   5.38
     4500       0.3339   5.38
     4501       0.3365   5.38
     4502       0.3357   5.38
     4503       0.3361   5.37
     4504       0.3349   5.38
     4505       0.3353   5.38
     4506       0.3352   5.38
     4507       0.3353   5.38
     4508       0.3355   5.38
     4509       0.3376   5.38
     4510       0.3351   5.38
     4511       0.3361   5.38
     4512       0.3365   5.38
     4513       0.3352   5.38
     4514       0.3362   5.38
     4515       0.3365   5.38
     4516       0.3356   5.38
     4517       0.3364   5.38
     4518       0.3364   5.37
     4519       0.3350   5.38
     4520       0.3359   5.38
     4521       0.3361   5.38
     4522       0.3345   5.37
     4523       0.3349   5.37
     4524       0.3352   5.38
     4525       0.3351   5.38
     4526       0.3363   5.38
     4527       0.3364   5.38
     4528       0.3348   5.38
     4529       0.3347   5.38
     4530       0.3351   5.38
     4531       0.3356   5.38
     4532       0.3356   5.38
     4533       0.3358   5.38
     4534       0.3356   5.38
     4535       0.3354   5.38
     4536       0.3358   5.38
     4537       0.3346   5.38
     4538       0.3351   5.38
     4539       0.3359   5.38
     4540       0.3352   5.38
     4541       0.3360   5.38
     4542       0.3358   5.38
     4543       0.3343   5.37
     4544       0.3351   5.37
     4545       0.3357   5.38
     4546       0.3346   5.38
     4547       0.3347   5.38
     4548       0.3352   5.38
     4549       0.3354   5.38
     4550       0.3356   5.38
     4551       0.3357   5.38
     4552       0.3359   5.38
     4553       0.3348   5.38
     4554       0.3354   5.38
     4555       0.3358   5.38
     4556       0.3346   5.38
     4557       0.3355   5.38
     4558       0.3358   5.38
     4559       0.3350   5.38
     4560       0.3362   5.38
     4561       0.3353   5.38
     4562       0.3341   5.38
     4563       0.3354   5.38
     4564       0.3354   5.38
     4565       0.3359   5.38
     4566       0.3357   5.38
     4567       0.3351   5.38
     4568       0.3356   5.38
     4569       0.3356   5.38
     4570       0.3351   5.38
     4571       0.3349   5.38
     4572       0.3356   5.38
     4573       0.3357   5.38
     4574       0.3344   5.38
     4575       0.3362   5.38
     4576       0.3358   5.38
     4577       0.3343   5.38
     4578       0.3354   5.38
     4579       0.3359   5.38
     4580       0.3354   5.38
     4581       0.3354   5.38
     4582       0.3349   5.38
     4583       0.3348   5.38
     4584       0.3352   5.38
     4585       0.3359   5.38
     4586       0.3351   5.38
     4587       0.3350   5.38
     4588       0.3358   5.38
     4589       0.3342   5.38
     4590       0.3365   5.38
     4591       0.3357   5.38
     4592       0.3354   5.38
     4593       0.3364   5.38
     4594       0.3363   5.38
     4595       0.3363   5.38
     4596       0.3355   5.38
     4597       0.3354   5.38
     4598       0.3361   5.38
     4599       0.3349   5.38
     4600       0.3361   5.38
     4601       0.3366   5.38
     4602       0.3349   5.38
     4603       0.3349   5.38
     4604       0.3363   5.38
     4605       0.3359   5.38
     4606       0.3362   5.38
     4607       0.3353   5.37
     4608       0.3348   5.38
     4609       0.3363   5.38
     4610       0.3368   5.38
     4611       0.3348   5.37
     4612       0.3358   5.37
     4613       0.3352   5.37
     4614       0.3338   5.38
     4615       0.3348   5.38
     4616       0.3358   5.38
     4617       0.3356   5.38
     4618       0.3356   5.38
     4619       0.3363   5.38
     4620       0.3353   5.37
     4621       0.3357   5.37
     4622       0.3356   5.38
     4623       0.3349   5.38
     4624       0.3359   5.38
     4625       0.3358   5.38
     4626       0.3352   5.37
     4627       0.3352   5.37
     4628       0.3348   5.38
     4629       0.3358   5.38
     4630       0.3450   5.38
     4631       0.3359   5.38
     4632       0.3348   5.38
     4633       0.3359   5.38
     4634       0.3350   5.38
     4635       0.3343   5.38
     4636       0.3354   5.38
     4637       0.3347   5.38
     4638       0.3351   5.38
     4639       0.3355   5.38
     4640       0.3350   5.38
     4641       0.3355   5.38
     4642       0.3354   5.38
     4643       0.3356   5.38
     4644       0.3362   5.38
     4645       0.3352   5.38
     4646       0.3355   5.38
     4647       0.3358   5.38
     4648       0.3349   5.38
     4649       0.3359   5.38
     4650       0.3365   5.38
     4651       0.3352   5.38
     4652       0.3353   5.38
     4653       0.3363   5.38
     4654       0.3351   5.38
     4655       0.3347   5.38
     4656       0.3349   5.38
     4657       0.3349   5.38
     4658       0.3357   5.38
     4659       0.3353   5.38
     4660       0.3352   5.38
     4661       0.3356   5.38
     4662       0.3361   5.38
     4663       0.3349   5.38
     4664       0.3357   5.38
     4665       0.3360   5.38
     4666       0.3351   5.38
     4667       0.3359   5.38
     4668       0.3361   5.38
     4669       0.3356   5.38
     4670       0.3361   5.38
     4671       0.3353   5.38
     4672       0.3345   5.38
     4673       0.3361   5.38
     4674       0.3352   5.38
     4675       0.3345   5.38
     4676       0.3354   5.38
     4677       0.3356   5.38
     4678       0.3355   5.38
     4679       0.3353   5.38
     4680       0.3356   5.38
     4681       0.3341   5.38
     4682       0.3353   5.38
     4683       0.3365   5.38
     4684       0.3352   5.38
     4685       0.3357   5.38
     4686       0.3362   5.38
     4687       0.3346   5.38
     4688       0.3353   5.38
     4689       0.3358   5.38
     4690       0.3355   5.38
     4691       0.3348   5.38
     4692       0.3354   5.38
     4693       0.3355   5.38
     4694       0.3342   5.37
     4695       0.3354   5.37
     4696       0.3357   5.38
     4697       0.3353   5.38
     4698       0.3404   5.38
     4699       0.3361   5.38
     4700       0.3352   5.38
     4701       0.3352   5.38
     4702       0.3358   5.38
     4703       0.3348   5.38
     4704       0.3360   5.38
     4705       0.3359   5.38
     4706       0.3350   5.38
     4707       0.3359   5.38
     4708       0.3353   5.38
     4709       0.3338   5.38
     4710       0.3364   5.38
     4711       0.3361   5.38
     4712       0.3353   5.37
     4713       0.3354   5.37
     4714       0.3358   5.38
     4715       0.3351   5.38
     4716       0.3358   5.38
     4717       0.3359   5.37
     4718       0.3356   5.38
     4719       0.3360   5.38
     4720       0.3356   5.38
     4721       0.3353   5.38
     4722       0.3361   5.38
     4723       0.3355   5.38
     4724       0.3359   5.38
     4725       0.3361   5.38
     4726       0.3356   5.38
     4727       0.3349   5.38
     4728       0.3349   5.38
     4729       0.3362   5.38
     4730       0.3350   5.38
     4731       0.3354   5.38
     4732       0.3359   5.38
     4733       0.3363   5.38
     4734       0.3356   5.38
     4735       0.3362   5.38
     4736       0.3364   5.38
     4737       0.3347   5.38
     4738       0.3347   5.38
     4739       0.3354   5.38
     4740       0.3348   5.38
     4741       0.3355   5.38
     4742       0.3357   5.38
     4743       0.3349   5.37
     4744       0.3356   5.37
     4745       0.3355   5.38
     4746       0.3347   5.38
     4747       0.3351   5.38
     4748       0.3357   5.38
     4749       0.3341   5.38
     4750       0.3362   5.38
     4751       0.3355   5.38
     4752       0.3359   5.38
     4753       0.3361   5.38
     4754       0.3353   5.38
     4755       0.3354   5.38
     4756       0.3349   5.38
     4757       0.3357   5.38
     4758       0.3351   5.38
     4759       0.3357   5.38
     4760       0.3360   5.38
     4761       0.3343   5.38
     4762       0.3360   5.38
     4763       0.3360   5.38
     4764       0.3350   5.38
     4765       0.3356   5.38
     4766       0.3359   5.38
     4767       0.3351   5.38
     4768       0.3364   5.38
     4769       0.3356   5.38
     4770       0.3355   5.38
     4771       0.3357   5.38
     4772       0.3358   5.38
     4773       0.3355   5.38
     4774       0.3358   5.38
     4775       0.3356   5.38
     4776       0.3345   5.38
     4777       0.3352   5.38
     4778       0.3351   5.37
     4779       0.3362   5.38
     4780       0.3363   5.38
     4781       0.3363   5.38
     4782       0.3362   5.38
     4783       0.3351   5.38
     4784       0.3360   5.38
     4785       0.3351   5.38
     4786       0.3350   5.38
     4787       0.3349   5.38
     4788       0.3361   5.38
     4789       0.3357   5.38
     4790       0.3352   5.38
     4791       0.3357   5.38
     4792       0.3350   5.37
     4793       0.3360   5.37
     4794       0.3361   5.38
     4795       0.3355   5.38
     4796       0.3361   5.38
     4797       0.3357   5.38
     4798       0.3346   5.38
     4799       0.3357   5.38
     4800       0.3363   5.38
     4801       0.3343   5.38
     4802       0.3356   5.38
     4803       0.3354   5.38
     4804       0.3358   5.38
     4805       0.3360   5.38
     4806       0.3360   5.38
     4807       0.3339   5.38
     4808       0.3359   5.38
     4809       0.3359   5.38
     4810       0.3349   5.38
     4811       0.3351   5.38
     4812       0.3352   5.38
     4813       0.3354   5.38
     4814       0.3363   5.38
     4815       0.3358   5.38
     4816       0.3355   5.38
     4817       0.3363   5.38
     4818       0.3355   5.38
     4819       0.3341   5.37
     4820       0.3358   5.37
     4821       0.3357   5.38
     4822       0.3356   5.38
     4823       0.3361   5.38
     4824       0.3359   5.38
     4825       0.3350   5.38
     4826       0.3349   5.38
     4827       0.3362   5.38
     4828       0.3359   5.38
     4829       0.3349   5.38
     4830       0.3361   5.38
     4831       0.3358   5.38
     4832       0.3337   5.38
     4833       0.3346   5.38
     4834       0.3360   5.38
     4835       0.3349   5.38
     4836       0.3359   5.38
     4837       0.3356   5.38
     4838       0.3352   5.38
     4839       0.3354   5.38
     4840       0.3356   5.38
     4841       0.3348   5.38
     4842       0.3349   5.38
     4843       0.3350   5.38
     4844       0.3352   5.37
     4845       0.3361   5.37
     4846       0.3354   5.38
     4847       0.3354   5.38
     4848       0.3357   5.38
     4849       0.3360   5.38
     4850       0.3348   5.38
     4851       0.3361   5.38
     4852       0.3355   5.38
     4853       0.3339   5.38
     4854       0.3355   5.38
     4855       0.3360   5.38
     4856       0.3352   5.38
     4857       0.3358   5.38
     4858       0.3360   5.38
     4859       0.3347   5.38
     4860       0.3355   5.38
     4861       0.3355   5.38
     4862       0.3350   5.38
     4863       0.3347   5.38
     4864       0.3357   5.38
     4865       0.3347   5.38
     4866       0.3352   5.38
     4867       0.3359   5.38
     4868       0.3349   5.38
     4869       0.3357   5.38
     4870       0.3356   5.38
     4871       0.3351   5.38
     4872       0.3352   5.38
     4873       0.3359   5.38
     4874       0.3356   5.38
     4875       0.3359   5.38
     4876       0.3361   5.38
     4877       0.3367   5.38
     4878       0.3354   5.38
     4879       0.3360   5.38
     4880       0.3358   5.38
     4881       0.3346   5.38
     4882       0.3355   5.38
     4883       0.3356   5.38
     4884       0.3352   5.38
     4885       0.3354   5.38
     4886       0.3354   5.38
     4887       0.3340   5.38
     4888       0.3361   5.38
     4889       0.3362   5.38
     4890       0.3349   5.38
     4891       0.3357   5.38
     4892       0.3351   5.38
     4893       0.3339   5.38
     4894       0.3353   5.38
     4895       0.3354   5.38
     4896       0.3347   5.38
     4897       0.3357   5.38
     4898       0.3355   5.38
     4899       0.3351   5.38
     4900       0.3359   5.38
     4901       0.3361   5.38
     4902       0.3359   5.38
     4903       0.3363   5.38
     4904       0.3358   5.38
     4905       0.3353   5.38
     4906       0.3368   5.38
     4907       0.3363   5.38
     4908       0.3353   5.38
     4909       0.3355   5.38
     4910       0.3359   5.38
     4911       0.3340   5.38
     4912       0.3359   5.38
     4913       0.3349   5.38
     4914       0.3350   5.38
     4915       0.3365   5.38
     4916       0.3359   5.38
     4917       0.3350   5.38
     4918       0.3346   5.38
     4919       0.3357   5.38
     4920       0.3354   5.38
     4921       0.3357   5.38
     4922       0.3357   5.38
     4923       0.3358   5.38
     4924       0.3349   5.38
     4925       0.3355   5.38
     4926       0.3355   5.38
     4927       0.3350   5.38
     4928       0.3347   5.38
     4929       0.3352   5.38
     4930       0.3348   5.38
     4931       0.3358   5.38
     4932       0.3354   5.38
     4933       0.3341   5.38
     4934       0.3360   5.38
     4935       0.3366   5.38
     4936       0.3343   5.38
     4937       0.3360   5.38
     4938       0.3352   5.38
     4939       0.3349   5.38
     4940       0.3357   5.38
     4941       0.3358   5.38
     4942       0.3351   5.38
     4943       0.3363   5.38
     4944       0.3364   5.38
     4945       0.3341   5.38
     4946       0.3353   5.38
     4947       0.3349   5.38
     4948       0.3357   5.38
     4949       0.3353   5.38
     4950       0.3358   5.38
     4951       0.3355   5.38
     4952       0.3452   5.38
     4953       0.3360   5.38
     4954       0.3346   5.38
     4955       0.3360   5.38
     4956       0.3359   5.38
     4957       0.3344   5.38
     4958       0.3348   5.38
     4959       0.3353   5.38
     4960       0.3355   5.38
     4961       0.3350   5.38
     4962       0.3361   5.38
     4963       0.3355   5.38
     4964       0.3366   5.38
     4965       0.3362   5.38
     4966       0.3357   5.38
     4967       0.3364   5.38
     4968       0.3360   5.38
     4969       0.3369   5.38
     4970       0.3356   5.38
     4971       0.3354   5.38
     4972       0.3346   5.38
     4973       0.3357   5.38
     4974       0.3364   5.38
     4975       0.3353   5.38
     4976       0.3357   5.38
     4977       0.3358   5.38
     4978       0.3355   5.37
     4979       0.3346   5.38
     4980       0.3357   5.38
     4981       0.3360   5.38
     4982       0.3346   5.38
     4983       0.3365   5.38
     4984       0.3359   5.38
     4985       0.3353   5.38
     4986       0.3354   5.38
     4987       0.3353   5.38
     4988       0.3344   5.38
     4989       0.3351   5.38
     4990       0.3359   5.38
     4991       0.3345   5.38
     4992       0.3350   5.38
     4993       0.3355   5.38
     4994       0.3347   5.38
     4995       0.3357   5.38
     4996       0.3354   5.38
     4997       0.3344   5.38
     4998       0.3356   5.38
     4999       0.3362   5.38
     5000       0.3353   5.38
     5001       0.3359   5.38
     5002       0.3354   5.38
     5003       0.3354   5.38
     5004       0.3357   5.38
     5005       0.3357   5.38
     5006       0.3359   5.38
     5007       0.3357   5.38
     5008       0.3364   5.38
     5009       0.3350   5.38
     5010       0.3359   5.38
     5011       0.3359   5.38
     5012       0.3347   5.38
     5013       0.3359   5.38
     5014       0.3359   5.38
     5015       0.3357   5.38
     5016       0.3345   5.38
     5017       0.3348   5.38
     5018       0.3358   5.38
     5019       0.3354   5.38
     5020       0.3361   5.38
     5021       0.3358   5.38
     5022       0.3351   5.38
     5023       0.3352   5.38
     5024       0.3356   5.38
     5025       0.3345   5.38
     5026       0.3352   5.38
     5027       0.3356   5.38
     5028       0.3343   5.38
     5029       0.3354   5.38
     5030       0.3352   5.38
     5031       0.3357   5.38
     5032       0.3355   5.38
     5033       0.3357   5.38
     5034       0.3347   5.38
     5035       0.3364   5.38
     5036       0.3362   5.38
     5037       0.3349   5.38
     5038       0.3348   5.38
     5039       0.3359   5.38
     5040       0.3344   5.38
     5041       0.3360   5.38
     5042       0.3362   5.38
     5043       0.3352   5.38
     5044       0.3361   5.38
     5045       0.3359   5.38
     5046       0.3354   5.38
     5047       0.3362   5.38
     5048       0.3357   5.38
     5049       0.3349   5.38
     5050       0.3359   5.38
     5051       0.3358   5.38
     5052       0.3355   5.38
     5053       0.3362   5.38
     5054       0.3355   5.38
     5055       0.3347   5.38
     5056       0.3356   5.38
     5057       0.3354   5.38
     5058       0.3347   5.38
     5059       0.3365   5.38
     5060       0.3354   5.38
     5061       0.3353   5.38
     5062       0.3339   5.38
     5063       0.3357   5.38
     5064       0.3359   5.38
     5065       0.3350   5.38
     5066       0.3355   5.38
     5067       0.3351   5.38
     5068       0.3351   5.38
     5069       0.3354   5.38
     5070       0.3357   5.38
     5071       0.3341   5.38
     5072       0.3352   5.38
     5073       0.3357   5.38
     5074       0.3348   5.38
     5075       0.3362   5.38
     5076       0.3355   5.38
     5077       0.3353   5.38
     5078       0.3355   5.38
     5079       0.3357   5.38
     5080       0.3358   5.38
     5081       0.3351   5.38
     5082       0.3356   5.38
     5083       0.3350   5.38
     5084       0.3358   5.38
     5085       0.3353   5.38
     5086       0.3346   5.38
     5087       0.3347   5.38
     5088       0.3360   5.38
     5089       0.3349   5.38
     5090       0.3359   5.38
     5091       0.3349   5.38
     5092       0.3350   5.38
     5093       0.3354   5.38
     5094       0.3355   5.38
     5095       0.3350   5.38
     5096       0.3362   5.38
     5097       0.3353   5.38
     5098       0.3354   5.38
     5099       0.3360   5.38
     5100       0.3358   5.38
     5101       0.3351   5.38
     5102       0.3357   5.38
     5103       0.3359   5.38
     5104       0.3357   5.38
     5105       0.3356   5.38
     5106       0.3360   5.38
     5107       0.3358   5.38
     5108       0.3355   5.38
     5109       0.3358   5.38
     5110       0.3361   5.38
     5111       0.3330   5.38
     5112       0.3350   5.38
     5113       0.3357   5.38
     5114       0.3349   5.38
     5115       0.3361   5.38
     5116       0.3358   5.38
     5117       0.3352   5.38
     5118       0.3356   5.38
     5119       0.3366   5.38
     5120       0.3353   5.38
     5121       0.3363   5.38
     5122       0.3355   5.38
     5123       0.3353   5.38
     5124       0.3360   5.38
     5125       0.3361   5.38
     5126       0.3350   5.38
     5127       0.3358   5.38
     5128       0.3362   5.38
     5129       0.3351   5.38
     5130       0.3359   5.38
     5131       0.3360   5.38
     5132       0.3351   5.38
     5133       0.3353   5.38
     5134       0.3356   5.38
     5135       0.3359   5.38
     5136       0.3365   5.38
     5137       0.3360   5.38
     5138       0.3344   5.38
     5139       0.3359   5.38
     5140       0.3355   5.38
     5141       0.3349   5.38
     5142       0.3356   5.38
     5143       0.3358   5.38
     5144       0.3340   5.38
     5145       0.3355   5.38
     5146       0.3359   5.38
     5147       0.3350   5.38
     5148       0.3356   5.38
     5149       0.3348   5.38
     5150       0.3345   5.38
     5151       0.3360   5.38
     5152       0.3357   5.38
     5153       0.3352   5.38
     5154       0.3362   5.38
     5155       0.3348   5.38
     5156       0.3356   5.38
     5157       0.3342   5.38
     5158       0.3362   5.38
     5159       0.3359   5.38
     5160       0.3365   5.38
     5161       0.3364   5.38
     5162       0.3360   5.38
     5163       0.3361   5.38
     5164       0.3367   5.38
     5165       0.3359   5.38
     5166       0.3357   5.38
     5167       0.3360   5.38
     5168       0.3362   5.38
     5169       0.3351   5.38
     5170       0.3352   5.38
     5171       0.3353   5.38
     5172       0.3345   5.38
     5173       0.3359   5.38
     5174       0.3376   5.38
     5175       0.3351   5.38
     5176       0.3355   5.38
     5177       0.3361   5.38
     5178       0.3356   5.38
     5179       0.3361   5.38
     5180       0.3359   5.38
     5181       0.3356   5.38
     5182       0.3362   5.38
     5183       0.3357   5.38
     5184       0.3355   5.38
     5185       0.3355   5.38
     5186       0.3359   5.38
     5187       0.3352   5.38
     5188       0.3366   5.38
     5189       0.3354   5.37
     5190       0.3353   5.38
     5191       0.3357   5.38
     5192       0.3356   5.38
     5193       0.3344   5.38
     5194       0.3357   5.38
     5195       0.3357   5.37
     5196       0.3343   5.38
     5197       0.3356   5.38
     5198       0.3359   5.38
     5199       0.3354   5.38
     5200       0.3363   5.38
     5201       0.3356   5.38
     5202       0.3363   5.38
     5203       0.3357   5.38
     5204       0.3359   5.38
     5205       0.3360   5.38
     5206       0.3353   5.37
     5207       0.3359   5.37
     5208       0.3356   5.38
     5209       0.3350   5.38
     5210       0.3362   5.38
     5211       0.3358   5.38
     5212       0.3352   5.38
     5213       0.3355   5.38
     5214       0.3354   5.38
     5215       0.3346   5.38
     5216       0.3349   5.38
     5217       0.3351   5.38
     5218       0.3352   5.38
     5219       0.3359   5.38
     5220       0.3356   5.38
     5221       0.3354   5.38
     5222       0.3360   5.38
     5223       0.3362   5.38
     5224       0.3349   5.38
     5225       0.3354   5.38
     5226       0.3357   5.38
     5227       0.3349   5.38
     5228       0.3361   5.38
     5229       0.3357   5.38
     5230       0.3351   5.38
     5231       0.3351   5.38
     5232       0.3355   5.38
     5233       0.3338   5.38
     5234       0.3361   5.38
     5235       0.3365   5.38
     5236       0.3350   5.38
     5237       0.3361   5.38
     5238       0.3358   5.37
     5239       0.3357   5.38
     5240       0.3354   5.38
     5241       0.3370   5.38
     5242       0.3347   5.37
     5243       0.3354   5.37
     5244       0.3356   5.37
     5245       0.3349   5.38
     5246       0.3361   5.38
     5247       0.3455   5.38
     5248       0.3363   5.38
     5249       0.3352   5.38
     5250       0.3359   5.38
     5251       0.3358   5.38
     5252       0.3353   5.38
     5253       0.3352   5.38
     5254       0.3357   5.38
     5255       0.3352   5.38
     5256       0.3355   5.38
     5257       0.3354   5.38
     5258       0.3358   5.38
     5259       0.3358   5.38
     5260       0.3351   5.38
     5261       0.3347   5.38
     5262       0.3363   5.38
     5263       0.3361   5.38
     5264       0.3341   5.38
     5265       0.3358   5.38
     5266       0.3357   5.38
     5267       0.3351   5.38
     5268       0.3336   5.38
     5269       0.3358   5.38
     5270       0.3345   5.38
     5271       0.3354   5.38
     5272       0.3356   5.38
     5273       0.3353   5.38
     5274       0.3361   5.38
     5275       0.3360   5.38
     5276       0.3355   5.38
     5277       0.3346   5.38
     5278       0.3360   5.38
     5279       0.3355   5.38
     5280       0.3366   5.38
     5281       0.3362   5.38
     5282       0.3359   5.38
     5283       0.3364   5.38
     5284       0.3355   5.38
     5285       0.3346   5.38
     5286       0.3353   5.38
     5287       0.3355   5.38
     5288       0.3347   5.38
     5289       0.3358   5.38
     5290       0.3355   5.38
     5291       0.3353   5.38
     5292       0.3347   5.38
     5293       0.3363   5.38
     5294       0.3356   5.38
     5295       0.3339   5.38
     5296       0.3360   5.38
     5297       0.3359   5.38
     5298       0.3350   5.38
     5299       0.3356   5.38
     5300       0.3359   5.38
     5301       0.3336   5.38
     5302       0.3351   5.38
     5303       0.3358   5.38
     5304       0.3343   5.38
     5305       0.3353   5.38
     5306       0.3356   5.38
     5307       0.3348   5.38
     5308       0.3359   5.38
     5309       0.3363   5.38
     5310       0.3347   5.38
     5311       0.3359   5.38
     5312       0.3358   5.38
     5313       0.3345   5.38
     5314       0.3356   5.38
     5315       0.3357   5.38
     5316       0.3347   5.38
     5317       0.3348   5.38
     5318       0.3358   5.38
     5319       0.3347   5.37
     5320       0.3357   5.37
     5321       0.3356   5.38
     5322       0.3344   5.38
     5323       0.3351   5.38
     5324       0.3355   5.38
     5325       0.3345   5.37
     5326       0.3351   5.37
     5327       0.3353   5.38
     5328       0.3349   5.38
     5329       0.3360   5.38
     5330       0.3356   5.38
     5331       0.3357   5.38
     5332       0.3352   5.38
     5333       0.3355   5.38
     5334       0.3350   5.38
     5335       0.3358   5.38
     5336       0.3354   5.38
     5337       0.3355   5.38
     5338       0.3353   5.38
     5339       0.3359   5.38
     5340       0.3341   5.37
     5341       0.3357   5.37
     5342       0.3360   5.38
     5343       0.3358   5.38
     5344       0.3340   5.38
     5345       0.3354   5.38
     5346       0.3361   5.38
     5347       0.3347   5.38
     5348       0.3360   5.38
     5349       0.3360   5.38
     5350       0.3352   5.38
     5351       0.3358   5.38
     5352       0.3358   5.38
     5353       0.3351   5.38
     5354       0.3356   5.38
     5355       0.3358   5.38
     5356       0.3361   5.38
     5357       0.3353   5.38
     5358       0.3355   5.38
     5359       0.3350   5.38
     5360       0.3361   5.38
     5361       0.3357   5.38
     5362       0.3361   5.38
     5363       0.3368   5.38
     5364       0.3354   5.37
     5365       0.3355   5.38
     5366       0.3355   5.38
     5367       0.3350   5.38
     5368       0.3349   5.38
     5369       0.3356   5.38
     5370       0.3356   5.37
     5371       0.3343   5.38
     5372       0.3356   5.38
     5373       0.3362   5.37
     5374       0.3348   5.38
     5375       0.3358   5.38
     5376       0.3351   5.38
     5377       0.3340   5.38
     5378       0.3357   5.38
     5379       0.3362   5.38
     5380       0.3358   5.38
     5381       0.3358   5.38
     5382       0.3354   5.38
     5383       0.3352   5.38
     5384       0.3367   5.38
     5385       0.3358   5.38
     5386       0.3353   5.38
     5387       0.3354   5.38
     5388       0.3358   5.38
     5389       0.3350   5.38
     5390       0.3351   5.38
     5391       0.3359   5.38
     5392       0.3355   5.38
     5393       0.3358   5.38
     5394       0.3353   5.38
     5395       0.3349   5.38
     5396       0.3350   5.38
     5397       0.3360   5.38
     5398       0.3362   5.38
     5399       0.3351   5.38
     5400       0.3355   5.38
     5401       0.3351   5.38
     5402       0.3351   5.38
     5403       0.3357   5.38
     5404       0.3351   5.38
     5405       0.3345   5.38
     5406       0.3353   5.38
     5407       0.3353   5.38
     5408       0.3353   5.38
     5409       0.3354   5.38
     5410       0.3353   5.38
     5411       0.3342   5.38
     5412       0.3364   5.38
     5413       0.3362   5.38
     5414       0.3351   5.38
     5415       0.3355   5.38
     5416       0.3355   5.38
     5417       0.3356   5.38
     5418       0.3351   5.38
     5419       0.3361   5.37
     5420       0.3351   5.38
     5421       0.3356   5.38
     5422       0.3354   5.38
     5423       0.3350   5.38
     5424       0.3360   5.38
     5425       0.3356   5.38
     5426       0.3346   5.38
     5427       0.3368   5.38
     5428       0.3363   5.38
     5429       0.3356   5.38
     5430       0.3362   5.38
     5431       0.3358   5.38
     5432       0.3354   5.38
     5433       0.3363   5.38
     5434       0.3363   5.38
     5435       0.3358   5.38
     5436       0.3341   5.38
     5437       0.3355   5.38
     5438       0.3358   5.37
     5439       0.3340   5.38
     5440       0.3353   5.38
     5441       0.3360   5.38
     5442       0.3353   5.38
     5443       0.3357   5.38
     5444       0.3351   5.38
     5445       0.3351   5.38
     5446       0.3356   5.38
     5447       0.3365   5.38
     5448       0.3345   5.38
     5449       0.3360   5.38
     5450       0.3359   5.37
     5451       0.3344   5.37
     5452       0.3357   5.37
     5453       0.3357   5.38
     5454       0.3347   5.38
     5455       0.3342   5.38
     5456       0.3348   5.38
     5457       0.3349   5.38
     5458       0.3347   5.38
     5459       0.3351   5.38
     5460       0.3346   5.38
     5461       0.3357   5.38
     5462       0.3358   5.38
     5463       0.3344   5.38
     5464       0.3358   5.38
     5465       0.3357   5.38
     5466       0.3350   5.38
     5467       0.3357   5.38
     5468       0.3354   5.38
     5469       0.3342   5.38
     5470       0.3358   5.38
     5471       0.3361   5.38
     5472       0.3336   5.38
     5473       0.3358   5.38
     5474       0.3356   5.38
     5475       0.3354   5.38
     5476       0.3360   5.38
     5477       0.3356   5.38
     5478       0.3348   5.38
     5479       0.3355   5.38
     5480       0.3361   5.38
     5481       0.3355   5.38
     5482       0.3367   5.38
     5483       0.3360   5.38
     5484       0.3359   5.38
     5485       0.3353   5.38
     5486       0.3361   5.38
     5487       0.3351   5.38
     5488       0.3357   5.38
     5489       0.3363   5.38
     5490       0.3352   5.38
     5491       0.3357   5.38
     5492       0.3353   5.38
     5493       0.3357   5.38
     5494       0.3347   5.38
     5495       0.3352   5.38
     5496       0.3359   5.38
     5497       0.3350   5.38
     5498       0.3359   5.38
     5499       0.3357   5.38
     5500       0.3337   5.38
     5501       0.3349   5.38
     5502       0.3358   5.38
     5503       0.3353   5.38
     5504       0.3362   5.38
     5505       0.3359   5.38
     5506       0.3357   5.38
     5507       0.3365   5.38
     5508       0.3359   5.38
     5509       0.3355   5.38
     5510       0.3361   5.38
     5511       0.3353   5.37
     5512       0.3351   5.38
     5513       0.3357   5.38
     5514       0.3353   5.37
     5515       0.3347   5.38
     5516       0.3357   5.38
     5517       0.3359   5.38
     5518       0.3336   5.38
     5519       0.3358   5.38
     5520       0.3359   5.38
     5521       0.3349   5.38
     5522       0.3361   5.38
     5523       0.3359   5.38
     5524       0.3356   5.38
     5525       0.3357   5.38
     5526       0.3356   5.38
     5527       0.3353   5.38
     5528       0.3363   5.38
     5529       0.3356   5.38
     5530       0.3348   5.38
     5531       0.3360   5.38
     5532       0.3355   5.38
     5533       0.3362   5.38
     5534       0.3338   5.38
     5535       0.3352   5.38
     5536       0.3352   5.38
     5537       0.3347   5.38
     5538       0.3358   5.38
     5539       0.3357   5.37
     5540       0.3358   5.38
     5541       0.3351   5.38
     5542       0.3350   5.37
     5543       0.3333   5.38
     5544       0.3355   5.38
     5545       0.3355   5.38
     5546       0.3346   5.38
     5547       0.3355   5.38
     5548       0.3359   5.38
     5549       0.3350   5.38
     5550       0.3357   5.38
     5551       0.3355   5.38
     5552       0.3357   5.38
     5553       0.3359   5.38
     5554       0.3357   5.38
     5555       0.3356   5.38
     5556       0.3356   5.38
     5557       0.3360   5.38
     5558       0.3351   5.38
     5559       0.3353   5.38
     5560       0.3358   5.38
     5561       0.3350   5.37
     5562       0.3357   5.37
     5563       0.3358   5.37
     5564       0.3343   5.38
     5565       0.3354   5.38
     5566       0.3352   5.38
     5567       0.3361   5.38
     5568       0.3455   5.38
     5569       0.3361   5.38
     5570       0.3343   5.38
     5571       0.3358   5.38
     5572       0.3356   5.38
     5573       0.3352   5.38
     5574       0.3361   5.38
     5575       0.3357   5.38
     5576       0.3353   5.37
     5577       0.3336   5.38
     5578       0.3358   5.38
     5579       0.3351   5.38
     5580       0.3349   5.38
     5581       0.3362   5.38
     5582       0.3364   5.38
     5583       0.3353   5.38
     5584       0.3366   5.38
     5585       0.3365   5.38
     5586       0.3351   5.38
     5587       0.3364   5.38
     5588       0.3361   5.38
     5589       0.3359   5.38
     5590       0.3355   5.38
     5591       0.3359   5.38
     5592       0.3357   5.37
     5593       0.3361   5.37
     5594       0.3362   5.38
     5595       0.3351   5.38
     5596       0.3360   5.38
     5597       0.3353   5.38
     5598       0.3343   5.38
     5599       0.3360   5.38
     5600       0.3362   5.38
     5601       0.3360   5.38
     5602       0.3360   5.38
     5603       0.3359   5.38
     5604       0.3354   5.37
     5605       0.3354   5.37
     5606       0.3356   5.38
     5607       0.3354   5.38
     5608       0.3361   5.38
     5609       0.3357   5.38
     5610       0.3354   5.38
     5611       0.3353   5.38
     5612       0.3355   5.38
     5613       0.3354   5.38
     5614       0.3363   5.38
     5615       0.3359   5.38
     5616       0.3355   5.38
     5617       0.3357   5.38
     5618       0.3355   5.38
     5619       0.3354   5.38
     5620       0.3350   5.38
     5621       0.3362   5.38
     5622       0.3363   5.38
     5623       0.3349   5.38
     5624       0.3360   5.38
     5625       0.3364   5.38
     5626       0.3343   5.38
     5627       0.3354   5.38
     5628       0.3350   5.38
     5629       0.3353   5.38
     5630       0.3363   5.38
     5631       0.3357   5.38
     5632       0.3363   5.38
     5633       0.3360   5.38
     5634       0.3351   5.38
     5635       0.3349   5.38
     5636       0.3357   5.38
     5637       0.3351   5.38
     5638       0.3352   5.38
     5639       0.3358   5.38
     5640       0.3353   5.38
     5641       0.3350   5.38
     5642       0.3356   5.38
     5643       0.3346   5.38
     5644       0.3348   5.38
     5645       0.3347   5.38
     5646       0.3352   5.38
     5647       0.3353   5.38
     5648       0.3354   5.38
     5649       0.3361   5.38
     5650       0.3359   5.38
     5651       0.3349   5.38
     5652       0.3357   5.38
     5653       0.3352   5.38
     5654       0.3361   5.38
     5655       0.3350   5.38
     5656       0.3351   5.38
     5657       0.3348   5.38
     5658       0.3356   5.38
     5659       0.3346   5.38
     5660       0.3363   5.38
     5661       0.3351   5.38
     5662       0.3342   5.38
     5663       0.3359   5.38
     5664       0.3359   5.38
     5665       0.3350   5.38
     5666       0.3353   5.38
     5667       0.3363   5.38
     5668       0.3350   5.38
     5669       0.3352   5.38
     5670       0.3361   5.38
     5671       0.3364   5.38
     5672       0.3348   5.38
     5673       0.3359   5.38
     5674       0.3363   5.38
     5675       0.3355   5.38
     5676       0.3358   5.38
     5677       0.3360   5.38
     5678       0.3353   5.38
     5679       0.3355   5.38
     5680       0.3352   5.38
     5681       0.3344   5.38
     5682       0.3354   5.38
     5683       0.3353   5.38
     5684       0.3348   5.38
     5685       0.3351   5.38
     5686       0.3361   5.38
     5687       0.3354   5.38
     5688       0.3355   5.38
     5689       0.3364   5.38
     5690       0.3357   5.38
     5691       0.3363   5.38
     5692       0.3358   5.38
     5693       0.3334   5.38
     5694       0.3356   5.38
     5695       0.3361   5.38
     5696       0.3351   5.37
     5697       0.3354   5.37
     5698       0.3355   5.38
     5699       0.3350   5.38
     5700       0.3359   5.38
     5701       0.3355   5.38
     5702       0.3347   5.38
     5703       0.3364   5.38
     5704       0.3361   5.38
     5705       0.3350   5.38
     5706       0.3357   5.38
     5707       0.3358   5.38
     5708       0.3356   5.38
     5709       0.3352   5.38
     5710       0.3354   5.38
     5711       0.3342   5.38
     5712       0.3356   5.38
     5713       0.3359   5.38
     5714       0.3353   5.38
     5715       0.3360   5.38
     5716       0.3356   5.38
     5717       0.3355   5.38
     5718       0.3346   5.38
     5719       0.3365   5.38
     5720       0.3362   5.38
     5721       0.3353   5.38
     5722       0.3356   5.38
     5723       0.3355   5.38
     5724       0.3353   5.38
     5725       0.3357   5.38
     5726       0.3355   5.38
     5727       0.3352   5.38
     5728       0.3355   5.38
     5729       0.3360   5.38
     5730       0.3350   5.38
     5731       0.3357   5.38
     5732       0.3354   5.38
     5733       0.3346   5.38
     5734       0.3357   5.38
     5735       0.3355   5.38
     5736       0.3349   5.38
     5737       0.3359   5.38
     5738       0.3362   5.38
     5739       0.3353   5.38
     5740       0.3360   5.38
     5741       0.3359   5.38
     5742       0.3348   5.38
     5743       0.3351   5.38
     5744       0.3362   5.38
     5745       0.3354   5.38
     5746       0.3353   5.38
     5747       0.3354   5.38
     5748       0.3342   5.38
     5749       0.3357   5.38
     5750       0.3359   5.38
     5751       0.3355   5.38
     5752       0.3358   5.38
     5753       0.3354   5.38
     5754       0.3347   5.38
     5755       0.3352   5.38
     5756       0.3350   5.38
     5757       0.3343   5.38
     5758       0.3350   5.38
     5759       0.3353   5.38
     5760       0.3348   5.38
     5761       0.3358   5.38
     5762       0.3359   5.38
     5763       0.3349   5.38
     5764       0.3354   5.38
     5765       0.3353   5.38
     5766       0.3350   5.38
     5767       0.3345   5.38
     5768       0.3357   5.38
     5769       0.3360   5.38
     5770       0.3344   5.38
     5771       0.3361   5.38
     5772       0.3354   5.38
     5773       0.3350   5.38
     5774       0.3360   5.38
     5775       0.3355   5.38
     5776       0.3348   5.38
     5777       0.3355   5.38
     5778       0.3355   5.38
     5779       0.3350   5.38
     5780       0.3358   5.38
     5781       0.3361   5.38
     5782       0.3346   5.38
     5783       0.3357   5.38
     5784       0.3360   5.38
     5785       0.3346   5.38
     5786       0.3353   5.38
     5787       0.3361   5.38
     5788       0.3349   5.38
     5789       0.3358   5.38
     5790       0.3355   5.38
     5791       0.3345   5.38
     5792       0.3346   5.38
     5793       0.3350   5.38
     5794       0.3351   5.38
     5795       0.3352   5.38
     5796       0.3349   5.38
     5797       0.3357   5.38
     5798       0.3356   5.38
     5799       0.3357   5.38
     5800       0.3345   5.38
     5801       0.3353   5.38
     5802       0.3356   5.38
     5803       0.3351   5.38
     5804       0.3360   5.38
     5805       0.3361   5.38
     5806       0.3354   5.38
     5807       0.3361   5.38
     5808       0.3360   5.38
     5809       0.3348   5.38
     5810       0.3362   5.38
     5811       0.3363   5.38
     5812       0.3351   5.38
     5813       0.3360   5.38
     5814       0.3353   5.38
     5815       0.3351   5.38
     5816       0.3345   5.38
     5817       0.3355   5.38
     5818       0.3361   5.38
     5819       0.3337   5.38
     5820       0.3352   5.38
     5821       0.3358   5.38
     5822       0.3341   5.38
     5823       0.3349   5.38
     5824       0.3360   5.38
     5825       0.3350   5.38
     5826       0.3356   5.38
     5827       0.3360   5.38
     5828       0.3356   5.38
     5829       0.3364   5.38
     5830       0.3353   5.38
     5831       0.3340   5.38
     5832       0.3357   5.38
     5833       0.3352   5.38
     5834       0.3357   5.38
     5835       0.3363   5.38
     5836       0.3359   5.38
     5837       0.3354   5.38
     5838       0.3363   5.38
     5839       0.3354   5.38
     5840       0.3356   5.38
     5841       0.3359   5.38
     5842       0.3362   5.38
     5843       0.3346   5.38
     5844       0.3353   5.38
     5845       0.3359   5.38
     5846       0.3341   5.38
     5847       0.3363   5.38
     5848       0.3362   5.38
     5849       0.3359   5.38
     5850       0.3368   5.38
     5851       0.3358   5.38
     5852       0.3351   5.38
     5853       0.3363   5.38
     5854       0.3354   5.38
     5855       0.3349   5.38
     5856       0.3359   5.38
     5857       0.3355   5.38
     5858       0.3351   5.38
     5859       0.3357   5.38
     5860       0.3358   5.38
     5861       0.3352   5.38
     5862       0.3352   5.38
     5863       0.3356   5.38
     5864       0.3361   5.38
     5865       0.3351   5.38
     5866       0.3352   5.38
     5867       0.3356   5.38
     5868       0.3348   5.38
     5869       0.3359   5.38
     5870       0.3358   5.38
     5871       0.3348   5.38
     5872       0.3359   5.38
     5873       0.3355   5.38
     5874       0.3346   5.38
     5875       0.3341   5.38
     5876       0.3346   5.38
     5877       0.3352   5.38
     5878       0.3360   5.38
     5879       0.3359   5.38
     5880       0.3351   5.38
     5881       0.3359   5.38
     5882       0.3358   5.37
     5883       0.3347   5.38
     5884       0.3357   5.38
     5885       0.3359   5.38
     5886       0.3358   5.38
     5887       0.3361   5.38
     5888       0.3361   5.38
     5889       0.3342   5.38
     5890       0.3353   5.38
     5891       0.3353   5.38
     5892       0.3345   5.37
     5893       0.3367   5.37
     5894       0.3360   5.38
     5895       0.3350   5.38
     5896       0.3354   5.38
     5897       0.3360   5.38
     5898       0.3352   5.37
     5899       0.3365   5.37
     5900       0.3356   5.37
     5901       0.3353   5.38
     5902       0.3366   5.38
     5903       0.3354   5.38
     5904       0.3352   5.38
     5905       0.3351   5.38
     5906       0.3358   5.38
     5907       0.3359   5.38
     5908       0.3345   5.38
     5909       0.3356   5.38
     5910       0.3363   5.38
     5911       0.3351   5.38
     5912       0.3356   5.38
     5913       0.3350   5.38
     5914       0.3352   5.38
     5915       0.3353   5.38
     5916       0.3357   5.38
     5917       0.3352   5.38
     5918       0.3357   5.38
     5919       0.3360   5.38
     5920       0.3355   5.38
     5921       0.3349   5.38
     5922       0.3363   5.38
     5923       0.3357   5.37
     5924       0.3365   5.37
     5925       0.3363   5.38
     5926       0.3341   5.38
     5927       0.3360   5.38
     5928       0.3362   5.38
     5929       0.3345   5.38
     5930       0.3357   5.38
     5931       0.3366   5.38
     5932       0.3341   5.38
     5933       0.3349   5.38
     5934       0.3349   5.37
     5935       0.3352   5.38
     5936       0.3346   5.38
     5937       0.3355   5.38
     5938       0.3356   5.38
     5939       0.3355   5.38
     5940       0.3356   5.38
     5941       0.3350   5.38
     5942       0.3356   5.38
     5943       0.3359   5.38
     5944       0.3350   5.38
     5945       0.3356   5.38
     5946       0.3362   5.38
     5947       0.3353   5.38
     5948       0.3355   5.38
     5949       0.3354   5.38
     5950       0.3354   5.38
     5951       0.3355   5.38
     5952       0.3354   5.38
     5953       0.3350   5.38
     5954       0.3362   5.38
     5955       0.3358   5.37
     5956       0.3357   5.38
     5957       0.3346   5.38
     5958       0.3351   5.38
     5959       0.3364   5.37
     5960       0.3350   5.38
     5961       0.3357   5.38
     5962       0.3363   5.38
     5963       0.3348   5.38
     5964       0.3357   5.38
     5965       0.3354   5.38
     5966       0.3345   5.38
     5967       0.3360   5.38
     5968       0.3353   5.38
     5969       0.3350   5.38
     5970       0.3358   5.38
     5971       0.3354   5.38
     5972       0.3351   5.38
     5973       0.3359   5.38
     5974       0.3356   5.38
     5975       0.3357   5.38
     5976       0.3350   5.38
     5977       0.3348   5.38
     5978       0.3339   5.38
     5979       0.3354   5.38
     5980       0.3357   5.38
     5981       0.3340   5.38
     5982       0.3351   5.38
     5983       0.3349   5.38
     5984       0.3352   5.38
     5985       0.3355   5.38
     5986       0.3358   5.38
     5987       0.3346   5.38
     5988       0.3355   5.38
     5989       0.3357   5.38
     5990       0.3362   5.38
     5991       0.3355   5.38
     5992       0.3356   5.38
     5993       0.3347   5.38
     5994       0.3353   5.38
     5995       0.3358   5.38
     5996       0.3349   5.38
     5997       0.3359   5.38
     5998       0.3353   5.38
     5999       0.3350   5.38
     6000       0.3361   5.38
     6001       0.3356   5.38
     6002       0.3357   5.38
     6003       0.3359   5.38
     6004       0.3359   5.38
     6005       0.3367   5.38
     6006       0.3360   5.38
     6007       0.3363   5.38
     6008       0.3355   5.38
     6009       0.3349   5.38
     6010       0.3353   5.38
     6011       0.3357   5.38
     6012       0.3341   5.38
     6013       0.3360   5.38
     6014       0.3356   5.38
     6015       0.3353   5.38
     6016       0.3363   5.38
     6017       0.3357   5.38
     6018       0.3353   5.38
     6019       0.3359   5.38
     6020       0.3357   5.38
     6021       0.3354   5.38
     6022       0.3358   5.38
     6023       0.3358   5.38
     6024       0.3354   5.38
     6025       0.3364   5.38
     6026       0.3362   5.38
     6027       0.3347   5.38
     6028       0.3358   5.38
     6029       0.3360   5.38
     6030       0.3356   5.38
     6031       0.3359   5.38
     6032       0.3355   5.37
     6033       0.3351   5.38
     6034       0.3350   5.38
     6035       0.3351   5.38
     6036       0.3350   5.38
     6037       0.3353   5.38
     6038       0.3355   5.38
     6039       0.3360   5.38
     6040       0.3356   5.38
     6041       0.3360   5.38
     6042       0.3335   5.38
     6043       0.3356   5.38
     6044       0.3358   5.37
     6045       0.3349   5.38
     6046       0.3359   5.38
     6047       0.3354   5.38
     6048       0.3353   5.38
     6049       0.3354   5.38
     6050       0.3360   5.38
     6051       0.3359   5.38
     6052       0.3354   5.37
     6053       0.3352   5.37
     6054       0.3358   5.38
     6055       0.3341   5.38
     6056       0.3358   5.38
     6057       0.3353   5.38
     6058       0.3348   5.38
     6059       0.3358   5.38
     6060       0.3353   5.38
     6061       0.3345   5.38
     6062       0.3363   5.38
     6063       0.3358   5.38
     6064       0.3348   5.38
     6065       0.3357   5.38
     6066       0.3356   5.38
     6067       0.3356   5.38
     6068       0.3358   5.38
     6069       0.3361   5.38
     6070       0.3351   5.38
     6071       0.3362   5.38
     6072       0.3360   5.38
     6073       0.3356   5.37
     6074       0.3364   5.37
     6075       0.3358   5.38
     6076       0.3355   5.37
     6077       0.3355   5.37
     6078       0.3359   5.38
     6079       0.3345   5.38
     6080       0.3363   5.38
     6081       0.3357   5.37
     6082       0.3354   5.37
     6083       0.3359   5.37
     6084       0.3350   5.38
     6085       0.3350   5.37
     6086       0.3364   5.37
     6087       0.3350   5.38
     6088       0.3349   5.38
     6089       0.3367   5.38
     6090       0.3355   5.38
     6091       0.3350   5.38
     6092       0.3350   5.38
     6093       0.3360   5.38
     6094       0.3345   5.37
     6095       0.3357   5.37
     6096       0.3357   5.38
     6097       0.3361   5.37
     6098       0.3351   5.38
     6099       0.3358   5.38
     6100       0.3358   5.38
     6101       0.3346   5.38
     6102       0.3353   5.38
     6103       0.3357   5.38
     6104       0.3342   5.38
     6105       0.3348   5.38
     6106       0.3360   5.38
     6107       0.3353   5.38
     6108       0.3361   5.38
     6109       0.3363   5.38
     6110       0.3352   5.38
     6111       0.3354   5.38
     6112       0.3361   5.38
     6113       0.3347   5.38
     6114       0.3355   5.38
     6115       0.3348   5.38
     6116       0.3349   5.38
     6117       0.3364   5.38
     6118       0.3359   5.38
     6119       0.3352   5.38
     6120       0.3359   5.38
     6121       0.3356   5.38
     6122       0.3363   5.38
     6123       0.3363   5.38
     6124       0.3360   5.38
     6125       0.3346   5.38
     6126       0.3354   5.38
     6127       0.3360   5.38
     6128       0.3355   5.37
     6129       0.3358   5.37
     6130       0.3349   5.38
     6131       0.3339   5.38
     6132       0.3362   5.38
     6133       0.3359   5.37
     6134       0.3356   5.38
     6135       0.3359   5.38
     6136       0.3356   5.38
     6137       0.3359   5.38
     6138       0.3361   5.38
     6139       0.3371   5.38
     6140       0.3362   5.37
     6141       0.3353   5.37
     6142       0.3358   5.37
     6143       0.3358   5.38
     6144       0.3354   5.38
     6145       0.3365   5.38
     6146       0.3357   5.38
     6147       0.3346   5.38
     6148       0.3361   5.38
     6149       0.3355   5.37
     6150       0.3356   5.38
     6151       0.3354   5.38
     6152       0.3349   5.38
     6153       0.3344   5.37
     6154       0.3354   5.37
     6155       0.3352   5.38
     6156       0.3349   5.38
     6157       0.3358   5.38
     6158       0.3360   5.38
     6159       0.3354   5.38
     6160       0.3356   5.38
     6161       0.3345   5.38
     6162       0.3345   5.38
     6163       0.3357   5.38
     6164       0.3357   5.38
     6165       0.3337   5.38
     6166       0.3352   5.38
     6167       0.3356   5.38
     6168       0.3354   5.38
     6169       0.3359   5.38
     6170       0.3356   5.38
     6171       0.3346   5.38
     6172       0.3354   5.38
     6173       0.3355   5.38
     6174       0.3346   5.38
     6175       0.3358   5.38
     6176       0.3360   5.38
     6177       0.3348   5.38
     6178       0.3358   5.38
     6179       0.3355   5.38
     6180       0.3341   5.38
     6181       0.3357   5.38
     6182       0.3361   5.38
     6183       0.3347   5.38
     6184       0.3359   5.38
     6185       0.3358   5.38
     6186       0.3350   5.38
     6187       0.3456   5.38
     6188       0.3363   5.38
     6189       0.3357   5.38
     6190       0.3355   5.38
     6191       0.3358   5.38
     6192       0.3352   5.38
     6193       0.3352   5.38
     6194       0.3362   5.38
     6195       0.3358   5.38
     6196       0.3343   5.38
     6197       0.3356   5.38
     6198       0.3355   5.38
     6199       0.3348   5.38
     6200       0.3355   5.38
     6201       0.3360   5.38
     6202       0.3351   5.38
     6203       0.3354   5.38
     6204       0.3351   5.38
     6205       0.3350   5.38
     6206       0.3356   5.38
     6207       0.3358   5.38
     6208       0.3360   5.38
     6209       0.3356   5.38
     6210       0.3353   5.38
     6211       0.3348   5.38
     6212       0.3355   5.38
     6213       0.3349   5.38
     6214       0.3350   5.38
     6215       0.3363   5.38
     6216       0.3355   5.38
     6217       0.3346   5.38
     6218       0.3353   5.38
     6219       0.3404   5.38
     6220       0.3351   5.38
     6221       0.3358   5.38
     6222       0.3351   5.38
     6223       0.3355   5.38
     6224       0.3348   5.38
     6225       0.3347   5.38
     6226       0.3352   5.38
     6227       0.3349   5.38
     6228       0.3355   5.38
     6229       0.3355   5.38
     6230       0.3356   5.38
     6231       0.3359   5.38
     6232       0.3354   5.38
     6233       0.3356   5.38
     6234       0.3357   5.38
     6235       0.3358   5.38
     6236       0.3353   5.38
     6237       0.3353   5.38
     6238       0.3358   5.38
     6239       0.3343   5.38
     6240       0.3357   5.38
     6241       0.3356   5.37
     6242       0.3356   5.38
     6243       0.3357   5.38
     6244       0.3347   5.38
     6245       0.3340   5.38
     6246       0.3350   5.38
     6247       0.3357   5.38
     6248       0.3355   5.37
     6249       0.3352   5.37
     6250       0.3342   5.38
     6251       0.3345   5.38
     6252       0.3353   5.38
     6253       0.3357   5.38
     6254       0.3353   5.38
     6255       0.3357   5.38
     6256       0.3351   5.38
     6257       0.3355   5.38
     6258       0.3356   5.38
     6259       0.3354   5.38
     6260       0.3356   5.38
     6261       0.3352   5.38
     6262       0.3359   5.38
     6263       0.3348   5.38
     6264       0.3353   5.38
     6265       0.3348   5.38
     6266       0.3349   5.38
     6267       0.3356   5.38
     6268       0.3351   5.38
     6269       0.3350   5.38
     6270       0.3351   5.38
     6271       0.3347   5.38
     6272       0.3340   5.38
     6273       0.3357   5.38
     6274       0.3350   5.38
     6275       0.3346   5.38
     6276       0.3357   5.38
     6277       0.3355   5.38
     6278       0.3347   5.38
     6279       0.3349   5.38
     6280       0.3353   5.38
     6281       0.3352   5.38
     6282       0.3356   5.38
     6283       0.3355   5.38
     6284       0.3356   5.38
     6285       0.3354   5.38
     6286       0.3352   5.38
     6287       0.3347   5.38
     6288       0.3353   5.38
     6289       0.3352   5.38
     6290       0.3355   5.38
     6291       0.3351   5.38
     6292       0.3355   5.38
     6293       0.3355   5.38
     6294       0.3353   5.38
     6295       0.3368   5.38
     6296       0.3365   5.38
     6297       0.3347   5.38
     6298       0.3345   5.38
     6299       0.3351   5.38
     6300       0.3352   5.38
     6301       0.3361   5.38
     6302       0.3360   5.38
     6303       0.3348   5.38
     6304       0.3358   5.38
     6305       0.3357   5.38
     6306       0.3354   5.38
     6307       0.3356   5.38
     6308       0.3359   5.38
     6309       0.3350   5.38
     6310       0.3351   5.38
     6311       0.3352   5.38
     6312       0.3341   5.38
     6313       0.3364   5.38
     6314       0.3356   5.38
     6315       0.3355   5.38
     6316       0.3361   5.38
     6317       0.3358   5.38
     6318       0.3354   5.38
     6319       0.3368   5.38
     6320       0.3351   5.38
     6321       0.3351   5.37
     6322       0.3355   5.37
     6323       0.3360   5.38
     6324       0.3349   5.38
     6325       0.3362   5.38
     6326       0.3360   5.38
     6327       0.3354   5.38
     6328       0.3362   5.38
     6329       0.3359   5.37
     6330       0.3352   5.38
     6331       0.3359   5.38
     6332       0.3349   5.38
     6333       0.3357   5.38
     6334       0.3351   5.38
     6335       0.3354   5.38
     6336       0.3353   5.38
     6337       0.3349   5.38
     6338       0.3354   5.38
     6339       0.3357   5.38
     6340       0.3351   5.38
     6341       0.3358   5.38
     6342       0.3358   5.38
     6343       0.3342   5.38
     6344       0.3350   5.38
     6345       0.3362   5.38
     6346       0.3356   5.38
     6347       0.3350   5.38
     6348       0.3356   5.38
     6349       0.3354   5.38
     6350       0.3359   5.38
     6351       0.3358   5.38
     6352       0.3345   5.38
     6353       0.3356   5.38
     6354       0.3346   5.38
     6355       0.3350   5.38
     6356       0.3348   5.38
     6357       0.3353   5.38
     6358       0.3350   5.38
     6359       0.3357   5.38
     6360       0.3355   5.38
     6361       0.3342   5.38
     6362       0.3359   5.38
     6363       0.3365   5.38
     6364       0.3355   5.38
     6365       0.3359   5.38
     6366       0.3360   5.38
     6367       0.3351   5.38
     6368       0.3366   5.38
     6369       0.3361   5.38
     6370       0.3354   5.38
     6371       0.3357   5.38
     6372       0.3363   5.37
     6373       0.3355   5.38
     6374       0.3349   5.38
     6375       0.3361   5.38
     6376       0.3351   5.37
     6377       0.3359   5.37
     6378       0.3353   5.38
     6379       0.3355   5.38
     6380       0.3356   5.38
     6381       0.3363   5.38
     6382       0.3361   5.38
     6383       0.3354   5.38
     6384       0.3353   5.38
     6385       0.3351   5.38
     6386       0.3350   5.38
     6387       0.3361   5.38
     6388       0.3361   5.38
     6389       0.3361   5.38
     6390       0.3361   5.38
     6391       0.3349   5.38
     6392       0.3353   5.38
     6393       0.3361   5.38
     6394       0.3362   5.38
     6395       0.3336   5.38
     6396       0.3352   5.38
     6397       0.3356   5.38
     6398       0.3354   5.38
     6399       0.3360   5.38
     6400       0.3356   5.38
     6401       0.3343   5.38
     6402       0.3353   5.38
     6403       0.3356   5.38
     6404       0.3356   5.38
     6405       0.3353   5.38
     6406       0.3355   5.38
     6407       0.3353   5.38
     6408       0.3356   5.38
     6409       0.3352   5.38
     6410       0.3346   5.38
     6411       0.3349   5.38
     6412       0.3356   5.38
     6413       0.3348   5.38
     6414       0.3360   5.38
     6415       0.3355   5.38
     6416       0.3342   5.38
     6417       0.3352   5.38
     6418       0.3348   5.38
     6419       0.3347   5.38
     6420       0.3358   5.38
     6421       0.3353   5.38
     6422       0.3358   5.38
     6423       0.3358   5.38
     6424       0.3357   5.38
     6425       0.3353   5.38
     6426       0.3359   5.38
     6427       0.3352   5.38
     6428       0.3360   5.38
     6429       0.3342   5.38
     6430       0.3350   5.38
     6431       0.3356   5.38
     6432       0.3354   5.38
     6433       0.3357   5.38
     6434       0.3355   5.38
     6435       0.3350   5.38
     6436       0.3360   5.38
     6437       0.3363   5.38
     6438       0.3363   5.38
     6439       0.3362   5.38
     6440       0.3368   5.38
     6441       0.3350   5.38
     6442       0.3355   5.38
     6443       0.3356   5.38
     6444       0.3352   5.38
     6445       0.3364   5.38
     6446       0.3354   5.38
     6447       0.3354   5.38
     6448       0.3365   5.38
     6449       0.3352   5.38
     6450       0.3352   5.38
     6451       0.3359   5.38
     6452       0.3361   5.38
     6453       0.3343   5.38
     6454       0.3356   5.38
     6455       0.3359   5.38
     6456       0.3341   5.38
     6457       0.3362   5.38
     6458       0.3357   5.38
     6459       0.3350   5.38
     6460       0.3357   5.38
     6461       0.3356   5.38
     6462       0.3352   5.38
     6463       0.3355   5.38
     6464       0.3352   5.38
     6465       0.3350   5.38
     6466       0.3357   5.38
     6467       0.3344   5.38
     6468       0.3344   5.38
     6469       0.3356   5.38
     6470       0.3350   5.38
     6471       0.3348   5.38
     6472       0.3357   5.38
     6473       0.3359   5.38
     6474       0.3355   5.38
     6475       0.3360   5.38
     6476       0.3355   5.38
     6477       0.3355   5.38
     6478       0.3355   5.38
     6479       0.3362   5.38
     6480       0.3361   5.38
     6481       0.3354   5.38
     6482       0.3360   5.38
     6483       0.3363   5.38
     6484       0.3353   5.38
     6485       0.3450   5.38
     6486       0.3362   5.38
     6487       0.3359   5.38
     6488       0.3362   5.38
     6489       0.3357   5.37
     6490       0.3348   5.38
     6491       0.3357   5.38
     6492       0.3357   5.38
     6493       0.3346   5.38
     6494       0.3359   5.38
     6495       0.3353   5.38
     6496       0.3354   5.38
     6497       0.3358   5.38
     6498       0.3353   5.38
     6499       0.3350   5.38
     6500       0.3354   5.38
     6501       0.3356   5.38
     6502       0.3347   5.38
     6503       0.3357   5.38
     6504       0.3353   5.38
     6505       0.3346   5.38
     6506       0.3359   5.38
     6507       0.3358   5.38
     6508       0.3353   5.38
     6509       0.3359   5.38
     6510       0.3355   5.38
     6511       0.3353   5.38
     6512       0.3357   5.38
     6513       0.3359   5.38
     6514       0.3353   5.38
     6515       0.3356   5.38
     6516       0.3352   5.38
     6517       0.3351   5.38
     6518       0.3355   5.38
     6519       0.3356   5.38
     6520       0.3358   5.37
     6521       0.3349   5.38
     6522       0.3351   5.38
     6523       0.3357   5.38
     6524       0.3349   5.38
     6525       0.3353   5.38
     6526       0.3357   5.38
     6527       0.3349   5.38
     6528       0.3346   5.38
     6529       0.3352   5.38
     6530       0.3349   5.38
     6531       0.3354   5.38
     6532       0.3353   5.38
     6533       0.3360   5.38
     6534       0.3349   5.38
     6535       0.3352   5.38
     6536       0.3345   5.38
     6537       0.3360   5.38
     6538       0.3361   5.38
     6539       0.3351   5.38
     6540       0.3364   5.38
     6541       0.3361   5.38
     6542       0.3340   5.38
     6543       0.3362   5.38
     6544       0.3357   5.38
     6545       0.3357   5.37
     6546       0.3360   5.37
     6547       0.3356   5.38
     6548       0.3351   5.38
     6549       0.3355   5.38
     6550       0.3350   5.38
     6551       0.3349   5.38
     6552       0.3357   5.38
     6553       0.3356   5.38
     6554       0.3349   5.38
     6555       0.3355   5.38
     6556       0.3357   5.38
     6557       0.3349   5.38
     6558       0.3357   5.38
     6559       0.3357   5.38
     6560       0.3348   5.38
     6561       0.3354   5.38
     6562       0.3361   5.38
     6563       0.3355   5.38
     6564       0.3355   5.38
     6565       0.3360   5.38
     6566       0.3362   5.38
     6567       0.3367   5.38
     6568       0.3359   5.38
     6569       0.3353   5.38
     6570       0.3351   5.38
     6571       0.3354   5.38
     6572       0.3361   5.38
     6573       0.3350   5.38
     6574       0.3360   5.38
     6575       0.3360   5.38
     6576       0.3348   5.38
     6577       0.3351   5.38
     6578       0.3350   5.38
     6579       0.3346   5.38
     6580       0.3351   5.38
     6581       0.3360   5.38
     6582       0.3352   5.38
     6583       0.3354   5.38
     6584       0.3362   5.38
     6585       0.3359   5.38
     6586       0.3369   5.38
     6587       0.3367   5.38
     6588       0.3351   5.38
     6589       0.3367   5.38
     6590       0.3362   5.37
     6591       0.3355   5.38
     6592       0.3354   5.38
     6593       0.3348   5.38
     6594       0.3356   5.38
     6595       0.3370   5.38
     6596       0.3356   5.38
     6597       0.3358   5.38
     6598       0.3358   5.38
     6599       0.3362   5.38
     6600       0.3358   5.38
     6601       0.3355   5.38
     6602       0.3367   5.37
     6603       0.3352   5.38
     6604       0.3356   5.38
     6605       0.3356   5.38
     6606       0.3348   5.38
     6607       0.3355   5.38
     6608       0.3357   5.38
     6609       0.3352   5.38
     6610       0.3349   5.38
     6611       0.3361   5.38
     6612       0.3355   5.38
     6613       0.3352   5.38
     6614       0.3353   5.38
     6615       0.3362   5.38
     6616       0.3341   5.38
     6617       0.3358   5.38
     6618       0.3360   5.38
     6619       0.3351   5.38
     6620       0.3360   5.38
     6621       0.3354   5.38
     6622       0.3354   5.38
     6623       0.3360   5.38
     6624       0.3352   5.38
     6625       0.3349   5.38
     6626       0.3352   5.38
     6627       0.3361   5.38
     6628       0.3351   5.38
     6629       0.3359   5.38
     6630       0.3356   5.38
     6631       0.3346   5.38
     6632       0.3356   5.38
     6633       0.3359   5.38
     6634       0.3352   5.37
     6635       0.3362   5.37
     6636       0.3356   5.38
     6637       0.3346   5.38
     6638       0.3359   5.38
     6639       0.3363   5.38
     6640       0.3354   5.38
     6641       0.3361   5.38
     6642       0.3363   5.38
     6643       0.3358   5.38
     6644       0.3366   5.38
     6645       0.3363   5.38
     6646       0.3353   5.38
     6647       0.3358   5.38
     6648       0.3357   5.38
     6649       0.3346   5.38
     6650       0.3366   5.38
     6651       0.3360   5.38
     6652       0.3350   5.38
     6653       0.3363   5.38
     6654       0.3358   5.37
     6655       0.3358   5.38
     6656       0.3354   5.38
     6657       0.3356   5.38
     6658       0.3362   5.38
     6659       0.3359   5.38
     6660       0.3364   5.38
     6661       0.3355   5.38
     6662       0.3358   5.38
     6663       0.3363   5.38
     6664       0.3362   5.38
     6665       0.3360   5.38
     6666       0.3356   5.38
     6667       0.3354   5.38
     6668       0.3356   5.37
     6669       0.3359   5.37
     6670       0.3357   5.38
     6671       0.3357   5.38
     6672       0.3359   5.38
     6673       0.3359   5.38
     6674       0.3349   5.38
     6675       0.3362   5.38
     6676       0.3355   5.37
     6677       0.3360   5.38
     6678       0.3361   5.38
     6679       0.3364   5.38
     6680       0.3358   5.38
     6681       0.3359   5.38
     6682       0.3363   5.38
     6683       0.3359   5.38
     6684       0.3364   5.38
     6685       0.3360   5.38
     6686       0.3361   5.37
     6687       0.3360   5.37
     6688       0.3357   5.37
     6689       0.3357   5.38
     6690       0.3353   5.38
     6691       0.3353   5.38
     6692       0.3354   5.38
     6693       0.3351   5.38
     6694       0.3352   5.37
     6695       0.3350   5.37
     6696       0.3355   5.37
     6697       0.3360   5.38
     6698       0.3351   5.38
     6699       0.3360   5.38
     6700       0.3357   5.38
     6701       0.3369   5.38
     6702       0.3348   5.38
     6703       0.3355   5.38
     6704       0.3353   5.38
     6705       0.3347   5.38
     6706       0.3355   5.38
     6707       0.3366   5.38
     6708       0.3345   5.38
     6709       0.3353   5.38
     6710       0.3360   5.38
     6711       0.3360   5.38
     6712       0.3361   5.38
     6713       0.3358   5.38
     6714       0.3352   5.38
     6715       0.3354   5.38
     6716       0.3354   5.38
     6717       0.3357   5.38
     6718       0.3358   5.38
     6719       0.3356   5.38
     6720       0.3353   5.38
     6721       0.3360   5.38
     6722       0.3356   5.38
     6723       0.3340   5.38
     6724       0.3354   5.38
     6725       0.3357   5.38
     6726       0.3354   5.38
     6727       0.3359   5.38
     6728       0.3357   5.38
     6729       0.3351   5.38
     6730       0.3354   5.38
     6731       0.3360   5.38
     6732       0.3356   5.38
     6733       0.3367   5.38
     6734       0.3353   5.38
     6735       0.3354   5.38
     6736       0.3356   5.38
     6737       0.3356   5.38
     6738       0.3340   5.38
     6739       0.3351   5.38
     6740       0.3357   5.38
     6741       0.3342   5.38
     6742       0.3357   5.38
     6743       0.3356   5.38
     6744       0.3353   5.38
     6745       0.3357   5.38
     6746       0.3360   5.38
     6747       0.3351   5.38
     6748       0.3350   5.38
     6749       0.3361   5.38
     6750       0.3360   5.38
     6751       0.3347   5.38
     6752       0.3359   5.38
     6753       0.3349   5.38
     6754       0.3351   5.38
     6755       0.3356   5.38
     6756       0.3352   5.38
     6757       0.3343   5.38
     6758       0.3359   5.38
     6759       0.3359   5.38
     6760       0.3357   5.38
     6761       0.3359   5.38
     6762       0.3352   5.38
     6763       0.3353   5.38
     6764       0.3356   5.38
     6765       0.3355   5.38
     6766       0.3356   5.38
     6767       0.3358   5.38
     6768       0.3359   5.38
     6769       0.3355   5.38
     6770       0.3359   5.38
     6771       0.3362   5.38
     6772       0.3350   5.38
     6773       0.3363   5.38
     6774       0.3363   5.38
     6775       0.3350   5.38
     6776       0.3361   5.38
     6777       0.3363   5.38
     6778       0.3356   5.38
     6779       0.3359   5.38
     6780       0.3357   5.38
     6781       0.3349   5.38
     6782       0.3362   5.38
     6783       0.3356   5.38
     6784       0.3349   5.38
     6785       0.3361   5.38
     6786       0.3354   5.37
     6787       0.3356   5.38
     6788       0.3337   5.38
     6789       0.3354   5.38
     6790       0.3349   5.38
     6791       0.3360   5.38
     6792       0.3360   5.38
     6793       0.3358   5.38
     6794       0.3352   5.38
     6795       0.3361   5.38
     6796       0.3359   5.38
     6797       0.3353   5.38
     6798       0.3360   5.38
     6799       0.3358   5.38
     6800       0.3358   5.38
     6801       0.3361   5.38
     6802       0.3356   5.37
     6803       0.3342   5.38
     6804       0.3355   5.38
     6805       0.3357   5.38
     6806       0.3348   5.37
     6807       0.3448   5.37
     6808       0.3348   5.37
     6809       0.3343   5.38
     6810       0.3358   5.38
     6811       0.3352   5.38
     6812       0.3346   5.38
     6813       0.3355   5.38
     6814       0.3349   5.38
     6815       0.3346   5.38
     6816       0.3362   5.38
     6817       0.3358   5.38
     6818       0.3350   5.38
     6819       0.3352   5.38
     6820       0.3354   5.38
     6821       0.3352   5.38
     6822       0.3350   5.38
     6823       0.3359   5.38
     6824       0.3353   5.38
     6825       0.3358   5.38
     6826       0.3353   5.37
     6827       0.3354   5.38
     6828       0.3354   5.38
     6829       0.3352   5.38
     6830       0.3351   5.38
     6831       0.3354   5.38
     6832       0.3356   5.38
     6833       0.3350   5.38
     6834       0.3359   5.38
     6835       0.3356   5.38
     6836       0.3356   5.38
     6837       0.3356   5.38
     6838       0.3358   5.38
     6839       0.3357   5.38
     6840       0.3355   5.38
     6841       0.3362   5.38
     6842       0.3360   5.38
     6843       0.3349   5.38
     6844       0.3361   5.38
     6845       0.3350   5.38
     6846       0.3355   5.38
     6847       0.3363   5.38
     6848       0.3360   5.38
     6849       0.3352   5.38
     6850       0.3362   5.38
     6851       0.3353   5.38
     6852       0.3344   5.38
     6853       0.3357   5.38
     6854       0.3356   5.38
     6855       0.3352   5.38
     6856       0.3360   5.38
     6857       0.3361   5.38
     6858       0.3349   5.38
     6859       0.3355   5.38
     6860       0.3355   5.37
     6861       0.3360   5.38
     6862       0.3364   5.38
     6863       0.3367   5.38
     6864       0.3357   5.38
     6865       0.3354   5.38
     6866       0.3353   5.38
     6867       0.3352   5.38
     6868       0.3358   5.38
     6869       0.3353   5.38
     6870       0.3352   5.38
     6871       0.3357   5.38
     6872       0.3355   5.38
     6873       0.3347   5.38
     6874       0.3357   5.38
     6875       0.3355   5.38
     6876       0.3353   5.38
     6877       0.3362   5.38
     6878       0.3357   5.38
     6879       0.3350   5.38
     6880       0.3356   5.38
     6881       0.3354   5.38
     6882       0.3344   5.38
     6883       0.3355   5.38
     6884       0.3351   5.38
     6885       0.3353   5.38
     6886       0.3354   5.38
     6887       0.3357   5.38
     6888       0.3353   5.38
     6889       0.3357   5.38
     6890       0.3352   5.38
     6891       0.3357   5.38
     6892       0.3344   5.38
     6893       0.3358   5.38
     6894       0.3363   5.38
     6895       0.3349   5.38
     6896       0.3360   5.38
     6897       0.3366   5.38
     6898       0.3338   5.38
     6899       0.3343   5.38
     6900       0.3360   5.38
     6901       0.3356   5.38
     6902       0.3360   5.38
     6903       0.3359   5.38
     6904       0.3352   5.38
     6905       0.3353   5.38
     6906       0.3362   5.38
     6907       0.3354   5.38
     6908       0.3353   5.38
     6909       0.3356   5.38
     6910       0.3353   5.38
     6911       0.3363   5.38
     6912       0.3359   5.38
     6913       0.3353   5.38
     6914       0.3372   5.38
     6915       0.3359   5.38
     6916       0.3351   5.38
     6917       0.3361   5.38
     6918       0.3358   5.38
     6919       0.3353   5.37
     6920       0.3358   5.37
     6921       0.3366   5.38
     6922       0.3351   5.38
     6923       0.3368   5.38
     6924       0.3358   5.38
     6925       0.3354   5.38
     6926       0.3357   5.38
     6927       0.3360   5.38
     6928       0.3352   5.37
     6929       0.3364   5.37
     6930       0.3357   5.38
     6931       0.3356   5.38
     6932       0.3350   5.38
     6933       0.3357   5.38
     6934       0.3356   5.38
     6935       0.3355   5.38
     6936       0.3358   5.38
     6937       0.3360   5.38
     6938       0.3354   5.38
     6939       0.3363   5.38
     6940       0.3364   5.38
     6941       0.3356   5.38
     6942       0.3356   5.38
     6943       0.3362   5.38
     6944       0.3357   5.38
     6945       0.3356   5.38
     6946       0.3355   5.38
     6947       0.3352   5.38
     6948       0.3359   5.38
     6949       0.3355   5.38
     6950       0.3347   5.38
     6951       0.3348   5.38
     6952       0.3359   5.38
     6953       0.3354   5.38
     6954       0.3360   5.38
     6955       0.3355   5.38
     6956       0.3347   5.38
     6957       0.3361   5.38
     6958       0.3363   5.38
     6959       0.3354   5.38
     6960       0.3361   5.38
     6961       0.3357   5.38
     6962       0.3346   5.38
     6963       0.3362   5.38
     6964       0.3356   5.38
     6965       0.3352   5.38
     6966       0.3359   5.38
     6967       0.3358   5.38
     6968       0.3353   5.38
     6969       0.3354   5.38
     6970       0.3352   5.38
     6971       0.3353   5.38
     6972       0.3363   5.38
     6973       0.3360   5.38
     6974       0.3356   5.38
     6975       0.3350   5.38
     6976       0.3359   5.38
     6977       0.3354   5.38
     6978       0.3348   5.38
     6979       0.3358   5.38
     6980       0.3361   5.38
     6981       0.3354   5.38
     6982       0.3358   5.38
     6983       0.3351   5.38
     6984       0.3350   5.38
     6985       0.3362   5.38
     6986       0.3355   5.38
     6987       0.3356   5.38
     6988       0.3362   5.38
     6989       0.3355   5.38
     6990       0.3347   5.38
     6991       0.3368   5.38
     6992       0.3362   5.38
     6993       0.3349   5.38
     6994       0.3365   5.38
     6995       0.3367   5.38
     6996       0.3352   5.38
     6997       0.3358   5.38
     6998       0.3358   5.38
     6999       0.3347   5.38
     7000       0.3361   5.38
     7001       0.3360   5.38
     7002       0.3353   5.38
     7003       0.3352   5.38
     7004       0.3355   5.38
     7005       0.3349   5.38
     7006       0.3352   5.38
     7007       0.3352   5.38
     7008       0.3345   5.38
     7009       0.3355   5.38
     7010       0.3358   5.38
     7011       0.3344   5.38
     7012       0.3364   5.38
     7013       0.3357   5.38
     7014       0.3350   5.38
     7015       0.3358   5.38
     7016       0.3353   5.38
     7017       0.3354   5.38
     7018       0.3362   5.38
     7019       0.3359   5.38
     7020       0.3353   5.38
     7021       0.3360   5.38
     7022       0.3355   5.38
     7023       0.3361   5.38
     7024       0.3357   5.38
     7025       0.3360   5.38
     7026       0.3363   5.38
     7027       0.3349   5.38
     7028       0.3354   5.38
     7029       0.3353   5.38
     7030       0.3347   5.38
     7031       0.3360   5.38
     7032       0.3359   5.38
     7033       0.3353   5.38
     7034       0.3360   5.38
     7035       0.3363   5.38
     7036       0.3349   5.38
     7037       0.3364   5.38
     7038       0.3357   5.38
     7039       0.3359   5.38
     7040       0.3364   5.38
     7041       0.3366   5.38
     7042       0.3360   5.38
     7043       0.3356   5.38
     7044       0.3356   5.38
     7045       0.3350   5.38
     7046       0.3363   5.38
     7047       0.3357   5.38
     7048       0.3359   5.38
     7049       0.3357   5.38
     7050       0.3360   5.38
     7051       0.3354   5.38
     7052       0.3354   5.38
     7053       0.3357   5.38
     7054       0.3347   5.38
     7055       0.3349   5.38
     7056       0.3356   5.38
     7057       0.3356   5.38
     7058       0.3357   5.38
     7059       0.3358   5.38
     7060       0.3352   5.38
     7061       0.3357   5.38
     7062       0.3359   5.38
     7063       0.3351   5.38
     7064       0.3356   5.38
     7065       0.3360   5.38
     7066       0.3360   5.37
     7067       0.3363   5.37
     7068       0.3355   5.38
     7069       0.3348   5.38
     7070       0.3347   5.38
     7071       0.3357   5.38
     7072       0.3361   5.38
     7073       0.3348   5.38
     7074       0.3359   5.38
     7075       0.3357   5.38
     7076       0.3344   5.38
     7077       0.3354   5.38
     7078       0.3355   5.38
     7079       0.3349   5.38
     7080       0.3356   5.38
     7081       0.3352   5.38
     7082       0.3352   5.38
     7083       0.3353   5.38
     7084       0.3354   5.38
     7085       0.3348   5.38
     7086       0.3355   5.38
     7087       0.3367   5.38
     7088       0.3360   5.38
     7089       0.3358   5.38
     7090       0.3359   5.38
     7091       0.3354   5.38
     7092       0.3357   5.38
     7093       0.3358   5.38
     7094       0.3352   5.38
     7095       0.3355   5.38
     7096       0.3353   5.38
     7097       0.3358   5.37
     7098       0.3358   5.37
     7099       0.3357   5.38
     7100       0.3354   5.38
     7101       0.3359   5.38
     7102       0.3455   5.38
     7103       0.3361   5.38
     7104       0.3356   5.38
     7105       0.3352   5.37
     7106       0.3348   5.38
     7107       0.3355   5.38
     7108       0.3351   5.37
     7109       0.3350   5.38
     7110       0.3353   5.38
     7111       0.3359   5.38
     7112       0.3365   5.38
     7113       0.3339   5.38
     7114       0.3353   5.38
     7115       0.3360   5.38
     7116       0.3346   5.38
     7117       0.3355   5.38
     7118       0.3350   5.38
     7119       0.3350   5.38
     7120       0.3355   5.38
     7121       0.3352   5.38
     7122       0.3347   5.38
     7123       0.3353   5.38
     7124       0.3347   5.38
     7125       0.3337   5.38
     7126       0.3358   5.38
     7127       0.3358   5.38
     7128       0.3348   5.37
     7129       0.3350   5.37
     7130       0.3358   5.38
     7131       0.3356   5.38
     7132       0.3359   5.38
     7133       0.3356   5.38
     7134       0.3350   5.38
     7135       0.3355   5.38
     7136       0.3353   5.38
     7137       0.3343   5.38
     7138       0.3356   5.38
     7139       0.3356   5.38
     7140       0.3352   5.38
     7141       0.3350   5.38
     7142       0.3351   5.38
     7143       0.3343   5.38
     7144       0.3358   5.38
     7145       0.3356   5.38
     7146       0.3352   5.38
     7147       0.3347   5.38
     7148       0.3354   5.38
     7149       0.3356   5.38
     7150       0.3357   5.38
     7151       0.3358   5.38
     7152       0.3349   5.38
     7153       0.3358   5.38
     7154       0.3353   5.38
     7155       0.3355   5.38
     7156       0.3354   5.38
     7157       0.3363   5.38
     7158       0.3350   5.38
     7159       0.3360   5.38
     7160       0.3354   5.38
     7161       0.3354   5.38
     7162       0.3346   5.38
     7163       0.3359   5.38
     7164       0.3363   5.38
     7165       0.3343   5.38
     7166       0.3360   5.38
     7167       0.3357   5.37
     7168       0.3343   5.38
     7169       0.3356   5.38
     7170       0.3363   5.38
     7171       0.3352   5.38
     7172       0.3359   5.38
     7173       0.3354   5.38
     7174       0.3345   5.38
     7175       0.3352   5.38
     7176       0.3349   5.38
     7177       0.3347   5.38
     7178       0.3360   5.38
     7179       0.3364   5.38
     7180       0.3352   5.38
     7181       0.3362   5.38
     7182       0.3352   5.38
     7183       0.3351   5.38
     7184       0.3354   5.38
     7185       0.3357   5.38
     7186       0.3349   5.38
     7187       0.3356   5.38
     7188       0.3349   5.38
     7189       0.3352   5.38
     7190       0.3351   5.38
     7191       0.3358   5.38
     7192       0.3354   5.38
     7193       0.3349   5.38
     7194       0.3356   5.37
     7195       0.3351   5.38
     7196       0.3361   5.38
     7197       0.3357   5.38
     7198       0.3355   5.38
     7199       0.3353   5.38
     7200       0.3354   5.38
     7201       0.3355   5.38
     7202       0.3365   5.38
     7203       0.3354   5.38
     7204       0.3352   5.38
     7205       0.3351   5.38
     7206       0.3355   5.38
     7207       0.3353   5.38
     7208       0.3363   5.38
     7209       0.3355   5.38
     7210       0.3355   5.38
     7211       0.3345   5.38
     7212       0.3351   5.38
     7213       0.3362   5.38
     7214       0.3353   5.38
     7215       0.3350   5.38
     7216       0.3357   5.38
     7217       0.3347   5.38
     7218       0.3361   5.38
     7219       0.3353   5.38
     7220       0.3345   5.38
     7221       0.3359   5.38
     7222       0.3363   5.38
     7223       0.3354   5.38
     7224       0.3356   5.38
     7225       0.3360   5.38
     7226       0.3355   5.38
     7227       0.3358   5.38
     7228       0.3364   5.38
     7229       0.3350   5.38
     7230       0.3354   5.38
     7231       0.3357   5.38
     7232       0.3360   5.38
     7233       0.3359   5.38
     7234       0.3351   5.38
     7235       0.3354   5.38
     7236       0.3358   5.38
     7237       0.3358   5.38
     7238       0.3358   5.38
     7239       0.3358   5.38
     7240       0.3358   5.38
     7241       0.3346   5.38
     7242       0.3353   5.38
     7243       0.3358   5.38
     7244       0.3347   5.38
     7245       0.3357   5.38
     7246       0.3350   5.38
     7247       0.3353   5.38
     7248       0.3361   5.38
     7249       0.3359   5.38
     7250       0.3347   5.38
     7251       0.3352   5.38
     7252       0.3352   5.38
     7253       0.3347   5.38
     7254       0.3352   5.38
     7255       0.3355   5.38
     7256       0.3362   5.38
     7257       0.3354   5.38
     7258       0.3353   5.38
     7259       0.3352   5.38
     7260       0.3343   5.38
     7261       0.3358   5.38
     7262       0.3346   5.38
     7263       0.3341   5.38
     7264       0.3350   5.38
     7265       0.3353   5.38
     7266       0.3346   5.38
     7267       0.3356   5.38
     7268       0.3353   5.38
     7269       0.3348   5.38
     7270       0.3353   5.38
     7271       0.3358   5.38
     7272       0.3353   5.38
     7273       0.3360   5.38
     7274       0.3355   5.38
     7275       0.3340   5.38
     7276       0.3358   5.38
     7277       0.3356   5.38
     7278       0.3352   5.38
     7279       0.3353   5.38
     7280       0.3360   5.38
     7281       0.3349   5.38
     7282       0.3349   5.38
     7283       0.3351   5.38
     7284       0.3348   5.38
     7285       0.3347   5.38
     7286       0.3357   5.38
     7287       0.3351   5.38
     7288       0.3361   5.38
     7289       0.3352   5.38
     7290       0.3348   5.38
     7291       0.3354   5.38
     7292       0.3351   5.38
     7293       0.3348   5.38
     7294       0.3358   5.38
     7295       0.3356   5.38
     7296       0.3352   5.38
     7297       0.3360   5.38
     7298       0.3354   5.38
     7299       0.3346   5.38
     7300       0.3357   5.38
     7301       0.3350   5.38
     7302       0.3346   5.38
     7303       0.3345   5.38
     7304       0.3357   5.38
     7305       0.3342   5.38
     7306       0.3366   5.38
     7307       0.3354   5.38
     7308       0.3356   5.38
     7309       0.3353   5.38
     7310       0.3351   5.38
     7311       0.3365   5.38
     7312       0.3348   5.38
     7313       0.3354   5.38
     7314       0.3347   5.38
     7315       0.3351   5.38
     7316       0.3349   5.38
     7317       0.3356   5.38
     7318       0.3357   5.38
     7319       0.3355   5.38
     7320       0.3344   5.38
     7321       0.3351   5.38
     7322       0.3353   5.38
     7323       0.3360   5.38
     7324       0.3349   5.38
     7325       0.3355   5.38
     7326       0.3364   5.38
     7327       0.3348   5.38
     7328       0.3363   5.38
     7329       0.3361   5.38
     7330       0.3355   5.38
     7331       0.3364   5.38
     7332       0.3360   5.38
     7333       0.3356   5.38
     7334       0.3356   5.38
     7335       0.3354   5.38
     7336       0.3350   5.38
     7337       0.3354   5.38
     7338       0.3355   5.38
     7339       0.3353   5.38
     7340       0.3360   5.38
     7341       0.3353   5.38
     7342       0.3347   5.38
     7343       0.3356   5.38
     7344       0.3359   5.38
     7345       0.3356   5.38
     7346       0.3361   5.38
     7347       0.3358   5.38
     7348       0.3350   5.38
     7349       0.3361   5.38
     7350       0.3364   5.38
     7351       0.3357   5.38
     7352       0.3364   5.38
     7353       0.3353   5.38
     7354       0.3357   5.38
     7355       0.3351   5.38
     7356       0.3359   5.38
     7357       0.3354   5.38
     7358       0.3342   5.38
     7359       0.3352   5.38
     7360       0.3351   5.38
     7361       0.3353   5.38
     7362       0.3366   5.38
     7363       0.3362   5.38
     7364       0.3346   5.38
     7365       0.3357   5.38
     7366       0.3366   5.38
     7367       0.3352   5.38
     7368       0.3356   5.38
     7369       0.3346   5.38
     7370       0.3350   5.38
     7371       0.3354   5.38
     7372       0.3346   5.38
     7373       0.3348   5.37
     7374       0.3353   5.37
     7375       0.3356   5.38
     7376       0.3356   5.38
     7377       0.3353   5.38
     7378       0.3354   5.38
     7379       0.3346   5.38
     7380       0.3356   5.38
     7381       0.3352   5.38
     7382       0.3356   5.38
     7383       0.3355   5.38
     7384       0.3358   5.38
     7385       0.3354   5.38
     7386       0.3357   5.38
     7387       0.3353   5.38
     7388       0.3350   5.38
     7389       0.3357   5.38
     7390       0.3353   5.38
     7391       0.3357   5.38
     7392       0.3343   5.38
     7393       0.3362   5.38
     7394       0.3352   5.38
     7395       0.3356   5.38
     7396       0.3358   5.38
     7397       0.3348   5.38
     7398       0.3363   5.38
     7399       0.3457   5.38
     7400       0.3358   5.38
     7401       0.3350   5.38
     7402       0.3357   5.38
     7403       0.3353   5.38
     7404       0.3360   5.38
     7405       0.3362   5.38
     7406       0.3358   5.38
     7407       0.3354   5.38
     7408       0.3362   5.38
     7409       0.3369   5.38
     7410       0.3348   5.38
     7411       0.3356   5.38
     7412       0.3363   5.38
     7413       0.3355   5.37
     7414       0.3357   5.37
     7415       0.3359   5.38
     7416       0.3351   5.38
     7417       0.3360   5.38
     7418       0.3362   5.38
     7419       0.3350   5.38
     7420       0.3359   5.38
     7421       0.3359   5.37
     7422       0.3356   5.38
     7423       0.3355   5.38
     7424       0.3352   5.38
     7425       0.3350   5.38
     7426       0.3348   5.38
     7427       0.3357   5.38
     7428       0.3343   5.38
     7429       0.3354   5.38
     7430       0.3354   5.38
     7431       0.3345   5.38
     7432       0.3360   5.38
     7433       0.3353   5.38
     7434       0.3354   5.38
     7435       0.3348   5.38
     7436       0.3349   5.38
     7437       0.3342   5.38
     7438       0.3353   5.38
     7439       0.3361   5.38
     7440       0.3344   5.38
     7441       0.3362   5.38
     7442       0.3356   5.38
     7443       0.3350   5.38
     7444       0.3358   5.38
     7445       0.3358   5.38
     7446       0.3354   5.38
     7447       0.3344   5.38
     7448       0.3352   5.38
     7449       0.3353   5.38
     7450       0.3345   5.38
     7451       0.3354   5.38
     7452       0.3357   5.38
     7453       0.3346   5.38
     7454       0.3374   5.38
     7455       0.3360   5.38
     7456       0.3350   5.38
     7457       0.3358   5.38
     7458       0.3357   5.38
     7459       0.3347   5.38
     7460       0.3363   5.38
     7461       0.3362   5.38
     7462       0.3344   5.38
     7463       0.3354   5.38
     7464       0.3350   5.38
     7465       0.3358   5.38
     7466       0.3360   5.38
     7467       0.3356   5.38
     7468       0.3342   5.38
     7469       0.3355   5.38
     7470       0.3362   5.38
     7471       0.3351   5.38
     7472       0.3362   5.38
     7473       0.3350   5.38
     7474       0.3348   5.38
     7475       0.3343   5.38
     7476       0.3358   5.38
     7477       0.3344   5.38
     7478       0.3346   5.38
     7479       0.3354   5.38
     7480       0.3357   5.38
     7481       0.3360   5.38
     7482       0.3356   5.38
     7483       0.3358   5.38
     7484       0.3356   5.38
     7485       0.3345   5.38
     7486       0.3349   5.38
     7487       0.3365   5.38
     7488       0.3358   5.38
     7489       0.3348   5.38
     7490       0.3359   5.38
     7491       0.3355   5.38
     7492       0.3352   5.38
     7493       0.3354   5.38
     7494       0.3363   5.38
     7495       0.3360   5.38
     7496       0.3351   5.38
     7497       0.3358   5.38
     7498       0.3360   5.38
     7499       0.3357   5.38
     7500       0.3350   5.38
     7501       0.3353   5.38
     7502       0.3351   5.38
     7503       0.3353   5.38
     7504       0.3349   5.38
     7505       0.3338   5.38
     7506       0.3359   5.38
     7507       0.3351   5.38
     7508       0.3349   5.38
     7509       0.3364   5.38
     7510       0.3361   5.38
     7511       0.3340   5.38
     7512       0.3361   5.38
     7513       0.3365   5.38
     7514       0.3352   5.38
     7515       0.3362   5.38
     7516       0.3352   5.38
     7517       0.3351   5.37
     7518       0.3351   5.37
     7519       0.3354   5.38
     7520       0.3356   5.38
     7521       0.3354   5.38
     7522       0.3349   5.38
     7523       0.3348   5.38
     7524       0.3356   5.38
     7525       0.3353   5.38
     7526       0.3349   5.38
     7527       0.3354   5.38
     7528       0.3361   5.38
     7529       0.3358   5.38
     7530       0.3359   5.38
     7531       0.3355   5.38
     7532       0.3359   5.38
     7533       0.3355   5.38
     7534       0.3352   5.38
     7535       0.3348   5.38
     7536       0.3364   5.38
     7537       0.3351   5.38
     7538       0.3350   5.38
     7539       0.3357   5.38
     7540       0.3358   5.37
     7541       0.3355   5.38
     7542       0.3344   5.38
     7543       0.3354   5.38
     7544       0.3356   5.38
     7545       0.3345   5.38
     7546       0.3352   5.38
     7547       0.3353   5.38
     7548       0.3341   5.38
     7549       0.3352   5.38
     7550       0.3350   5.38
     7551       0.3343   5.38
     7552       0.3357   5.38
     7553       0.3350   5.38
     7554       0.3349   5.38
     7555       0.3354   5.38
     7556       0.3356   5.38
     7557       0.3351   5.38
     7558       0.3355   5.38
     7559       0.3342   5.38
     7560       0.3346   5.38
     7561       0.3350   5.38
     7562       0.3349   5.38
     7563       0.3344   5.38
     7564       0.3348   5.38
     7565       0.3356   5.38
     7566       0.3349   5.38
     7567       0.3355   5.38
     7568       0.3353   5.38
     7569       0.3350   5.38
     7570       0.3357   5.38
     7571       0.3357   5.38
     7572       0.3350   5.38
     7573       0.3359   5.38
     7574       0.3359   5.38
     7575       0.3355   5.38
     7576       0.3353   5.38
     7577       0.3346   5.38
     7578       0.3348   5.38
     7579       0.3355   5.38
     7580       0.3359   5.38
     7581       0.3339   5.38
     7582       0.3352   5.38
     7583       0.3351   5.38
     7584       0.3357   5.38
     7585       0.3352   5.38
     7586       0.3352   5.38
     7587       0.3341   5.38
     7588       0.3351   5.38
     7589       0.3350   5.38
     7590       0.3354   5.38
     7591       0.3356   5.38
     7592       0.3362   5.38
     7593       0.3352   5.38
     7594       0.3348   5.38
     7595       0.3356   5.38
     7596       0.3355   5.38
     7597       0.3344   5.38
     7598       0.3348   5.38
     7599       0.3349   5.38
     7600       0.3347   5.38
     7601       0.3351   5.38
     7602       0.3343   5.38
     7603       0.3336   5.38
     7604       0.3356   5.38
     7605       0.3348   5.38
     7606       0.3356   5.38
     7607       0.3360   5.38
     7608       0.3354   5.38
     7609       0.3353   5.38
     7610       0.3359   5.38
     7611       0.3344   5.38
     7612       0.3348   5.38
     7613       0.3350   5.38
     7614       0.3357   5.38
     7615       0.3349   5.38
     7616       0.3354   5.38
     7617       0.3354   5.38
     7618       0.3352   5.38
     7619       0.3346   5.38
     7620       0.3356   5.38
     7621       0.3354   5.38
     7622       0.3351   5.38
     7623       0.3359   5.38
     7624       0.3355   5.38
     7625       0.3359   5.38
     7626       0.3348   5.38
     7627       0.3352   5.38
     7628       0.3355   5.38
     7629       0.3352   5.38
     7630       0.3352   5.38
     7631       0.3357   5.38
     7632       0.3353   5.38
     7633       0.3353   5.38
     7634       0.3361   5.38
     7635       0.3360   5.38
     7636       0.3352   5.38
     7637       0.3350   5.38
     7638       0.3357   5.38
     7639       0.3348   5.38
     7640       0.3362   5.38
     7641       0.3362   5.38
     7642       0.3344   5.38
     7643       0.3358   5.38
     7644       0.3358   5.38
     7645       0.3361   5.38
     7646       0.3347   5.38
     7647       0.3357   5.38
     7648       0.3362   5.38
     7649       0.3352   5.38
     7650       0.3358   5.38
     7651       0.3352   5.38
     7652       0.3350   5.38
     7653       0.3358   5.38
     7654       0.3364   5.38
     7655       0.3357   5.38
     7656       0.3360   5.38
     7657       0.3361   5.38
     7658       0.3343   5.38
     7659       0.3359   5.38
     7660       0.3353   5.38
     7661       0.3354   5.38
     7662       0.3355   5.38
     7663       0.3350   5.38
     7664       0.3352   5.38
     7665       0.3357   5.38
     7666       0.3356   5.38
     7667       0.3346   5.38
     7668       0.3362   5.38
     7669       0.3352   5.38
     7670       0.3347   5.38
     7671       0.3355   5.38
     7672       0.3354   5.38
     7673       0.3348   5.38
     7674       0.3356   5.38
     7675       0.3355   5.38
     7676       0.3349   5.38
     7677       0.3352   5.38
     7678       0.3366   5.38
     7679       0.3359   5.38
     7680       0.3355   5.38
     7681       0.3356   5.38
     7682       0.3345   5.38
     7683       0.3350   5.38
     7684       0.3352   5.38
     7685       0.3349   5.38
     7686       0.3356   5.38
     7687       0.3352   5.38
     7688       0.3352   5.38
     7689       0.3351   5.38
     7690       0.3351   5.38
     7691       0.3354   5.38
     7692       0.3363   5.38
     7693       0.3360   5.38
     7694       0.3347   5.38
     7695       0.3352   5.38
     7696       0.3352   5.38
     7697       0.3353   5.38
     7698       0.3356   5.38
     7699       0.3363   5.38
     7700       0.3354   5.38
     7701       0.3352   5.38
     7702       0.3356   5.38
     7703       0.3361   5.38
     7704       0.3356   5.38
     7705       0.3359   5.38
     7706       0.3362   5.38
     7707       0.3356   5.38
     7708       0.3361   5.38
     7709       0.3356   5.38
     7710       0.3342   5.38
     7711       0.3364   5.38
     7712       0.3357   5.38
     7713       0.3349   5.38
     7714       0.3350   5.38
     7715       0.3359   5.38
     7716       0.3348   5.38
     7717       0.3355   5.38
     7718       0.3355   5.38
     7719       0.3348   5.38
     7720       0.3349   5.38
     7721       0.3359   5.38
     7722       0.3341   5.38
     7723       0.3354   5.38
     7724       0.3362   5.38
     7725       0.3351   5.38
     7726       0.3356   5.38
     7727       0.3357   5.38
     7728       0.3345   5.38
     7729       0.3354   5.38
     7730       0.3353   5.38
     7731       0.3346   5.38
     7732       0.3352   5.38
     7733       0.3351   5.38
     7734       0.3348   5.38
     7735       0.3359   5.38
     7736       0.3361   5.38
     7737       0.3349   5.38
     7738       0.3367   5.38
     7739       0.3359   5.38
     7740       0.3363   5.38
     7741       0.3347   5.38
     7742       0.3358   5.38
     7743       0.3355   5.38
     7744       0.3352   5.38
     7745       0.3354   5.38
     7746       0.3352   5.38
     7747       0.3345   5.38
     7748       0.3356   5.38
     7749       0.3353   5.38
     7750       0.3343   5.38
     7751       0.3354   5.38
     7752       0.3351   5.38
     7753       0.3355   5.38
     7754       0.3359   5.38
     7755       0.3344   5.38
     7756       0.3343   5.38
     7757       0.3359   5.38
     7758       0.3351   5.38
     7759       0.3350   5.38
     7760       0.3362   5.38
     7761       0.3358   5.38
     7762       0.3351   5.38
     7763       0.3362   5.38
     7764       0.3358   5.38
     7765       0.3352   5.38
     7766       0.3354   5.38
     7767       0.3357   5.38
     7768       0.3342   5.38
     7769       0.3365   5.38
     7770       0.3361   5.38
     7771       0.3349   5.38
     7772       0.3354   5.38
     7773       0.3357   5.38
     7774       0.3346   5.38
     7775       0.3351   5.38
     7776       0.3355   5.38
     7777       0.3343   5.38
     7778       0.3361   5.38
     7779       0.3349   5.38
     7780       0.3345   5.38
     7781       0.3353   5.38
     7782       0.3354   5.38
     7783       0.3349   5.38
     7784       0.3353   5.38
     7785       0.3349   5.38
     7786       0.3346   5.38
     7787       0.3349   5.38
     7788       0.3353   5.38
     7789       0.3354   5.38
     7790       0.3349   5.38
     7791       0.3353   5.38
     7792       0.3351   5.38
     7793       0.3350   5.38
     7794       0.3344   5.38
     7795       0.3356   5.38
     7796       0.3355   5.38
     7797       0.3359   5.38
     7798       0.3362   5.38
     7799       0.3339   5.38
     7800       0.3359   5.38
     7801       0.3356   5.38
     7802       0.3360   5.38
     7803       0.3363   5.38
     7804       0.3368   5.38
     7805       0.3353   5.38
     7806       0.3360   5.38
     7807       0.3354   5.38
     7808       0.3351   5.38
     7809       0.3365   5.38
     7810       0.3358   5.38
     7811       0.3352   5.38
     7812       0.3355   5.38
     7813       0.3363   5.38
     7814       0.3352   5.37
     7815       0.3360   5.37
     7816       0.3360   5.38
     7817       0.3360   5.38
     7818       0.3361   5.38
     7819       0.3364   5.37
     7820       0.3353   5.38
     7821       0.3362   5.38
     7822       0.3359   5.38
     7823       0.3351   5.37
     7824       0.3360   5.37
     7825       0.3356   5.38
     7826       0.3356   5.38
     7827       0.3360   5.38
     7828       0.3359   5.38
     7829       0.3354   5.37
     7830       0.3359   5.37
     7831       0.3362   5.38
     7832       0.3345   5.37
     7833       0.3355   5.37
     7834       0.3355   5.38
     7835       0.3355   5.38
     7836       0.3342   5.38
     7837       0.3352   5.38
     7838       0.3348   5.37
     7839       0.3360   5.38
     7840       0.3355   5.38
     7841       0.3362   5.38
     7842       0.3346   5.38
     7843       0.3356   5.38
     7844       0.3357   5.38
     7845       0.3354   5.37
     7846       0.3353   5.37
     7847       0.3360   5.37
     7848       0.3350   5.38
     7849       0.3364   5.38
     7850       0.3356   5.37
     7851       0.3346   5.38
     7852       0.3359   5.38
     7853       0.3362   5.38
     7854       0.3348   5.37
     7855       0.3356   5.37
     7856       0.3352   5.38
     7857       0.3344   5.38
     7858       0.3357   5.38
     7859       0.3358   5.37
     7860       0.3340   5.38
     7861       0.3352   5.38
     7862       0.3355   5.37
     7863       0.3337   5.38
     7864       0.3354   5.38
     7865       0.3346   5.38
     7866       0.3337   5.38
     7867       0.3353   5.38
     7868       0.3359   5.38
     7869       0.3349   5.38
     7870       0.3348   5.38
     7871       0.3350   5.38
     7872       0.3346   5.38
     7873       0.3361   5.38
     7874       0.3357   5.38
     7875       0.3354   5.38
     7876       0.3353   5.38
     7877       0.3356   5.38
     7878       0.3345   5.38
     7879       0.3357   5.38
     7880       0.3358   5.38
     7881       0.3350   5.38
     7882       0.3354   5.38
     7883       0.3359   5.38
     7884       0.3354   5.38
     7885       0.3359   5.38
     7886       0.3352   5.38
     7887       0.3359   5.38
     7888       0.3353   5.38
     7889       0.3353   5.38
     7890       0.3352   5.38
     7891       0.3346   5.38
     7892       0.3356   5.38
     7893       0.3357   5.38
     7894       0.3361   5.38
     7895       0.3360   5.38
     7896       0.3342   5.38
     7897       0.3348   5.38
     7898       0.3358   5.38
     7899       0.3357   5.38
     7900       0.3351   5.38
     7901       0.3351   5.38
     7902       0.3353   5.38
     7903       0.3352   5.38
     7904       0.3346   5.38
     7905       0.3349   5.38
     7906       0.3346   5.38
     7907       0.3353   5.38
     7908       0.3351   5.38
     7909       0.3351   5.38
     7910       0.3354   5.38
     7911       0.3357   5.38
     7912       0.3350   5.38
     7913       0.3359   5.38
     7914       0.3356   5.38
     7915       0.3346   5.38
     7916       0.3351   5.38
     7917       0.3356   5.38
     7918       0.3351   5.38
     7919       0.3351   5.38
     7920       0.3355   5.38
     7921       0.3353   5.38
     7922       0.3359   5.38
     7923       0.3349   5.38
     7924       0.3348   5.38
     7925       0.3350   5.38
     7926       0.3355   5.38
     7927       0.3349   5.38
     7928       0.3357   5.38
     7929       0.3346   5.38
     7930       0.3354   5.38
     7931       0.3353   5.38
     7932       0.3357   5.38
     7933       0.3351   5.38
     7934       0.3361   5.38
     7935       0.3361   5.38
     7936       0.3358   5.38
     7937       0.3353   5.38
     7938       0.3354   5.38
     7939       0.3361   5.38
     7940       0.3352   5.38
     7941       0.3348   5.38
     7942       0.3361   5.38
     7943       0.3343   5.38
     7944       0.3353   5.38
     7945       0.3354   5.38
     7946       0.3345   5.38
     7947       0.3354   5.38
     7948       0.3351   5.38
     7949       0.3350   5.38
     7950       0.3353   5.38
     7951       0.3355   5.38
     7952       0.3353   5.38
     7953       0.3358   5.38
     7954       0.3358   5.38
     7955       0.3352   5.38
     7956       0.3360   5.38
     7957       0.3361   5.38
     7958       0.3353   5.38
     7959       0.3360   5.38
     7960       0.3360   5.38
     7961       0.3343   5.38
     7962       0.3358   5.38
     7963       0.3356   5.38
     7964       0.3354   5.38
     7965       0.3358   5.38
     7966       0.3353   5.38
     7967       0.3341   5.38
     7968       0.3353   5.38
     7969       0.3354   5.38
     7970       0.3349   5.38
     7971       0.3356   5.38
     7972       0.3344   5.38
     7973       0.3350   5.38
     7974       0.3357   5.38
     7975       0.3356   5.38
     7976       0.3356   5.38
     7977       0.3349   5.38
     7978       0.3347   5.38
     7979       0.3358   5.38
     7980       0.3358   5.38
     7981       0.3354   5.38
     7982       0.3347   5.38
     7983       0.3356   5.38
     7984       0.3355   5.38
     7985       0.3353   5.38
     7986       0.3351   5.38
     7987       0.3359   5.38
     7988       0.3355   5.38
     7989       0.3349   5.38
     7990       0.3355   5.38
     7991       0.3355   5.38
     7992       0.3361   5.38
     7993       0.3356   5.38
     7994       0.3354   5.38
     7995       0.3343   5.38
     7996       0.3356   5.38
     7997       0.3361   5.38
     7998       0.3348   5.38
     7999       0.3362   5.38
     8000       0.3350   5.38
     8001       0.3350   5.38
     8002       0.3361   5.38
     8003       0.3358   5.38
     8004       0.3359   5.38
     8005       0.3360   5.38
     8006       0.3357   5.38
     8007       0.3351   5.38
     8008       0.3355   5.38
     8009       0.3363   5.38
     8010       0.3357   5.38
     8011       0.3362   5.38
     8012       0.3358   5.38
     8013       0.3352   5.38
     8014       0.3360   5.38
     8015       0.3362   5.38
     8016       0.3349   5.38
     8017       0.3448   5.38
     8018       0.3351   5.38
     8019       0.3347   5.38
     8020       0.3355   5.38
     8021       0.3350   5.38
     8022       0.3347   5.38
     8023       0.3352   5.38
     8024       0.3350   5.38
     8025       0.3355   5.38
     8026       0.3356   5.38
     8027       0.3354   5.38
     8028       0.3361   5.38
     8029       0.3341   5.38
     8030       0.3356   5.38
     8031       0.3357   5.38
     8032       0.3337   5.38
     8033       0.3354   5.38
     8034       0.3357   5.38
     8035       0.3348   5.38
     8036       0.3357   5.38
     8037       0.3363   5.38
     8038       0.3352   5.38
     8039       0.3359   5.38
     8040       0.3359   5.38
     8041       0.3345   5.38
     8042       0.3357   5.38
     8043       0.3353   5.38
     8044       0.3351   5.38
     8045       0.3358   5.38
     8046       0.3363   5.38
     8047       0.3349   5.38
     8048       0.3358   5.38
     8049       0.3362   5.38
     8050       0.3354   5.38
     8051       0.3363   5.38
     8052       0.3355   5.38
     8053       0.3357   5.38
     8054       0.3360   5.38
     8055       0.3361   5.38
     8056       0.3359   5.38
     8057       0.3352   5.38
     8058       0.3358   5.38
     8059       0.3352   5.38
     8060       0.3358   5.38
     8061       0.3359   5.38
     8062       0.3354   5.38
     8063       0.3366   5.38
     8064       0.3359   5.38
     8065       0.3349   5.38
     8066       0.3353   5.38
     8067       0.3359   5.38
     8068       0.3356   5.38
     8069       0.3360   5.38
     8070       0.3360   5.38
     8071       0.3359   5.38
     8072       0.3351   5.38
     8073       0.3356   5.38
     8074       0.3362   5.38
     8075       0.3356   5.38
     8076       0.3355   5.38
     8077       0.3355   5.38
     8078       0.3347   5.38
     8079       0.3355   5.38
     8080       0.3360   5.38
     8081       0.3349   5.38
     8082       0.3355   5.38
     8083       0.3363   5.38
     8084       0.3349   5.38
     8085       0.3361   5.38
     8086       0.3358   5.38
     8087       0.3351   5.38
     8088       0.3363   5.38
     8089       0.3370   5.38
     8090       0.3355   5.38
     8091       0.3359   5.38
     8092       0.3352   5.37
     8093       0.3352   5.38
     8094       0.3347   5.38
     8095       0.3356   5.38
     8096       0.3347   5.38
     8097       0.3362   5.38
     8098       0.3359   5.38
     8099       0.3350   5.38
     8100       0.3361   5.38
     8101       0.3350   5.38
     8102       0.3347   5.38
     8103       0.3362   5.38
     8104       0.3361   5.38
     8105       0.3353   5.38
     8106       0.3357   5.38
     8107       0.3357   5.38
     8108       0.3343   5.38
     8109       0.3359   5.38
     8110       0.3361   5.38
     8111       0.3345   5.38
     8112       0.3356   5.38
     8113       0.3360   5.38
     8114       0.3355   5.38
     8115       0.3358   5.38
     8116       0.3352   5.38
     8117       0.3346   5.38
     8118       0.3357   5.38
     8119       0.3370   5.37
     8120       0.3354   5.38
     8121       0.3356   5.38
     8122       0.3361   5.38
     8123       0.3353   5.37
     8124       0.3350   5.37
     8125       0.3355   5.37
     8126       0.3370   5.38
     8127       0.3354   5.38
     8128       0.3364   5.38
     8129       0.3359   5.38
     8130       0.3354   5.38
     8131       0.3358   5.38
     8132       0.3361   5.38
     8133       0.3345   5.38
     8134       0.3358   5.38
     8135       0.3363   5.38
     8136       0.3357   5.38
     8137       0.3357   5.38
     8138       0.3357   5.38
     8139       0.3354   5.38
     8140       0.3353   5.38
     8141       0.3358   5.37
     8142       0.3355   5.37
     8143       0.3358   5.37
     8144       0.3353   5.37
     8145       0.3351   5.38
     8146       0.3358   5.38
     8147       0.3357   5.38
     8148       0.3356   5.38
     8149       0.3361   5.38
     8150       0.3358   5.38
     8151       0.3354   5.38
     8152       0.3357   5.38
     8153       0.3359   5.38
     8154       0.3353   5.38
     8155       0.3355   5.38
     8156       0.3349   5.38
     8157       0.3353   5.37
     8158       0.3357   5.37
     8159       0.3350   5.38
     8160       0.3348   5.38
     8161       0.3359   5.38
     8162       0.3355   5.38
     8163       0.3355   5.38
     8164       0.3364   5.38
     8165       0.3357   5.38
     8166       0.3358   5.38
     8167       0.3348   5.38
     8168       0.3358   5.38
     8169       0.3354   5.37
     8170       0.3347   5.38
     8171       0.3353   5.38
     8172       0.3356   5.38
     8173       0.3350   5.38
     8174       0.3356   5.38
     8175       0.3348   5.38
     8176       0.3348   5.38
     8177       0.3354   5.38
     8178       0.3357   5.38
     8179       0.3345   5.38
     8180       0.3355   5.38
     8181       0.3356   5.38
     8182       0.3347   5.38
     8183       0.3351   5.38
     8184       0.3353   5.38
     8185       0.3351   5.38
     8186       0.3352   5.38
     8187       0.3358   5.38
     8188       0.3355   5.38
     8189       0.3357   5.38
     8190       0.3361   5.38
     8191       0.3350   5.38
     8192       0.3349   5.38
     8193       0.3351   5.38
     8194       0.3343   5.38
     8195       0.3353   5.38
     8196       0.3351   5.38
     8197       0.3351   5.38
     8198       0.3348   5.38
     8199       0.3361   5.38
     8200       0.3352   5.38
     8201       0.3356   5.38
     8202       0.3354   5.38
     8203       0.3345   5.38
     8204       0.3360   5.38
     8205       0.3356   5.38
     8206       0.3353   5.38
     8207       0.3361   5.38
     8208       0.3356   5.38
     8209       0.3337   5.38
     8210       0.3353   5.38
     8211       0.3354   5.38
     8212       0.3340   5.38
     8213       0.3358   5.38
     8214       0.3356   5.38
     8215       0.3354   5.38
     8216       0.3351   5.38
     8217       0.3354   5.38
     8218       0.3355   5.38
     8219       0.3349   5.38
     8220       0.3359   5.38
     8221       0.3351   5.38
     8222       0.3347   5.38
     8223       0.3358   5.38
     8224       0.3357   5.38
     8225       0.3350   5.38
     8226       0.3361   5.38
     8227       0.3352   5.38
     8228       0.3346   5.38
     8229       0.3355   5.38
     8230       0.3361   5.38
     8231       0.3356   5.38
     8232       0.3357   5.38
     8233       0.3359   5.38
     8234       0.3350   5.38
     8235       0.3360   5.38
     8236       0.3342   5.38
     8237       0.3343   5.38
     8238       0.3349   5.38
     8239       0.3360   5.38
     8240       0.3350   5.38
     8241       0.3352   5.38
     8242       0.3351   5.38
     8243       0.3341   5.38
     8244       0.3348   5.38
     8245       0.3349   5.38
     8246       0.3353   5.38
     8247       0.3358   5.38
     8248       0.3357   5.38
     8249       0.3346   5.38
     8250       0.3358   5.38
     8251       0.3353   5.38
     8252       0.3347   5.38
     8253       0.3354   5.38
     8254       0.3353   5.38
     8255       0.3351   5.38
     8256       0.3360   5.38
     8257       0.3378   5.38
     8258       0.3350   5.38
     8259       0.3355   5.38
     8260       0.3360   5.38
     8261       0.3350   5.38
     8262       0.3360   5.38
     8263       0.3356   5.38
     8264       0.3355   5.38
     8265       0.3352   5.38
     8266       0.3358   5.38
     8267       0.3356   5.38
     8268       0.3349   5.38
     8269       0.3359   5.38
     8270       0.3364   5.38
     8271       0.3354   5.38
     8272       0.3353   5.38
     8273       0.3362   5.38
     8274       0.3344   5.38
     8275       0.3360   5.38
     8276       0.3359   5.38
     8277       0.3345   5.38
     8278       0.3354   5.38
     8279       0.3353   5.38
     8280       0.3347   5.38
     8281       0.3354   5.38
     8282       0.3364   5.38
     8283       0.3353   5.38
     8284       0.3355   5.38
     8285       0.3350   5.38
     8286       0.3346   5.38
     8287       0.3354   5.38
     8288       0.3352   5.38
     8289       0.3329   5.38
     8290       0.3350   5.38
     8291       0.3347   5.38
     8292       0.3347   5.38
     8293       0.3359   5.38
     8294       0.3357   5.38
     8295       0.3356   5.38
     8296       0.3352   5.38
     8297       0.3356   5.38
     8298       0.3344   5.38
     8299       0.3350   5.38
     8300       0.3358   5.38
     8301       0.3355   5.38
     8302       0.3362   5.38
     8303       0.3350   5.38
     8304       0.3352   5.38
     8305       0.3358   5.38
     8306       0.3356   5.37
     8307       0.3347   5.38
     8308       0.3348   5.38
     8309       0.3364   5.38
     8310       0.3346   5.38
     8311       0.3351   5.38
     8312       0.3346   5.38
     8313       0.3346   5.38
     8314       0.3354   5.38
     8315       0.3347   5.38
     8316       0.3341   5.38
     8317       0.3342   5.38
     8318       0.3357   5.38
     8319       0.3346   5.38
     8320       0.3345   5.38
     8321       0.3352   5.38
     8322       0.3347   5.38
     8323       0.3347   5.38
     8324       0.3347   5.38
     8325       0.3348   5.38
     8326       0.3350   5.38
     8327       0.3352   5.38
     8328       0.3349   5.38
     8329       0.3347   5.38
     8330       0.3356   5.38
     8331       0.3356   5.38
     8332       0.3343   5.38
     8333       0.3355   5.38
     8334       0.3353   5.38
     8335       0.3348   5.38
     8336       0.3348   5.38
     8337       0.3356   5.38
     8338       0.3343   5.38
     8339       0.3351   5.38
     8340       0.3457   5.38
     8341       0.3357   5.38
     8342       0.3356   5.38
     8343       0.3356   5.38
     8344       0.3348   5.38
     8345       0.3356   5.38
     8346       0.3354   5.38
     8347       0.3352   5.38
     8348       0.3359   5.38
     8349       0.3359   5.38
     8350       0.3353   5.38
     8351       0.3362   5.38
     8352       0.3356   5.38
     8353       0.3351   5.38
     8354       0.3355   5.38
     8355       0.3359   5.38
     8356       0.3342   5.37
     8357       0.3362   5.37
     8358       0.3354   5.37
     8359       0.3348   5.38
     8360       0.3360   5.38
     8361       0.3355   5.38
     8362       0.3356   5.38
     8363       0.3355   5.38
     8364       0.3358   5.38
     8365       0.3364   5.38
     8366       0.3346   5.37
     8367       0.3358   5.37
     8368       0.3355   5.38
     8369       0.3348   5.38
     8370       0.3353   5.38
     8371       0.3358   5.38
     8372       0.3353   5.38
     8373       0.3360   5.38
     8374       0.3346   5.38
     8375       0.3352   5.38
     8376       0.3363   5.38
     8377       0.3359   5.38
     8378       0.3351   5.38
     8379       0.3352   5.38
     8380       0.3357   5.38
     8381       0.3356   5.38
     8382       0.3363   5.38
     8383       0.3349   5.38
     8384       0.3347   5.38
     8385       0.3353   5.38
     8386       0.3355   5.38
     8387       0.3355   5.38
     8388       0.3352   5.38
     8389       0.3350   5.38
     8390       0.3345   5.38
     8391       0.3353   5.38
     8392       0.3354   5.38
     8393       0.3346   5.38
     8394       0.3352   5.38
     8395       0.3354   5.38
     8396       0.3359   5.38
     8397       0.3354   5.38
     8398       0.3348   5.38
     8399       0.3340   5.38
     8400       0.3350   5.38
     8401       0.3354   5.38
     8402       0.3348   5.38
     8403       0.3353   5.38
     8404       0.3368   5.38
     8405       0.3349   5.38
     8406       0.3357   5.38
     8407       0.3352   5.38
     8408       0.3351   5.38
     8409       0.3354   5.38
     8410       0.3347   5.38
     8411       0.3350   5.38
     8412       0.3355   5.38
     8413       0.3351   5.38
     8414       0.3356   5.38
     8415       0.3339   5.38
     8416       0.3352   5.38
     8417       0.3354   5.38
     8418       0.3343   5.38
     8419       0.3360   5.38
     8420       0.3363   5.38
     8421       0.3345   5.38
     8422       0.3354   5.38
     8423       0.3348   5.38
     8424       0.3335   5.38
     8425       0.3352   5.38
     8426       0.3361   5.38
     8427       0.3344   5.38
     8428       0.3363   5.38
     8429       0.3358   5.38
     8430       0.3356   5.38
     8431       0.3357   5.38
     8432       0.3353   5.38
     8433       0.3348   5.38
     8434       0.3356   5.38
     8435       0.3356   5.38
     8436       0.3337   5.38
     8437       0.3348   5.38
     8438       0.3358   5.38
     8439       0.3347   5.38
     8440       0.3349   5.38
     8441       0.3356   5.38
     8442       0.3353   5.38
     8443       0.3358   5.38
     8444       0.3353   5.38
     8445       0.3345   5.38
     8446       0.3357   5.38
     8447       0.3363   5.38
     8448       0.3349   5.38
     8449       0.3350   5.38
     8450       0.3355   5.38
     8451       0.3346   5.38
     8452       0.3352   5.38
     8453       0.3345   5.38
     8454       0.3344   5.38
     8455       0.3351   5.38
     8456       0.3354   5.38
     8457       0.3345   5.38
     8458       0.3352   5.38
     8459       0.3356   5.38
     8460       0.3348   5.38
     8461       0.3358   5.38
     8462       0.3359   5.38
     8463       0.3354   5.38
     8464       0.3358   5.38
     8465       0.3360   5.38
     8466       0.3355   5.38
     8467       0.3346   5.38
     8468       0.3351   5.38
     8469       0.3351   5.38
     8470       0.3344   5.38
     8471       0.3359   5.38
     8472       0.3354   5.38
     8473       0.3344   5.38
     8474       0.3355   5.38
     8475       0.3353   5.38
     8476       0.3338   5.38
     8477       0.3351   5.38
     8478       0.3353   5.38
     8479       0.3348   5.38
     8480       0.3356   5.38
     8481       0.3355   5.38
     8482       0.3341   5.38
     8483       0.3348   5.38
     8484       0.3352   5.38
     8485       0.3346   5.38
     8486       0.3350   5.38
     8487       0.3353   5.38
     8488       0.3353   5.38
     8489       0.3357   5.38
     8490       0.3353   5.38
     8491       0.3354   5.38
     8492       0.3358   5.38
     8493       0.3352   5.38
     8494       0.3352   5.38
     8495       0.3358   5.38
     8496       0.3357   5.38
     8497       0.3351   5.38
     8498       0.3355   5.38
     8499       0.3353   5.38
     8500       0.3350   5.38
     8501       0.3350   5.38
     8502       0.3352   5.38
     8503       0.3345   5.38
     8504       0.3354   5.38
     8505       0.3360   5.38
     8506       0.3353   5.38
     8507       0.3351   5.38
     8508       0.3354   5.38
     8509       0.3348   5.38
     8510       0.3356   5.38
     8511       0.3354   5.38
     8512       0.3336   5.38
     8513       0.3355   5.38
     8514       0.3358   5.38
     8515       0.3350   5.38
     8516       0.3356   5.38
     8517       0.3357   5.38
     8518       0.3361   5.38
     8519       0.3356   5.38
     8520       0.3359   5.38
     8521       0.3361   5.38
     8522       0.3347   5.38
     8523       0.3354   5.38
     8524       0.3360   5.38
     8525       0.3349   5.38
     8526       0.3353   5.38
     8527       0.3348   5.38
     8528       0.3349   5.38
     8529       0.3356   5.38
     8530       0.3353   5.38
     8531       0.3351   5.38
     8532       0.3355   5.38
     8533       0.3357   5.38
     8534       0.3349   5.38
     8535       0.3359   5.38
     8536       0.3358   5.38
     8537       0.3348   5.38
     8538       0.3359   5.38
     8539       0.3354   5.38
     8540       0.3353   5.38
     8541       0.3361   5.38
     8542       0.3362   5.38
     8543       0.3346   5.38
     8544       0.3349   5.38
     8545       0.3347   5.38
     8546       0.3348   5.38
     8547       0.3359   5.38
     8548       0.3358   5.38
     8549       0.3351   5.38
     8550       0.3359   5.38
     8551       0.3354   5.38
     8552       0.3347   5.38
     8553       0.3356   5.38
     8554       0.3351   5.38
     8555       0.3346   5.38
     8556       0.3352   5.38
     8557       0.3352   5.38
     8558       0.3349   5.38
     8559       0.3349   5.38
     8560       0.3354   5.38
     8561       0.3353   5.38
     8562       0.3356   5.38
     8563       0.3357   5.38
     8564       0.3353   5.38
     8565       0.3350   5.38
     8566       0.3352   5.38
     8567       0.3357   5.38
     8568       0.3347   5.38
     8569       0.3354   5.38
     8570       0.3358   5.38
     8571       0.3346   5.38
     8572       0.3352   5.38
     8573       0.3356   5.38
     8574       0.3350   5.38
     8575       0.3352   5.38
     8576       0.3347   5.38
     8577       0.3354   5.38
     8578       0.3358   5.38
     8579       0.3357   5.38
     8580       0.3347   5.38
     8581       0.3362   5.38
     8582       0.3356   5.38
     8583       0.3351   5.38
     8584       0.3355   5.38
     8585       0.3358   5.38
     8586       0.3347   5.38
     8587       0.3342   5.38
     8588       0.3358   5.38
     8589       0.3345   5.38
     8590       0.3355   5.38
     8591       0.3349   5.38
     8592       0.3350   5.38
     8593       0.3365   5.38
     8594       0.3361   5.38
     8595       0.3345   5.38
     8596       0.3355   5.38
     8597       0.3355   5.38
     8598       0.3354   5.38
     8599       0.3362   5.38
     8600       0.3364   5.38
     8601       0.3355   5.38
     8602       0.3356   5.38
     8603       0.3357   5.38
     8604       0.3351   5.38
     8605       0.3350   5.38
     8606       0.3359   5.38
     8607       0.3346   5.38
     8608       0.3363   5.38
     8609       0.3354   5.38
     8610       0.3351   5.38
     8611       0.3361   5.38
     8612       0.3365   5.38
     8613       0.3368   5.38
     8614       0.3357   5.38
     8615       0.3356   5.38
     8616       0.3361   5.38
     8617       0.3354   5.38
     8618       0.3356   5.38
     8619       0.3359   5.38
     8620       0.3347   5.38
     8621       0.3354   5.38
     8622       0.3356   5.38
     8623       0.3346   5.38
     8624       0.3350   5.38
     8625       0.3351   5.38
     8626       0.3348   5.38
     8627       0.3349   5.38
     8628       0.3351   5.38
     8629       0.3346   5.38
     8630       0.3350   5.38
     8631       0.3351   5.38
     8632       0.3353   5.38
     8633       0.3358   5.38
     8634       0.3356   5.38
     8635       0.3354   5.38
     8636       0.3364   5.38
     8637       0.3451   5.38
     8638       0.3345   5.38
     8639       0.3357   5.38
     8640       0.3357   5.38
     8641       0.3351   5.38
     8642       0.3355   5.38
     8643       0.3353   5.38
     8644       0.3344   5.38
     8645       0.3352   5.38
     8646       0.3359   5.38
     8647       0.3355   5.38
     8648       0.3358   5.38
     8649       0.3364   5.38
     8650       0.3351   5.38
     8651       0.3356   5.38
     8652       0.3349   5.38
     8653       0.3347   5.38
     8654       0.3366   5.38
     8655       0.3360   5.38
     8656       0.3346   5.38
     8657       0.3351   5.38
     8658       0.3356   5.38
     8659       0.3355   5.38
     8660       0.3345   5.38
     8661       0.3359   5.38
     8662       0.3346   5.38
     8663       0.3342   5.38
     8664       0.3356   5.38
     8665       0.3357   5.38
     8666       0.3354   5.38
     8667       0.3360   5.38
     8668       0.3353   5.38
     8669       0.3347   5.38
     8670       0.3361   5.38
     8671       0.3356   5.38
     8672       0.3349   5.38
     8673       0.3357   5.38
     8674       0.3353   5.38
     8675       0.3348   5.38
     8676       0.3359   5.38
     8677       0.3356   5.38
     8678       0.3359   5.38
     8679       0.3359   5.38
     8680       0.3354   5.38
     8681       0.3354   5.38
     8682       0.3352   5.38
     8683       0.3353   5.38
     8684       0.3349   5.38
     8685       0.3357   5.38
     8686       0.3357   5.38
     8687       0.3347   5.38
     8688       0.3355   5.38
     8689       0.3361   5.38
     8690       0.3358   5.38
     8691       0.3363   5.38
     8692       0.3361   5.38
     8693       0.3348   5.38
     8694       0.3352   5.38
     8695       0.3358   5.38
     8696       0.3352   5.38
     8697       0.3359   5.38
     8698       0.3357   5.38
     8699       0.3350   5.38
     8700       0.3356   5.38
     8701       0.3362   5.38
     8702       0.3356   5.38
     8703       0.3350   5.38
     8704       0.3356   5.38
     8705       0.3355   5.38
     8706       0.3349   5.38
     8707       0.3362   5.38
     8708       0.3362   5.38
     8709       0.3348   5.38
     8710       0.3357   5.38
     8711       0.3358   5.38
     8712       0.3354   5.38
     8713       0.3360   5.38
     8714       0.3357   5.38
     8715       0.3349   5.38
     8716       0.3353   5.38
     8717       0.3351   5.38
     8718       0.3352   5.38
     8719       0.3353   5.38
     8720       0.3361   5.38
     8721       0.3349   5.37
     8722       0.3358   5.37
     8723       0.3355   5.38
     8724       0.3350   5.38
     8725       0.3356   5.38
     8726       0.3354   5.38
     8727       0.3339   5.38
     8728       0.3355   5.38
     8729       0.3355   5.38
     8730       0.3351   5.38
     8731       0.3354   5.38
     8732       0.3354   5.38
     8733       0.3347   5.38
     8734       0.3354   5.38
     8735       0.3356   5.38
     8736       0.3345   5.38
     8737       0.3354   5.38
     8738       0.3353   5.38
     8739       0.3347   5.38
     8740       0.3354   5.38
     8741       0.3354   5.38
     8742       0.3343   5.38
     8743       0.3348   5.38
     8744       0.3360   5.38
     8745       0.3355   5.38
     8746       0.3359   5.38
     8747       0.3353   5.38
     8748       0.3350   5.38
     8749       0.3357   5.38
     8750       0.3359   5.38
     8751       0.3353   5.38
     8752       0.3350   5.38
     8753       0.3358   5.38
     8754       0.3344   5.38
     8755       0.3356   5.38
     8756       0.3355   5.38
     8757       0.3361   5.38
     8758       0.3348   5.38
     8759       0.3359   5.38
     8760       0.3362   5.38
     8761       0.3352   5.38
     8762       0.3362   5.38
     8763       0.3359   5.38
     8764       0.3354   5.38
     8765       0.3361   5.38
     8766       0.3364   5.37
     8767       0.3349   5.38
     8768       0.3353   5.38
     8769       0.3362   5.38
     8770       0.3350   5.38
     8771       0.3359   5.38
     8772       0.3350   5.38
     8773       0.3353   5.38
     8774       0.3357   5.38
     8775       0.3356   5.38
     8776       0.3353   5.38
     8777       0.3355   5.38
     8778       0.3361   5.38
     8779       0.3346   5.38
     8780       0.3357   5.38
     8781       0.3356   5.38
     8782       0.3344   5.38
     8783       0.3355   5.38
     8784       0.3359   5.38
     8785       0.3353   5.38
     8786       0.3362   5.38
     8787       0.3360   5.38
     8788       0.3356   5.38
     8789       0.3357   5.38
     8790       0.3357   5.38
     8791       0.3350   5.38
     8792       0.3361   5.38
     8793       0.3354   5.38
     8794       0.3353   5.38
     8795       0.3357   5.38
     8796       0.3360   5.38
     8797       0.3364   5.38
     8798       0.3365   5.38
     8799       0.3355   5.38
     8800       0.3351   5.38
     8801       0.3362   5.38
     8802       0.3357   5.38
     8803       0.3347   5.38
     8804       0.3356   5.38
     8805       0.3353   5.38
     8806       0.3353   5.38
     8807       0.3360   5.38
     8808       0.3361   5.38
     8809       0.3346   5.38
     8810       0.3348   5.37
     8811       0.3357   5.37
     8812       0.3353   5.38
     8813       0.3352   5.38
     8814       0.3354   5.38
     8815       0.3354   5.38
     8816       0.3351   5.38
     8817       0.3359   5.38
     8818       0.3361   5.38
     8819       0.3355   5.38
     8820       0.3365   5.38
     8821       0.3357   5.38
     8822       0.3353   5.38
     8823       0.3353   5.38
     8824       0.3359   5.38
     8825       0.3345   5.38
     8826       0.3356   5.38
     8827       0.3351   5.38
     8828       0.3349   5.38
     8829       0.3351   5.38
     8830       0.3353   5.38
     8831       0.3350   5.38
     8832       0.3354   5.38
     8833       0.3354   5.38
     8834       0.3348   5.38
     8835       0.3356   5.38
     8836       0.3358   5.38
     8837       0.3352   5.38
     8838       0.3365   5.38
     8839       0.3355   5.38
     8840       0.3345   5.38
     8841       0.3358   5.38
     8842       0.3351   5.38
     8843       0.3357   5.38
     8844       0.3368   5.38
     8845       0.3358   5.38
     8846       0.3355   5.38
     8847       0.3370   5.38
     8848       0.3370   5.38
     8849       0.3353   5.37
     8850       0.3349   5.38
     8851       0.3358   5.38
     8852       0.3358   5.38
     8853       0.3349   5.38
     8854       0.3351   5.38
     8855       0.3359   5.38
     8856       0.3345   5.38
     8857       0.3347   5.38
     8858       0.3359   5.38
     8859       0.3345   5.38
     8860       0.3354   5.38
     8861       0.3358   5.38
     8862       0.3348   5.38
     8863       0.3347   5.38
     8864       0.3344   5.38
     8865       0.3359   5.38
     8866       0.3355   5.38
     8867       0.3354   5.38
     8868       0.3346   5.38
     8869       0.3354   5.38
     8870       0.3347   5.38
     8871       0.3338   5.38
     8872       0.3347   5.38
     8873       0.3349   5.38
     8874       0.3350   5.38
     8875       0.3357   5.38
     8876       0.3353   5.38
     8877       0.3347   5.38
     8878       0.3351   5.38
     8879       0.3352   5.38
     8880       0.3338   5.38
     8881       0.3350   5.38
     8882       0.3356   5.38
     8883       0.3359   5.38
     8884       0.3360   5.38
     8885       0.3353   5.38
     8886       0.3349   5.38
     8887       0.3362   5.38
     8888       0.3361   5.38
     8889       0.3357   5.38
     8890       0.3354   5.38
     8891       0.3348   5.38
     8892       0.3344   5.38
     8893       0.3351   5.38
     8894       0.3349   5.38
     8895       0.3342   5.38
     8896       0.3352   5.38
     8897       0.3346   5.38
     8898       0.3342   5.38
     8899       0.3357   5.38
     8900       0.3362   5.38
     8901       0.3357   5.38
     8902       0.3343   5.38
     8903       0.3352   5.38
     8904       0.3362   5.38
     8905       0.3343   5.38
     8906       0.3357   5.38
     8907       0.3355   5.38
     8908       0.3348   5.38
     8909       0.3355   5.38
     8910       0.3354   5.38
     8911       0.3345   5.38
     8912       0.3358   5.38
     8913       0.3359   5.38
     8914       0.3354   5.38
     8915       0.3353   5.38
     8916       0.3361   5.38
     8917       0.3347   5.38
     8918       0.3360   5.38
     8919       0.3352   5.38
     8920       0.3351   5.38
     8921       0.3359   5.38
     8922       0.3358   5.38
     8923       0.3355   5.38
     8924       0.3359   5.38
     8925       0.3356   5.38
     8926       0.3341   5.38
     8927       0.3361   5.38
     8928       0.3359   5.38
     8929       0.3347   5.38
     8930       0.3351   5.38
     8931       0.3358   5.38
     8932       0.3351   5.38
     8933       0.3360   5.38
     8934       0.3353   5.38
     8935       0.3352   5.38
     8936       0.3353   5.38
     8937       0.3357   5.38
     8938       0.3342   5.38
     8939       0.3349   5.38
     8940       0.3355   5.38
     8941       0.3346   5.38
     8942       0.3360   5.38
     8943       0.3356   5.38
     8944       0.3351   5.38
     8945       0.3356   5.38
     8946       0.3353   5.38
     8947       0.3337   5.38
     8948       0.3357   5.38
     8949       0.3358   5.38
     8950       0.3365   5.38
     8951       0.3346   5.38
     8952       0.3353   5.38
     8953       0.3354   5.38
     8954       0.3347   5.38
     8955       0.3354   5.38
     8956       0.3354   5.38
     8957       0.3344   5.38
     8958       0.3349   5.38
     8959       0.3438   5.38
     8960       0.3348   5.38
     8961       0.3356   5.38
     8962       0.3352   5.38
     8963       0.3344   5.38
     8964       0.3353   5.38
     8965       0.3360   5.38
     8966       0.3357   5.38
     8967       0.3353   5.38
     8968       0.3355   5.38
     8969       0.3354   5.38
     8970       0.3359   5.38
     8971       0.3354   5.38
     8972       0.3345   5.38
     8973       0.3357   5.38
     8974       0.3356   5.38
     8975       0.3346   5.38
     8976       0.3358   5.38
     8977       0.3355   5.38
     8978       0.3341   5.38
     8979       0.3353   5.38
     8980       0.3356   5.38
     8981       0.3345   5.38
     8982       0.3354   5.38
     8983       0.3354   5.38
     8984       0.3351   5.38
     8985       0.3354   5.38
     8986       0.3355   5.38
     8987       0.3357   5.38
     8988       0.3350   5.38
     8989       0.3357   5.38
     8990       0.3339   5.38
     8991       0.3355   5.38
     8992       0.3362   5.38
     8993       0.3352   5.38
     8994       0.3354   5.38
     8995       0.3358   5.38
     8996       0.3357   5.38
     8997       0.3354   5.38
     8998       0.3350   5.38
     8999       0.3364   5.38
     9000       0.3344   5.38
     9001       0.3354   5.38
     9002       0.3351   5.38
     9003       0.3343   5.38
     9004       0.3358   5.38
     9005       0.3363   5.38
     9006       0.3348   5.38
     9007       0.3350   5.38
     9008       0.3354   5.38
     9009       0.3357   5.38
     9010       0.3352   5.38
     9011       0.3349   5.38
     9012       0.3347   5.38
     9013       0.3357   5.38
     9014       0.3363   5.38
     9015       0.3354   5.38
     9016       0.3359   5.38
     9017       0.3356   5.38
     9018       0.3352   5.38
     9019       0.3357   5.38
     9020       0.3355   5.38
     9021       0.3349   5.38
     9022       0.3350   5.38
     9023       0.3360   5.38
     9024       0.3358   5.38
     9025       0.3354   5.38
     9026       0.3360   5.38
     9027       0.3348   5.38
     9028       0.3356   5.38
     9029       0.3353   5.38
     9030       0.3348   5.38
     9031       0.3348   5.38
     9032       0.3350   5.38
     9033       0.3350   5.38
     9034       0.3356   5.38
     9035       0.3355   5.38
     9036       0.3345   5.38
     9037       0.3349   5.38
     9038       0.3355   5.38
     9039       0.3352   5.38
     9040       0.3353   5.38
     9041       0.3356   5.38
     9042       0.3337   5.38
     9043       0.3351   5.38
     9044       0.3341   5.38
     9045       0.3351   5.38
     9046       0.3356   5.38
     9047       0.3352   5.38
     9048       0.3357   5.38
     9049       0.3358   5.38
     9050       0.3356   5.38
     9051       0.3350   5.38
     9052       0.3348   5.38
     9053       0.3356   5.38
     9054       0.3359   5.38
     9055       0.3351   5.38
     9056       0.3355   5.38
     9057       0.3354   5.37
     9058       0.3345   5.38
     9059       0.3354   5.38
     9060       0.3357   5.38
     9061       0.3350   5.38
     9062       0.3356   5.38
     9063       0.3355   5.38
     9064       0.3335   5.38
     9065       0.3350   5.38
     9066       0.3352   5.38
     9067       0.3352   5.38
     9068       0.3354   5.38
     9069       0.3359   5.38
     9070       0.3349   5.38
     9071       0.3357   5.38
     9072       0.3357   5.38
     9073       0.3344   5.38
     9074       0.3355   5.38
     9075       0.3357   5.38
     9076       0.3338   5.38
     9077       0.3356   5.38
     9078       0.3361   5.38
     9079       0.3356   5.38
     9080       0.3359   5.38
     9081       0.3351   5.38
     9082       0.3344   5.38
     9083       0.3355   5.38
     9084       0.3354   5.38
     9085       0.3356   5.38
     9086       0.3349   5.38
     9087       0.3352   5.38
     9088       0.3354   5.38
     9089       0.3355   5.38
     9090       0.3356   5.38
     9091       0.3342   5.38
     9092       0.3348   5.38
     9093       0.3353   5.38
     9094       0.3349   5.38
     9095       0.3357   5.38
     9096       0.3353   5.38
     9097       0.3353   5.38
     9098       0.3348   5.38
     9099       0.3354   5.38
     9100       0.3359   5.38
     9101       0.3346   5.38
     9102       0.3360   5.38
     9103       0.3366   5.38
     9104       0.3354   5.38
     9105       0.3359   5.38
     9106       0.3362   5.38
     9107       0.3348   5.38
     9108       0.3352   5.38
     9109       0.3355   5.38
     9110       0.3345   5.38
     9111       0.3359   5.38
     9112       0.3357   5.38
     9113       0.3348   5.38
     9114       0.3351   5.38
     9115       0.3360   5.38
     9116       0.3352   5.38
     9117       0.3354   5.38
     9118       0.3357   5.38
     9119       0.3338   5.37
     9120       0.3358   5.37
     9121       0.3356   5.38
     9122       0.3342   5.38
     9123       0.3359   5.38
     9124       0.3361   5.38
     9125       0.3341   5.38
     9126       0.3348   5.38
     9127       0.3350   5.38
     9128       0.3344   5.38
     9129       0.3357   5.38
     9130       0.3346   5.38
     9131       0.3349   5.38
     9132       0.3363   5.38
     9133       0.3353   5.38
     9134       0.3349   5.38
     9135       0.3355   5.38
     9136       0.3352   5.38
     9137       0.3351   5.38
     9138       0.3357   5.38
     9139       0.3353   5.38
     9140       0.3350   5.38
     9141       0.3359   5.38
     9142       0.3352   5.38
     9143       0.3339   5.38
     9144       0.3360   5.38
     9145       0.3361   5.38
     9146       0.3351   5.38
     9147       0.3351   5.38
     9148       0.3363   5.38
     9149       0.3347   5.38
     9150       0.3342   5.38
     9151       0.3351   5.38
     9152       0.3357   5.38
     9153       0.3343   5.38
     9154       0.3360   5.38
     9155       0.3359   5.38
     9156       0.3360   5.38
     9157       0.3358   5.38
     9158       0.3358   5.38
     9159       0.3355   5.38
     9160       0.3354   5.38
     9161       0.3356   5.38
     9162       0.3355   5.38
     9163       0.3367   5.38
     9164       0.3360   5.38
     9165       0.3335   5.38
     9166       0.3348   5.38
     9167       0.3356   5.38
     9168       0.3339   5.38
     9169       0.3343   5.38
     9170       0.3349   5.38
     9171       0.3359   5.38
     9172       0.3361   5.38
     9173       0.3361   5.38
     9174       0.3345   5.38
     9175       0.3352   5.38
     9176       0.3362   5.38
     9177       0.3348   5.38
     9178       0.3360   5.38
     9179       0.3353   5.38
     9180       0.3345   5.38
     9181       0.3355   5.38
     9182       0.3351   5.38
     9183       0.3344   5.38
     9184       0.3359   5.38
     9185       0.3352   5.38
     9186       0.3354   5.38
     9187       0.3352   5.38
     9188       0.3350   5.38
     9189       0.3346   5.37
     9190       0.3357   5.37
     9191       0.3352   5.38
     9192       0.3346   5.38
     9193       0.3350   5.38
     9194       0.3351   5.38
     9195       0.3344   5.37
     9196       0.3349   5.37
     9197       0.3357   5.38
     9198       0.3358   5.38
     9199       0.3337   5.38
     9200       0.3353   5.38
     9201       0.3357   5.38
     9202       0.3345   5.38
     9203       0.3354   5.38
     9204       0.3358   5.38
     9205       0.3353   5.38
     9206       0.3357   5.38
     9207       0.3356   5.38
     9208       0.3343   5.38
     9209       0.3357   5.38
     9210       0.3358   5.38
     9211       0.3348   5.38
     9212       0.3347   5.38
     9213       0.3354   5.38
     9214       0.3348   5.38
     9215       0.3355   5.38
     9216       0.3359   5.38
     9217       0.3346   5.38
     9218       0.3363   5.38
     9219       0.3361   5.38
     9220       0.3352   5.38
     9221       0.3352   5.38
     9222       0.3361   5.38
     9223       0.3348   5.38
     9224       0.3355   5.38
     9225       0.3360   5.38
     9226       0.3344   5.38
     9227       0.3355   5.38
     9228       0.3362   5.38
     9229       0.3358   5.38
     9230       0.3354   5.38
     9231       0.3353   5.38
     9232       0.3348   5.38
     9233       0.3357   5.38
     9234       0.3363   5.38
     9235       0.3346   5.38
     9236       0.3354   5.38
     9237       0.3354   5.37
     9238       0.3353   5.38
     9239       0.3356   5.38
     9240       0.3352   5.38
     9241       0.3349   5.38
     9242       0.3355   5.38
     9243       0.3354   5.38
     9244       0.3354   5.38
     9245       0.3347   5.38
     9246       0.3357   5.38
     9247       0.3359   5.38
     9248       0.3338   5.38
     9249       0.3360   5.38
     9250       0.3363   5.38
     9251       0.3359   5.38
     9252       0.3362   5.38
     9253       0.3357   5.38
     9254       0.3346   5.38
     9255       0.3350   5.38
     9256       0.3456   5.38
     9257       0.3350   5.38
     9258       0.3361   5.38
     9259       0.3363   5.38
     9260       0.3346   5.38
     9261       0.3359   5.38
     9262       0.3353   5.37
     9263       0.3345   5.38
     9264       0.3349   5.38
     9265       0.3354   5.38
     9266       0.3344   5.38
     9267       0.3353   5.38
     9268       0.3358   5.37
     9269       0.3345   5.38
     9270       0.3428   5.38
     9271       0.3356   5.38
     9272       0.3342   5.38
     9273       0.3355   5.38
     9274       0.3353   5.38
     9275       0.3348   5.38
     9276       0.3360   5.38
     9277       0.3356   5.38
     9278       0.3351   5.38
     9279       0.3353   5.38
     9280       0.3354   5.38
     9281       0.3342   5.38
     9282       0.3355   5.38
     9283       0.3358   5.38
     9284       0.3341   5.38
     9285       0.3354   5.38
     9286       0.3353   5.38
     9287       0.3346   5.38
     9288       0.3356   5.38
     9289       0.3356   5.38
     9290       0.3354   5.38
     9291       0.3355   5.38
     9292       0.3358   5.38
     9293       0.3362   5.38
     9294       0.3357   5.38
     9295       0.3358   5.38
     9296       0.3357   5.38
     9297       0.3348   5.37
     9298       0.3348   5.37
     9299       0.3352   5.38
     9300       0.3349   5.38
     9301       0.3356   5.38
     9302       0.3358   5.38
     9303       0.3345   5.38
     9304       0.3356   5.38
     9305       0.3358   5.38
     9306       0.3351   5.38
     9307       0.3356   5.38
     9308       0.3349   5.38
     9309       0.3348   5.38
     9310       0.3360   5.38
     9311       0.3361   5.38
     9312       0.3355   5.38
     9313       0.3358   5.38
     9314       0.3352   5.38
     9315       0.3351   5.38
     9316       0.3359   5.38
     9317       0.3357   5.38
     9318       0.3346   5.38
     9319       0.3353   5.38
     9320       0.3353   5.38
     9321       0.3344   5.38
     9322       0.3356   5.38
     9323       0.3352   5.38
     9324       0.3345   5.38
     9325       0.3360   5.38
     9326       0.3355   5.38
     9327       0.3355   5.38
     9328       0.3356   5.38
     9329       0.3358   5.38
     9330       0.3358   5.38
     9331       0.3354   5.38
     9332       0.3351   5.38
     9333       0.3346   5.38
     9334       0.3348   5.38
     9335       0.3351   5.38
     9336       0.3348   5.38
     9337       0.3355   5.38
     9338       0.3351   5.38
     9339       0.3354   5.38
     9340       0.3344   5.38
     9341       0.3352   5.38
     9342       0.3347   5.38
     9343       0.3344   5.38
     9344       0.3354   5.38
     9345       0.3357   5.38
     9346       0.3360   5.38
     9347       0.3357   5.38
     9348       0.3360   5.38
     9349       0.3349   5.38
     9350       0.3356   5.38
     9351       0.3352   5.38
     9352       0.3351   5.38
     9353       0.3351   5.38
     9354       0.3354   5.38
     9355       0.3348   5.38
     9356       0.3348   5.38
     9357       0.3351   5.38
     9358       0.3352   5.38
     9359       0.3354   5.38
     9360       0.3357   5.38
     9361       0.3353   5.38
     9362       0.3357   5.38
     9363       0.3353   5.38
     9364       0.3338   5.38
     9365       0.3352   5.38
     9366       0.3358   5.38
     9367       0.3351   5.38
     9368       0.3352   5.38
     9369       0.3353   5.38
     9370       0.3349   5.38
     9371       0.3355   5.38
     9372       0.3355   5.38
     9373       0.3351   5.38
     9374       0.3356   5.38
     9375       0.3360   5.38
     9376       0.3354   5.38
     9377       0.3355   5.38
     9378       0.3361   5.38
     9379       0.3356   5.38
     9380       0.3353   5.38
     9381       0.3354   5.38
     9382       0.3355   5.38
     9383       0.3359   5.38
     9384       0.3354   5.38
     9385       0.3345   5.38
     9386       0.3350   5.38
     9387       0.3354   5.38
     9388       0.3339   5.38
     9389       0.3351   5.38
     9390       0.3351   5.38
     9391       0.3347   5.38
     9392       0.3342   5.38
     9393       0.3351   5.38
     9394       0.3356   5.38
     9395       0.3350   5.38
     9396       0.3353   5.38
     9397       0.3346   5.38
     9398       0.3350   5.38
     9399       0.3351   5.38
     9400       0.3354   5.38
     9401       0.3348   5.38
     9402       0.3356   5.38
     9403       0.3360   5.38
     9404       0.3333   5.38
     9405       0.3353   5.38
     9406       0.3358   5.38
     9407       0.3348   5.38
     9408       0.3358   5.38
     9409       0.3351   5.38
     9410       0.3343   5.38
     9411       0.3349   5.38
     9412       0.3346   5.38
     9413       0.3353   5.38
     9414       0.3345   5.38
     9415       0.3353   5.38
     9416       0.3343   5.38
     9417       0.3350   5.38
     9418       0.3348   5.38
     9419       0.3347   5.38
     9420       0.3346   5.38
     9421       0.3346   5.38
     9422       0.3350   5.38
     9423       0.3365   5.38
     9424       0.3350   5.38
     9425       0.3343   5.38
     9426       0.3351   5.38
     9427       0.3357   5.38
     9428       0.3344   5.38
     9429       0.3349   5.38
     9430       0.3351   5.38
     9431       0.3342   5.38
     9432       0.3348   5.38
     9433       0.3352   5.38
     9434       0.3341   5.38
     9435       0.3351   5.38
     9436       0.3351   5.38
     9437       0.3359   5.38
     9438       0.3352   5.38
     9439       0.3357   5.38
     9440       0.3358   5.38
     9441       0.3357   5.38
     9442       0.3358   5.38
     9443       0.3344   5.38
     9444       0.3347   5.38
     9445       0.3353   5.38
     9446       0.3358   5.38
     9447       0.3343   5.38
     9448       0.3349   5.38
     9449       0.3354   5.38
     9450       0.3350   5.38
     9451       0.3359   5.38
     9452       0.3354   5.38
     9453       0.3349   5.38
     9454       0.3351   5.38
     9455       0.3358   5.38
     9456       0.3349   5.38
     9457       0.3364   5.38
     9458       0.3359   5.38
     9459       0.3351   5.38
     9460       0.3354   5.38
     9461       0.3354   5.38
     9462       0.3347   5.38
     9463       0.3351   5.38
     9464       0.3353   5.38
     9465       0.3351   5.38
     9466       0.3354   5.38
     9467       0.3346   5.38
     9468       0.3347   5.38
     9469       0.3351   5.38
     9470       0.3355   5.38
     9471       0.3347   5.38
     9472       0.3350   5.38
     9473       0.3350   5.38
     9474       0.3353   5.38
     9475       0.3355   5.38
     9476       0.3350   5.38
     9477       0.3345   5.38
     9478       0.3351   5.38
     9479       0.3352   5.38
     9480       0.3352   5.38
     9481       0.3345   5.38
     9482       0.3352   5.38
     9483       0.3343   5.38
     9484       0.3357   5.38
     9485       0.3358   5.38
     9486       0.3349   5.38
     9487       0.3359   5.38
     9488       0.3354   5.38
     9489       0.3346   5.38
     9490       0.3360   5.38
     9491       0.3358   5.38
     9492       0.3344   5.37
     9493       0.3355   5.37
     9494       0.3355   5.38
     9495       0.3342   5.38
     9496       0.3348   5.38
     9497       0.3349   5.38
     9498       0.3358   5.38
     9499       0.3339   5.38
     9500       0.3356   5.38
     9501       0.3353   5.38
     9502       0.3348   5.38
     9503       0.3351   5.38
     9504       0.3358   5.38
     9505       0.3352   5.38
     9506       0.3357   5.38
     9507       0.3353   5.38
     9508       0.3350   5.38
     9509       0.3354   5.38
     9510       0.3350   5.38
     9511       0.3351   5.38
     9512       0.3352   5.38
     9513       0.3352   5.38
     9514       0.3352   5.38
     9515       0.3350   5.38
     9516       0.3350   5.38
     9517       0.3345   5.38
     9518       0.3355   5.38
     9519       0.3355   5.38
     9520       0.3344   5.38
     9521       0.3351   5.38
     9522       0.3353   5.38
     9523       0.3349   5.38
     9524       0.3353   5.38
     9525       0.3354   5.38
     9526       0.3349   5.38
     9527       0.3356   5.38
     9528       0.3351   5.38
     9529       0.3343   5.38
     9530       0.3351   5.38
     9531       0.3350   5.38
     9532       0.3346   5.38
     9533       0.3340   5.38
     9534       0.3349   5.38
     9535       0.3344   5.38
     9536       0.3350   5.38
     9537       0.3352   5.38
     9538       0.3343   5.38
     9539       0.3350   5.38
     9540       0.3348   5.38
     9541       0.3350   5.38
     9542       0.3357   5.38
     9543       0.3359   5.38
     9544       0.3347   5.38
     9545       0.3345   5.38
     9546       0.3346   5.38
     9547       0.3343   5.38
     9548       0.3355   5.38
     9549       0.3354   5.38
     9550       0.3350   5.38
     9551       0.3349   5.38
     9552       0.3358   5.38
     9553       0.3356   5.38
     9554       0.3342   5.38
     9555       0.3353   5.38
     9556       0.3356   5.38
     9557       0.3349   5.38
     9558       0.3354   5.38
     9559       0.3344   5.38
     9560       0.3345   5.38
     9561       0.3357   5.38
     9562       0.3361   5.38
     9563       0.3350   5.38
     9564       0.3357   5.38
     9565       0.3366   5.38
     9566       0.3350   5.38
     9567       0.3365   5.38
     9568       0.3355   5.38
     9569       0.3342   5.38
     9570       0.3356   5.38
     9571       0.3357   5.38
     9572       0.3337   5.38
     9573       0.3347   5.38
     9574       0.3351   5.38
     9575       0.3352   5.38
     9576       0.3355   5.38
     9577       0.3357   5.38
     9578       0.3342   5.38
     9579       0.3353   5.38
     9580       0.3349   5.38
     9581       0.3340   5.38
     9582       0.3353   5.38
     9583       0.3360   5.38
     9584       0.3354   5.38
     9585       0.3349   5.38
     9586       0.3356   5.38
     9587       0.3345   5.38
     9588       0.3351   5.38
     9589       0.3356   5.38
     9590       0.3355   5.38
     9591       0.3357   5.38
     9592       0.3355   5.38
     9593       0.3350   5.38
     9594       0.3352   5.38
     9595       0.3360   5.38
     9596       0.3343   5.38
     9597       0.3352   5.38
     9598       0.3352   5.38
     9599       0.3351   5.38
     9600       0.3357   5.38
     9601       0.3358   5.38
     9602       0.3355   5.38
     9603       0.3339   5.38
     9604       0.3356   5.38
     9605       0.3351   5.38
     9606       0.3351   5.38
     9607       0.3353   5.38
     9608       0.3357   5.38
     9609       0.3351   5.38
     9610       0.3358   5.38
     9611       0.3357   5.38
     9612       0.3350   5.38
     9613       0.3348   5.38
     9614       0.3349   5.38
     9615       0.3338   5.38
     9616       0.3347   5.38
     9617       0.3358   5.38
     9618       0.3344   5.38
     9619       0.3351   5.38
     9620       0.3355   5.38
     9621       0.3349   5.38
     9622       0.3357   5.38
     9623       0.3354   5.38
     9624       0.3349   5.38
     9625       0.3355   5.38
     9626       0.3357   5.38
     9627       0.3351   5.38
     9628       0.3343   5.38
     9629       0.3343   5.38
     9630       0.3346   5.38
     9631       0.3354   5.38
     9632       0.3349   5.38
     9633       0.3342   5.38
     9634       0.3351   5.38
     9635       0.3352   5.38
     9636       0.3346   5.38
     9637       0.3356   5.38
     9638       0.3386   5.38
     9639       0.3342   5.38
     9640       0.3352   5.38
     9641       0.3352   5.38
     9642       0.3338   5.38
     9643       0.3351   5.38
     9644       0.3353   5.38
     9645       0.3347   5.38
     9646       0.3351   5.38
     9647       0.3356   5.38
     9648       0.3346   5.38
     9649       0.3342   5.38
     9650       0.3356   5.38
     9651       0.3350   5.38
     9652       0.3348   5.38
     9653       0.3353   5.38
     9654       0.3356   5.38
     9655       0.3333   5.38
     9656       0.3357   5.38
     9657       0.3355   5.38
     9658       0.3353   5.38
     9659       0.3359   5.38
     9660       0.3356   5.38
     9661       0.3344   5.38
     9662       0.3358   5.38
     9663       0.3346   5.38
     9664       0.3347   5.38
     9665       0.3342   5.38
     9666       0.3354   5.38
     9667       0.3345   5.38
     9668       0.3353   5.38
     9669       0.3348   5.38
     9670       0.3345   5.38
     9671       0.3351   5.38
     9672       0.3358   5.38
     9673       0.3343   5.38
     9674       0.3352   5.38
     9675       0.3359   5.38
     9676       0.3351   5.38
     9677       0.3352   5.38
     9678       0.3355   5.38
     9679       0.3353   5.38
     9680       0.3361   5.38
     9681       0.3363   5.38
     9682       0.3358   5.38
     9683       0.3359   5.38
     9684       0.3356   5.38
     9685       0.3352   5.38
     9686       0.3357   5.38
     9687       0.3358   5.38
     9688       0.3353   5.38
     9689       0.3359   5.38
     9690       0.3353   5.38
     9691       0.3348   5.38
     9692       0.3358   5.38
     9693       0.3361   5.38
     9694       0.3351   5.38
     9695       0.3348   5.38
     9696       0.3353   5.38
     9697       0.3351   5.38
     9698       0.3352   5.38
     9699       0.3353   5.38
     9700       0.3346   5.38
     9701       0.3356   5.38
     9702       0.3357   5.38
     9703       0.3345   5.38
     9704       0.3338   5.38
     9705       0.3353   5.38
     9706       0.3358   5.38
     9707       0.3349   5.38
     9708       0.3351   5.38
     9709       0.3357   5.38
     9710       0.3334   5.38
     9711       0.3353   5.38
     9712       0.3355   5.38
     9713       0.3345   5.38
     9714       0.3354   5.38
     9715       0.3347   5.38
     9716       0.3341   5.38
     9717       0.3347   5.38
     9718       0.3356   5.38
     9719       0.3348   5.38
     9720       0.3348   5.38
     9721       0.3355   5.38
     9722       0.3341   5.38
     9723       0.3352   5.38
     9724       0.3357   5.38
     9725       0.3351   5.38
     9726       0.3359   5.38
     9727       0.3358   5.38
     9728       0.3345   5.38
     9729       0.3354   5.38
     9730       0.3353   5.38
     9731       0.3344   5.38
     9732       0.3354   5.38
     9733       0.3353   5.38
     9734       0.3343   5.38
     9735       0.3352   5.38
     9736       0.3360   5.38
     9737       0.3346   5.38
     9738       0.3352   5.38
     9739       0.3357   5.38
     9740       0.3346   5.38
     9741       0.3359   5.38
     9742       0.3353   5.38
     9743       0.3355   5.38
     9744       0.3355   5.38
     9745       0.3353   5.38
     9746       0.3348   5.38
     9747       0.3357   5.38
     9748       0.3355   5.38
     9749       0.3350   5.38
     9750       0.3363   5.38
     9751       0.3359   5.38
     9752       0.3351   5.38
     9753       0.3356   5.38
     9754       0.3355   5.38
     9755       0.3345   5.38
     9756       0.3336   5.38
     9757       0.3355   5.38
     9758       0.3353   5.38
     9759       0.3337   5.38
     9760       0.3351   5.38
     9761       0.3356   5.38
     9762       0.3342   5.38
     9763       0.3348   5.38
     9764       0.3354   5.38
     9765       0.3350   5.38
     9766       0.3355   5.38
     9767       0.3351   5.38
     9768       0.3348   5.38
     9769       0.3350   5.38
     9770       0.3358   5.38
     9771       0.3347   5.38
     9772       0.3359   5.38
     9773       0.3355   5.38
     9774       0.3336   5.38
     9775       0.3356   5.38
     9776       0.3353   5.38
     9777       0.3338   5.38
     9778       0.3350   5.38
     9779       0.3354   5.38
     9780       0.3354   5.38
     9781       0.3358   5.38
     9782       0.3356   5.38
     9783       0.3350   5.38
     9784       0.3360   5.38
     9785       0.3358   5.38
     9786       0.3344   5.38
     9787       0.3353   5.38
     9788       0.3350   5.38
     9789       0.3351   5.38
     9790       0.3354   5.38
     9791       0.3353   5.38
     9792       0.3342   5.38
     9793       0.3357   5.38
     9794       0.3356   5.38
     9795       0.3353   5.38
     9796       0.3360   5.38
     9797       0.3356   5.38
     9798       0.3352   5.38
     9799       0.3353   5.38
     9800       0.3358   5.38
     9801       0.3343   5.38
     9802       0.3353   5.38
     9803       0.3355   5.38
     9804       0.3356   5.38
     9805       0.3352   5.38
     9806       0.3355   5.38
     9807       0.3365   5.38
     9808       0.3340   5.38
     9809       0.3352   5.38
     9810       0.3347   5.38
     9811       0.3342   5.38
     9812       0.3354   5.38
     9813       0.3352   5.38
     9814       0.3349   5.38
     9815       0.3353   5.38
     9816       0.3351   5.38
     9817       0.3356   5.38
     9818       0.3358   5.38
     9819       0.3352   5.38
     9820       0.3357   5.38
     9821       0.3360   5.38
     9822       0.3351   5.38
     9823       0.3347   5.38
     9824       0.3359   5.38
     9825       0.3354   5.38
     9826       0.3363   5.38
     9827       0.3356   5.38
     9828       0.3337   5.38
     9829       0.3351   5.38
     9830       0.3354   5.38
     9831       0.3356   5.38
     9832       0.3358   5.38
     9833       0.3353   5.38
     9834       0.3350   5.37
     9835       0.3339   5.38
     9836       0.3353   5.38
     9837       0.3352   5.38
     9838       0.3344   5.38
     9839       0.3355   5.38
     9840       0.3359   5.38
     9841       0.3350   5.38
     9842       0.3356   5.38
     9843       0.3353   5.38
     9844       0.3347   5.38
     9845       0.3353   5.38
     9846       0.3354   5.37
     9847       0.3355   5.38
     9848       0.3351   5.38
     9849       0.3353   5.38
     9850       0.3344   5.38
     9851       0.3355   5.38
     9852       0.3351   5.38
     9853       0.3347   5.38
     9854       0.3351   5.38
     9855       0.3348   5.38
     9856       0.3340   5.37
     9857       0.3344   5.37
     9858       0.3348   5.38
     9859       0.3365   5.38
     9860       0.3347   5.38
     9861       0.3341   5.38
     9862       0.3352   5.38
     9863       0.3347   5.38
     9864       0.3353   5.38
     9865       0.3362   5.38
     9866       0.3339   5.38
     9867       0.3355   5.38
     9868       0.3349   5.38
     9869       0.3342   5.38
     9870       0.3352   5.38
     9871       0.3352   5.38
     9872       0.3346   5.38
     9873       0.3347   5.38
     9874       0.3443   5.38
     9875       0.3341   5.38
     9876       0.3349   5.38
     9877       0.3346   5.38
     9878       0.3340   5.38
     9879       0.3349   5.38
     9880       0.3351   5.38
     9881       0.3352   5.38
     9882       0.3354   5.38
     9883       0.3360   5.38
     9884       0.3355   5.38
     9885       0.3350   5.38
     9886       0.3350   5.38
     9887       0.3356   5.38
     9888       0.3357   5.38
     9889       0.3356   5.38
     9890       0.3346   5.38
     9891       0.3354   5.38
     9892       0.3350   5.38
     9893       0.3349   5.38
     9894       0.3349   5.38
     9895       0.3351   5.38
     9896       0.3352   5.38
     9897       0.3356   5.38
     9898       0.3358   5.38
     9899       0.3346   5.38
     9900       0.3360   5.38
     9901       0.3355   5.38
     9902       0.3348   5.38
     9903       0.3353   5.38
     9904       0.3345   5.38
     9905       0.3353   5.38
     9906       0.3352   5.38
     9907       0.3361   5.38
     9908       0.3355   5.38
     9909       0.3356   5.38
     9910       0.3353   5.38
     9911       0.3355   5.38
     9912       0.3344   5.38
     9913       0.3354   5.38
     9914       0.3346   5.38
     9915       0.3342   5.38
     9916       0.3357   5.38
     9917       0.3351   5.38
     9918       0.3344   5.38
     9919       0.3352   5.38
     9920       0.3353   5.38
     9921       0.3340   5.38
     9922       0.3356   5.38
     9923       0.3356   5.38
     9924       0.3350   5.38
     9925       0.3356   5.38
     9926       0.3343   5.38
     9927       0.3352   5.39
     9928       0.3353   5.39
     9929       0.3348   5.38
     9930       0.3343   5.38
     9931       0.3352   5.38
     9932       0.3353   5.38
     9933       0.3338   5.38
     9934       0.3345   5.38
     9935       0.3345   5.38
     9936       0.3342   5.38
     9937       0.3352   5.38
     9938       0.3341   5.38
     9939       0.3340   5.38
     9940       0.3346   5.38
     9941       0.3348   5.38
     9942       0.3356   5.38
     9943       0.3350   5.38
     9944       0.3347   5.38
     9945       0.3336   5.38
     9946       0.3344   5.38
     9947       0.3339   5.38
     9948       0.3340   5.38
     9949       0.3345   5.38
     9950       0.3348   5.38
     9951       0.3349   5.38
     9952       0.3343   5.38
     9953       0.3353   5.38
     9954       0.3346   5.38
     9955       0.3350   5.38
     9956       0.3351   5.38
     9957       0.3337   5.38
     9958       0.3355   5.38
     9959       0.3352   5.38
     9960       0.3344   5.38
     9961       0.3345   5.38
     9962       0.3345   5.38
     9963       0.3346   5.38
     9964       0.3360   5.38
     9965       0.3350   5.38
     9966       0.3347   5.38
     9967       0.3350   5.38
     9968       0.3349   5.38
     9969       0.3344   5.38
     9970       0.3341   5.38
     9971       0.3353   5.38
     9972       0.3354   5.38
     9973       0.3340   5.39
     9974       0.3349   5.39
     9975       0.3349   5.38
     9976       0.3343   5.38
     9977       0.3350   5.38
     9978       0.3350   5.38
     9979       0.3340   5.38
     9980       0.3347   5.38
     9981       0.3346   5.38
     9982       0.3346   5.38
     9983       0.3348   5.38
     9984       0.3348   5.38
     9985       0.3345   5.38
     9986       0.3352   5.38
     9987       0.3355   5.38
     9988       0.3342   5.38
     9989       0.3353   5.38
     9990       0.3354   5.38
     9991       0.3346   5.38
     9992       0.3358   5.38
     9993       0.3355   5.38
     9994       0.3347   5.38
     9995       0.3355   5.38
     9996       0.3359   5.38
     9997       0.3337   5.38
     9998       0.3347   5.38
     9999       0.3352   5.38
    10000       0.3337   5.38
    10001       0.3346   5.38
    10002       0.3343   5.38
    10003       0.3353   5.38
    10004       0.3350   5.38
    10005       0.3347   5.38
    10006       0.3344   5.38
    10007       0.3352   5.38
    10008       0.3362   5.38
    10009       0.3346   5.38
    10010       0.3340   5.38
    10011       0.3353   5.38
    10012       0.3333   5.38
    10013       0.3350   5.38
    10014       0.3349   5.38
    10015       0.3353   5.38
    10016       0.3353   5.38
    10017       0.3357   5.38
    10018       0.3343   5.38
    10019       0.3362   5.38
    10020       0.3354   5.38
    10021       0.3351   5.38
    10022       0.3345   5.38
    10023       0.3351   5.38
    10024       0.3339   5.39
    10025       0.3345   5.39
    10026       0.3348   5.38
    10027       0.3359   5.38
    10028       0.3339   5.38
    10029       0.3355   5.38
    10030       0.3358   5.38
    10031       0.3353   5.38
    10032       0.3348   5.38
    10033       0.3356   5.38
    10034       0.3343   5.38
    10035       0.3348   5.38
    10036       0.3345   5.38
    10037       0.3349   5.39
    10038       0.3351   5.39
    10039       0.3349   5.38
    10040       0.3347   5.38
    10041       0.3347   5.38
    10042       0.3347   5.38
    10043       0.3340   5.38
    10044       0.3353   5.38
    10045       0.3353   5.38
    10046       0.3346   5.38
    10047       0.3350   5.38
    10048       0.3353   5.38
    10049       0.3344   5.38
    10050       0.3355   5.38
    10051       0.3346   5.38
    10052       0.3350   5.38
    10053       0.3350   5.38
    10054       0.3354   5.38
    10055       0.3346   5.38
    10056       0.3349   5.38
    10057       0.3347   5.38
    10058       0.3349   5.38
    10059       0.3349   5.38
    10060       0.3343   5.38
    10061       0.3342   5.38
    10062       0.3352   5.38
    10063       0.3351   5.38
    10064       0.3342   5.38
    10065       0.3345   5.38
    10066       0.3350   5.38
    10067       0.3346   5.38
    10068       0.3353   5.38
    10069       0.3351   5.38
    10070       0.3345   5.38
    10071       0.3356   5.38
    10072       0.3353   5.38
    10073       0.3341   5.38
    10074       0.3347   5.38
    10075       0.3340   5.38
    10076       0.3341   5.38
    10077       0.3350   5.38
    10078       0.3352   5.38
    10079       0.3339   5.38
    10080       0.3352   5.38
    10081       0.3349   5.38
    10082       0.3341   5.38
    10083       0.3347   5.38
    10084       0.3347   5.38
    10085       0.3347   5.38
    10086       0.3341   5.39
    10087       0.3348   5.39
    10088       0.3356   5.39
    10089       0.3342   5.39
    10090       0.3356   5.39
    10091       0.3356   5.39
    10092       0.3348   5.38
    10093       0.3351   5.38
    10094       0.3345   5.38
    10095       0.3349   5.38
    10096       0.3345   5.38
    10097       0.3351   5.38
    10098       0.3346   5.38
    10099       0.3352   5.38
    10100       0.3345   5.38
    10101       0.3341   5.38
    10102       0.3349   5.38
    10103       0.3349   5.38
    10104       0.3351   5.38
    10105       0.3350   5.38
    10106       0.3350   5.38
    10107       0.3351   5.38
    10108       0.3354   5.38
    10109       0.3355   5.38
    10110       0.3355   5.38
    10111       0.3350   5.38
    10112       0.3353   5.38
    10113       0.3349   5.38
    10114       0.3352   5.38
    10115       0.3358   5.38
    10116       0.3340   5.38
    10117       0.3354   5.38
    10118       0.3354   5.38
    10119       0.3340   5.38
    10120       0.3340   5.38
    10121       0.3356   5.38
    10122       0.3345   5.38
    10123       0.3348   5.38
    10124       0.3348   5.38
    10125       0.3349   5.38
    10126       0.3345   5.38
    10127       0.3350   5.38
    10128       0.3334   5.38
    10129       0.3342   5.38
    10130       0.3348   5.38
    10131       0.3344   5.38
    10132       0.3346   5.38
    10133       0.3353   5.38
    10134       0.3333   5.38
    10135       0.3343   5.38
    10136       0.3355   5.38
    10137       0.3351   5.38
    10138       0.3360   5.38
    10139       0.3354   5.38
    10140       0.3346   5.38
    10141       0.3339   5.38
    10142       0.3350   5.38
    10143       0.3359   5.38
    10144       0.3346   5.38
    10145       0.3347   5.38
    10146       0.3356   5.38
    10147       0.3340   5.38
    10148       0.3361   5.38
    10149       0.3363   5.38
    10150       0.3358   5.38
    10151       0.3350   5.38
    10152       0.3358   5.38
    10153       0.3343   5.38
    10154       0.3361   5.38
    10155       0.3358   5.38
    10156       0.3343   5.38
    10157       0.3352   5.38
    10158       0.3353   5.38
    10159       0.3348   5.38
    10160       0.3357   5.38
    10161       0.3356   5.38
    10162       0.3350   5.38
    10163       0.3349   5.38
    10164       0.3358   5.38
    10165       0.3351   5.38
    10166       0.3364   5.38
    10167       0.3358   5.38
    10168       0.3343   5.38
    10169       0.3356   5.38
    10170       0.3352   5.38
    10171       0.3339   5.38
    10172       0.3358   5.38
    10173       0.3352   5.38
    10174       0.3342   5.38
    10175       0.3354   5.38
    10176       0.3356   5.38
    10177       0.3343   5.38
    10178       0.3358   5.38
    10179       0.3353   5.38
    10180       0.3345   5.38
    10181       0.3356   5.38
    10182       0.3356   5.38
    10183       0.3352   5.38
    10184       0.3356   5.38
    10185       0.3350   5.38
    10186       0.3350   5.38
    10187       0.3351   5.38
    10188       0.3351   5.38
    10189       0.3356   5.38
    10190       0.3348   5.38
    10191       0.3356   5.38
    10192       0.3356   5.38
    10193       0.3342   5.38
    10194       0.3353   5.38
    10195       0.3355   5.38
    10196       0.3340   5.38
    10197       0.3353   5.38
    10198       0.3351   5.38
    10199       0.3342   5.38
    10200       0.3352   5.38
    10201       0.3351   5.38
    10202       0.3339   5.38
    10203       0.3354   5.38
    10204       0.3351   5.38
    10205       0.3347   5.38
    10206       0.3355   5.38
    10207       0.3347   5.38
    10208       0.3345   5.38
    10209       0.3352   5.38
    10210       0.3350   5.38
    10211       0.3338   5.38
    10212       0.3350   5.38
    10213       0.3356   5.38
    10214       0.3350   5.38
    10215       0.3354   5.38
    10216       0.3353   5.38
    10217       0.3340   5.38
    10218       0.3352   5.38
    10219       0.3354   5.38
    10220       0.3347   5.38
    10221       0.3350   5.38
    10222       0.3351   5.38
    10223       0.3341   5.38
    10224       0.3359   5.38
    10225       0.3354   5.38
    10226       0.3338   5.38
    10227       0.3362   5.38
    10228       0.3362   5.38
    10229       0.3340   5.38
    10230       0.3353   5.38
    10231       0.3349   5.38
    10232       0.3345   5.38
    10233       0.3353   5.38
    10234       0.3345   5.38
    10235       0.3347   5.38
    10236       0.3354   5.38
    10237       0.3352   5.38
    10238       0.3343   5.38
    10239       0.3346   5.38
    10240       0.3352   5.38
    10241       0.3348   5.38
    10242       0.3350   5.38
    10243       0.3354   5.38
    10244       0.3343   5.38
    10245       0.3351   5.38
    10246       0.3355   5.38
    10247       0.3344   5.38
    10248       0.3341   5.38
    10249       0.3355   5.38
    10250       0.3351   5.38
    10251       0.3341   5.38
    10252       0.3356   5.38
    10253       0.3357   5.38
    10254       0.3340   5.38
    10255       0.3351   5.38
    10256       0.3353   5.38
    10257       0.3342   5.38
    10258       0.3350   5.38
    10259       0.3354   5.38
    10260       0.3349   5.38
    10261       0.3346   5.38
    10262       0.3357   5.38
    10263       0.3348   5.38
    10264       0.3346   5.38
    10265       0.3347   5.38
    10266       0.3350   5.38
    10267       0.3355   5.38
    10268       0.3350   5.38
    10269       0.3351   5.39
    10270       0.3352   5.39
    10271       0.3358   5.38
    10272       0.3341   5.38
    10273       0.3354   5.38
    10274       0.3353   5.38
    10275       0.3342   5.38
    10276       0.3353   5.38
    10277       0.3361   5.38
    10278       0.3351   5.38
    10279       0.3356   5.38
    10280       0.3350   5.38
    10281       0.3344   5.38
    10282       0.3357   5.38
    10283       0.3352   5.38
    10284       0.3345   5.38
    10285       0.3358   5.38
    10286       0.3357   5.38
    10287       0.3338   5.38
    10288       0.3357   5.38
    10289       0.3353   5.38
    10290       0.3351   5.38
    10291       0.3357   5.38
    10292       0.3357   5.38
    10293       0.3350   5.38
    10294       0.3349   5.38
    10295       0.3353   5.38
    10296       0.3344   5.38
    10297       0.3357   5.38
    10298       0.3355   5.38
    10299       0.3362   5.38
    10300       0.3348   5.38
    10301       0.3351   5.38
    10302       0.3356   5.38
    10303       0.3345   5.38
    10304       0.3351   5.38
    10305       0.3359   5.38
    10306       0.3341   5.38
    10307       0.3352   5.38
    10308       0.3351   5.38
    10309       0.3345   5.38
    10310       0.3347   5.38
    10311       0.3352   5.38
    10312       0.3346   5.38
    10313       0.3356   5.38
    10314       0.3355   5.38
    10315       0.3342   5.38
    10316       0.3367   5.38
    10317       0.3351   5.38
    10318       0.3344   5.38
    10319       0.3358   5.38
    10320       0.3347   5.38
    10321       0.3349   5.38
    10322       0.3353   5.38
    10323       0.3357   5.38
    10324       0.3361   5.38
    10325       0.3358   5.38
    10326       0.3351   5.38
    10327       0.3342   5.38
    10328       0.3349   5.38
    10329       0.3352   5.38
    10330       0.3351   5.38
    10331       0.3354   5.38
    10332       0.3352   5.38
    10333       0.3353   5.38
    10334       0.3353   5.38
    10335       0.3356   5.38
    10336       0.3349   5.38
    10337       0.3354   5.38
    10338       0.3348   5.38
    10339       0.3344   5.38
    10340       0.3354   5.38
    10341       0.3350   5.38
    10342       0.3349   5.38
    10343       0.3349   5.38
    10344       0.3350   5.38
    10345       0.3338   5.38
    10346       0.3355   5.38
    10347       0.3350   5.38
    10348       0.3346   5.38
    10349       0.3352   5.38
    10350       0.3348   5.38
    10351       0.3356   5.38
    10352       0.3352   5.38
    10353       0.3350   5.38
    10354       0.3355   5.38
    10355       0.3339   5.38
    10356       0.3342   5.38
    10357       0.3347   5.38
    10358       0.3341   5.38
    10359       0.3347   5.38
    10360       0.3350   5.38
    10361       0.3344   5.38
    10362       0.3353   5.38
    10363       0.3355   5.38
    10364       0.3348   5.38
    10365       0.3349   5.38
    10366       0.3354   5.38
    10367       0.3336   5.38
    10368       0.3347   5.38
    10369       0.3358   5.38
    10370       0.3348   5.38
    10371       0.3347   5.38
    10372       0.3351   5.38
    10373       0.3354   5.38
    10374       0.3350   5.38
    10375       0.3358   5.38
    10376       0.3337   5.38
    10377       0.3345   5.38
    10378       0.3349   5.38
    10379       0.3342   5.38
    10380       0.3357   5.38
    10381       0.3355   5.38
    10382       0.3337   5.38
    10383       0.3354   5.38
    10384       0.3356   5.38
    10385       0.3337   5.38
    10386       0.3356   5.38
    10387       0.3356   5.38
    10388       0.3342   5.38
    10389       0.3361   5.38
    10390       0.3356   5.38
    10391       0.3358   5.38
    10392       0.3363   5.38
    10393       0.3358   5.38
    10394       0.3355   5.38
    10395       0.3362   5.38
    10396       0.3358   5.38
    10397       0.3353   5.38
    10398       0.3358   5.38
    10399       0.3368   5.38
    10400       0.3355   5.38
    10401       0.3356   5.38
    10402       0.3359   5.38
    10403       0.3351   5.38
    10404       0.3344   5.38
    10405       0.3354   5.38
    10406       0.3354   5.38
    10407       0.3348   5.38
    10408       0.3354   5.38
    10409       0.3353   5.37
    10410       0.3342   5.38
    10411       0.3351   5.38
    10412       0.3361   5.38
    10413       0.3344   5.38
    10414       0.3358   5.38
    10415       0.3350   5.38
    10416       0.3346   5.38
    10417       0.3362   5.38
    10418       0.3351   5.38
    10419       0.3345   5.38
    10420       0.3348   5.38
    10421       0.3353   5.38
    10422       0.3339   5.38
    10423       0.3348   5.38
    10424       0.3354   5.38
    10425       0.3351   5.38
    10426       0.3358   5.38
    10427       0.3349   5.38
    10428       0.3348   5.38
    10429       0.3347   5.38
    10430       0.3355   5.38
    10431       0.3353   5.38
    10432       0.3351   5.38
    10433       0.3352   5.38
    10434       0.3356   5.38
    10435       0.3355   5.38
    10436       0.3356   5.38
    10437       0.3352   5.38
    10438       0.3350   5.38
    10439       0.3359   5.38
    10440       0.3360   5.38
    10441       0.3347   5.38
    10442       0.3357   5.38
    10443       0.3343   5.38
    10444       0.3358   5.38
    10445       0.3352   5.37
    10446       0.3345   5.38
    10447       0.3350   5.38
    10448       0.3352   5.38
    10449       0.3349   5.38
    10450       0.3348   5.38
    10451       0.3357   5.38
    10452       0.3353   5.38
    10453       0.3353   5.38
    10454       0.3354   5.38
    10455       0.3353   5.38
    10456       0.3340   5.38
    10457       0.3343   5.38
    10458       0.3356   5.38
    10459       0.3343   5.38
    10460       0.3347   5.38
    10461       0.3350   5.38
    10462       0.3350   5.38
    10463       0.3350   5.38
    10464       0.3358   5.38
    10465       0.3345   5.38
    10466       0.3348   5.38
    10467       0.3346   5.38
    10468       0.3350   5.38
    10469       0.3351   5.38
    10470       0.3359   5.38
    10471       0.3348   5.38
    10472       0.3348   5.38
    10473       0.3343   5.38
    10474       0.3345   5.38
    10475       0.3354   5.38
    10476       0.3348   5.38
    10477       0.3349   5.38
    10478       0.3352   5.38
    10479       0.3342   5.38
    10480       0.3355   5.38
    10481       0.3360   5.38
    10482       0.3359   5.38
    10483       0.3349   5.38
    10484       0.3357   5.38
    10485       0.3360   5.38
    10486       0.3354   5.38
    10487       0.3355   5.38
    10488       0.3354   5.38
    10489       0.3347   5.38
    10490       0.3361   5.38
    10491       0.3363   5.38
    10492       0.3353   5.38
    10493       0.3445   5.38
    10494       0.3351   5.38
    10495       0.3346   5.38
    10496       0.3355   5.38
    10497       0.3354   5.38
    10498       0.3341   5.38
    10499       0.3356   5.38
    10500       0.3354   5.38
    10501       0.3328   5.38
    10502       0.3351   5.38
    10503       0.3352   5.38
    10504       0.3345   5.38
    10505       0.3355   5.38
    10506       0.3351   5.38
    10507       0.3354   5.38
    10508       0.3351   5.38
    10509       0.3352   5.38
    10510       0.3352   5.38
    10511       0.3342   5.38
    10512       0.3354   5.38
    10513       0.3353   5.38
    10514       0.3342   5.38
    10515       0.3341   5.38
    10516       0.3356   5.38
    10517       0.3347   5.38
    10518       0.3352   5.38
    10519       0.3360   5.38
    10520       0.3345   5.38
    10521       0.3355   5.38
    10522       0.3357   5.38
    10523       0.3346   5.38
    10524       0.3355   5.38
    10525       0.3357   5.38
    10526       0.3352   5.38
    10527       0.3360   5.38
    10528       0.3363   5.38
    10529       0.3361   5.38
    10530       0.3360   5.38
    10531       0.3357   5.38
    10532       0.3348   5.38
    10533       0.3357   5.38
    10534       0.3355   5.38
    10535       0.3356   5.38
    10536       0.3363   5.38
    10537       0.3359   5.38
    10538       0.3348   5.38
    10539       0.3354   5.38
    10540       0.3358   5.38
    10541       0.3346   5.38
    10542       0.3357   5.38
    10543       0.3350   5.38
    10544       0.3350   5.38
    10545       0.3347   5.38
    10546       0.3351   5.38
    10547       0.3346   5.38
    10548       0.3360   5.38
    10549       0.3363   5.38
    10550       0.3347   5.38
    10551       0.3356   5.38
    10552       0.3353   5.38
    10553       0.3350   5.38
    10554       0.3353   5.38
    10555       0.3356   5.38
    10556       0.3343   5.38
    10557       0.3345   5.38
    10558       0.3357   5.38
    10559       0.3346   5.38
    10560       0.3352   5.38
    10561       0.3355   5.38
    10562       0.3347   5.38
    10563       0.3343   5.38
    10564       0.3353   5.38
    10565       0.3353   5.38
    10566       0.3345   5.38
    10567       0.3355   5.38
    10568       0.3352   5.38
    10569       0.3342   5.38
    10570       0.3354   5.38
    10571       0.3357   5.38
    10572       0.3344   5.38
    10573       0.3360   5.38
    10574       0.3362   5.38
    10575       0.3354   5.38
    10576       0.3359   5.38
    10577       0.3358   5.38
    10578       0.3348   5.38
    10579       0.3358   5.38
    10580       0.3348   5.38
    10581       0.3344   5.38
    10582       0.3348   5.38
    10583       0.3352   5.38
    10584       0.3343   5.38
    10585       0.3360   5.38
    10586       0.3354   5.38
    10587       0.3343   5.38
    10588       0.3352   5.38
    10589       0.3352   5.38
    10590       0.3345   5.38
    10591       0.3356   5.38
    10592       0.3363   5.38
    10593       0.3346   5.38
    10594       0.3341   5.38
    10595       0.3356   5.38
    10596       0.3348   5.38
    10597       0.3354   5.38
    10598       0.3358   5.38
    10599       0.3346   5.38
    10600       0.3348   5.38
    10601       0.3356   5.38
    10602       0.3361   5.38
    10603       0.3357   5.38
    10604       0.3354   5.38
    10605       0.3345   5.38
    10606       0.3355   5.38
    10607       0.3353   5.38
    10608       0.3350   5.38
    10609       0.3349   5.38
    10610       0.3351   5.38
    10611       0.3348   5.37
    10612       0.3347   5.38
    10613       0.3352   5.38
    10614       0.3359   5.38
    10615       0.3346   5.38
    10616       0.3356   5.38
    10617       0.3351   5.38
    10618       0.3341   5.38
    10619       0.3354   5.38
    10620       0.3360   5.38
    10621       0.3346   5.38
    10622       0.3350   5.38
    10623       0.3356   5.38
    10624       0.3353   5.38
    10625       0.3353   5.38
    10626       0.3353   5.38
    10627       0.3352   5.38
    10628       0.3351   5.38
    10629       0.3355   5.38
    10630       0.3340   5.38
    10631       0.3356   5.38
    10632       0.3355   5.38
    10633       0.3344   5.38
    10634       0.3357   5.38
    10635       0.3358   5.38
    10636       0.3355   5.38
    10637       0.3359   5.38
    10638       0.3353   5.38
    10639       0.3343   5.38
    10640       0.3355   5.38
    10641       0.3355   5.38
    10642       0.3355   5.38
    10643       0.3356   5.38
    10644       0.3357   5.38
    10645       0.3346   5.38
    10646       0.3359   5.38
    10647       0.3364   5.38
    10648       0.3347   5.38
    10649       0.3354   5.38
    10650       0.3348   5.38
    10651       0.3345   5.38
    10652       0.3351   5.38
    10653       0.3350   5.38
    10654       0.3343   5.38
    10655       0.3346   5.38
    10656       0.3353   5.38
    10657       0.3352   5.38
    10658       0.3355   5.38
    10659       0.3357   5.38
    10660       0.3355   5.38
    10661       0.3341   5.38
    10662       0.3359   5.38
    10663       0.3358   5.38
    10664       0.3355   5.38
    10665       0.3349   5.38
    10666       0.3351   5.38
    10667       0.3348   5.38
    10668       0.3351   5.38
    10669       0.3349   5.38
    10670       0.3348   5.38
    10671       0.3353   5.38
    10672       0.3358   5.38
    10673       0.3344   5.38
    10674       0.3351   5.38
    10675       0.3359   5.38
    10676       0.3348   5.38
    10677       0.3357   5.38
    10678       0.3350   5.38
    10679       0.3355   5.38
    10680       0.3355   5.38
    10681       0.3354   5.38
    10682       0.3346   5.38
    10683       0.3354   5.38
    10684       0.3365   5.38
    10685       0.3342   5.39
    10686       0.3352   5.39
    10687       0.3357   5.39
    10688       0.3352   5.38
    10689       0.3358   5.38
    10690       0.3364   5.38
    10691       0.3347   5.38
    10692       0.3355   5.38
    10693       0.3365   5.38
    10694       0.3354   5.38
    10695       0.3355   5.38
    10696       0.3350   5.38
    10697       0.3351   5.38
    10698       0.3365   5.38
    10699       0.3358   5.38
    10700       0.3347   5.38
    10701       0.3358   5.38
    10702       0.3359   5.38
    10703       0.3346   5.38
    10704       0.3355   5.38
    10705       0.3348   5.38
    10706       0.3348   5.38
    10707       0.3352   5.38
    10708       0.3355   5.38
    10709       0.3359   5.38
    10710       0.3342   5.38
    10711       0.3350   5.38
    10712       0.3346   5.38
    10713       0.3344   5.38
    10714       0.3351   5.38
    10715       0.3350   5.38
    10716       0.3351   5.38
    10717       0.3355   5.38
    10718       0.3357   5.38
    10719       0.3350   5.38
    10720       0.3355   5.38
    10721       0.3353   5.38
    10722       0.3349   5.38
    10723       0.3351   5.38
    10724       0.3354   5.38
    10725       0.3346   5.38
    10726       0.3349   5.38
    10727       0.3355   5.38
    10728       0.3351   5.38
    10729       0.3354   5.38
    10730       0.3358   5.38
    10731       0.3355   5.38
    10732       0.3357   5.38
    10733       0.3361   5.38
    10734       0.3348   5.38
    10735       0.3353   5.38
    10736       0.3350   5.38
    10737       0.3349   5.38
    10738       0.3345   5.38
    10739       0.3359   5.38
    10740       0.3345   5.38
    10741       0.3352   5.38
    10742       0.3361   5.38
    10743       0.3353   5.38
    10744       0.3355   5.38
    10745       0.3361   5.38
    10746       0.3355   5.38
    10747       0.3354   5.38
    10748       0.3354   5.38
    10749       0.3350   5.38
    10750       0.3350   5.38
    10751       0.3355   5.38
    10752       0.3353   5.38
    10753       0.3359   5.38
    10754       0.3351   5.38
    10755       0.3346   5.38
    10756       0.3351   5.38
    10757       0.3354   5.38
    10758       0.3348   5.38
    10759       0.3351   5.38
    10760       0.3357   5.38
    10761       0.3361   5.38
    10762       0.3347   5.38
    10763       0.3351   5.38
    10764       0.3353   5.37
    10765       0.3343   5.38
    10766       0.3358   5.38
    10767       0.3357   5.38
    10768       0.3345   5.38
    10769       0.3356   5.38
    10770       0.3355   5.38
    10771       0.3352   5.38
    10772       0.3356   5.38
    10773       0.3360   5.38
    10774       0.3344   5.38
    10775       0.3350   5.38
    10776       0.3354   5.38
    10777       0.3340   5.38
    10778       0.3352   5.38
    10779       0.3358   5.38
    10780       0.3352   5.38
    10781       0.3360   5.38
    10782       0.3355   5.38
    10783       0.3350   5.38
    10784       0.3361   5.38
    10785       0.3355   5.38
    10786       0.3354   5.38
    10787       0.3354   5.38
    10788       0.3356   5.37
    10789       0.3351   5.38
    10790       0.3349   5.38
    10791       0.3348   5.38
    10792       0.3344   5.38
    10793       0.3351   5.38
    10794       0.3355   5.38
    10795       0.3347   5.38
    10796       0.3351   5.38
    10797       0.3351   5.38
    10798       0.3350   5.38
    10799       0.3343   5.38
    10800       0.3349   5.38
    10801       0.3344   5.38
    10802       0.3347   5.38
    10803       0.3344   5.38
    10804       0.3347   5.38
    10805       0.3356   5.38
    10806       0.3347   5.38
    10807       0.3350   5.38
    10808       0.3350   5.38
    10809       0.3357   5.38
    10810       0.3350   5.38
    10811       0.3353   5.38
    10812       0.3350   5.38
    10813       0.3360   5.38
    10814       0.3341   5.38
    10815       0.3448   5.38
    10816       0.3353   5.38
    10817       0.3350   5.38
    10818       0.3349   5.38
    10819       0.3359   5.38
    10820       0.3346   5.38
    10821       0.3343   5.38
    10822       0.3349   5.38
    10823       0.3355   5.38
    10824       0.3351   5.38
    10825       0.3354   5.38
    10826       0.3346   5.38
    10827       0.3350   5.38
    10828       0.3352   5.38
    10829       0.3348   5.38
    10830       0.3355   5.38
    10831       0.3353   5.38
    10832       0.3346   5.38
    10833       0.3347   5.38
    10834       0.3351   5.38
    10835       0.3343   5.38
    10836       0.3345   5.38
    10837       0.3347   5.38
    10838       0.3337   5.38
    10839       0.3350   5.38
    10840       0.3348   5.38
    10841       0.3335   5.38
    10842       0.3358   5.38
    10843       0.3352   5.38
    10844       0.3345   5.38
    10845       0.3351   5.38
    10846       0.3346   5.38
    10847       0.3341   5.38
    10848       0.3348   5.38
    10849       0.3350   5.39
    10850       0.3340   5.38
    10851       0.3359   5.38
    10852       0.3357   5.38
    10853       0.3333   5.38
    10854       0.3349   5.38
    10855       0.3346   5.38
    10856       0.3340   5.38
    10857       0.3349   5.38
    10858       0.3351   5.38
    10859       0.3341   5.38
    10860       0.3353   5.38
    10861       0.3352   5.38
    10862       0.3342   5.38
    10863       0.3351   5.38
    10864       0.3357   5.38
    10865       0.3345   5.38
    10866       0.3356   5.38
    10867       0.3356   5.38
    10868       0.3353   5.38
    10869       0.3343   5.38
    10870       0.3348   5.38
    10871       0.3359   5.38
    10872       0.3347   5.38
    10873       0.3357   5.38
    10874       0.3349   5.38
    10875       0.3345   5.38
    10876       0.3351   5.38
    10877       0.3353   5.38
    10878       0.3343   5.38
    10879       0.3349   5.38
    10880       0.3351   5.38
    10881       0.3338   5.38
    10882       0.3355   5.38
    10883       0.3348   5.38
    10884       0.3343   5.38
    10885       0.3350   5.38
    10886       0.3357   5.38
    10887       0.3347   5.38
    10888       0.3356   5.38
    10889       0.3349   5.38
    10890       0.3333   5.38
    10891       0.3341   5.38
    10892       0.3352   5.38
    10893       0.3359   5.38
    10894       0.3354   5.38
    10895       0.3345   5.39
    10896       0.3347   5.38
    10897       0.3352   5.38
    10898       0.3344   5.38
    10899       0.3344   5.38
    10900       0.3356   5.38
    10901       0.3351   5.38
    10902       0.3342   5.38
    10903       0.3347   5.38
    10904       0.3355   5.38
    10905       0.3352   5.38
    10906       0.3348   5.38
    10907       0.3351   5.38
    10908       0.3348   5.38
    10909       0.3353   5.38
    10910       0.3359   5.38
    10911       0.3349   5.38
    10912       0.3345   5.38
    10913       0.3348   5.39
    10914       0.3352   5.38
    10915       0.3353   5.38
    10916       0.3347   5.38
    10917       0.3344   5.38
    10918       0.3358   5.38
    10919       0.3348   5.38
    10920       0.3343   5.38
    10921       0.3356   5.38
    10922       0.3353   5.38
    10923       0.3349   5.38
    10924       0.3348   5.38
    10925       0.3354   5.38
    10926       0.3352   5.38
    10927       0.3336   5.38
    10928       0.3346   5.38
    10929       0.3349   5.38
    10930       0.3353   5.38
    10931       0.3347   5.38
    10932       0.3352   5.38
    10933       0.3347   5.38
    10934       0.3359   5.38
    10935       0.3359   5.38
    10936       0.3351   5.38
    10937       0.3346   5.38
    10938       0.3352   5.38
    10939       0.3342   5.38
    10940       0.3356   5.38
    10941       0.3354   5.38
    10942       0.3341   5.38
    10943       0.3357   5.38
    10944       0.3351   5.38
    10945       0.3345   5.38
    10946       0.3340   5.38
    10947       0.3356   5.38
    10948       0.3347   5.38
    10949       0.3359   5.38
    10950       0.3350   5.38
    10951       0.3343   5.38
    10952       0.3347   5.38
    10953       0.3350   5.38
    10954       0.3342   5.38
    10955       0.3352   5.38
    10956       0.3349   5.38
    10957       0.3349   5.38
    10958       0.3350   5.38
    10959       0.3356   5.38
    10960       0.3352   5.38
    10961       0.3358   5.38
    10962       0.3356   5.38
    10963       0.3348   5.38
    10964       0.3350   5.38
    10965       0.3348   5.38
    10966       0.3353   5.38
    10967       0.3348   5.38
    10968       0.3348   5.38
    10969       0.3349   5.39
    10970       0.3351   5.39
    10971       0.3350   5.39
    10972       0.3349   5.38
    10973       0.3354   5.38
    10974       0.3361   5.39
    10975       0.3352   5.39
    10976       0.3355   5.39
    10977       0.3353   5.38
    10978       0.3359   5.38
    10979       0.3347   5.38
    10980       0.3358   5.38
    10981       0.3348   5.38
    10982       0.3340   5.38
    10983       0.3354   5.38
    10984       0.3343   5.38
    10985       0.3350   5.38
    10986       0.3354   5.38
    10987       0.3354   5.38
    10988       0.3349   5.38
    10989       0.3352   5.38
    10990       0.3353   5.38
    10991       0.3352   5.38
    10992       0.3350   5.38
    10993       0.3355   5.38
    10994       0.3340   5.38
    10995       0.3340   5.38
    10996       0.3352   5.38
    10997       0.3339   5.38
    10998       0.3348   5.38
    10999       0.3359   5.38
    11000       0.3343   5.38
    11001       0.3351   5.38
    11002       0.3349   5.38
    11003       0.3343   5.38
    11004       0.3353   5.38
    11005       0.3354   5.38
    11006       0.3330   5.38
    11007       0.3354   5.38
    11008       0.3353   5.38
    11009       0.3347   5.38
    11010       0.3342   5.38
    11011       0.3353   5.38
    11012       0.3348   5.38
    11013       0.3344   5.38
    11014       0.3338   5.38
    11015       0.3345   5.38
    11016       0.3349   5.38
    11017       0.3345   5.38
    11018       0.3352   5.38
    11019       0.3347   5.38
    11020       0.3345   5.38
    11021       0.3343   5.38
    11022       0.3349   5.38
    11023       0.3347   5.38
    11024       0.3350   5.38
    11025       0.3345   5.38
    11026       0.3349   5.38
    11027       0.3346   5.38
    11028       0.3351   5.38
    11029       0.3349   5.38
    11030       0.3345   5.38
    11031       0.3351   5.38
    11032       0.3344   5.38
    11033       0.3348   5.38
    11034       0.3347   5.38
    11035       0.3349   5.38
    11036       0.3347   5.38
    11037       0.3336   5.38
    11038       0.3344   5.38
    11039       0.3353   5.38
    11040       0.3344   5.38
    11041       0.3353   5.38
    11042       0.3351   5.38
    11043       0.3342   5.38
    11044       0.3350   5.38
    11045       0.3353   5.38
    11046       0.3340   5.38
    11047       0.3348   5.38
    11048       0.3360   5.38
    11049       0.3341   5.38
    11050       0.3353   5.38
    11051       0.3357   5.38
    11052       0.3340   5.38
    11053       0.3352   5.38
    11054       0.3344   5.38
    11055       0.3353   5.38
    11056       0.3352   5.38
    11057       0.3359   5.38
    11058       0.3353   5.38
    11059       0.3353   5.38
    11060       0.3355   5.38
    11061       0.3350   5.38
    11062       0.3346   5.38
    11063       0.3357   5.38
    11064       0.3353   5.38
    11065       0.3357   5.38
    11066       0.3351   5.38
    11067       0.3348   5.38
    11068       0.3354   5.38
    11069       0.3349   5.38
    11070       0.3346   5.38
    11071       0.3352   5.38
    11072       0.3350   5.38
    11073       0.3345   5.38
    11074       0.3349   5.38
    11075       0.3356   5.38
    11076       0.3351   5.38
    11077       0.3349   5.38
    11078       0.3347   5.38
    11079       0.3345   5.38
    11080       0.3349   5.38
    11081       0.3348   5.38
    11082       0.3343   5.38
    11083       0.3345   5.38
    11084       0.3354   5.38
    11085       0.3347   5.38
    11086       0.3349   5.38
    11087       0.3353   5.38
    11088       0.3342   5.38
    11089       0.3354   5.38
    11090       0.3359   5.38
    11091       0.3361   5.38
    11092       0.3344   5.38
    11093       0.3357   5.38
    11094       0.3362   5.39
    11095       0.3346   5.38
    11096       0.3355   5.38
    11097       0.3349   5.38
    11098       0.3346   5.38
    11099       0.3353   5.38
    11100       0.3355   5.38
    11101       0.3341   5.38
    11102       0.3349   5.38
    11103       0.3351   5.38
    11104       0.3348   5.38
    11105       0.3355   5.38
    11106       0.3350   5.38
    11107       0.3348   5.38
    11108       0.3348   5.38
    11109       0.3354   5.38
    11110       0.3341   5.38
    11111       0.3347   5.38
    11112       0.3445   5.39
    11113       0.3348   5.38
    11114       0.3355   5.38
    11115       0.3355   5.38
    11116       0.3344   5.38
    11117       0.3356   5.38
    11118       0.3351   5.38
    11119       0.3343   5.38
    11120       0.3358   5.38
    11121       0.3349   5.38
    11122       0.3341   5.38
    11123       0.3347   5.38
    11124       0.3359   5.38
    11125       0.3345   5.38
    11126       0.3357   5.38
    11127       0.3352   5.38
    11128       0.3333   5.38
    11129       0.3344   5.38
    11130       0.3342   5.38
    11131       0.3341   5.38
    11132       0.3358   5.38
    11133       0.3354   5.38
    11134       0.3353   5.38
    11135       0.3356   5.38
    11136       0.3348   5.38
    11137       0.3344   5.38
    11138       0.3354   5.38
    11139       0.3353   5.38
    11140       0.3349   5.38
    11141       0.3346   5.38
    11142       0.3350   5.38
    11143       0.3354   5.38
    11144       0.3336   5.38
    11145       0.3351   5.38
    11146       0.3362   5.38
    11147       0.3342   5.38
    11148       0.3353   5.38
    11149       0.3356   5.38
    11150       0.3348   5.38
    11151       0.3356   5.38
    11152       0.3359   5.38
    11153       0.3346   5.38
    11154       0.3349   5.38
    11155       0.3347   5.38
    11156       0.3348   5.38
    11157       0.3349   5.38
    11158       0.3346   5.38
    11159       0.3351   5.38
    11160       0.3356   5.38
    11161       0.3379   5.38
    11162       0.3347   5.38
    11163       0.3359   5.38
    11164       0.3349   5.38
    11165       0.3344   5.38
    11166       0.3353   5.38
    11167       0.3349   5.38
    11168       0.3350   5.38
    11169       0.3355   5.38
    11170       0.3356   5.38
    11171       0.3355   5.38
    11172       0.3358   5.38
    11173       0.3361   5.38
    11174       0.3349   5.38
    11175       0.3353   5.38
    11176       0.3353   5.38
    11177       0.3342   5.38
    11178       0.3351   5.38
    11179       0.3352   5.38
    11180       0.3346   5.38
    11181       0.3353   5.38
    11182       0.3348   5.38
    11183       0.3350   5.38
    11184       0.3353   5.38
    11185       0.3356   5.38
    11186       0.3351   5.38
    11187       0.3356   5.38
    11188       0.3350   5.38
    11189       0.3352   5.38
    11190       0.3358   5.38
    11191       0.3353   5.38
    11192       0.3350   5.38
    11193       0.3349   5.38
    11194       0.3355   5.38
    11195       0.3349   5.38
    11196       0.3345   5.38
    11197       0.3355   5.38
    11198       0.3358   5.38
    11199       0.3346   5.38
    11200       0.3353   5.38
    11201       0.3354   5.38
    11202       0.3355   5.38
    11203       0.3355   5.38
    11204       0.3352   5.38
    11205       0.3351   5.38
    11206       0.3354   5.38
    11207       0.3348   5.38
    11208       0.3343   5.38
    11209       0.3350   5.38
    11210       0.3352   5.38
    11211       0.3342   5.39
    11212       0.3341   5.39
    11213       0.3343   5.38
    11214       0.3340   5.38
    11215       0.3349   5.38
    11216       0.3349   5.38
    11217       0.3337   5.38
    11218       0.3351   5.38
    11219       0.3353   5.38
    11220       0.3348   5.38
    11221       0.3350   5.38
    11222       0.3354   5.38
    11223       0.3347   5.38
    11224       0.3352   5.38
    11225       0.3350   5.38
    11226       0.3339   5.38
    11227       0.3348   5.38
    11228       0.3345   5.38
    11229       0.3345   5.38
    11230       0.3347   5.38
    11231       0.3343   5.39
    11232       0.3349   5.39
    11233       0.3351   5.39
    11234       0.3351   5.38
    11235       0.3347   5.38
    11236       0.3358   5.38
    11237       0.3345   5.38
    11238       0.3341   5.39
    11239       0.3349   5.39
    11240       0.3357   5.39
    11241       0.3345   5.39
    11242       0.3344   5.39
    11243       0.3349   5.38
    11244       0.3344   5.38
    11245       0.3347   5.38
    11246       0.3345   5.38
    11247       0.3343   5.38
    11248       0.3359   5.38
    11249       0.3345   5.38
    11250       0.3353   5.38
    11251       0.3345   5.38
    11252       0.3361   5.38
    11253       0.3351   5.38
    11254       0.3336   5.39
    11255       0.3359   5.39
    11256       0.3353   5.39
    11257       0.3341   5.38
    11258       0.3355   5.38
    11259       0.3355   5.38
    11260       0.3347   5.38
    11261       0.3359   5.38
    11262       0.3351   5.38
    11263       0.3344   5.38
    11264       0.3350   5.38
    11265       0.3357   5.38
    11266       0.3355   5.38
    11267       0.3356   5.38
    11268       0.3350   5.38
    11269       0.3347   5.38
    11270       0.3353   5.38
    11271       0.3348   5.38
    11272       0.3342   5.38
    11273       0.3351   5.38
    11274       0.3352   5.38
    11275       0.3335   5.38
    11276       0.3355   5.38
    11277       0.3349   5.38
    11278       0.3346   5.38
    11279       0.3353   5.38
    11280       0.3354   5.38
    11281       0.3346   5.38
    11282       0.3347   5.38
    11283       0.3355   5.38
    11284       0.3359   5.38
    11285       0.3352   5.38
    11286       0.3350   5.38
    11287       0.3347   5.38
    11288       0.3353   5.38
    11289       0.3356   5.38
    11290       0.3340   5.38
    11291       0.3345   5.38
    11292       0.3346   5.38
    11293       0.3353   5.38
    11294       0.3352   5.38
    11295       0.3351   5.38
    11296       0.3345   5.38
    11297       0.3350   5.38
    11298       0.3353   5.38
    11299       0.3348   5.38
    11300       0.3350   5.38
    11301       0.3349   5.38
    11302       0.3357   5.38
    11303       0.3348   5.38
    11304       0.3352   5.38
    11305       0.3358   5.38
    11306       0.3348   5.38
    11307       0.3360   5.38
    11308       0.3366   5.38
    11309       0.3354   5.38
    11310       0.3363   5.38
    11311       0.3358   5.38
    11312       0.3346   5.38
    11313       0.3349   5.38
    11314       0.3358   5.38
    11315       0.3348   5.38
    11316       0.3357   5.38
    11317       0.3350   5.38
    11318       0.3348   5.38
    11319       0.3352   5.38
    11320       0.3356   5.38
    11321       0.3348   5.38
    11322       0.3352   5.38
    11323       0.3351   5.38
    11324       0.3352   5.38
    11325       0.3348   5.38
    11326       0.3344   5.38
    11327       0.3339   5.38
    11328       0.3348   5.38
    11329       0.3342   5.38
    11330       0.3340   5.38
    11331       0.3351   5.38
    11332       0.3356   5.38
    11333       0.3345   5.38
    11334       0.3354   5.38
    11335       0.3349   5.38
    11336       0.3341   5.38
    11337       0.3348   5.38
    11338       0.3350   5.38
    11339       0.3344   5.38
    11340       0.3351   5.38
    11341       0.3349   5.38
    11342       0.3344   5.38
    11343       0.3357   5.38
    11344       0.3359   5.38
    11345       0.3346   5.38
    11346       0.3346   5.38
    11347       0.3349   5.38
    11348       0.3346   5.38
    11349       0.3351   5.38
    11350       0.3336   5.38
    11351       0.3350   5.38
    11352       0.3344   5.38
    11353       0.3353   5.38
    11354       0.3352   5.38
    11355       0.3350   5.38
    11356       0.3355   5.38
    11357       0.3343   5.38
    11358       0.3345   5.38
    11359       0.3358   5.38
    11360       0.3354   5.38
    11361       0.3350   5.38
    11362       0.3351   5.38
    11363       0.3342   5.38
    11364       0.3339   5.38
    11365       0.3349   5.38
    11366       0.3350   5.38
    11367       0.3331   5.38
    11368       0.3352   5.38
    11369       0.3348   5.38
    11370       0.3349   5.38
    11371       0.3356   5.38
    11372       0.3355   5.38
    11373       0.3338   5.38
    11374       0.3349   5.38
    11375       0.3352   5.38
    11376       0.3341   5.38
    11377       0.3348   5.38
    11378       0.3349   5.38
    11379       0.3344   5.38
    11380       0.3357   5.38
    11381       0.3353   5.38
    11382       0.3347   5.38
    11383       0.3349   5.38
    11384       0.3355   5.38
    11385       0.3352   5.38
    11386       0.3350   5.38
    11387       0.3347   5.38
    11388       0.3343   5.38
    11389       0.3345   5.38
    11390       0.3350   5.38
    11391       0.3335   5.38
    11392       0.3359   5.38
    11393       0.3348   5.38
    11394       0.3344   5.38
    11395       0.3349   5.38
    11396       0.3356   5.38
    11397       0.3351   5.38
    11398       0.3348   5.38
    11399       0.3354   5.38
    11400       0.3346   5.38
    11401       0.3356   5.38
    11402       0.3353   5.38
    11403       0.3345   5.38
    11404       0.3355   5.38
    11405       0.3355   5.38
    11406       0.3351   5.38
    11407       0.3359   5.38
    11408       0.3356   5.38
    11409       0.3345   5.38
    11410       0.3360   5.38
    11411       0.3357   5.38
    11412       0.3353   5.37
    11413       0.3354   5.37
    11414       0.3353   5.38
    11415       0.3354   5.38
    11416       0.3344   5.38
    11417       0.3357   5.38
    11418       0.3357   5.38
    11419       0.3348   5.38
    11420       0.3358   5.38
    11421       0.3353   5.38
    11422       0.3346   5.38
    11423       0.3357   5.38
    11424       0.3354   5.38
    11425       0.3346   5.38
    11426       0.3355   5.38
    11427       0.3362   5.38
    11428       0.3345   5.38
    11429       0.3354   5.38
    11430       0.3353   5.38
    11431       0.3348   5.38
    11432       0.3353   5.38
    11433       0.3354   5.38
    11434       0.3352   5.38
    11435       0.3446   5.38
    11436       0.3353   5.38
    11437       0.3345   5.38
    11438       0.3354   5.38
    11439       0.3356   5.38
    11440       0.3349   5.38
    11441       0.3355   5.38
    11442       0.3359   5.38
    11443       0.3355   5.38
    11444       0.3360   5.38
    11445       0.3352   5.38
    11446       0.3350   5.38
    11447       0.3357   5.38
    11448       0.3359   5.38
    11449       0.3352   5.38
    11450       0.3360   5.38
    11451       0.3358   5.38
    11452       0.3344   5.38
    11453       0.3365   5.38
    11454       0.3352   5.38
    11455       0.3349   5.38
    11456       0.3354   5.38
    11457       0.3351   5.38
    11458       0.3348   5.38
    11459       0.3346   5.38
    11460       0.3354   5.38
    11461       0.3360   5.38
    11462       0.3345   5.38
    11463       0.3351   5.38
    11464       0.3361   5.38
    11465       0.3343   5.38
    11466       0.3354   5.38
    11467       0.3355   5.38
    11468       0.3344   5.38
    11469       0.3351   5.38
    11470       0.3351   5.38
    11471       0.3350   5.38
    11472       0.3351   5.38
    11473       0.3360   5.38
    11474       0.3342   5.38
    11475       0.3355   5.38
    11476       0.3348   5.38
    11477       0.3343   5.38
    11478       0.3351   5.38
    11479       0.3348   5.38
    11480       0.3336   5.38
    11481       0.3356   5.38
    11482       0.3355   5.38
    11483       0.3345   5.38
    11484       0.3352   5.38
    11485       0.3356   5.38
    11486       0.3354   5.38
    11487       0.3358   5.38
    11488       0.3353   5.38
    11489       0.3347   5.38
    11490       0.3351   5.38
    11491       0.3354   5.38
    11492       0.3345   5.38
    11493       0.3346   5.38
    11494       0.3351   5.38
    11495       0.3343   5.38
    11496       0.3353   5.38
    11497       0.3347   5.38
    11498       0.3335   5.39
    11499       0.3358   5.39
    11500       0.3350   5.38
    11501       0.3352   5.38
    11502       0.3351   5.38
    11503       0.3353   5.38
    11504       0.3350   5.39
    11505       0.3353   5.39
    11506       0.3352   5.38
    11507       0.3347   5.38
    11508       0.3355   5.38
    11509       0.3356   5.38
    11510       0.3349   5.38
    11511       0.3352   5.38
    11512       0.3358   5.38
    11513       0.3344   5.38
    11514       0.3350   5.38
    11515       0.3347   5.38
    11516       0.3349   5.38
    11517       0.3351   5.38
    11518       0.3354   5.38
    11519       0.3355   5.38
    11520       0.3342   5.38
    11521       0.3353   5.38
    11522       0.3347   5.38
    11523       0.3351   5.39
    11524       0.3348   5.39
    11525       0.3350   5.38
    11526       0.3339   5.38
    11527       0.3352   5.38
    11528       0.3355   5.38
    11529       0.3342   5.38
    11530       0.3348   5.38
    11531       0.3355   5.38
    11532       0.3344   5.38
    11533       0.3356   5.38
    11534       0.3350   5.38
    11535       0.3341   5.38
    11536       0.3343   5.38
    11537       0.3344   5.38
    11538       0.3335   5.38
    11539       0.3349   5.38
    11540       0.3349   5.38
    11541       0.3334   5.39
    11542       0.3341   5.39
    11543       0.3345   5.38
    11544       0.3353   5.38
    11545       0.3351   5.38
    11546       0.3354   5.38
    11547       0.3344   5.38
    11548       0.3357   5.38
    11549       0.3357   5.38
    11550       0.3342   5.38
    11551       0.3358   5.38
    11552       0.3355   5.39
    11553       0.3356   5.39
    11554       0.3362   5.39
    11555       0.3357   5.38
    11556       0.3357   5.38
    11557       0.3354   5.38
    11558       0.3360   5.38
    11559       0.3350   5.38
    11560       0.3357   5.38
    11561       0.3355   5.38
    11562       0.3342   5.38
    11563       0.3359   5.38
    11564       0.3354   5.38
    11565       0.3353   5.38
    11566       0.3359   5.38
    11567       0.3352   5.38
    11568       0.3357   5.38
    11569       0.3346   5.38
    11570       0.3356   5.38
    11571       0.3356   5.38
    11572       0.3341   5.38
    11573       0.3352   5.38
    11574       0.3358   5.38
    11575       0.3347   5.38
    11576       0.3355   5.38
    11577       0.3349   5.38
    11578       0.3351   5.38
    11579       0.3355   5.38
    11580       0.3352   5.38
    11581       0.3349   5.38
    11582       0.3356   5.38
    11583       0.3354   5.38
    11584       0.3342   5.38
    11585       0.3352   5.38
    11586       0.3354   5.38
    11587       0.3354   5.38
    11588       0.3356   5.38
    11589       0.3350   5.38
    11590       0.3348   5.38
    11591       0.3357   5.38
    11592       0.3347   5.38
    11593       0.3347   5.38
    11594       0.3354   5.38
    11595       0.3348   5.38
    11596       0.3338   5.38
    11597       0.3350   5.38
    11598       0.3357   5.38
    11599       0.3350   5.38
    11600       0.3362   5.38
    11601       0.3358   5.38
    11602       0.3344   5.38
    11603       0.3350   5.38
    11604       0.3349   5.38
    11605       0.3345   5.38
    11606       0.3341   5.38
    11607       0.3350   5.38
    11608       0.3347   5.38
    11609       0.3347   5.38
    11610       0.3352   5.38
    11611       0.3348   5.38
    11612       0.3348   5.38
    11613       0.3351   5.38
    11614       0.3343   5.38
    11615       0.3350   5.38
    11616       0.3353   5.38
    11617       0.3343   5.38
    11618       0.3351   5.38
    11619       0.3353   5.38
    11620       0.3348   5.38
    11621       0.3360   5.38
    11622       0.3346   5.38
    11623       0.3347   5.38
    11624       0.3344   5.38
    11625       0.3356   5.38
    11626       0.3353   5.39
    11627       0.3337   5.38
    11628       0.3352   5.38
    11629       0.3354   5.38
    11630       0.3340   5.38
    11631       0.3348   5.38
    11632       0.3351   5.38
    11633       0.3345   5.38
    11634       0.3351   5.38
    11635       0.3349   5.38
    11636       0.3345   5.38
    11637       0.3349   5.38
    11638       0.3355   5.38
    11639       0.3346   5.38
    11640       0.3356   5.38
    11641       0.3351   5.38
    11642       0.3341   5.38
    11643       0.3353   5.38
    11644       0.3353   5.38
    11645       0.3338   5.38
    11646       0.3351   5.38
    11647       0.3349   5.38
    11648       0.3350   5.38
    11649       0.3351   5.38
    11650       0.3350   5.39
    11651       0.3339   5.39
    11652       0.3357   5.39
    11653       0.3355   5.38
    11654       0.3341   5.38
    11655       0.3353   5.38
    11656       0.3353   5.38
    11657       0.3355   5.39
    11658       0.3353   5.39
    11659       0.3352   5.39
    11660       0.3341   5.38
    11661       0.3357   5.38
    11662       0.3353   5.38
    11663       0.3348   5.38
    11664       0.3353   5.38
    11665       0.3354   5.38
    11666       0.3352   5.38
    11667       0.3347   5.38
    11668       0.3348   5.38
    11669       0.3339   5.38
    11670       0.3356   5.38
    11671       0.3342   5.38
    11672       0.3340   5.38
    11673       0.3367   5.38
    11674       0.3351   5.38
    11675       0.3341   5.38
    11676       0.3355   5.38
    11677       0.3359   5.38
    11678       0.3362   5.38
    11679       0.3349   5.38
    11680       0.3355   5.38
    11681       0.3356   5.38
    11682       0.3339   5.38
    11683       0.3352   5.38
    11684       0.3347   5.38
    11685       0.3351   5.38
    11686       0.3351   5.38
    11687       0.3357   5.38
    11688       0.3336   5.38
    11689       0.3350   5.38
    11690       0.3346   5.39
    11691       0.3346   5.38
    11692       0.3344   5.38
    11693       0.3351   5.38
    11694       0.3342   5.38
    11695       0.3338   5.38
    11696       0.3349   5.38
    11697       0.3343   5.38
    11698       0.3346   5.38
    11699       0.3350   5.38
    11700       0.3345   5.38
    11701       0.3349   5.38
    11702       0.3348   5.38
    11703       0.3341   5.38
    11704       0.3344   5.38
    11705       0.3351   5.38
    11706       0.3340   5.38
    11707       0.3342   5.38
    11708       0.3348   5.38
    11709       0.3346   5.38
    11710       0.3347   5.38
    11711       0.3342   5.38
    11712       0.3343   5.38
    11713       0.3345   5.38
    11714       0.3351   5.38
    11715       0.3347   5.38
    11716       0.3357   5.38
    11717       0.3355   5.38
    11718       0.3341   5.38
    11719       0.3354   5.38
    11720       0.3360   5.38
    11721       0.3351   5.38
    11722       0.3357   5.38
    11723       0.3351   5.38
    11724       0.3344   5.39
    11725       0.3348   5.39
    11726       0.3357   5.39
    11727       0.3340   5.38
    11728       0.3351   5.38
    11729       0.3341   5.38
    11730       0.3329   5.38
    11731       0.3346   5.38
    11732       0.3447   5.38
    11733       0.3355   5.38
    11734       0.3340   5.38
    11735       0.3350   5.38
    11736       0.3353   5.38
    11737       0.3336   5.38
    11738       0.3350   5.38
    11739       0.3355   5.38
    11740       0.3339   5.38
    11741       0.3350   5.38
    11742       0.3346   5.38
    11743       0.3335   5.38
    11744       0.3346   5.38
    11745       0.3352   5.38
    11746       0.3333   5.38
    11747       0.3346   5.38
    11748       0.3350   5.38
    11749       0.3340   5.38
    11750       0.3345   5.38
    11751       0.3344   5.38
    11752       0.3349   5.38
    11753       0.3351   5.38
    11754       0.3347   5.38
    11755       0.3345   5.38
    11756       0.3356   5.38
    11757       0.3346   5.38
    11758       0.3350   5.38
    11759       0.3352   5.38
    11760       0.3353   5.38
    11761       0.3353   5.38
    11762       0.3354   5.38
    11763       0.3353   5.38
    11764       0.3349   5.39
    11765       0.3357   5.39
    11766       0.3352   5.38
    11767       0.3333   5.38
    11768       0.3353   5.38
    11769       0.3349   5.38
    11770       0.3352   5.38
    11771       0.3353   5.38
    11772       0.3350   5.38
    11773       0.3346   5.38
    11774       0.3361   5.38
    11775       0.3351   5.38
    11776       0.3345   5.38
    11777       0.3350   5.38
    11778       0.3344   5.38
    11779       0.3347   5.38
    11780       0.3355   5.38
    11781       0.3354   5.38
    11782       0.3338   5.38
    11783       0.3352   5.38
    11784       0.3350   5.38
    11785       0.3351   5.38
    11786       0.3356   5.38
    11787       0.3353   5.38
    11788       0.3341   5.38
    11789       0.3353   5.38
    11790       0.3347   5.38
    11791       0.3350   5.38
    11792       0.3345   5.38
    11793       0.3354   5.38
    11794       0.3349   5.38
    11795       0.3347   5.38
    11796       0.3343   5.38
    11797       0.3359   5.38
    11798       0.3348   5.38
    11799       0.3354   5.38
    11800       0.3350   5.38
    11801       0.3346   5.38
    11802       0.3353   5.38
    11803       0.3351   5.38
    11804       0.3348   5.38
    11805       0.3351   5.38
    11806       0.3350   5.38
    11807       0.3346   5.38
    11808       0.3353   5.38
    11809       0.3345   5.38
    11810       0.3351   5.38
    11811       0.3349   5.38
    11812       0.3353   5.38
    11813       0.3348   5.38
    11814       0.3351   5.38
    11815       0.3353   5.38
    11816       0.3344   5.38
    11817       0.3351   5.38
    11818       0.3355   5.38
    11819       0.3348   5.38
    11820       0.3349   5.38
    11821       0.3347   5.38
    11822       0.3343   5.38
    11823       0.3347   5.38
    11824       0.3356   5.38
    11825       0.3351   5.38
    11826       0.3351   5.38
    11827       0.3354   5.38
    11828       0.3340   5.38
    11829       0.3347   5.38
    11830       0.3353   5.38
    11831       0.3349   5.38
    11832       0.3346   5.38
    11833       0.3348   5.38
    11834       0.3343   5.38
    11835       0.3359   5.38
    11836       0.3351   5.38
    11837       0.3334   5.38
    11838       0.3350   5.38
    11839       0.3348   5.38
    11840       0.3343   5.38
    11841       0.3346   5.38
    11842       0.3351   5.38
    11843       0.3344   5.38
    11844       0.3357   5.38
    11845       0.3350   5.38
    11846       0.3354   5.38
    11847       0.3345   5.38
    11848       0.3355   5.38
    11849       0.3341   5.38
    11850       0.3347   5.38
    11851       0.3353   5.38
    11852       0.3349   5.38
    11853       0.3350   5.38
    11854       0.3352   5.38
    11855       0.3351   5.38
    11856       0.3343   5.38
    11857       0.3353   5.38
    11858       0.3353   5.38
    11859       0.3344   5.38
    11860       0.3353   5.38
    11861       0.3356   5.38
    11862       0.3341   5.39
    11863       0.3351   5.39
    11864       0.3354   5.38
    11865       0.3343   5.38
    11866       0.3355   5.38
    11867       0.3352   5.38
    11868       0.3342   5.38
    11869       0.3353   5.38
    11870       0.3341   5.38
    11871       0.3340   5.38
    11872       0.3350   5.38
    11873       0.3350   5.39
    11874       0.3340   5.38
    11875       0.3356   5.38
    11876       0.3355   5.38
    11877       0.3351   5.38
    11878       0.3354   5.38
    11879       0.3349   5.38
    11880       0.3342   5.38
    11881       0.3353   5.38
    11882       0.3348   5.38
    11883       0.3358   5.38
    11884       0.3364   5.38
    11885       0.3346   5.38
    11886       0.3344   5.38
    11887       0.3350   5.38
    11888       0.3351   5.38
    11889       0.3350   5.39
    11890       0.3352   5.39
    11891       0.3350   5.38
    11892       0.3352   5.38
    11893       0.3352   5.38
    11894       0.3351   5.38
    11895       0.3350   5.38
    11896       0.3345   5.38
    11897       0.3357   5.39
    11898       0.3350   5.38
    11899       0.3353   5.38
    11900       0.3353   5.38
    11901       0.3369   5.38
    11902       0.3357   5.38
    11903       0.3357   5.38
    11904       0.3365   5.38
    11905       0.3348   5.38
    11906       0.3357   5.38
    11907       0.3357   5.38
    11908       0.3356   5.38
    11909       0.3352   5.38
    11910       0.3359   5.38
    11911       0.3350   5.38
    11912       0.3356   5.38
    11913       0.3352   5.38
    11914       0.3355   5.38
    11915       0.3363   5.38
    11916       0.3363   5.38
    11917       0.3347   5.38
    11918       0.3355   5.38
    11919       0.3349   5.38
    11920       0.3346   5.38
    11921       0.3351   5.38
    11922       0.3352   5.38
    11923       0.3349   5.38
    11924       0.3357   5.38
    11925       0.3359   5.38
    11926       0.3343   5.38
    11927       0.3354   5.38
    11928       0.3357   5.38
    11929       0.3341   5.38
    11930       0.3360   5.38
    11931       0.3354   5.38
    11932       0.3344   5.38
    11933       0.3352   5.38
    11934       0.3351   5.38
    11935       0.3339   5.38
    11936       0.3349   5.38
    11937       0.3351   5.38
    11938       0.3351   5.38
    11939       0.3346   5.38
    11940       0.3346   5.38
    11941       0.3347   5.38
    11942       0.3351   5.38
    11943       0.3347   5.38
    11944       0.3343   5.38
    11945       0.3351   5.38
    11946       0.3352   5.38
    11947       0.3338   5.38
    11948       0.3347   5.38
    11949       0.3349   5.38
    11950       0.3340   5.38
    11951       0.3354   5.38
    11952       0.3352   5.38
    11953       0.3353   5.38
    11954       0.3342   5.38
    11955       0.3352   5.38
    11956       0.3349   5.38
    11957       0.3348   5.38
    11958       0.3353   5.38
    11959       0.3349   5.38
    11960       0.3347   5.38
    11961       0.3359   5.38
    11962       0.3354   5.38
    11963       0.3349   5.38
    11964       0.3356   5.38
    11965       0.3354   5.38
    11966       0.3350   5.38
    11967       0.3354   5.38
    11968       0.3352   5.38
    11969       0.3344   5.38
    11970       0.3354   5.38
    11971       0.3346   5.38
    11972       0.3337   5.38
    11973       0.3352   5.38
    11974       0.3351   5.38
    11975       0.3348   5.38
    11976       0.3342   5.38
    11977       0.3348   5.38
    11978       0.3338   5.38
    11979       0.3346   5.38
    11980       0.3351   5.38
    11981       0.3348   5.38
    11982       0.3350   5.38
    11983       0.3351   5.38
    11984       0.3346   5.38
    11985       0.3355   5.38
    11986       0.3355   5.38
    11987       0.3356   5.38
    11988       0.3345   5.38
    11989       0.3357   5.38
    11990       0.3346   5.38
    11991       0.3353   5.38
    11992       0.3351   5.38
    11993       0.3351   5.38
    11994       0.3348   5.38
    11995       0.3352   5.38
    11996       0.3345   5.38
    11997       0.3345   5.38
    11998       0.3346   5.38
    11999       0.3350   5.38
    12000       0.3344   5.38
    12001       0.3346   5.38
    12002       0.3343   5.38
    12003       0.3357   5.38
    12004       0.3354   5.38
    12005       0.3340   5.38
    12006       0.3356   5.38
    12007       0.3354   5.38
    12008       0.3348   5.38
    12009       0.3348   5.38
    12010       0.3348   5.38
    12011       0.3351   5.38
    12012       0.3335   5.38
    12013       0.3345   5.38
    12014       0.3354   5.38
    12015       0.3334   5.38
    12016       0.3368   5.38
    12017       0.3343   5.39
    12018       0.3356   5.38
    12019       0.3359   5.38
    12020       0.3352   5.38
    12021       0.3348   5.38
    12022       0.3357   5.38
    12023       0.3356   5.38
    12024       0.3341   5.38
    12025       0.3354   5.38
    12026       0.3359   5.38
    12027       0.3345   5.38
    12028       0.3354   5.38
    12029       0.3345   5.38
    12030       0.3345   5.38
    12031       0.3350   5.38
    12032       0.3347   5.38
    12033       0.3347   5.38
    12034       0.3360   5.38
    12035       0.3362   5.38
    12036       0.3345   5.38
    12037       0.3350   5.38
    12038       0.3341   5.38
    12039       0.3343   5.38
    12040       0.3352   5.38
    12041       0.3347   5.38
    12042       0.3348   5.38
    12043       0.3349   5.38
    12044       0.3351   5.39
    12045       0.3348   5.38
    12046       0.3357   5.38
    12047       0.3354   5.38
    12048       0.3345   5.38
    12049       0.3355   5.38
    12050       0.3358   5.38
    12051       0.3342   5.38
    12052       0.3348   5.38
    12053       0.3453   5.38
    12054       0.3343   5.38
    12055       0.3345   5.38
    12056       0.3354   5.38
    12057       0.3350   5.39
    12058       0.3356   5.39
    12059       0.3349   5.38
    12060       0.3356   5.38
    12061       0.3353   5.39
    12062       0.3356   5.39
    12063       0.3346   5.38
    12064       0.3338   5.38
    12065       0.3349   5.38
    12066       0.3352   5.38
    12067       0.3351   5.38
    12068       0.3354   5.38
    12069       0.3363   5.38
    12070       0.3351   5.38
    12071       0.3351   5.38
    12072       0.3353   5.38
    12073       0.3335   5.38
    12074       0.3354   5.38
    12075       0.3345   5.38
    12076       0.3343   5.38
    12077       0.3347   5.38
    12078       0.3350   5.38
    12079       0.3348   5.38
    12080       0.3354   5.38
    12081       0.3349   5.38
    12082       0.3344   5.38
    12083       0.3348   5.38
    12084       0.3350   5.38
    12085       0.3337   5.38
    12086       0.3351   5.38
    12087       0.3355   5.38
    12088       0.3341   5.38
    12089       0.3355   5.38
    12090       0.3355   5.38
    12091       0.3348   5.38
    12092       0.3362   5.38
    12093       0.3352   5.38
    12094       0.3345   5.38
    12095       0.3352   5.38
    12096       0.3353   5.38
    12097       0.3354   5.38
    12098       0.3356   5.38
    12099       0.3353   5.38
    12100       0.3344   5.38
    12101       0.3352   5.38
    12102       0.3349   5.38
    12103       0.3349   5.38
    12104       0.3352   5.38
    12105       0.3360   5.38
    12106       0.3358   5.38
    12107       0.3356   5.38
    12108       0.3359   5.38
    12109       0.3342   5.38
    12110       0.3351   5.38
    12111       0.3348   5.38
    12112       0.3346   5.38
    12113       0.3343   5.38
    12114       0.3351   5.38
    12115       0.3355   5.38
    12116       0.3345   5.38
    12117       0.3343   5.38
    12118       0.3359   5.38
    12119       0.3339   5.38
    12120       0.3351   5.38
    12121       0.3352   5.38
    12122       0.3346   5.38
    12123       0.3350   5.38
    12124       0.3348   5.38
    12125       0.3346   5.38
    12126       0.3352   5.38
    12127       0.3356   5.38
    12128       0.3346   5.38
    12129       0.3350   5.38
    12130       0.3355   5.38
    12131       0.3343   5.38
    12132       0.3351   5.38
    12133       0.3349   5.38
    12134       0.3338   5.38
    12135       0.3349   5.38
    12136       0.3354   5.38
    12137       0.3351   5.38
    12138       0.3349   5.38
    12139       0.3350   5.38
    12140       0.3354   5.38
    12141       0.3354   5.38
    12142       0.3354   5.38
    12143       0.3349   5.38
    12144       0.3349   5.38
    12145       0.3361   5.38
    12146       0.3346   5.38
    12147       0.3359   5.38
    12148       0.3358   5.38
    12149       0.3348   5.38
    12150       0.3354   5.38
    12151       0.3351   5.38
    12152       0.3345   5.38
    12153       0.3357   5.38
    12154       0.3349   5.38
    12155       0.3341   5.38
    12156       0.3351   5.38
    12157       0.3352   5.38
    12158       0.3349   5.38
    12159       0.3357   5.38
    12160       0.3346   5.38
    12161       0.3349   5.38
    12162       0.3359   5.38
    12163       0.3351   5.38
    12164       0.3344   5.38
    12165       0.3348   5.38
    12166       0.3356   5.38
    12167       0.3352   5.38
    12168       0.3345   5.38
    12169       0.3349   5.38
    12170       0.3355   5.38
    12171       0.3345   5.38
    12172       0.3348   5.38
    12173       0.3357   5.38
    12174       0.3347   5.38
    12175       0.3358   5.38
    12176       0.3360   5.38
    12177       0.3350   5.38
    12178       0.3350   5.38
    12179       0.3347   5.38
    12180       0.3344   5.38
    12181       0.3353   5.38
    12182       0.3351   5.38
    12183       0.3348   5.38
    12184       0.3354   5.38
    12185       0.3346   5.38
    12186       0.3334   5.38
    12187       0.3354   5.38
    12188       0.3362   5.38
    12189       0.3349   5.38
    12190       0.3356   5.38
    12191       0.3354   5.38
    12192       0.3342   5.38
    12193       0.3348   5.38
    12194       0.3356   5.38
    12195       0.3344   5.38
    12196       0.3355   5.38
    12197       0.3355   5.38
    12198       0.3345   5.38
    12199       0.3353   5.38
    12200       0.3347   5.38
    12201       0.3338   5.38
    12202       0.3352   5.38
    12203       0.3355   5.38
    12204       0.3351   5.38
    12205       0.3351   5.38
    12206       0.3368   5.38
    12207       0.3335   5.38
    12208       0.3357   5.38
    12209       0.3346   5.38
    12210       0.3338   5.39
    12211       0.3348   5.39
    12212       0.3355   5.38
    12213       0.3342   5.38
    12214       0.3353   5.38
    12215       0.3348   5.38
    12216       0.3346   5.38
    12217       0.3356   5.38
    12218       0.3354   5.38
    12219       0.3346   5.38
    12220       0.3352   5.38
    12221       0.3353   5.38
    12222       0.3342   5.38
    12223       0.3354   5.38
    12224       0.3353   5.38
    12225       0.3348   5.39
    12226       0.3342   5.38
    12227       0.3351   5.38
    12228       0.3353   5.38
    12229       0.3346   5.38
    12230       0.3343   5.38
    12231       0.3340   5.38
    12232       0.3334   5.38
    12233       0.3345   5.38
    12234       0.3345   5.38
    12235       0.3349   5.38
    12236       0.3351   5.38
    12237       0.3346   5.38
    12238       0.3347   5.38
    12239       0.3347   5.38
    12240       0.3351   5.38
    12241       0.3345   5.38
    12242       0.3352   5.38
    12243       0.3348   5.38
    12244       0.3343   5.38
    12245       0.3356   5.38
    12246       0.3349   5.38
    12247       0.3347   5.39
    12248       0.3350   5.39
    12249       0.3347   5.38
    12250       0.3350   5.38
    12251       0.3348   5.38
    12252       0.3350   5.38
    12253       0.3342   5.38
    12254       0.3352   5.38
    12255       0.3347   5.38
    12256       0.3350   5.38
    12257       0.3352   5.38
    12258       0.3345   5.38
    12259       0.3348   5.38
    12260       0.3354   5.38
    12261       0.3358   5.38
    12262       0.3355   5.38
    12263       0.3354   5.38
    12264       0.3351   5.38
    12265       0.3345   5.38
    12266       0.3354   5.38
    12267       0.3356   5.38
    12268       0.3346   5.38
    12269       0.3358   5.38
    12270       0.3353   5.38
    12271       0.3347   5.38
    12272       0.3358   5.38
    12273       0.3353   5.38
    12274       0.3350   5.38
    12275       0.3352   5.38
    12276       0.3352   5.38
    12277       0.3349   5.38
    12278       0.3350   5.38
    12279       0.3352   5.38
    12280       0.3360   5.38
    12281       0.3339   5.38
    12282       0.3352   5.38
    12283       0.3355   5.38
    12284       0.3347   5.38
    12285       0.3355   5.38
    12286       0.3354   5.38
    12287       0.3342   5.38
    12288       0.3350   5.38
    12289       0.3361   5.38
    12290       0.3344   5.38
    12291       0.3355   5.38
    12292       0.3356   5.38
    12293       0.3340   5.38
    12294       0.3359   5.38
    12295       0.3356   5.38
    12296       0.3345   5.38
    12297       0.3354   5.38
    12298       0.3353   5.38
    12299       0.3341   5.38
    12300       0.3349   5.38
    12301       0.3351   5.38
    12302       0.3340   5.38
    12303       0.3352   5.38
    12304       0.3352   5.38
    12305       0.3346   5.38
    12306       0.3354   5.38
    12307       0.3347   5.38
    12308       0.3349   5.38
    12309       0.3352   5.38
    12310       0.3353   5.38
    12311       0.3346   5.38
    12312       0.3350   5.38
    12313       0.3355   5.38
    12314       0.3345   5.38
    12315       0.3353   5.38
    12316       0.3351   5.38
    12317       0.3346   5.38
    12318       0.3348   5.38
    12319       0.3351   5.38
    12320       0.3343   5.38
    12321       0.3346   5.38
    12322       0.3352   5.38
    12323       0.3341   5.38
    12324       0.3346   5.38
    12325       0.3352   5.38
    12326       0.3344   5.38
    12327       0.3351   5.38
    12328       0.3350   5.38
    12329       0.3355   5.38
    12330       0.3355   5.38
    12331       0.3361   5.38
    12332       0.3355   5.38
    12333       0.3351   5.38
    12334       0.3354   5.38
    12335       0.3353   5.38
    12336       0.3342   5.38
    12337       0.3348   5.38
    12338       0.3346   5.38
    12339       0.3347   5.38
    12340       0.3353   5.38
    12341       0.3355   5.38
    12342       0.3337   5.38
    12343       0.3353   5.38
    12344       0.3358   5.38
    12345       0.3351   5.38
    12346       0.3352   5.38
    12347       0.3360   5.38
    12348       0.3348   5.38
    12349       0.3347   5.38
    12350       0.3450   5.38
    12351       0.3354   5.38
    12352       0.3354   5.38
    12353       0.3349   5.38
    12354       0.3353   5.38
    12355       0.3352   5.38
    12356       0.3348   5.38
    12357       0.3333   5.38
    12358       0.3345   5.38
    12359       0.3351   5.38
    12360       0.3349   5.38
    12361       0.3354   5.38
    12362       0.3351   5.38
    12363       0.3344   5.38
    12364       0.3350   5.38
    12365       0.3341   5.38
    12366       0.3356   5.38
    12367       0.3352   5.38
    12368       0.3350   5.38
    12369       0.3345   5.38
    12370       0.3354   5.38
    12371       0.3350   5.38
    12372       0.3347   5.38
    12373       0.3353   5.38
    12374       0.3347   5.38
    12375       0.3346   5.38
    12376       0.3338   5.38
    12377       0.3349   5.39
    12378       0.3344   5.38
    12379       0.3357   5.38
    12380       0.3357   5.38
    12381       0.3342   5.38
    12382       0.3357   5.38
    12383       0.3352   5.38
    12384       0.3349   5.38
    12385       0.3348   5.38
    12386       0.3347   5.38
    12387       0.3339   5.38
    12388       0.3343   5.38
    12389       0.3352   5.38
    12390       0.3343   5.38
    12391       0.3340   5.38
    12392       0.3349   5.38
    12393       0.3348   5.38
    12394       0.3336   5.38
    12395       0.3344   5.38
    12396       0.3343   5.38
    12397       0.3350   5.38
    12398       0.3358   5.38
    12399       0.3358   5.38
    12400       0.3347   5.38
    12401       0.3354   5.38
    12402       0.3360   5.38
    12403       0.3350   5.38
    12404       0.3355   5.38
    12405       0.3352   5.38
    12406       0.3344   5.38
    12407       0.3359   5.38
    12408       0.3345   5.38
    12409       0.3347   5.38
    12410       0.3343   5.38
    12411       0.3359   5.39
    12412       0.3344   5.38
    12413       0.3349   5.38
    12414       0.3358   5.38
    12415       0.3345   5.38
    12416       0.3350   5.38
    12417       0.3352   5.38
    12418       0.3350   5.38
    12419       0.3354   5.38
    12420       0.3356   5.38
    12421       0.3347   5.38
    12422       0.3358   5.38
    12423       0.3358   5.38
    12424       0.3351   5.38
    12425       0.3354   5.38
    12426       0.3356   5.38
    12427       0.3348   5.38
    12428       0.3353   5.38
    12429       0.3354   5.38
    12430       0.3349   5.38
    12431       0.3355   5.38
    12432       0.3358   5.38
    12433       0.3349   5.38
    12434       0.3351   5.38
    12435       0.3354   5.38
    12436       0.3348   5.38
    12437       0.3349   5.38
    12438       0.3356   5.38
    12439       0.3351   5.38
    12440       0.3354   5.38
    12441       0.3358   5.38
    12442       0.3350   5.38
    12443       0.3357   5.38
    12444       0.3355   5.38
    12445       0.3355   5.38
    12446       0.3349   5.38
    12447       0.3357   5.38
    12448       0.3362   5.38
    12449       0.3354   5.38
    12450       0.3355   5.38
    12451       0.3356   5.38
    12452       0.3345   5.38
    12453       0.3354   5.38
    12454       0.3364   5.38
    12455       0.3350   5.38
    12456       0.3352   5.38
    12457       0.3354   5.38
    12458       0.3355   5.38
    12459       0.3347   5.38
    12460       0.3353   5.38
    12461       0.3351   5.38
    12462       0.3350   5.38
    12463       0.3349   5.38
    12464       0.3350   5.38
    12465       0.3352   5.38
    12466       0.3348   5.38
    12467       0.3357   5.38
    12468       0.3358   5.38
    12469       0.3355   5.38
    12470       0.3347   5.38
    12471       0.3348   5.38
    12472       0.3353   5.38
    12473       0.3343   5.38
    12474       0.3350   5.38
    12475       0.3340   5.38
    12476       0.3348   5.38
    12477       0.3349   5.38
    12478       0.3348   5.38
    12479       0.3336   5.38
    12480       0.3350   5.38
    12481       0.3354   5.38
    12482       0.3346   5.38
    12483       0.3352   5.38
    12484       0.3345   5.38
    12485       0.3342   5.38
    12486       0.3357   5.38
    12487       0.3354   5.38
    12488       0.3343   5.38
    12489       0.3353   5.38
    12490       0.3350   5.38
    12491       0.3351   5.38
    12492       0.3353   5.38
    12493       0.3355   5.38
    12494       0.3350   5.38
    12495       0.3348   5.38
    12496       0.3353   5.38
    12497       0.3350   5.39
    12498       0.3341   5.38
    12499       0.3346   5.38
    12500       0.3361   5.38
    12501       0.3350   5.38
    12502       0.3356   5.38
    12503       0.3351   5.38
    12504       0.3345   5.38
    12505       0.3353   5.38
    12506       0.3357   5.38
    12507       0.3341   5.38
    12508       0.3351   5.38
    12509       0.3343   5.38
    12510       0.3339   5.38
    12511       0.3344   5.38
    12512       0.3351   5.38
    12513       0.3337   5.38
    12514       0.3345   5.38
    12515       0.3349   5.39
    12516       0.3348   5.38
    12517       0.3351   5.38
    12518       0.3352   5.38
    12519       0.3340   5.39
    12520       0.3351   5.39
    12521       0.3350   5.38
    12522       0.3345   5.38
    12523       0.3349   5.38
    12524       0.3355   5.38
    12525       0.3339   5.38
    12526       0.3340   5.38
    12527       0.3350   5.38
    12528       0.3348   5.38
    12529       0.3356   5.38
    12530       0.3353   5.38
    12531       0.3344   5.38
    12532       0.3354   5.38
    12533       0.3352   5.38
    12534       0.3351   5.38
    12535       0.3339   5.38
    12536       0.3348   5.38
    12537       0.3350   5.38
    12538       0.3345   5.38
    12539       0.3342   5.38
    12540       0.3343   5.38
    12541       0.3345   5.38
    12542       0.3352   5.38
    12543       0.3346   5.38
    12544       0.3347   5.38
    12545       0.3354   5.38
    12546       0.3347   5.38
    12547       0.3347   5.38
    12548       0.3349   5.38
    12549       0.3346   5.38
    12550       0.3347   5.38
    12551       0.3355   5.38
    12552       0.3349   5.38
    12553       0.3344   5.38
    12554       0.3358   5.38
    12555       0.3363   5.38
    12556       0.3350   5.38
    12557       0.3355   5.38
    12558       0.3355   5.38
    12559       0.3336   5.38
    12560       0.3357   5.38
    12561       0.3354   5.38
    12562       0.3347   5.38
    12563       0.3352   5.38
    12564       0.3354   5.38
    12565       0.3353   5.38
    12566       0.3353   5.38
    12567       0.3349   5.38
    12568       0.3344   5.38
    12569       0.3357   5.38
    12570       0.3355   5.38
    12571       0.3343   5.38
    12572       0.3356   5.38
    12573       0.3356   5.38
    12574       0.3343   5.38
    12575       0.3354   5.38
    12576       0.3357   5.38
    12577       0.3340   5.38
    12578       0.3349   5.38
    12579       0.3346   5.38
    12580       0.3338   5.38
    12581       0.3351   5.38
    12582       0.3344   5.38
    12583       0.3343   5.38
    12584       0.3355   5.38
    12585       0.3348   5.38
    12586       0.3344   5.38
    12587       0.3351   5.38
    12588       0.3349   5.38
    12589       0.3344   5.38
    12590       0.3349   5.38
    12591       0.3346   5.38
    12592       0.3348   5.38
    12593       0.3348   5.38
    12594       0.3357   5.38
    12595       0.3346   5.38
    12596       0.3356   5.38
    12597       0.3352   5.38
    12598       0.3340   5.38
    12599       0.3350   5.38
    12600       0.3353   5.38
    12601       0.3342   5.38
    12602       0.3347   5.38
    12603       0.3352   5.38
    12604       0.3347   5.38
    12605       0.3346   5.38
    12606       0.3353   5.38
    12607       0.3351   5.38
    12608       0.3342   5.38
    12609       0.3351   5.38
    12610       0.3351   5.38
    12611       0.3344   5.38
    12612       0.3353   5.38
    12613       0.3350   5.38
    12614       0.3343   5.38
    12615       0.3342   5.38
    12616       0.3352   5.38
    12617       0.3332   5.38
    12618       0.3346   5.38
    12619       0.3357   5.38
    12620       0.3345   5.38
    12621       0.3355   5.38
    12622       0.3350   5.38
    12623       0.3351   5.38
    12624       0.3349   5.38
    12625       0.3351   5.38
    12626       0.3351   5.38
    12627       0.3357   5.38
    12628       0.3356   5.38
    12629       0.3348   5.38
    12630       0.3349   5.38
    12631       0.3351   5.38
    12632       0.3350   5.38
    12633       0.3354   5.38
    12634       0.3355   5.38
    12635       0.3347   5.38
    12636       0.3347   5.38
    12637       0.3354   5.38
    12638       0.3359   5.38
    12639       0.3352   5.38
    12640       0.3353   5.38
    12641       0.3343   5.38
    12642       0.3351   5.38
    12643       0.3355   5.38
    12644       0.3350   5.38
    12645       0.3351   5.38
    12646       0.3352   5.38
    12647       0.3349   5.38
    12648       0.3349   5.38
    12649       0.3359   5.38
    12650       0.3350   5.38
    12651       0.3353   5.38
    12652       0.3353   5.38
    12653       0.3349   5.38
    12654       0.3354   5.38
    12655       0.3349   5.38
    12656       0.3346   5.38
    12657       0.3342   5.38
    12658       0.3348   5.38
    12659       0.3347   5.38
    12660       0.3350   5.38
    12661       0.3354   5.38
    12662       0.3360   5.38
    12663       0.3339   5.38
    12664       0.3346   5.38
    12665       0.3346   5.38
    12666       0.3343   5.38
    12667       0.3354   5.38
    12668       0.3343   5.38
    12669       0.3344   5.38
    12670       0.3348   5.38
    12671       0.3349   5.38
    12672       0.3349   5.38
    12673       0.3448   5.38
    12674       0.3354   5.38
    12675       0.3356   5.38
    12676       0.3362   5.38
    12677       0.3356   5.38
    12678       0.3357   5.38
    12679       0.3359   5.38
    12680       0.3357   5.38
    12681       0.3347   5.38
    12682       0.3347   5.38
    12683       0.3356   5.37
    12684       0.3345   5.38
    12685       0.3353   5.38
    12686       0.3360   5.38
    12687       0.3351   5.38
    12688       0.3356   5.38
    12689       0.3356   5.38
    12690       0.3339   5.38
    12691       0.3353   5.38
    12692       0.3359   5.38
    12693       0.3346   5.38
    12694       0.3356   5.38
    12695       0.3357   5.38
    12696       0.3351   5.38
    12697       0.3355   5.38
    12698       0.3355   5.38
    12699       0.3347   5.38
    12700       0.3355   5.38
    12701       0.3351   5.38
    12702       0.3350   5.38
    12703       0.3354   5.38
    12704       0.3353   5.38
    12705       0.3353   5.38
    12706       0.3350   5.38
    12707       0.3353   5.38
    12708       0.3352   5.38
    12709       0.3350   5.38
    12710       0.3351   5.38
    12711       0.3350   5.38
    12712       0.3345   5.38
    12713       0.3343   5.38
    12714       0.3341   5.38
    12715       0.3349   5.38
    12716       0.3349   5.38
    12717       0.3351   5.38
    12718       0.3338   5.38
    12719       0.3345   5.38
    12720       0.3351   5.38
    12721       0.3344   5.38
    12722       0.3352   5.38
    12723       0.3360   5.38
    12724       0.3345   5.38
    12725       0.3355   5.38
    12726       0.3347   5.38
    12727       0.3340   5.38
    12728       0.3347   5.38
    12729       0.3346   5.38
    12730       0.3340   5.38
    12731       0.3346   5.38
    12732       0.3353   5.38
    12733       0.3348   5.39
    12734       0.3352   5.39
    12735       0.3353   5.38
    12736       0.3349   5.38
    12737       0.3348   5.38
    12738       0.3348   5.38
    12739       0.3342   5.39
    12740       0.3356   5.39
    12741       0.3356   5.38
    12742       0.3350   5.38
    12743       0.3356   5.38
    12744       0.3351   5.38
    12745       0.3343   5.38
    12746       0.3359   5.38
    12747       0.3358   5.38
    12748       0.3353   5.38
    12749       0.3353   5.38
    12750       0.3345   5.38
    12751       0.3348   5.38
    12752       0.3348   5.38
    12753       0.3348   5.38
    12754       0.3337   5.38
    12755       0.3349   5.38
    12756       0.3344   5.38
    12757       0.3347   5.38
    12758       0.3348   5.38
    12759       0.3353   5.38
    12760       0.3339   5.38
    12761       0.3346   5.38
    12762       0.3352   5.38
    12763       0.3342   5.38
    12764       0.3344   5.38
    12765       0.3348   5.38
    12766       0.3346   5.38
    12767       0.3345   5.38
    12768       0.3355   5.38
    12769       0.3354   5.38
    12770       0.3353   5.38
    12771       0.3353   5.38
    12772       0.3357   5.38
    12773       0.3337   5.38
    12774       0.3347   5.38
    12775       0.3356   5.38
    12776       0.3343   5.38
    12777       0.3354   5.38
    12778       0.3354   5.38
    12779       0.3348   5.38
    12780       0.3346   5.38
    12781       0.3343   5.38
    12782       0.3342   5.38
    12783       0.3352   5.38
    12784       0.3349   5.38
    12785       0.3343   5.38
    12786       0.3341   5.38
    12787       0.3348   5.39
    12788       0.3353   5.38
    12789       0.3349   5.38
    12790       0.3345   5.38
    12791       0.3337   5.38
    12792       0.3355   5.38
    12793       0.3355   5.38
    12794       0.3347   5.38
    12795       0.3355   5.38
    12796       0.3355   5.38
    12797       0.3347   5.38
    12798       0.3349   5.38
    12799       0.3354   5.38
    12800       0.3350   5.38
    12801       0.3357   5.38
    12802       0.3357   5.38
    12803       0.3348   5.38
    12804       0.3350   5.38
    12805       0.3354   5.38
    12806       0.3348   5.38
    12807       0.3350   5.38
    12808       0.3358   5.38
    12809       0.3347   5.38
    12810       0.3345   5.38
    12811       0.3353   5.38
    12812       0.3341   5.38
    12813       0.3360   5.38
    12814       0.3356   5.38
    12815       0.3344   5.38
    12816       0.3355   5.38
    12817       0.3350   5.38
    12818       0.3348   5.38
    12819       0.3348   5.38
    12820       0.3353   5.38
    12821       0.3354   5.38
    12822       0.3350   5.38
    12823       0.3352   5.38
    12824       0.3356   5.38
    12825       0.3337   5.38
    12826       0.3351   5.38
    12827       0.3350   5.38
    12828       0.3335   5.38
    12829       0.3350   5.38
    12830       0.3351   5.38
    12831       0.3338   5.38
    12832       0.3345   5.38
    12833       0.3353   5.38
    12834       0.3355   5.38
    12835       0.3358   5.38
    12836       0.3356   5.38
    12837       0.3344   5.38
    12838       0.3350   5.38
    12839       0.3350   5.38
    12840       0.3345   5.38
    12841       0.3357   5.38
    12842       0.3356   5.38
    12843       0.3348   5.38
    12844       0.3348   5.38
    12845       0.3355   5.38
    12846       0.3348   5.38
    12847       0.3353   5.38
    12848       0.3353   5.38
    12849       0.3358   5.38
    12850       0.3353   5.38
    12851       0.3348   5.38
    12852       0.3349   5.38
    12853       0.3353   5.38
    12854       0.3356   5.38
    12855       0.3344   5.38
    12856       0.3355   5.38
    12857       0.3350   5.38
    12858       0.3352   5.38
    12859       0.3348   5.38
    12860       0.3355   5.38
    12861       0.3343   5.38
    12862       0.3348   5.38
    12863       0.3351   5.38
    12864       0.3353   5.38
    12865       0.3351   5.38
    12866       0.3360   5.38
    12867       0.3335   5.38
    12868       0.3352   5.38
    12869       0.3350   5.38
    12870       0.3350   5.38
    12871       0.3353   5.38
    12872       0.3344   5.38
    12873       0.3347   5.38
    12874       0.3363   5.38
    12875       0.3358   5.38
    12876       0.3357   5.38
    12877       0.3342   5.38
    12878       0.3348   5.38
    12879       0.3351   5.38
    12880       0.3346   5.38
    12881       0.3352   5.38
    12882       0.3353   5.38
    12883       0.3345   5.38
    12884       0.3353   5.38
    12885       0.3358   5.38
    12886       0.3346   5.38
    12887       0.3355   5.38
    12888       0.3351   5.38
    12889       0.3345   5.38
    12890       0.3349   5.38
    12891       0.3354   5.38
    12892       0.3346   5.38
    12893       0.3353   5.38
    12894       0.3357   5.38
    12895       0.3351   5.38
    12896       0.3352   5.38
    12897       0.3355   5.38
    12898       0.3345   5.38
    12899       0.3349   5.38
    12900       0.3353   5.38
    12901       0.3350   5.38
    12902       0.3354   5.38
    12903       0.3358   5.38
    12904       0.3349   5.38
    12905       0.3362   5.38
    12906       0.3360   5.38
    12907       0.3346   5.38
    12908       0.3354   5.38
    12909       0.3356   5.38
    12910       0.3340   5.38
    12911       0.3349   5.38
    12912       0.3351   5.38
    12913       0.3349   5.38
    12914       0.3349   5.38
    12915       0.3348   5.38
    12916       0.3343   5.38
    12917       0.3355   5.38
    12918       0.3348   5.38
    12919       0.3341   5.38
    12920       0.3348   5.38
    12921       0.3359   5.38
    12922       0.3348   5.38
    12923       0.3355   5.38
    12924       0.3350   5.38
    12925       0.3343   5.38
    12926       0.3354   5.38
    12927       0.3350   5.38
    12928       0.3351   5.38
    12929       0.3345   5.38
    12930       0.3352   5.38
    12931       0.3347   5.38
    12932       0.3345   5.38
    12933       0.3355   5.38
    12934       0.3355   5.38
    12935       0.3344   5.38
    12936       0.3359   5.38
    12937       0.3360   5.38
    12938       0.3343   5.38
    12939       0.3351   5.38
    12940       0.3361   5.38
    12941       0.3341   5.38
    12942       0.3358   5.38
    12943       0.3355   5.38
    12944       0.3346   5.38
    12945       0.3355   5.38
    12946       0.3358   5.38
    12947       0.3351   5.38
    12948       0.3362   5.38
    12949       0.3353   5.38
    12950       0.3345   5.38
    12951       0.3354   5.38
    12952       0.3350   5.38
    12953       0.3345   5.38
    12954       0.3347   5.38
    12955       0.3351   5.38
    12956       0.3340   5.38
    12957       0.3353   5.38
    12958       0.3353   5.38
    12959       0.3350   5.38
    12960       0.3352   5.38
    12961       0.3351   5.38
    12962       0.3345   5.38
    12963       0.3348   5.38
    12964       0.3356   5.38
    12965       0.3346   5.38
    12966       0.3351   5.38
    12967       0.3359   5.38
    12968       0.3342   5.38
    12969       0.3351   5.38
    12970       0.3346   5.38
    12971       0.3337   5.38
    12972       0.3455   5.38
    12973       0.3352   5.38
    12974       0.3339   5.38
    12975       0.3351   5.38
    12976       0.3352   5.38
    12977       0.3348   5.38
    12978       0.3347   5.38
    12979       0.3350   5.38
    12980       0.3348   5.38
    12981       0.3342   5.37
    12982       0.3351   5.37
    12983       0.3349   5.38
    12984       0.3340   5.38
    12985       0.3357   5.38
    12986       0.3352   5.38
    12987       0.3353   5.38
    12988       0.3358   5.38
    12989       0.3362   5.38
    12990       0.3359   5.38
    12991       0.3350   5.38
    12992       0.3355   5.37
    12993       0.3339   5.38
    12994       0.3354   5.38
    12995       0.3349   5.38
    12996       0.3341   5.38
    12997       0.3354   5.38
    12998       0.3343   5.38
    12999       0.3336   5.38
    13000       0.3351   5.38
    13001       0.3355   5.38
    13002       0.3345   5.38
    13003       0.3360   5.38
    13004       0.3353   5.38
    13005       0.3343   5.38
    13006       0.3352   5.38
    13007       0.3352   5.38
    13008       0.3345   5.38
    13009       0.3358   5.38
    13010       0.3350   5.38
    13011       0.3350   5.37
    13012       0.3346   5.37
    13013       0.3341   5.38
    13014       0.3341   5.38
    13015       0.3351   5.38
    13016       0.3357   5.38
    13017       0.3343   5.38
    13018       0.3357   5.38
    13019       0.3350   5.38
    13020       0.3348   5.38
    13021       0.3352   5.38
    13022       0.3350   5.38
    13023       0.3345   5.38
    13024       0.3357   5.38
    13025       0.3357   5.38
    13026       0.3347   5.38
    13027       0.3349   5.38
    13028       0.3358   5.39
    13029       0.3352   5.38
    13030       0.3355   5.38
    13031       0.3347   5.38
    13032       0.3354   5.38
    13033       0.3338   5.38
    13034       0.3354   5.38
    13035       0.3351   5.38
    13036       0.3340   5.38
    13037       0.3350   5.38
    13038       0.3357   5.38
    13039       0.3348   5.38
    13040       0.3354   5.38
    13041       0.3355   5.38
    13042       0.3345   5.38
    13043       0.3354   5.38
    13044       0.3354   5.38
    13045       0.3341   5.38
    13046       0.3347   5.38
    13047       0.3351   5.38
    13048       0.3343   5.38
    13049       0.3352   5.38
    13050       0.3349   5.38
    13051       0.3342   5.38
    13052       0.3356   5.38
    13053       0.3354   5.38
    13054       0.3328   5.38
    13055       0.3352   5.38
    13056       0.3345   5.38
    13057       0.3347   5.38
    13058       0.3358   5.38
    13059       0.3349   5.38
    13060       0.3352   5.38
    13061       0.3354   5.38
    13062       0.3349   5.38
    13063       0.3345   5.38
    13064       0.3351   5.38
    13065       0.3350   5.38
    13066       0.3343   5.38
    13067       0.3343   5.38
    13068       0.3347   5.37
    13069       0.3343   5.38
    13070       0.3341   5.38
    13071       0.3353   5.38
    13072       0.3355   5.38
    13073       0.3357   5.38
    13074       0.3355   5.38
    13075       0.3349   5.38
    13076       0.3354   5.38
    13077       0.3348   5.38
    13078       0.3341   5.38
    13079       0.3356   5.38
    13080       0.3343   5.38
    13081       0.3338   5.37
    13082       0.3352   5.37
    13083       0.3348   5.38
    13084       0.3339   5.38
    13085       0.3349   5.38
    13086       0.3353   5.38
    13087       0.3346   5.38
    13088       0.3350   5.38
    13089       0.3354   5.38
    13090       0.3334   5.38
    13091       0.3339   5.38
    13092       0.3348   5.38
    13093       0.3339   5.38
    13094       0.3343   5.38
    13095       0.3351   5.38
    13096       0.3352   5.38
    13097       0.3347   5.38
    13098       0.3356   5.38
    13099       0.3358   5.38
    13100       0.3347   5.38
    13101       0.3350   5.38
    13102       0.3353   5.38
    13103       0.3347   5.38
    13104       0.3352   5.38
    13105       0.3359   5.38
    13106       0.3352   5.38
    13107       0.3355   5.38
    13108       0.3353   5.38
    13109       0.3345   5.38
    13110       0.3353   5.38
    13111       0.3362   5.38
    13112       0.3354   5.38
    13113       0.3348   5.38
    13114       0.3352   5.38
    13115       0.3338   5.38
    13116       0.3340   5.38
    13117       0.3346   5.37
    13118       0.3351   5.38
    13119       0.3352   5.38
    13120       0.3354   5.38
    13121       0.3340   5.38
    13122       0.3345   5.38
    13123       0.3349   5.38
    13124       0.3340   5.38
    13125       0.3349   5.38
    13126       0.3356   5.38
    13127       0.3349   5.38
    13128       0.3352   5.38
    13129       0.3352   5.38
    13130       0.3348   5.38
    13131       0.3344   5.38
    13132       0.3348   5.38
    13133       0.3342   5.38
    13134       0.3359   5.38
    13135       0.3346   5.38
    13136       0.3340   5.38
    13137       0.3342   5.38
    13138       0.3345   5.38
    13139       0.3344   5.38
    13140       0.3343   5.38
    13141       0.3352   5.37
    13142       0.3345   5.38
    13143       0.3355   5.38
    13144       0.3356   5.38
    13145       0.3350   5.38
    13146       0.3346   5.38
    13147       0.3345   5.38
    13148       0.3342   5.38
    13149       0.3350   5.38
    13150       0.3347   5.38
    13151       0.3357   5.38
    13152       0.3347   5.38
    13153       0.3351   5.38
    13154       0.3352   5.38
    13155       0.3350   5.38
    13156       0.3343   5.38
    13157       0.3348   5.38
    13158       0.3344   5.37
    13159       0.3353   5.37
    13160       0.3349   5.38
    13161       0.3336   5.38
    13162       0.3349   5.38
    13163       0.3349   5.38
    13164       0.3345   5.38
    13165       0.3349   5.38
    13166       0.3351   5.38
    13167       0.3344   5.38
    13168       0.3354   5.38
    13169       0.3353   5.38
    13170       0.3349   5.38
    13171       0.3354   5.38
    13172       0.3347   5.38
    13173       0.3345   5.38
    13174       0.3350   5.38
    13175       0.3347   5.38
    13176       0.3335   5.38
    13177       0.3349   5.38
    13178       0.3348   5.38
    13179       0.3338   5.38
    13180       0.3357   5.38
    13181       0.3357   5.38
    13182       0.3337   5.38
    13183       0.3351   5.38
    13184       0.3360   5.38
    13185       0.3338   5.38
    13186       0.3352   5.38
    13187       0.3352   5.38
    13188       0.3344   5.38
    13189       0.3354   5.38
    13190       0.3353   5.38
    13191       0.3353   5.38
    13192       0.3349   5.38
    13193       0.3357   5.38
    13194       0.3350   5.38
    13195       0.3351   5.38
    13196       0.3353   5.38
    13197       0.3350   5.38
    13198       0.3348   5.38
    13199       0.3352   5.38
    13200       0.3351   5.38
    13201       0.3344   5.38
    13202       0.3348   5.38
    13203       0.3342   5.38
    13204       0.3350   5.38
    13205       0.3350   5.38
    13206       0.3346   5.38
    13207       0.3342   5.38
    13208       0.3351   5.38
    13209       0.3360   5.38
    13210       0.3339   5.38
    13211       0.3341   5.38
    13212       0.3348   5.38
    13213       0.3339   5.37
    13214       0.3346   5.37
    13215       0.3350   5.38
    13216       0.3348   5.38
    13217       0.3348   5.38
    13218       0.3347   5.38
    13219       0.3334   5.38
    13220       0.3350   5.38
    13221       0.3350   5.38
    13222       0.3340   5.38
    13223       0.3347   5.38
    13224       0.3352   5.38
    13225       0.3338   5.38
    13226       0.3356   5.38
    13227       0.3356   5.38
    13228       0.3332   5.38
    13229       0.3344   5.38
    13230       0.3345   5.37
    13231       0.3343   5.38
    13232       0.3359   5.38
    13233       0.3349   5.38
    13234       0.3344   5.38
    13235       0.3346   5.38
    13236       0.3352   5.38
    13237       0.3348   5.38
    13238       0.3355   5.38
    13239       0.3351   5.38
    13240       0.3335   5.38
    13241       0.3346   5.38
    13242       0.3346   5.38
    13243       0.3341   5.38
    13244       0.3340   5.38
    13245       0.3352   5.38
    13246       0.3336   5.38
    13247       0.3352   5.38
    13248       0.3349   5.38
    13249       0.3343   5.38
    13250       0.3353   5.38
    13251       0.3352   5.37
    13252       0.3344   5.38
    13253       0.3346   5.38
    13254       0.3343   5.38
    13255       0.3337   5.38
    13256       0.3353   5.38
    13257       0.3347   5.38
    13258       0.3347   5.39
    13259       0.3352   5.39
    13260       0.3341   5.38
    13261       0.3348   5.38
    13262       0.3358   5.38
    13263       0.3352   5.38
    13264       0.3353   5.38
    13265       0.3351   5.38
    13266       0.3356   5.38
    13267       0.3356   5.38
    13268       0.3344   5.38
    13269       0.3352   5.38
    13270       0.3349   5.38
    13271       0.3341   5.38
    13272       0.3353   5.38
    13273       0.3356   5.38
    13274       0.3345   5.38
    13275       0.3351   5.38
    13276       0.3356   5.38
    13277       0.3339   5.37
    13278       0.3355   5.37
    13279       0.3362   5.38
    13280       0.3355   5.38
    13281       0.3356   5.38
    13282       0.3349   5.38
    13283       0.3343   5.38
    13284       0.3351   5.38
    13285       0.3351   5.38
    13286       0.3346   5.38
    13287       0.3358   5.38
    13288       0.3362   5.38
    13289       0.3352   5.38
    13290       0.3358   5.38
    13291       0.3349   5.38
    13292       0.3344   5.38
    13293       0.3446   5.38
    13294       0.3354   5.38
    13295       0.3347   5.38
    13296       0.3353   5.38
    13297       0.3349   5.38
    13298       0.3348   5.38
    13299       0.3350   5.38
    13300       0.3352   5.38
    13301       0.3343   5.38
    13302       0.3346   5.38
    13303       0.3352   5.38
    13304       0.3341   5.38
    13305       0.3356   5.38
    13306       0.3348   5.38
    13307       0.3345   5.38
    13308       0.3351   5.38
    13309       0.3349   5.38
    13310       0.3349   5.38
    13311       0.3344   5.38
    13312       0.3356   5.38
    13313       0.3349   5.38
    13314       0.3354   5.38
    13315       0.3344   5.38
    13316       0.3345   5.38
    13317       0.3351   5.38
    13318       0.3355   5.38
    13319       0.3348   5.38
    13320       0.3345   5.38
    13321       0.3354   5.38
    13322       0.3351   5.38
    13323       0.3354   5.38
    13324       0.3359   5.38
    13325       0.3356   5.38
    13326       0.3353   5.38
    13327       0.3350   5.38
    13328       0.3345   5.38
    13329       0.3352   5.38
    13330       0.3351   5.38
    13331       0.3351   5.38
    13332       0.3341   5.38
    13333       0.3348   5.38
    13334       0.3347   5.38
    13335       0.3342   5.38
    13336       0.3350   5.38
    13337       0.3355   5.38
    13338       0.3351   5.38
    13339       0.3353   5.38
    13340       0.3358   5.38
    13341       0.3342   5.38
    13342       0.3352   5.38
    13343       0.3352   5.38
    13344       0.3352   5.38
    13345       0.3355   5.38
    13346       0.3359   5.38
    13347       0.3345   5.38
    13348       0.3358   5.38
    13349       0.3364   5.38
    13350       0.3338   5.38
    13351       0.3345   5.38
    13352       0.3348   5.38
    13353       0.3338   5.38
    13354       0.3348   5.38
    13355       0.3349   5.38
    13356       0.3342   5.38
    13357       0.3352   5.38
    13358       0.3350   5.38
    13359       0.3341   5.38
    13360       0.3356   5.38
    13361       0.3356   5.38
    13362       0.3346   5.38
    13363       0.3349   5.38
    13364       0.3352   5.38
    13365       0.3337   5.38
    13366       0.3358   5.38
    13367       0.3349   5.38
    13368       0.3342   5.38
    13369       0.3353   5.38
    13370       0.3355   5.38
    13371       0.3361   5.38
    13372       0.3354   5.38
    13373       0.3352   5.38
    13374       0.3349   5.38
    13375       0.3341   5.38
    13376       0.3351   5.38
    13377       0.3355   5.38
    13378       0.3349   5.38
    13379       0.3353   5.38
    13380       0.3353   5.38
    13381       0.3344   5.38
    13382       0.3347   5.38
    13383       0.3355   5.38
    13384       0.3341   5.38
    13385       0.3347   5.38
    13386       0.3343   5.38
    13387       0.3343   5.38
    13388       0.3352   5.38
    13389       0.3356   5.38
    13390       0.3351   5.38
    13391       0.3349   5.38
    13392       0.3341   5.38
    13393       0.3350   5.38
    13394       0.3349   5.38
    13395       0.3345   5.38
    13396       0.3345   5.38
    13397       0.3350   5.38
    13398       0.3357   5.38
    13399       0.3348   5.38
    13400       0.3347   5.38
    13401       0.3354   5.38
    13402       0.3343   5.38
    13403       0.3351   5.38
    13404       0.3360   5.38
    13405       0.3344   5.38
    13406       0.3341   5.38
    13407       0.3354   5.38
    13408       0.3351   5.38
    13409       0.3359   5.38
    13410       0.3352   5.38
    13411       0.3344   5.38
    13412       0.3356   5.38
    13413       0.3350   5.38
    13414       0.3344   5.38
    13415       0.3353   5.38
    13416       0.3355   5.38
    13417       0.3342   5.38
    13418       0.3349   5.38
    13419       0.3353   5.38
    13420       0.3338   5.38
    13421       0.3353   5.38
    13422       0.3347   5.38
    13423       0.3344   5.38
    13424       0.3347   5.38
    13425       0.3359   5.38
    13426       0.3360   5.38
    13427       0.3339   5.38
    13428       0.3353   5.38
    13429       0.3357   5.38
    13430       0.3343   5.38
    13431       0.3352   5.38
    13432       0.3359   5.38
    13433       0.3338   5.38
    13434       0.3347   5.38
    13435       0.3348   5.38
    13436       0.3342   5.38
    13437       0.3347   5.38
    13438       0.3344   5.38
    13439       0.3337   5.38
    13440       0.3355   5.38
    13441       0.3349   5.38
    13442       0.3348   5.38
    13443       0.3373   5.38
    13444       0.3354   5.38
    13445       0.3350   5.38
    13446       0.3349   5.38
    13447       0.3346   5.38
    13448       0.3337   5.38
    13449       0.3353   5.38
    13450       0.3346   5.38
    13451       0.3350   5.38
    13452       0.3351   5.38
    13453       0.3351   5.38
    13454       0.3346   5.38
    13455       0.3344   5.38
    13456       0.3351   5.38
    13457       0.3343   5.38
    13458       0.3346   5.38
    13459       0.3354   5.38
    13460       0.3344   5.38
    13461       0.3351   5.38
    13462       0.3353   5.38
    13463       0.3349   5.38
    13464       0.3345   5.38
    13465       0.3348   5.38
    13466       0.3349   5.38
    13467       0.3354   5.38
    13468       0.3359   5.38
    13469       0.3345   5.38
    13470       0.3352   5.38
    13471       0.3354   5.38
    13472       0.3341   5.38
    13473       0.3356   5.38
    13474       0.3356   5.38
    13475       0.3353   5.38
    13476       0.3354   5.38
    13477       0.3354   5.38
    13478       0.3349   5.38
    13479       0.3341   5.38
    13480       0.3358   5.38
    13481       0.3348   5.38
    13482       0.3352   5.38
    13483       0.3351   5.38
    13484       0.3355   5.38
    13485       0.3348   5.38
    13486       0.3352   5.38
    13487       0.3354   5.38
    13488       0.3347   5.38
    13489       0.3357   5.38
    13490       0.3359   5.38
    13491       0.3345   5.38
    13492       0.3358   5.38
    13493       0.3359   5.38
    13494       0.3351   5.38
    13495       0.3353   5.38
    13496       0.3351   5.38
    13497       0.3354   5.38
    13498       0.3352   5.38
    13499       0.3352   5.38
    13500       0.3355   5.38
    13501       0.3347   5.38
    13502       0.3352   5.38
    13503       0.3344   5.38
    13504       0.3355   5.38
    13505       0.3355   5.38
    13506       0.3350   5.38
    13507       0.3351   5.38
    13508       0.3358   5.38
    13509       0.3352   5.38
    13510       0.3351   5.38
    13511       0.3355   5.38
    13512       0.3350   5.38
    13513       0.3357   5.38
    13514       0.3356   5.38
    13515       0.3342   5.38
    13516       0.3354   5.38
    13517       0.3356   5.38
    13518       0.3345   5.38
    13519       0.3349   5.38
    13520       0.3351   5.38
    13521       0.3342   5.38
    13522       0.3349   5.38
    13523       0.3345   5.38
    13524       0.3334   5.38
    13525       0.3357   5.38
    13526       0.3353   5.38
    13527       0.3347   5.38
    13528       0.3354   5.38
    13529       0.3352   5.38
    13530       0.3361   5.38
    13531       0.3349   5.38
    13532       0.3343   5.38
    13533       0.3347   5.38
    13534       0.3355   5.38
    13535       0.3351   5.38
    13536       0.3356   5.38
    13537       0.3346   5.38
    13538       0.3357   5.38
    13539       0.3352   5.38
    13540       0.3341   5.38
    13541       0.3346   5.38
    13542       0.3350   5.38
    13543       0.3342   5.38
    13544       0.3351   5.38
    13545       0.3351   5.38
    13546       0.3348   5.38
    13547       0.3358   5.38
    13548       0.3353   5.38
    13549       0.3345   5.38
    13550       0.3352   5.38
    13551       0.3355   5.38
    13552       0.3340   5.38
    13553       0.3352   5.38
    13554       0.3354   5.38
    13555       0.3347   5.38
    13556       0.3345   5.38
    13557       0.3359   5.38
    13558       0.3350   5.37
    13559       0.3353   5.37
    13560       0.3347   5.38
    13561       0.3339   5.38
    13562       0.3348   5.38
    13563       0.3353   5.38
    13564       0.3348   5.38
    13565       0.3349   5.38
    13566       0.3350   5.38
    13567       0.3343   5.38
    13568       0.3344   5.38
    13569       0.3349   5.38
    13570       0.3350   5.38
    13571       0.3348   5.38
    13572       0.3353   5.38
    13573       0.3340   5.38
    13574       0.3358   5.38
    13575       0.3352   5.38
    13576       0.3342   5.38
    13577       0.3349   5.38
    13578       0.3349   5.38
    13579       0.3345   5.38
    13580       0.3348   5.38
    13581       0.3349   5.38
    13582       0.3344   5.38
    13583       0.3357   5.38
    13584       0.3349   5.38
    13585       0.3343   5.38
    13586       0.3359   5.38
    13587       0.3355   5.38
    13588       0.3345   5.38
    13589       0.3352   5.38
    13590       0.3449   5.38
    13591       0.3353   5.38
    13592       0.3345   5.38
    13593       0.3353   5.38
    13594       0.3364   5.38
    13595       0.3349   5.38
    13596       0.3350   5.38
    13597       0.3344   5.38
    13598       0.3345   5.38
    13599       0.3347   5.38
    13600       0.3348   5.38
    13601       0.3352   5.38
    13602       0.3350   5.38
    13603       0.3354   5.38
    13604       0.3349   5.38
    13605       0.3355   5.38
    13606       0.3350   5.38
    13607       0.3345   5.38
    13608       0.3348   5.38
    13609       0.3356   5.38
    13610       0.3348   5.38
    13611       0.3351   5.38
    13612       0.3356   5.38
    13613       0.3354   5.38
    13614       0.3356   5.38
    13615       0.3355   5.38
    13616       0.3339   5.38
    13617       0.3358   5.38
    13618       0.3347   5.38
    13619       0.3353   5.38
    13620       0.3353   5.38
    13621       0.3349   5.38
    13622       0.3346   5.38
    13623       0.3345   5.38
    13624       0.3350   5.38
    13625       0.3344   5.38
    13626       0.3361   5.38
    13627       0.3354   5.38
    13628       0.3346   5.38
    13629       0.3343   5.38
    13630       0.3358   5.38
    13631       0.3347   5.38
    13632       0.3353   5.38
    13633       0.3364   5.37
    13634       0.3345   5.38
    13635       0.3356   5.38
    13636       0.3353   5.38
    13637       0.3349   5.38
    13638       0.3349   5.38
    13639       0.3354   5.38
    13640       0.3343   5.38
    13641       0.3339   5.38
    13642       0.3355   5.38
    13643       0.3354   5.38
    13644       0.3346   5.38
    13645       0.3348   5.38
    13646       0.3351   5.38
    13647       0.3345   5.38
    13648       0.3352   5.38
    13649       0.3354   5.38
    13650       0.3345   5.38
    13651       0.3352   5.38
    13652       0.3359   5.38
    13653       0.3354   5.38
    13654       0.3357   5.38
    13655       0.3353   5.38
    13656       0.3346   5.38
    13657       0.3354   5.38
    13658       0.3350   5.38
    13659       0.3348   5.38
    13660       0.3356   5.38
    13661       0.3351   5.38
    13662       0.3350   5.38
    13663       0.3349   5.38
    13664       0.3351   5.38
    13665       0.3341   5.38
    13666       0.3345   5.38
    13667       0.3349   5.38
    13668       0.3347   5.38
    13669       0.3343   5.38
    13670       0.3360   5.38
    13671       0.3358   5.38
    13672       0.3355   5.38
    13673       0.3353   5.38
    13674       0.3344   5.38
    13675       0.3362   5.38
    13676       0.3348   5.38
    13677       0.3330   5.38
    13678       0.3343   5.38
    13679       0.3361   5.38
    13680       0.3353   5.38
    13681       0.3351   5.38
    13682       0.3352   5.38
    13683       0.3344   5.38
    13684       0.3353   5.38
    13685       0.3344   5.38
    13686       0.3346   5.38
    13687       0.3357   5.38
    13688       0.3351   5.37
    13689       0.3351   5.38
    13690       0.3348   5.38
    13691       0.3352   5.38
    13692       0.3345   5.38
    13693       0.3351   5.38
    13694       0.3348   5.38
    13695       0.3352   5.38
    13696       0.3342   5.38
    13697       0.3344   5.38
    13698       0.3349   5.38
    13699       0.3342   5.38
    13700       0.3356   5.38
    13701       0.3357   5.38
    13702       0.3351   5.38
    13703       0.3350   5.38
    13704       0.3356   5.38
    13705       0.3351   5.38
    13706       0.3357   5.38
    13707       0.3353   5.38
    13708       0.3344   5.38
    13709       0.3354   5.38
    13710       0.3358   5.38
    13711       0.3346   5.38
    13712       0.3351   5.38
    13713       0.3343   5.38
    13714       0.3342   5.38
    13715       0.3344   5.38
    13716       0.3350   5.38
    13717       0.3345   5.38
    13718       0.3353   5.38
    13719       0.3349   5.38
    13720       0.3343   5.38
    13721       0.3342   5.38
    13722       0.3355   5.38
    13723       0.3339   5.38
    13724       0.3348   5.38
    13725       0.3352   5.38
    13726       0.3345   5.38
    13727       0.3350   5.38
    13728       0.3348   5.38
    13729       0.3338   5.38
    13730       0.3344   5.38
    13731       0.3347   5.38
    13732       0.3337   5.38
    13733       0.3354   5.38
    13734       0.3352   5.38
    13735       0.3347   5.38
    13736       0.3349   5.38
    13737       0.3344   5.38
    13738       0.3344   5.38
    13739       0.3356   5.38
    13740       0.3349   5.38
    13741       0.3346   5.38
    13742       0.3346   5.38
    13743       0.3352   5.38
    13744       0.3337   5.38
    13745       0.3346   5.38
    13746       0.3348   5.38
    13747       0.3341   5.38
    13748       0.3340   5.38
    13749       0.3348   5.38
    13750       0.3340   5.38
    13751       0.3348   5.38
    13752       0.3346   5.38
    13753       0.3342   5.38
    13754       0.3353   5.38
    13755       0.3357   5.38
    13756       0.3358   5.38
    13757       0.3346   5.38
    13758       0.3349   5.38
    13759       0.3350   5.38
    13760       0.3344   5.38
    13761       0.3347   5.38
    13762       0.3344   5.38
    13763       0.3332   5.38
    13764       0.3347   5.38
    13765       0.3350   5.38
    13766       0.3337   5.38
    13767       0.3354   5.38
    13768       0.3345   5.38
    13769       0.3349   5.38
    13770       0.3354   5.38
    13771       0.3351   5.38
    13772       0.3353   5.38
    13773       0.3354   5.38
    13774       0.3353   5.38
    13775       0.3348   5.38
    13776       0.3353   5.38
    13777       0.3349   5.38
    13778       0.3348   5.38
    13779       0.3343   5.38
    13780       0.3344   5.38
    13781       0.3341   5.38
    13782       0.3353   5.38
    13783       0.3351   5.38
    13784       0.3348   5.39
    13785       0.3355   5.39
    13786       0.3346   5.38
    13787       0.3345   5.38
    13788       0.3341   5.38
    13789       0.3349   5.38
    13790       0.3343   5.38
    13791       0.3352   5.38
    13792       0.3347   5.38
    13793       0.3342   5.39
    13794       0.3347   5.39
    13795       0.3345   5.38
    13796       0.3348   5.38
    13797       0.3345   5.38
    13798       0.3349   5.38
    13799       0.3341   5.38
    13800       0.3356   5.38
    13801       0.3347   5.38
    13802       0.3346   5.38
    13803       0.3344   5.38
    13804       0.3344   5.38
    13805       0.3344   5.38
    13806       0.3352   5.38
    13807       0.3349   5.38
    13808       0.3343   5.39
    13809       0.3355   5.39
    13810       0.3348   5.38
    13811       0.3339   5.38
    13812       0.3344   5.38
    13813       0.3344   5.38
    13814       0.3337   5.39
    13815       0.3337   5.38
    13816       0.3349   5.38
    13817       0.3353   5.38
    13818       0.3341   5.38
    13819       0.3355   5.38
    13820       0.3344   5.38
    13821       0.3346   5.38
    13822       0.3350   5.38
    13823       0.3336   5.38
    13824       0.3339   5.38
    13825       0.3352   5.38
    13826       0.3358   5.38
    13827       0.3339   5.38
    13828       0.3351   5.38
    13829       0.3351   5.38
    13830       0.3343   5.38
    13831       0.3347   5.38
    13832       0.3353   5.38
    13833       0.3343   5.38
    13834       0.3346   5.38
    13835       0.3348   5.38
    13836       0.3337   5.38
    13837       0.3354   5.38
    13838       0.3350   5.39
    13839       0.3349   5.38
    13840       0.3355   5.38
    13841       0.3350   5.38
    13842       0.3347   5.38
    13843       0.3353   5.38
    13844       0.3354   5.39
    13845       0.3344   5.38
    13846       0.3354   5.38
    13847       0.3357   5.39
    13848       0.3352   5.38
    13849       0.3351   5.38
    13850       0.3352   5.38
    13851       0.3344   5.38
    13852       0.3352   5.38
    13853       0.3352   5.38
    13854       0.3329   5.38
    13855       0.3350   5.38
    13856       0.3345   5.38
    13857       0.3345   5.38
    13858       0.3345   5.38
    13859       0.3354   5.38
    13860       0.3358   5.38
    13861       0.3360   5.38
    13862       0.3355   5.38
    13863       0.3353   5.38
    13864       0.3350   5.38
    13865       0.3349   5.38
    13866       0.3347   5.38
    13867       0.3355   5.38
    13868       0.3352   5.38
    13869       0.3340   5.38
    13870       0.3353   5.38
    13871       0.3348   5.38
    13872       0.3351   5.38
    13873       0.3334   5.38
    13874       0.3348   5.38
    13875       0.3348   5.38
    13876       0.3333   5.39
    13877       0.3355   5.39
    13878       0.3357   5.38
    13879       0.3354   5.38
    13880       0.3356   5.38
    13881       0.3352   5.38
    13882       0.3344   5.38
    13883       0.3356   5.38
    13884       0.3345   5.38
    13885       0.3348   5.38
    13886       0.3357   5.38
    13887       0.3356   5.38
    13888       0.3341   5.38
    13889       0.3349   5.38
    13890       0.3353   5.39
    13891       0.3346   5.39
    13892       0.3349   5.39
    13893       0.3353   5.38
    13894       0.3352   5.38
    13895       0.3347   5.38
    13896       0.3353   5.38
    13897       0.3345   5.38
    13898       0.3345   5.38
    13899       0.3355   5.38
    13900       0.3340   5.38
    13901       0.3351   5.38
    13902       0.3350   5.38
    13903       0.3349   5.38
    13904       0.3354   5.38
    13905       0.3352   5.38
    13906       0.3344   5.38
    13907       0.3352   5.38
    13908       0.3352   5.38
    13909       0.3343   5.38
    13910       0.3353   5.38
    13911       0.3345   5.38
    13912       0.3353   5.38
    13913       0.3355   5.38
    13914       0.3358   5.38
    13915       0.3349   5.38
    13916       0.3348   5.38
    13917       0.3352   5.38
    13918       0.3340   5.38
    13919       0.3343   5.38
    13920       0.3352   5.38
    13921       0.3348   5.38
    13922       0.3355   5.38
    13923       0.3354   5.38
    13924       0.3348   5.38
    13925       0.3361   5.38
    13926       0.3357   5.38
    13927       0.3352   5.38
    13928       0.3346   5.37
    13929       0.3348   5.37
    13930       0.3342   5.38
    13931       0.3344   5.38
    13932       0.3352   5.38
    13933       0.3350   5.38
    13934       0.3343   5.38
    13935       0.3348   5.38
    13936       0.3343   5.38
    13937       0.3340   5.38
    13938       0.3347   5.38
    13939       0.3353   5.38
    13940       0.3347   5.38
    13941       0.3355   5.38
    13942       0.3354   5.38
    13943       0.3333   5.38
    13944       0.3351   5.38
    13945       0.3353   5.38
    13946       0.3343   5.38
    13947       0.3350   5.38
    13948       0.3346   5.38
    13949       0.3343   5.38
    13950       0.3354   5.38
    13951       0.3354   5.38
    13952       0.3346   5.38
    13953       0.3348   5.38
    13954       0.3353   5.38
    13955       0.3344   5.38
    13956       0.3352   5.38
    13957       0.3354   5.38
    13958       0.3348   5.38
    13959       0.3352   5.38
    13960       0.3351   5.38
    13961       0.3352   5.38
    13962       0.3352   5.38
    13963       0.3357   5.38
    13964       0.3341   5.38
    13965       0.3341   5.38
    13966       0.3353   5.38
    13967       0.3346   5.38
    13968       0.3347   5.38
    13969       0.3353   5.38
    13970       0.3341   5.38
    13971       0.3350   5.38
    13972       0.3352   5.38
    13973       0.3340   5.38
    13974       0.3341   5.38
    13975       0.3351   5.38
    13976       0.3348   5.38
    13977       0.3351   5.38
    13978       0.3348   5.38
    13979       0.3344   5.39
    13980       0.3357   5.39
    13981       0.3352   5.39
    13982       0.3358   5.38
    13983       0.3358   5.38
    13984       0.3356   5.39
    13985       0.3345   5.38
    13986       0.3343   5.38
    13987       0.3354   5.38
    13988       0.3350   5.38
    13989       0.3342   5.39
    13990       0.3349   5.39
    13991       0.3356   5.38
    13992       0.3348   5.38
    13993       0.3353   5.38
    13994       0.3343   5.38
    13995       0.3341   5.38
    13996       0.3347   5.38
    13997       0.3352   5.38
    13998       0.3347   5.38
    13999       0.3350   5.38
    14000       0.3350   5.38
    14001       0.3339   5.39
    14002       0.3346   5.39
    14003       0.3341   5.39
    14004       0.3343   5.38
    14005       0.3355   5.38
    14006       0.3352   5.38
    14007       0.3330   5.39
    14008       0.3352   5.39
    14009       0.3346   5.39
    14010       0.3347   5.38
    14011       0.3351   5.38
    14012       0.3348   5.38
    14013       0.3349   5.38
    14014       0.3351   5.38
    14015       0.3354   5.38
    14016       0.3338   5.38
    14017       0.3354   5.38
    14018       0.3351   5.38
    14019       0.3340   5.38
    14020       0.3345   5.38
    14021       0.3347   5.38
    14022       0.3348   5.38
    14023       0.3352   5.38
    14024       0.3351   5.38
    14025       0.3342   5.38
    14026       0.3343   5.38
    14027       0.3352   5.38
    14028       0.3345   5.38
    14029       0.3343   5.38
    14030       0.3352   5.38
    14031       0.3344   5.38
    14032       0.3348   5.38
    14033       0.3353   5.39
    14034       0.3341   5.39
    14035       0.3354   5.39
    14036       0.3351   5.39
    14037       0.3341   5.39
    14038       0.3353   5.39
    14039       0.3349   5.38
    14040       0.3351   5.38
    14041       0.3344   5.38
    14042       0.3349   5.38
    14043       0.3349   5.38
    14044       0.3353   5.38
    14045       0.3352   5.38
    14046       0.3350   5.38
    14047       0.3343   5.38
    14048       0.3344   5.38
    14049       0.3352   5.38
    14050       0.3348   5.38
    14051       0.3350   5.38
    14052       0.3355   5.38
    14053       0.3344   5.38
    14054       0.3355   5.38
    14055       0.3349   5.38
    14056       0.3333   5.38
    14057       0.3342   5.38
    14058       0.3361   5.38
    14059       0.3352   5.38
    14060       0.3355   5.38
    14061       0.3347   5.38
    14062       0.3353   5.38
    14063       0.3353   5.38
    14064       0.3356   5.38
    14065       0.3345   5.38
    14066       0.3355   5.38
    14067       0.3360   5.38
    14068       0.3341   5.38
    14069       0.3354   5.38
    14070       0.3355   5.38
    14071       0.3342   5.38
    14072       0.3354   5.38
    14073       0.3359   5.38
    14074       0.3338   5.38
    14075       0.3350   5.38
    14076       0.3349   5.39
    14077       0.3353   5.39
    14078       0.3346   5.39
    14079       0.3349   5.38
    14080       0.3346   5.38
    14081       0.3354   5.38
    14082       0.3352   5.38
    14083       0.3343   5.38
    14084       0.3356   5.38
    14085       0.3358   5.38
    14086       0.3348   5.38
    14087       0.3349   5.38
    14088       0.3351   5.38
    14089       0.3342   5.38
    14090       0.3350   5.38
    14091       0.3349   5.38
    14092       0.3340   5.38
    14093       0.3347   5.38
    14094       0.3348   5.38
    14095       0.3340   5.38
    14096       0.3358   5.38
    14097       0.3351   5.38
    14098       0.3348   5.38
    14099       0.3336   5.38
    14100       0.3348   5.38
    14101       0.3347   5.38
    14102       0.3344   5.38
    14103       0.3342   5.38
    14104       0.3348   5.38
    14105       0.3337   5.38
    14106       0.3344   5.38
    14107       0.3349   5.38
    14108       0.3341   5.38
    14109       0.3345   5.38
    14110       0.3362   5.38
    14111       0.3343   5.38
    14112       0.3346   5.38
    14113       0.3356   5.38
    14114       0.3347   5.38
    14115       0.3353   5.38
    14116       0.3347   5.38
    14117       0.3341   5.38
    14118       0.3352   5.38
    14119       0.3358   5.38
    14120       0.3343   5.38
    14121       0.3352   5.38
    14122       0.3353   5.38
    14123       0.3347   5.38
    14124       0.3350   5.38
    14125       0.3353   5.38
    14126       0.3341   5.38
    14127       0.3351   5.38
    14128       0.3354   5.38
    14129       0.3340   5.38
    14130       0.3355   5.38
    14131       0.3354   5.38
    14132       0.3348   5.38
    14133       0.3345   5.38
    14134       0.3340   5.38
    14135       0.3347   5.38
    14136       0.3347   5.38
    14137       0.3353   5.38
    14138       0.3346   5.38
    14139       0.3351   5.38
    14140       0.3357   5.38
    14141       0.3343   5.38
    14142       0.3357   5.38
    14143       0.3348   5.38
    14144       0.3352   5.38
    14145       0.3350   5.38
    14146       0.3356   5.38
    14147       0.3343   5.38
    14148       0.3349   5.38
    14149       0.3354   5.38
    14150       0.3338   5.38
    14151       0.3347   5.38
    14152       0.3349   5.38
    14153       0.3339   5.38
    14154       0.3354   5.38
    14155       0.3350   5.38
    14156       0.3354   5.38
    14157       0.3338   5.38
    14158       0.3346   5.38
    14159       0.3346   5.38
    14160       0.3334   5.38
    14161       0.3343   5.38
    14162       0.3354   5.38
    14163       0.3339   5.38
    14164       0.3355   5.38
    14165       0.3344   5.38
    14166       0.3346   5.38
    14167       0.3345   5.38
    14168       0.3343   5.38
    14169       0.3335   5.38
    14170       0.3348   5.38
    14171       0.3348   5.38
    14172       0.3347   5.38
    14173       0.3351   5.38
    14174       0.3344   5.38
    14175       0.3344   5.38
    14176       0.3351   5.38
    14177       0.3342   5.38
    14178       0.3344   5.38
    14179       0.3351   5.38
    14180       0.3348   5.38
    14181       0.3344   5.38
    14182       0.3348   5.38
    14183       0.3340   5.38
    14184       0.3343   5.38
    14185       0.3346   5.38
    14186       0.3344   5.38
    14187       0.3336   5.38
    14188       0.3346   5.38
    14189       0.3345   5.38
    14190       0.3346   5.38
    14191       0.3351   5.38
    14192       0.3349   5.38
    14193       0.3341   5.38
    14194       0.3352   5.38
    14195       0.3350   5.38
    14196       0.3345   5.38
    14197       0.3350   5.38
    14198       0.3349   5.38
    14199       0.3338   5.38
    14200       0.3344   5.38
    14201       0.3353   5.38
    14202       0.3346   5.38
    14203       0.3347   5.38
    14204       0.3363   5.38
    14205       0.3334   5.38
    14206       0.3347   5.38
    14207       0.3349   5.38
    14208       0.3350   5.38
    14209       0.3355   5.38
    14210       0.3349   5.38
    14211       0.3339   5.38
    14212       0.3349   5.38
    14213       0.3352   5.38
    14214       0.3351   5.38
    14215       0.3352   5.38
    14216       0.3349   5.38
    14217       0.3352   5.38
    14218       0.3344   5.38
    14219       0.3349   5.38
    14220       0.3339   5.38
    14221       0.3347   5.38
    14222       0.3351   5.38
    14223       0.3345   5.38
    14224       0.3343   5.38
    14225       0.3353   5.38
    14226       0.3351   5.38
    14227       0.3343   5.38
    14228       0.3348   5.38
    14229       0.3357   5.38
    14230       0.3341   5.38
    14231       0.3351   5.38
    14232       0.3352   5.38
    14233       0.3343   5.38
    14234       0.3354   5.38
    14235       0.3351   5.38
    14236       0.3335   5.38
    14237       0.3345   5.38
    14238       0.3348   5.38
    14239       0.3345   5.38
    14240       0.3355   5.38
    14241       0.3352   5.38
    14242       0.3347   5.38
    14243       0.3349   5.38
    14244       0.3350   5.38
    14245       0.3339   5.38
    14246       0.3350   5.38
    14247       0.3353   5.38
    14248       0.3358   5.39
    14249       0.3349   5.39
    14250       0.3348   5.38
    14251       0.3351   5.38
    14252       0.3357   5.38
    14253       0.3360   5.38
    14254       0.3342   5.38
    14255       0.3359   5.38
    14256       0.3352   5.38
    14257       0.3351   5.38
    14258       0.3347   5.38
    14259       0.3351   5.38
    14260       0.3344   5.38
    14261       0.3358   5.38
    14262       0.3360   5.38
    14263       0.3350   5.38
    14264       0.3355   5.38
    14265       0.3356   5.38
    14266       0.3351   5.38
    14267       0.3355   5.38
    14268       0.3350   5.38
    14269       0.3348   5.38
    14270       0.3357   5.38
    14271       0.3354   5.38
    14272       0.3344   5.38
    14273       0.3346   5.38
    14274       0.3353   5.38
    14275       0.3351   5.38
    14276       0.3341   5.38
    14277       0.3352   5.38
    14278       0.3348   5.38
    14279       0.3343   5.38
    14280       0.3353   5.38
    14281       0.3350   5.38
    14282       0.3350   5.38
    14283       0.3347   5.38
    14284       0.3352   5.38
    14285       0.3347   5.38
    14286       0.3353   5.38
    14287       0.3359   5.38
    14288       0.3352   5.38
    14289       0.3354   5.38
    14290       0.3356   5.38
    14291       0.3351   5.38
    14292       0.3358   5.38
    14293       0.3359   5.38
    14294       0.3350   5.38
    14295       0.3356   5.38
    14296       0.3356   5.38
    14297       0.3351   5.38
    14298       0.3355   5.38
    14299       0.3356   5.38
    14300       0.3345   5.38
    14301       0.3370   5.38
    14302       0.3355   5.38
    14303       0.3346   5.38
    14304       0.3354   5.38
    14305       0.3348   5.38
    14306       0.3350   5.38
    14307       0.3351   5.38
    14308       0.3359   5.38
    14309       0.3350   5.38
    14310       0.3350   5.38
    14311       0.3359   5.38
    14312       0.3351   5.38
    14313       0.3360   5.38
    14314       0.3358   5.38
    14315       0.3342   5.38
    14316       0.3360   5.38
    14317       0.3358   5.38
    14318       0.3350   5.38
    14319       0.3356   5.38
    14320       0.3349   5.38
    14321       0.3345   5.38
    14322       0.3353   5.38
    14323       0.3359   5.38
    14324       0.3364   5.38
    14325       0.3354   5.38
    14326       0.3360   5.38
    14327       0.3352   5.38
    14328       0.3342   5.38
    14329       0.3351   5.38
    14330       0.3356   5.38
    14331       0.3348   5.38
    14332       0.3354   5.38
    14333       0.3353   5.38
    14334       0.3346   5.37
    14335       0.3358   5.37
    14336       0.3357   5.38
    14337       0.3341   5.38
    14338       0.3346   5.38
    14339       0.3350   5.38
    14340       0.3348   5.38
    14341       0.3355   5.38
    14342       0.3351   5.38
    14343       0.3346   5.38
    14344       0.3351   5.38
    14345       0.3352   5.38
    14346       0.3348   5.38
    14347       0.3351   5.38
    14348       0.3359   5.38
    14349       0.3351   5.38
    14350       0.3354   5.38
    14351       0.3357   5.38
    14352       0.3345   5.38
    14353       0.3355   5.38
    14354       0.3348   5.38
    14355       0.3346   5.38
    14356       0.3353   5.38
    14357       0.3352   5.38
    14358       0.3348   5.38
    14359       0.3357   5.38
    14360       0.3357   5.38
    14361       0.3353   5.38
    14362       0.3355   5.38
    14363       0.3354   5.38
    14364       0.3349   5.38
    14365       0.3345   5.38
    14366       0.3354   5.38
    14367       0.3351   5.38
    14368       0.3353   5.38
    14369       0.3350   5.38
    14370       0.3352   5.38
    14371       0.3352   5.38
    14372       0.3356   5.38
    14373       0.3339   5.38
    14374       0.3348   5.38
    14375       0.3354   5.38
    14376       0.3351   5.38
    14377       0.3346   5.38
    14378       0.3346   5.38
    14379       0.3343   5.38
    14380       0.3348   5.38
    14381       0.3354   5.38
    14382       0.3354   5.38
    14383       0.3357   5.38
    14384       0.3361   5.38
    14385       0.3361   5.38
    14386       0.3353   5.38
    14387       0.3347   5.38
    14388       0.3349   5.38
    14389       0.3350   5.38
    14390       0.3356   5.38
    14391       0.3357   5.38
    14392       0.3353   5.38
    14393       0.3349   5.38
    14394       0.3334   5.38
    14395       0.3347   5.38
    14396       0.3356   5.38
    14397       0.3352   5.38
    14398       0.3347   5.38
    14399       0.3357   5.38
    14400       0.3363   5.38
    14401       0.3360   5.38
    14402       0.3353   5.38
    14403       0.3359   5.38
    14404       0.3357   5.38
    14405       0.3353   5.38
    14406       0.3353   5.38
    14407       0.3351   5.38
    14408       0.3356   5.38
    14409       0.3356   5.38
    14410       0.3354   5.38
    14411       0.3363   5.38
    14412       0.3362   5.38
    14413       0.3348   5.38
    14414       0.3352   5.38
    14415       0.3354   5.38
    14416       0.3350   5.38
    14417       0.3357   5.38
    14418       0.3360   5.38
    14419       0.3349   5.38
    14420       0.3356   5.38
    14421       0.3358   5.38
    14422       0.3352   5.38
    14423       0.3353   5.38
    14424       0.3353   5.38
    14425       0.3351   5.38
    14426       0.3350   5.38
    14427       0.3355   5.38
    14428       0.3358   5.38
    14429       0.3359   5.38
    14430       0.3355   5.38
    14431       0.3358   5.38
    14432       0.3347   5.38
    14433       0.3357   5.38
    14434       0.3357   5.38
    14435       0.3353   5.38
    14436       0.3354   5.38
    14437       0.3354   5.38
    14438       0.3352   5.38
    14439       0.3356   5.38
    14440       0.3357   5.38
    14441       0.3348   5.38
    14442       0.3356   5.38
    14443       0.3352   5.38
    14444       0.3348   5.38
    14445       0.3358   5.38
    14446       0.3357   5.38
    14447       0.3345   5.38
    14448       0.3352   5.38
    14449       0.3352   5.38
    14450       0.3346   5.38
    14451       0.3352   5.38
    14452       0.3352   5.38
    14453       0.3350   5.38
    14454       0.3349   5.38
    14455       0.3351   5.38
    14456       0.3348   5.38
    14457       0.3356   5.38
    14458       0.3354   5.38
    14459       0.3348   5.38
    14460       0.3351   5.38
    14461       0.3350   5.38
    14462       0.3339   5.38
    14463       0.3346   5.38
    14464       0.3352   5.38
    14465       0.3346   5.38
    14466       0.3360   5.38
    14467       0.3351   5.38
    14468       0.3343   5.38
    14469       0.3349   5.38
    14470       0.3347   5.38
    14471       0.3348   5.38
    14472       0.3354   5.38
    14473       0.3357   5.38
    14474       0.3348   5.38
    14475       0.3346   5.38
    14476       0.3356   5.38
    14477       0.3354   5.38
    14478       0.3350   5.38
    14479       0.3357   5.38
    14480       0.3359   5.38
    14481       0.3342   5.38
    14482       0.3349   5.38
    14483       0.3348   5.38
    14484       0.3342   5.38
    14485       0.3349   5.38
    14486       0.3349   5.38
    14487       0.3342   5.38
    14488       0.3349   5.38
    14489       0.3344   5.38
    14490       0.3337   5.38
    14491       0.3379   5.38
    14492       0.3354   5.38
    14493       0.3348   5.38
    14494       0.3346   5.38
    14495       0.3353   5.38
    14496       0.3345   5.38
    14497       0.3349   5.38
    14498       0.3352   5.38
    14499       0.3345   5.37
    14500       0.3342   5.37
    14501       0.3357   5.38
    14502       0.3346   5.38
    14503       0.3349   5.38
    14504       0.3350   5.38
    14505       0.3341   5.38
    14506       0.3448   5.38
    14507       0.3345   5.38
    14508       0.3342   5.38
    14509       0.3351   5.38
    14510       0.3350   5.38
    14511       0.3347   5.38
    14512       0.3349   5.38
    14513       0.3354   5.38
    14514       0.3341   5.38
    14515       0.3351   5.38
    14516       0.3351   5.38
    14517       0.3348   5.38
    14518       0.3352   5.38
    14519       0.3356   5.38
    14520       0.3351   5.38
    14521       0.3354   5.38
    14522       0.3353   5.38
    14523       0.3340   5.38
    14524       0.3344   5.38
    14525       0.3353   5.38
    14526       0.3341   5.38
    14527       0.3346   5.38
    14528       0.3352   5.38
    14529       0.3349   5.38
    14530       0.3347   5.38
    14531       0.3350   5.38
    14532       0.3357   5.38
    14533       0.3341   5.38
    14534       0.3354   5.38
    14535       0.3354   5.38
    14536       0.3351   5.38
    14537       0.3350   5.38
    14538       0.3348   5.38
    14539       0.3342   5.38
    14540       0.3352   5.38
    14541       0.3350   5.38
    14542       0.3346   5.38
    14543       0.3353   5.38
    14544       0.3352   5.38
    14545       0.3335   5.38
    14546       0.3351   5.38
    14547       0.3349   5.38
    14548       0.3337   5.38
    14549       0.3359   5.38
    14550       0.3353   5.38
    14551       0.3348   5.38
    14552       0.3352   5.38
    14553       0.3340   5.38
    14554       0.3348   5.37
    14555       0.3348   5.37
    14556       0.3341   5.38
    14557       0.3343   5.38
    14558       0.3340   5.38
    14559       0.3349   5.38
    14560       0.3347   5.38
    14561       0.3347   5.38
    14562       0.3353   5.38
    14563       0.3350   5.38
    14564       0.3352   5.38
    14565       0.3345   5.38
    14566       0.3337   5.38
    14567       0.3342   5.38
    14568       0.3354   5.38
    14569       0.3343   5.38
    14570       0.3349   5.38
    14571       0.3354   5.38
    14572       0.3349   5.38
    14573       0.3358   5.38
    14574       0.3357   5.38
    14575       0.3346   5.38
    14576       0.3347   5.38
    14577       0.3353   5.37
    14578       0.3350   5.38
    14579       0.3354   5.38
    14580       0.3352   5.38
    14581       0.3339   5.38
    14582       0.3362   5.38
    14583       0.3353   5.38
    14584       0.3353   5.38
    14585       0.3337   5.38
    14586       0.3344   5.38
    14587       0.3349   5.38
    14588       0.3343   5.38
    14589       0.3356   5.38
    14590       0.3349   5.38
    14591       0.3347   5.38
    14592       0.3357   5.38
    14593       0.3357   5.38
    14594       0.3347   5.38
    14595       0.3355   5.38
    14596       0.3358   5.38
    14597       0.3351   5.38
    14598       0.3349   5.38
    14599       0.3353   5.38
    14600       0.3350   5.38
    14601       0.3359   5.38
    14602       0.3349   5.38
    14603       0.3343   5.38
    14604       0.3356   5.38
    14605       0.3348   5.38
    14606       0.3344   5.38
    14607       0.3347   5.38
    14608       0.3355   5.38
    14609       0.3350   5.38
    14610       0.3356   5.38
    14611       0.3355   5.38
    14612       0.3349   5.38
    14613       0.3353   5.38
    14614       0.3352   5.38
    14615       0.3351   5.38
    14616       0.3352   5.38
    14617       0.3348   5.38
    14618       0.3347   5.38
    14619       0.3344   5.38
    14620       0.3346   5.38
    14621       0.3351   5.38
    14622       0.3348   5.38
    14623       0.3348   5.38
    14624       0.3341   5.38
    14625       0.3348   5.38
    14626       0.3352   5.38
    14627       0.3348   5.38
    14628       0.3355   5.38
    14629       0.3354   5.38
    14630       0.3335   5.38
    14631       0.3348   5.38
    14632       0.3348   5.38
    14633       0.3338   5.38
    14634       0.3350   5.38
    14635       0.3361   5.38
    14636       0.3346   5.38
    14637       0.3350   5.38
    14638       0.3351   5.38
    14639       0.3358   5.38
    14640       0.3346   5.38
    14641       0.3357   5.38
    14642       0.3351   5.38
    14643       0.3349   5.38
    14644       0.3353   5.38
    14645       0.3357   5.38
    14646       0.3345   5.38
    14647       0.3345   5.38
    14648       0.3352   5.38
    14649       0.3350   5.38
    14650       0.3356   5.38
    14651       0.3355   5.38
    14652       0.3345   5.38
    14653       0.3350   5.38
    14654       0.3358   5.38
    14655       0.3342   5.38
    14656       0.3351   5.38
    14657       0.3353   5.38
    14658       0.3350   5.38
    14659       0.3345   5.38
    14660       0.3354   5.38
    14661       0.3343   5.38
    14662       0.3351   5.38
    14663       0.3354   5.38
    14664       0.3345   5.38
    14665       0.3356   5.38
    14666       0.3350   5.38
    14667       0.3352   5.38
    14668       0.3354   5.38
    14669       0.3342   5.38
    14670       0.3348   5.38
    14671       0.3348   5.38
    14672       0.3354   5.38
    14673       0.3344   5.38
    14674       0.3345   5.38
    14675       0.3361   5.38
    14676       0.3340   5.38
    14677       0.3346   5.38
    14678       0.3355   5.38
    14679       0.3351   5.38
    14680       0.3357   5.38
    14681       0.3354   5.38
    14682       0.3345   5.38
    14683       0.3354   5.38
    14684       0.3351   5.38
    14685       0.3345   5.38
    14686       0.3357   5.38
    14687       0.3352   5.38
    14688       0.3349   5.38
    14689       0.3360   5.38
    14690       0.3349   5.38
    14691       0.3356   5.38
    14692       0.3346   5.38
    14693       0.3348   5.38
    14694       0.3345   5.38
    14695       0.3346   5.38
    14696       0.3355   5.38
    14697       0.3354   5.38
    14698       0.3352   5.38
    14699       0.3353   5.38
    14700       0.3356   5.38
    14701       0.3345   5.38
    14702       0.3349   5.38
    14703       0.3361   5.38
    14704       0.3341   5.38
    14705       0.3353   5.38
    14706       0.3353   5.38
    14707       0.3347   5.38
    14708       0.3350   5.38
    14709       0.3355   5.38
    14710       0.3344   5.38
    14711       0.3354   5.38
    14712       0.3354   5.38
    14713       0.3342   5.38
    14714       0.3352   5.38
    14715       0.3342   5.38
    14716       0.3348   5.38
    14717       0.3346   5.38
    14718       0.3350   5.38
    14719       0.3346   5.38
    14720       0.3350   5.38
    14721       0.3351   5.38
    14722       0.3344   5.38
    14723       0.3351   5.38
    14724       0.3356   5.38
    14725       0.3343   5.38
    14726       0.3354   5.38
    14727       0.3350   5.38
    14728       0.3337   5.38
    14729       0.3353   5.38
    14730       0.3348   5.38
    14731       0.3353   5.38
    14732       0.3354   5.38
    14733       0.3353   5.38
    14734       0.3339   5.38
    14735       0.3354   5.38
    14736       0.3354   5.38
    14737       0.3346   5.38
    14738       0.3355   5.38
    14739       0.3349   5.38
    14740       0.3344   5.38
    14741       0.3351   5.38
    14742       0.3347   5.38
    14743       0.3342   5.38
    14744       0.3357   5.38
    14745       0.3355   5.38
    14746       0.3348   5.38
    14747       0.3340   5.38
    14748       0.3350   5.38
    14749       0.3350   5.38
    14750       0.3340   5.38
    14751       0.3357   5.38
    14752       0.3362   5.38
    14753       0.3348   5.38
    14754       0.3351   5.38
    14755       0.3354   5.38
    14756       0.3335   5.38
    14757       0.3352   5.38
    14758       0.3349   5.38
    14759       0.3338   5.38
    14760       0.3344   5.38
    14761       0.3340   5.39
    14762       0.3336   5.39
    14763       0.3355   5.39
    14764       0.3351   5.38
    14765       0.3342   5.38
    14766       0.3347   5.38
    14767       0.3341   5.38
    14768       0.3331   5.38
    14769       0.3352   5.38
    14770       0.3353   5.38
    14771       0.3341   5.38
    14772       0.3355   5.38
    14773       0.3356   5.38
    14774       0.3347   5.38
    14775       0.3349   5.38
    14776       0.3352   5.38
    14777       0.3344   5.38
    14778       0.3344   5.38
    14779       0.3353   5.38
    14780       0.3338   5.38
    14781       0.3352   5.38
    14782       0.3339   5.38
    14783       0.3341   5.38
    14784       0.3350   5.38
    14785       0.3345   5.38
    14786       0.3340   5.38
    14787       0.3354   5.38
    14788       0.3355   5.38
    14789       0.3347   5.38
    14790       0.3352   5.38
    14791       0.3351   5.38
    14792       0.3335   5.38
    14793       0.3346   5.38
    14794       0.3349   5.38
    14795       0.3340   5.38
    14796       0.3346   5.38
    14797       0.3350   5.38
    14798       0.3343   5.38
    14799       0.3359   5.38
    14800       0.3357   5.39
    14801       0.3344   5.38
    14802       0.3351   5.38
    14803       0.3352   5.38
    14804       0.3354   5.38
    14805       0.3345   5.38
    14806       0.3349   5.38
    14807       0.3345   5.38
    14808       0.3343   5.38
    14809       0.3349   5.38
    14810       0.3348   5.38
    14811       0.3346   5.38
    14812       0.3350   5.38
    14813       0.3351   5.39
    14814       0.3337   5.38
    14815       0.3356   5.38
    14816       0.3347   5.38
    14817       0.3344   5.38
    14818       0.3350   5.38
    14819       0.3349   5.38
    14820       0.3348   5.38
    14821       0.3355   5.38
    14822       0.3356   5.38
    14823       0.3354   5.38
    14824       0.3357   5.38
    14825       0.3352   5.38
    14826       0.3343   5.38
    14827       0.3349   5.38
    14828       0.3351   5.38
    14829       0.3348   5.38
    14830       0.3451   5.38
    14831       0.3351   5.38
    14832       0.3342   5.38
    14833       0.3354   5.38
    14834       0.3352   5.38
    14835       0.3348   5.38
    14836       0.3366   5.38
    14837       0.3364   5.38
    14838       0.3341   5.38
    14839       0.3360   5.38
    14840       0.3353   5.38
    14841       0.3342   5.38
    14842       0.3353   5.38
    14843       0.3356   5.38
    14844       0.3346   5.38
    14845       0.3356   5.38
    14846       0.3353   5.38
    14847       0.3346   5.38
    14848       0.3358   5.38
    14849       0.3349   5.38
    14850       0.3346   5.38
    14851       0.3357   5.38
    14852       0.3356   5.38
    14853       0.3352   5.38
    14854       0.3348   5.38
    14855       0.3355   5.38
    14856       0.3351   5.38
    14857       0.3342   5.38
    14858       0.3356   5.38
    14859       0.3352   5.38
    14860       0.3344   5.38
    14861       0.3357   5.38
    14862       0.3351   5.38
    14863       0.3345   5.38
    14864       0.3354   5.38
    14865       0.3355   5.38
    14866       0.3351   5.38
    14867       0.3355   5.38
    14868       0.3357   5.38
    14869       0.3344   5.38
    14870       0.3350   5.38
    14871       0.3354   5.38
    14872       0.3338   5.38
    14873       0.3353   5.38
    14874       0.3359   5.38
    14875       0.3343   5.38
    14876       0.3360   5.38
    14877       0.3365   5.38
    14878       0.3347   5.38
    14879       0.3358   5.38
    14880       0.3356   5.38
    14881       0.3344   5.38
    14882       0.3361   5.38
    14883       0.3351   5.38
    14884       0.3350   5.38
    14885       0.3358   5.38
    14886       0.3363   5.38
    14887       0.3347   5.38
    14888       0.3354   5.38
    14889       0.3353   5.38
    14890       0.3342   5.38
    14891       0.3358   5.38
    14892       0.3359   5.38
    14893       0.3343   5.38
    14894       0.3360   5.38
    14895       0.3358   5.38
    14896       0.3345   5.38
    14897       0.3357   5.38
    14898       0.3353   5.38
    14899       0.3348   5.38
    14900       0.3353   5.38
    14901       0.3353   5.38
    14902       0.3349   5.38
    14903       0.3348   5.38
    14904       0.3348   5.38
    14905       0.3355   5.38
    14906       0.3346   5.38
    14907       0.3353   5.38
    14908       0.3347   5.38
    14909       0.3338   5.38
    14910       0.3354   5.38
    14911       0.3350   5.38
    14912       0.3342   5.38
    14913       0.3353   5.38
    14914       0.3353   5.38
    14915       0.3354   5.38
    14916       0.3356   5.38
    14917       0.3357   5.38
    14918       0.3343   5.38
    14919       0.3353   5.38
    14920       0.3350   5.38
    14921       0.3341   5.38
    14922       0.3361   5.38
    14923       0.3361   5.38
    14924       0.3340   5.38
    14925       0.3352   5.38
    14926       0.3347   5.38
    14927       0.3346   5.38
    14928       0.3357   5.38
    14929       0.3351   5.38
    14930       0.3346   5.38
    14931       0.3352   5.38
    14932       0.3347   5.38
    14933       0.3351   5.38
    14934       0.3354   5.38
    14935       0.3349   5.38
    14936       0.3343   5.38
    14937       0.3352   5.38
    14938       0.3351   5.38
    14939       0.3347   5.38
    14940       0.3348   5.38
    14941       0.3354   5.38
    14942       0.3349   5.38
    14943       0.3355   5.38
    14944       0.3350   5.38
    14945       0.3344   5.38
    14946       0.3351   5.38
    14947       0.3354   5.38
    14948       0.3337   5.38
    14949       0.3355   5.38
    14950       0.3353   5.38
    14951       0.3345   5.38
    14952       0.3344   5.38
    14953       0.3351   5.38
    14954       0.3346   5.38
    14955       0.3345   5.38
    14956       0.3353   5.38
    14957       0.3344   5.38
    14958       0.3359   5.38
    14959       0.3360   5.38
    14960       0.3358   5.38
    14961       0.3346   5.38
    14962       0.3350   5.38
    14963       0.3348   5.38
    14964       0.3342   5.38
    14965       0.3353   5.38
    14966       0.3355   5.38
    14967       0.3341   5.38
    14968       0.3354   5.38
    14969       0.3355   5.38
    14970       0.3348   5.38
    14971       0.3354   5.38
    14972       0.3362   5.38
    14973       0.3344   5.38
    14974       0.3349   5.38
    14975       0.3348   5.38
    14976       0.3353   5.38
    14977       0.3354   5.38
    14978       0.3351   5.38
    14979       0.3352   5.38
    14980       0.3352   5.38
    14981       0.3350   5.38
    14982       0.3347   5.38
    14983       0.3350   5.38
    14984       0.3357   5.38
    14985       0.3352   5.38
    14986       0.3354   5.38
    14987       0.3349   5.38
    14988       0.3344   5.38
    14989       0.3351   5.38
    14990       0.3347   5.38
    14991       0.3341   5.38
    14992       0.3353   5.38
    14993       0.3355   5.38
    14994       0.3345   5.38
    14995       0.3353   5.38
    14996       0.3352   5.38
    14997       0.3347   5.38
    14998       0.3351   5.38
    14999       0.3348   5.38
    15000       0.3340   5.38
    15001       0.3354   5.38
    15002       0.3345   5.38
    15003       0.3340   5.38
    15004       0.3354   5.38
    15005       0.3351   5.38
    15006       0.3358   5.38
    15007       0.3354   5.38
    15008       0.3352   5.38
    15009       0.3344   5.38
    15010       0.3346   5.38
    15011       0.3345   5.38
    15012       0.3337   5.38
    15013       0.3356   5.38
    15014       0.3350   5.38
    15015       0.3348   5.38
    15016       0.3343   5.38
    15017       0.3351   5.38
    15018       0.3351   5.38
    15019       0.3351   5.38
    15020       0.3350   5.38
    15021       0.3351   5.38
    15022       0.3345   5.38
    15023       0.3357   5.38
    15024       0.3349   5.38
    15025       0.3351   5.38
    15026       0.3349   5.38
    15027       0.3358   5.38
    15028       0.3349   5.38
    15029       0.3358   5.38
    15030       0.3357   5.38
    15031       0.3342   5.38
    15032       0.3353   5.38
    15033       0.3347   5.38
    15034       0.3354   5.38
    15035       0.3349   5.38
    15036       0.3355   5.38
    15037       0.3344   5.38
    15038       0.3349   5.38
    15039       0.3347   5.38
    15040       0.3342   5.38
    15041       0.3361   5.38
    15042       0.3348   5.38
    15043       0.3341   5.38
    15044       0.3345   5.38
    15045       0.3345   5.38
    15046       0.3348   5.38
    15047       0.3352   5.38
    15048       0.3351   5.38
    15049       0.3350   5.38
    15050       0.3353   5.38
    15051       0.3354   5.38
    15052       0.3339   5.38
    15053       0.3346   5.38
    15054       0.3354   5.38
    15055       0.3346   5.38
    15056       0.3343   5.38
    15057       0.3353   5.38
    15058       0.3354   5.38
    15059       0.3356   5.38
    15060       0.3345   5.38
    15061       0.3340   5.38
    15062       0.3361   5.38
    15063       0.3354   5.38
    15064       0.3353   5.38
    15065       0.3357   5.38
    15066       0.3354   5.38
    15067       0.3350   5.38
    15068       0.3353   5.38
    15069       0.3353   5.38
    15070       0.3353   5.38
    15071       0.3343   5.38
    15072       0.3353   5.38
    15073       0.3352   5.38
    15074       0.3343   5.38
    15075       0.3352   5.38
    15076       0.3352   5.38
    15077       0.3343   5.38
    15078       0.3354   5.38
    15079       0.3349   5.38
    15080       0.3350   5.38
    15081       0.3360   5.38
    15082       0.3354   5.38
    15083       0.3352   5.38
    15084       0.3350   5.38
    15085       0.3350   5.38
    15086       0.3344   5.38
    15087       0.3350   5.38
    15088       0.3353   5.38
    15089       0.3347   5.38
    15090       0.3354   5.38
    15091       0.3354   5.38
    15092       0.3349   5.38
    15093       0.3350   5.38
    15094       0.3351   5.38
    15095       0.3354   5.38
    15096       0.3362   5.38
    15097       0.3361   5.38
    15098       0.3353   5.38
    15099       0.3357   5.38
    15100       0.3356   5.38
    15101       0.3342   5.38
    15102       0.3366   5.38
    15103       0.3362   5.38
    15104       0.3345   5.38
    15105       0.3353   5.38
    15106       0.3346   5.38
    15107       0.3345   5.38
    15108       0.3355   5.38
    15109       0.3353   5.38
    15110       0.3344   5.38
    15111       0.3348   5.38
    15112       0.3348   5.38
    15113       0.3340   5.38
    15114       0.3352   5.38
    15115       0.3353   5.38
    15116       0.3344   5.38
    15117       0.3349   5.38
    15118       0.3352   5.38
    15119       0.3352   5.38
    15120       0.3350   5.38
    15121       0.3353   5.38
    15122       0.3351   5.38
    15123       0.3344   5.38
    15124       0.3349   5.38
    15125       0.3450   5.38
    15126       0.3343   5.38
    15127       0.3356   5.38
    15128       0.3352   5.38
    15129       0.3341   5.38
    15130       0.3347   5.38
    15131       0.3358   5.38
    15132       0.3348   5.38
    15133       0.3360   5.38
    15134       0.3357   5.38
    15135       0.3345   5.38
    15136       0.3356   5.38
    15137       0.3358   5.38
    15138       0.3354   5.38
    15139       0.3356   5.38
    15140       0.3360   5.38
    15141       0.3339   5.38
    15142       0.3350   5.38
    15143       0.3357   5.38
    15144       0.3337   5.38
    15145       0.3352   5.38
    15146       0.3349   5.38
    15147       0.3340   5.38
    15148       0.3360   5.38
    15149       0.3359   5.38
    15150       0.3347   5.38
    15151       0.3356   5.38
    15152       0.3347   5.38
    15153       0.3339   5.38
    15154       0.3348   5.38
    15155       0.3371   5.38
    15156       0.3340   5.38
    15157       0.3346   5.38
    15158       0.3350   5.38
    15159       0.3345   5.38
    15160       0.3354   5.38
    15161       0.3355   5.38
    15162       0.3344   5.38
    15163       0.3351   5.38
    15164       0.3350   5.38
    15165       0.3342   5.38
    15166       0.3358   5.38
    15167       0.3355   5.38
    15168       0.3343   5.38
    15169       0.3343   5.38
    15170       0.3351   5.38
    15171       0.3356   5.38
    15172       0.3339   5.38
    15173       0.3346   5.38
    15174       0.3342   5.38
    15175       0.3343   5.38
    15176       0.3352   5.38
    15177       0.3349   5.38
    15178       0.3345   5.38
    15179       0.3350   5.38
    15180       0.3345   5.38
    15181       0.3341   5.38
    15182       0.3347   5.38
    15183       0.3345   5.38
    15184       0.3338   5.38
    15185       0.3353   5.38
    15186       0.3347   5.38
    15187       0.3340   5.38
    15188       0.3347   5.38
    15189       0.3350   5.38
    15190       0.3346   5.38
    15191       0.3354   5.38
    15192       0.3351   5.38
    15193       0.3348   5.38
    15194       0.3355   5.38
    15195       0.3347   5.38
    15196       0.3335   5.38
    15197       0.3354   5.38
    15198       0.3354   5.38
    15199       0.3344   5.38
    15200       0.3355   5.38
    15201       0.3354   5.38
    15202       0.3345   5.38
    15203       0.3356   5.38
    15204       0.3356   5.38
    15205       0.3342   5.38
    15206       0.3346   5.38
    15207       0.3348   5.38
    15208       0.3348   5.38
    15209       0.3349   5.38
    15210       0.3347   5.38
    15211       0.3345   5.38
    15212       0.3349   5.38
    15213       0.3354   5.38
    15214       0.3340   5.38
    15215       0.3354   5.38
    15216       0.3348   5.38
    15217       0.3337   5.38
    15218       0.3352   5.38
    15219       0.3356   5.38
    15220       0.3355   5.38
    15221       0.3363   5.38
    15222       0.3361   5.38
    15223       0.3337   5.38
    15224       0.3353   5.38
    15225       0.3354   5.38
    15226       0.3336   5.37
    15227       0.3356   5.37
    15228       0.3352   5.38
    15229       0.3349   5.38
    15230       0.3344   5.38
    15231       0.3355   5.38
    15232       0.3342   5.38
    15233       0.3357   5.38
    15234       0.3353   5.38
    15235       0.3347   5.38
    15236       0.3346   5.38
    15237       0.3354   5.38
    15238       0.3351   5.38
    15239       0.3344   5.38
    15240       0.3351   5.38
    15241       0.3357   5.38
    15242       0.3335   5.38
    15243       0.3355   5.38
    15244       0.3354   5.38
    15245       0.3353   5.38
    15246       0.3355   5.38
    15247       0.3347   5.38
    15248       0.3336   5.38
    15249       0.3357   5.38
    15250       0.3348   5.38
    15251       0.3338   5.38
    15252       0.3353   5.38
    15253       0.3351   5.38
    15254       0.3338   5.38
    15255       0.3348   5.38
    15256       0.3346   5.38
    15257       0.3335   5.38
    15258       0.3349   5.38
    15259       0.3350   5.38
    15260       0.3348   5.38
    15261       0.3352   5.38
    15262       0.3343   5.38
    15263       0.3337   5.38
    15264       0.3349   5.38
    15265       0.3349   5.38
    15266       0.3346   5.38
    15267       0.3343   5.38
    15268       0.3343   5.38
    15269       0.3347   5.38
    15270       0.3347   5.38
    15271       0.3347   5.38
    15272       0.3343   5.38
    15273       0.3354   5.38
    15274       0.3355   5.38
    15275       0.3343   5.38
    15276       0.3346   5.38
    15277       0.3350   5.38
    15278       0.3343   5.38
    15279       0.3352   5.38
    15280       0.3357   5.38
    15281       0.3355   5.38
    15282       0.3351   5.38
    15283       0.3349   5.38
    15284       0.3341   5.38
    15285       0.3350   5.38
    15286       0.3348   5.38
    15287       0.3349   5.38
    15288       0.3338   5.38
    15289       0.3338   5.38
    15290       0.3347   5.38
    15291       0.3337   5.38
    15292       0.3348   5.38
    15293       0.3350   5.38
    15294       0.3345   5.38
    15295       0.3351   5.38
    15296       0.3358   5.38
    15297       0.3347   5.38
    15298       0.3350   5.38
    15299       0.3347   5.38
    15300       0.3343   5.38
    15301       0.3352   5.38
    15302       0.3349   5.38
    15303       0.3334   5.38
    15304       0.3354   5.38
    15305       0.3357   5.38
    15306       0.3348   5.38
    15307       0.3352   5.38
    15308       0.3351   5.38
    15309       0.3345   5.38
    15310       0.3348   5.38
    15311       0.3346   5.38
    15312       0.3335   5.38
    15313       0.3353   5.38
    15314       0.3352   5.38
    15315       0.3336   5.38
    15316       0.3356   5.38
    15317       0.3353   5.38
    15318       0.3350   5.38
    15319       0.3354   5.38
    15320       0.3362   5.38
    15321       0.3349   5.38
    15322       0.3356   5.38
    15323       0.3351   5.38
    15324       0.3348   5.38
    15325       0.3351   5.38
    15326       0.3354   5.38
    15327       0.3346   5.38
    15328       0.3353   5.38
    15329       0.3350   5.38
    15330       0.3354   5.38
    15331       0.3356   5.38
    15332       0.3353   5.38
    15333       0.3346   5.37
    15334       0.3345   5.37
    15335       0.3350   5.38
    15336       0.3334   5.38
    15337       0.3353   5.38
    15338       0.3343   5.38
    15339       0.3347   5.38
    15340       0.3350   5.38
    15341       0.3352   5.38
    15342       0.3347   5.38
    15343       0.3339   5.38
    15344       0.3357   5.38
    15345       0.3355   5.38
    15346       0.3347   5.38
    15347       0.3348   5.38
    15348       0.3348   5.38
    15349       0.3351   5.38
    15350       0.3352   5.38
    15351       0.3352   5.38
    15352       0.3345   5.38
    15353       0.3350   5.38
    15354       0.3356   5.38
    15355       0.3345   5.38
    15356       0.3353   5.38
    15357       0.3347   5.38
    15358       0.3350   5.38
    15359       0.3351   5.38
    15360       0.3358   5.38
    15361       0.3351   5.37
    15362       0.3358   5.37
    15363       0.3365   5.38
    15364       0.3351   5.38
    15365       0.3352   5.38
    15366       0.3353   5.37
    15367       0.3352   5.37
    15368       0.3358   5.37
    15369       0.3359   5.37
    15370       0.3351   5.38
    15371       0.3347   5.38
    15372       0.3345   5.38
    15373       0.3343   5.38
    15374       0.3352   5.38
    15375       0.3351   5.38
    15376       0.3349   5.38
    15377       0.3355   5.38
    15378       0.3352   5.38
    15379       0.3346   5.38
    15380       0.3359   5.38
    15381       0.3356   5.38
    15382       0.3352   5.38
    15383       0.3357   5.38
    15384       0.3355   5.38
    15385       0.3347   5.38
    15386       0.3353   5.38
    15387       0.3352   5.38
    15388       0.3352   5.38
    15389       0.3358   5.38
    15390       0.3347   5.38
    15391       0.3341   5.38
    15392       0.3354   5.38
    15393       0.3349   5.38
    15394       0.3354   5.38
    15395       0.3349   5.38
    15396       0.3349   5.38
    15397       0.3358   5.38
    15398       0.3346   5.38
    15399       0.3361   5.38
    15400       0.3362   5.38
    15401       0.3350   5.38
    15402       0.3352   5.38
    15403       0.3353   5.38
    15404       0.3341   5.38
    15405       0.3355   5.38
    15406       0.3351   5.38
    15407       0.3339   5.38
    15408       0.3360   5.38
    15409       0.3360   5.38
    15410       0.3348   5.38
    15411       0.3352   5.38
    15412       0.3371   5.38
    15413       0.3340   5.37
    15414       0.3352   5.37
    15415       0.3359   5.37
    15416       0.3347   5.38
    15417       0.3354   5.38
    15418       0.3357   5.38
    15419       0.3340   5.38
    15420       0.3350   5.38
    15421       0.3348   5.38
    15422       0.3342   5.38
    15423       0.3356   5.38
    15424       0.3361   5.37
    15425       0.3351   5.38
    15426       0.3355   5.38
    15427       0.3351   5.38
    15428       0.3337   5.38
    15429       0.3347   5.38
    15430       0.3354   5.38
    15431       0.3346   5.38
    15432       0.3353   5.38
    15433       0.3356   5.38
    15434       0.3353   5.38
    15435       0.3360   5.38
    15436       0.3352   5.38
    15437       0.3353   5.38
    15438       0.3351   5.38
    15439       0.3350   5.38
    15440       0.3349   5.38
    15441       0.3352   5.38
    15442       0.3373   5.38
    15443       0.3346   5.38
    15444       0.3340   5.38
    15445       0.3357   5.37
    15446       0.3352   5.38
    15447       0.3343   5.38
    15448       0.3451   5.38
    15449       0.3353   5.38
    15450       0.3344   5.38
    15451       0.3353   5.38
    15452       0.3353   5.38
    15453       0.3356   5.38
    15454       0.3360   5.38
    15455       0.3353   5.38
    15456       0.3347   5.38
    15457       0.3362   5.38
    15458       0.3351   5.38
    15459       0.3335   5.38
    15460       0.3352   5.38
    15461       0.3350   5.38
    15462       0.3347   5.38
    15463       0.3354   5.38
    15464       0.3348   5.38
    15465       0.3346   5.38
    15466       0.3352   5.38
    15467       0.3347   5.38
    15468       0.3339   5.38
    15469       0.3355   5.38
    15470       0.3356   5.38
    15471       0.3353   5.38
    15472       0.3358   5.38
    15473       0.3353   5.38
    15474       0.3345   5.38
    15475       0.3356   5.38
    15476       0.3358   5.38
    15477       0.3350   5.38
    15478       0.3358   5.38
    15479       0.3355   5.38
    15480       0.3346   5.38
    15481       0.3358   5.38
    15482       0.3359   5.38
    15483       0.3345   5.38
    15484       0.3357   5.38
    15485       0.3357   5.38
    15486       0.3350   5.38
    15487       0.3353   5.38
    15488       0.3352   5.38
    15489       0.3341   5.38
    15490       0.3344   5.38
    15491       0.3359   5.38
    15492       0.3359   5.37
    15493       0.3346   5.38
    15494       0.3353   5.38
    15495       0.3357   5.38
    15496       0.3353   5.38
    15497       0.3357   5.38
    15498       0.3364   5.38
    15499       0.3344   5.38
    15500       0.3356   5.38
    15501       0.3351   5.38
    15502       0.3349   5.38
    15503       0.3359   5.38
    15504       0.3349   5.38
    15505       0.3346   5.38
    15506       0.3362   5.38
    15507       0.3363   5.38
    15508       0.3340   5.38
    15509       0.3350   5.38
    15510       0.3360   5.38
    15511       0.3350   5.38
    15512       0.3354   5.38
    15513       0.3358   5.38
    15514       0.3355   5.38
    15515       0.3359   5.38
    15516       0.3357   5.38
    15517       0.3350   5.38
    15518       0.3358   5.38
    15519       0.3353   5.38
    15520       0.3351   5.38
    15521       0.3362   5.38
    15522       0.3356   5.38
    15523       0.3352   5.38
    15524       0.3350   5.38
    15525       0.3348   5.38
    15526       0.3343   5.38
    15527       0.3348   5.38
    15528       0.3356   5.38
    15529       0.3343   5.38
    15530       0.3355   5.38
    15531       0.3358   5.38
    15532       0.3339   5.38
    15533       0.3349   5.38
    15534       0.3354   5.38
    15535       0.3350   5.38
    15536       0.3355   5.38
    15537       0.3357   5.38
    15538       0.3346   5.38
    15539       0.3345   5.38
    15540       0.3359   5.38
    15541       0.3355   5.38
    15542       0.3354   5.38
    15543       0.3351   5.38
    15544       0.3351   5.38
    15545       0.3353   5.38
    15546       0.3356   5.38
    15547       0.3348   5.38
    15548       0.3347   5.38
    15549       0.3357   5.38
    15550       0.3354   5.38
    15551       0.3343   5.38
    15552       0.3356   5.38
    15553       0.3354   5.38
    15554       0.3353   5.38
    15555       0.3356   5.38
    15556       0.3353   5.38
    15557       0.3345   5.38
    15558       0.3355   5.38
    15559       0.3360   5.38
    15560       0.3344   5.38
    15561       0.3360   5.38
    15562       0.3360   5.38
    15563       0.3344   5.38
    15564       0.3364   5.38
    15565       0.3362   5.38
    15566       0.3343   5.38
    15567       0.3358   5.38
    15568       0.3359   5.38
    15569       0.3343   5.38
    15570       0.3362   5.38
    15571       0.3350   5.38
    15572       0.3350   5.38
    15573       0.3352   5.38
    15574       0.3356   5.38
    15575       0.3349   5.37
    15576       0.3357   5.37
    15577       0.3359   5.38
    15578       0.3344   5.38
    15579       0.3355   5.38
    15580       0.3347   5.38
    15581       0.3340   5.38
    15582       0.3356   5.38
    15583       0.3358   5.38
    15584       0.3355   5.38
    15585       0.3348   5.38
    15586       0.3359   5.38
    15587       0.3352   5.38
    15588       0.3354   5.38
    15589       0.3360   5.38
    15590       0.3354   5.38
    15591       0.3351   5.38
    15592       0.3349   5.38
    15593       0.3357   5.37
    15594       0.3352   5.38
    15595       0.3356   5.38
    15596       0.3354   5.38
    15597       0.3347   5.38
    15598       0.3356   5.38
    15599       0.3356   5.38
    15600       0.3348   5.38
    15601       0.3354   5.38
    15602       0.3346   5.38
    15603       0.3347   5.38
    15604       0.3349   5.38
    15605       0.3351   5.38
    15606       0.3334   5.38
    15607       0.3348   5.38
    15608       0.3361   5.38
    15609       0.3349   5.38
    15610       0.3355   5.38
    15611       0.3353   5.38
    15612       0.3356   5.38
    15613       0.3357   5.38
    15614       0.3352   5.38
    15615       0.3347   5.38
    15616       0.3355   5.38
    15617       0.3340   5.38
    15618       0.3352   5.38
    15619       0.3358   5.38
    15620       0.3360   5.38
    15621       0.3346   5.38
    15622       0.3363   5.38
    15623       0.3353   5.38
    15624       0.3357   5.38
    15625       0.3363   5.38
    15626       0.3359   5.38
    15627       0.3340   5.38
    15628       0.3354   5.38
    15629       0.3352   5.38
    15630       0.3349   5.38
    15631       0.3350   5.38
    15632       0.3357   5.38
    15633       0.3350   5.38
    15634       0.3355   5.38
    15635       0.3355   5.38
    15636       0.3344   5.38
    15637       0.3355   5.38
    15638       0.3360   5.38
    15639       0.3342   5.38
    15640       0.3354   5.38
    15641       0.3356   5.38
    15642       0.3352   5.38
    15643       0.3339   5.38
    15644       0.3351   5.38
    15645       0.3350   5.38
    15646       0.3335   5.38
    15647       0.3354   5.38
    15648       0.3361   5.38
    15649       0.3342   5.38
    15650       0.3350   5.38
    15651       0.3354   5.38
    15652       0.3339   5.38
    15653       0.3350   5.38
    15654       0.3352   5.38
    15655       0.3354   5.38
    15656       0.3358   5.38
    15657       0.3354   5.38
    15658       0.3349   5.38
    15659       0.3353   5.38
    15660       0.3352   5.38
    15661       0.3329   5.38
    15662       0.3352   5.38
    15663       0.3352   5.38
    15664       0.3347   5.38
    15665       0.3355   5.38
    15666       0.3347   5.38
    15667       0.3353   5.38
    15668       0.3353   5.38
    15669       0.3353   5.38
    15670       0.3350   5.38
    15671       0.3350   5.38
    15672       0.3362   5.38
    15673       0.3355   5.38
    15674       0.3354   5.38
    15675       0.3352   5.38
    15676       0.3346   5.38
    15677       0.3347   5.38
    15678       0.3359   5.38
    15679       0.3350   5.38
    15680       0.3357   5.38
    15681       0.3360   5.38
    15682       0.3347   5.38
    15683       0.3356   5.38
    15684       0.3345   5.38
    15685       0.3345   5.38
    15686       0.3342   5.38
    15687       0.3346   5.38
    15688       0.3340   5.38
    15689       0.3354   5.38
    15690       0.3353   5.39
    15691       0.3355   5.38
    15692       0.3359   5.38
    15693       0.3359   5.38
    15694       0.3349   5.38
    15695       0.3342   5.38
    15696       0.3354   5.38
    15697       0.3352   5.38
    15698       0.3343   5.38
    15699       0.3348   5.38
    15700       0.3346   5.38
    15701       0.3344   5.38
    15702       0.3347   5.38
    15703       0.3349   5.38
    15704       0.3347   5.38
    15705       0.3350   5.38
    15706       0.3345   5.38
    15707       0.3349   5.38
    15708       0.3351   5.38
    15709       0.3357   5.39
    15710       0.3351   5.38
    15711       0.3361   5.38
    15712       0.3352   5.38
    15713       0.3353   5.38
    15714       0.3361   5.38
    15715       0.3354   5.38
    15716       0.3349   5.38
    15717       0.3359   5.38
    15718       0.3361   5.38
    15719       0.3348   5.38
    15720       0.3357   5.38
    15721       0.3352   5.38
    15722       0.3346   5.38
    15723       0.3353   5.38
    15724       0.3354   5.38
    15725       0.3350   5.38
    15726       0.3354   5.38
    15727       0.3354   5.38
    15728       0.3348   5.38
    15729       0.3353   5.38
    15730       0.3353   5.38
    15731       0.3346   5.38
    15732       0.3341   5.38
    15733       0.3356   5.38
    15734       0.3345   5.38
    15735       0.3360   5.38
    15736       0.3351   5.38
    15737       0.3347   5.38
    15738       0.3348   5.38
    15739       0.3356   5.38
    15740       0.3351   5.38
    15741       0.3353   5.38
    15742       0.3363   5.38
    15743       0.3344   5.38
    15744       0.3354   5.38
    15745       0.3448   5.38
    15746       0.3356   5.38
    15747       0.3347   5.38
    15748       0.3354   5.38
    15749       0.3356   5.38
    15750       0.3338   5.38
    15751       0.3348   5.38
    15752       0.3346   5.38
    15753       0.3341   5.38
    15754       0.3348   5.38
    15755       0.3346   5.38
    15756       0.3344   5.38
    15757       0.3349   5.38
    15758       0.3350   5.38
    15759       0.3347   5.38
    15760       0.3355   5.38
    15761       0.3360   5.38
    15762       0.3349   5.38
    15763       0.3352   5.38
    15764       0.3354   5.38
    15765       0.3356   5.38
    15766       0.3356   5.38
    15767       0.3357   5.38
    15768       0.3348   5.38
    15769       0.3348   5.38
    15770       0.3354   5.38
    15771       0.3343   5.38
    15772       0.3349   5.38
    15773       0.3345   5.38
    15774       0.3340   5.38
    15775       0.3354   5.38
    15776       0.3352   5.38
    15777       0.3338   5.38
    15778       0.3351   5.38
    15779       0.3349   5.38
    15780       0.3342   5.38
    15781       0.3353   5.38
    15782       0.3349   5.38
    15783       0.3343   5.38
    15784       0.3356   5.38
    15785       0.3353   5.38
    15786       0.3337   5.38
    15787       0.3347   5.38
    15788       0.3353   5.38
    15789       0.3337   5.38
    15790       0.3353   5.38
    15791       0.3350   5.38
    15792       0.3334   5.38
    15793       0.3345   5.38
    15794       0.3346   5.38
    15795       0.3341   5.38
    15796       0.3351   5.38
    15797       0.3351   5.38
    15798       0.3341   5.38
    15799       0.3356   5.38
    15800       0.3348   5.38
    15801       0.3355   5.38
    15802       0.3342   5.38
    15803       0.3352   5.38
    15804       0.3353   5.38
    15805       0.3345   5.38
    15806       0.3352   5.38
    15807       0.3357   5.38
    15808       0.3349   5.38
    15809       0.3356   5.38
    15810       0.3354   5.38
    15811       0.3351   5.38
    15812       0.3354   5.38
    15813       0.3346   5.38
    15814       0.3348   5.38
    15815       0.3348   5.38
    15816       0.3352   5.38
    15817       0.3352   5.38
    15818       0.3345   5.38
    15819       0.3351   5.38
    15820       0.3341   5.38
    15821       0.3348   5.38
    15822       0.3347   5.38
    15823       0.3349   5.38
    15824       0.3342   5.38
    15825       0.3347   5.38
    15826       0.3338   5.38
    15827       0.3348   5.38
    15828       0.3347   5.38
    15829       0.3334   5.38
    15830       0.3346   5.38
    15831       0.3345   5.38
    15832       0.3339   5.38
    15833       0.3350   5.38
    15834       0.3343   5.38
    15835       0.3331   5.38
    15836       0.3345   5.38
    15837       0.3353   5.38
    15838       0.3336   5.39
    15839       0.3349   5.39
    15840       0.3352   5.38
    15841       0.3346   5.38
    15842       0.3345   5.38
    15843       0.3348   5.38
    15844       0.3344   5.38
    15845       0.3355   5.38
    15846       0.3348   5.38
    15847       0.3346   5.38
    15848       0.3347   5.38
    15849       0.3348   5.38
    15850       0.3342   5.38
    15851       0.3350   5.38
    15852       0.3352   5.38
    15853       0.3340   5.38
    15854       0.3352   5.38
    15855       0.3350   5.38
    15856       0.3341   5.38
    15857       0.3357   5.38
    15858       0.3348   5.38
    15859       0.3353   5.38
    15860       0.3340   5.38
    15861       0.3350   5.38
    15862       0.3349   5.38
    15863       0.3354   5.38
    15864       0.3352   5.38
    15865       0.3359   5.38
    15866       0.3338   5.38
    15867       0.3346   5.38
    15868       0.3339   5.38
    15869       0.3341   5.38
    15870       0.3349   5.38
    15871       0.3351   5.38
    15872       0.3345   5.38
    15873       0.3353   5.38
    15874       0.3346   5.38
    15875       0.3342   5.38
    15876       0.3352   5.38
    15877       0.3351   5.38
    15878       0.3345   5.38
    15879       0.3350   5.38
    15880       0.3346   5.38
    15881       0.3344   5.38
    15882       0.3341   5.38
    15883       0.3350   5.38
    15884       0.3333   5.38
    15885       0.3344   5.38
    15886       0.3352   5.38
    15887       0.3339   5.39
    15888       0.3351   5.39
    15889       0.3350   5.38
    15890       0.3338   5.38
    15891       0.3344   5.38
    15892       0.3340   5.38
    15893       0.3347   5.38
    15894       0.3354   5.38
    15895       0.3351   5.38
    15896       0.3351   5.38
    15897       0.3351   5.38
    15898       0.3351   5.38
    15899       0.3348   5.39
    15900       0.3356   5.39
    15901       0.3349   5.38
    15902       0.3351   5.38
    15903       0.3353   5.38
    15904       0.3360   5.38
    15905       0.3344   5.38
    15906       0.3348   5.38
    15907       0.3350   5.38
    15908       0.3350   5.38
    15909       0.3356   5.38
    15910       0.3353   5.39
    15911       0.3353   5.38
    15912       0.3358   5.38
    15913       0.3357   5.38
    15914       0.3348   5.38
    15915       0.3361   5.38
    15916       0.3338   5.38
    15917       0.3361   5.38
    15918       0.3351   5.38
    15919       0.3358   5.38
    15920       0.3355   5.38
    15921       0.3349   5.38
    15922       0.3356   5.38
    15923       0.3358   5.38
    15924       0.3346   5.38
    15925       0.3361   5.38
    15926       0.3364   5.38
    15927       0.3347   5.38
    15928       0.3353   5.38
    15929       0.3351   5.38
    15930       0.3354   5.38
    15931       0.3355   5.38
    15932       0.3352   5.38
    15933       0.3349   5.38
    15934       0.3352   5.38
    15935       0.3347   5.38
    15936       0.3352   5.38
    15937       0.3354   5.38
    15938       0.3354   5.38
    15939       0.3342   5.38
    15940       0.3352   5.38
    15941       0.3354   5.38
    15942       0.3339   5.38
    15943       0.3348   5.38
    15944       0.3348   5.38
    15945       0.3341   5.38
    15946       0.3354   5.38
    15947       0.3349   5.38
    15948       0.3346   5.38
    15949       0.3352   5.38
    15950       0.3348   5.38
    15951       0.3338   5.38
    15952       0.3348   5.38
    15953       0.3349   5.38
    15954       0.3343   5.38
    15955       0.3354   5.38
    15956       0.3349   5.38
    15957       0.3352   5.38
    15958       0.3350   5.38
    15959       0.3351   5.38
    15960       0.3342   5.38
    15961       0.3354   5.38
    15962       0.3356   5.38
    15963       0.3350   5.38
    15964       0.3354   5.38
    15965       0.3359   5.38
    15966       0.3349   5.38
    15967       0.3353   5.38
    15968       0.3348   5.38
    15969       0.3344   5.38
    15970       0.3347   5.38
    15971       0.3346   5.38
    15972       0.3352   5.38
    15973       0.3344   5.38
    15974       0.3347   5.38
    15975       0.3354   5.38
    15976       0.3353   5.38
    15977       0.3350   5.38
    15978       0.3355   5.38
    15979       0.3344   5.38
    15980       0.3350   5.38
    15981       0.3352   5.38
    15982       0.3341   5.38
    15983       0.3350   5.38
    15984       0.3354   5.38
    15985       0.3334   5.38
    15986       0.3360   5.38
    15987       0.3354   5.38
    15988       0.3342   5.38
    15989       0.3347   5.38
    15990       0.3348   5.38
    15991       0.3345   5.38
    15992       0.3356   5.38
    15993       0.3355   5.38
    15994       0.3347   5.38
    15995       0.3355   5.38
    15996       0.3349   5.38
    15997       0.3340   5.38
    15998       0.3350   5.38
    15999       0.3354   5.38
    16000       0.3346   5.38
    16001       0.3356   5.38
    16002       0.3354   5.38
    16003       0.3349   5.38
    16004       0.3348   5.38
    16005       0.3354   5.38
    16006       0.3344   5.38
    16007       0.3351   5.38
    16008       0.3350   5.38
    16009       0.3341   5.38
    16010       0.3349   5.38
    16011       0.3349   5.38
    16012       0.3343   5.38
    16013       0.3351   5.38
    16014       0.3354   5.38
    16015       0.3348   5.38
    16016       0.3353   5.38
    16017       0.3351   5.38
    16018       0.3338   5.38
    16019       0.3352   5.38
    16020       0.3353   5.38
    16021       0.3346   5.38
    16022       0.3348   5.38
    16023       0.3356   5.39
    16024       0.3353   5.39
    16025       0.3341   5.38
    16026       0.3350   5.38
    16027       0.3350   5.38
    16028       0.3353   5.38
    16029       0.3351   5.38
    16030       0.3348   5.38
    16031       0.3340   5.38
    16032       0.3344   5.38
    16033       0.3352   5.38
    16034       0.3348   5.38
    16035       0.3352   5.38
    16036       0.3349   5.38
    16037       0.3345   5.38
    16038       0.3352   5.38
    16039       0.3348   5.38
    16040       0.3343   5.39
    16041       0.3354   5.39
    16042       0.3353   5.39
    16043       0.3353   5.38
    16044       0.3353   5.38
    16045       0.3349   5.38
    16046       0.3350   5.38
    16047       0.3356   5.38
    16048       0.3356   5.38
    16049       0.3342   5.38
    16050       0.3356   5.38
    16051       0.3360   5.38
    16052       0.3348   5.38
    16053       0.3354   5.38
    16054       0.3350   5.38
    16055       0.3348   5.38
    16056       0.3355   5.38
    16057       0.3355   5.38
    16058       0.3343   5.38
    16059       0.3356   5.38
    16060       0.3354   5.38
    16061       0.3342   5.38
    16062       0.3353   5.38
    16063       0.3352   5.38
    16064       0.3348   5.38
    16065       0.3352   5.38
    16066       0.3457   5.38
    16067       0.3344   5.38
    16068       0.3357   5.38
    16069       0.3353   5.38
    16070       0.3346   5.38
    16071       0.3349   5.38
    16072       0.3352   5.38
    16073       0.3346   5.38
    16074       0.3357   5.38
    16075       0.3356   5.38
    16076       0.3354   5.38
    16077       0.3347   5.38
    16078       0.3355   5.38
    16079       0.3340   5.38
    16080       0.3346   5.38
    16081       0.3352   5.38
    16082       0.3354   5.38
    16083       0.3345   5.38
    16084       0.3357   5.38
    16085       0.3353   5.38
    16086       0.3339   5.38
    16087       0.3346   5.38
    16088       0.3356   5.38
    16089       0.3347   5.38
    16090       0.3345   5.38
    16091       0.3354   5.38
    16092       0.3344   5.38
    16093       0.3352   5.38
    16094       0.3359   5.38
    16095       0.3342   5.38
    16096       0.3355   5.38
    16097       0.3347   5.38
    16098       0.3348   5.38
    16099       0.3356   5.38
    16100       0.3353   5.38
    16101       0.3342   5.38
    16102       0.3355   5.38
    16103       0.3354   5.38
    16104       0.3348   5.38
    16105       0.3351   5.38
    16106       0.3356   5.38
    16107       0.3343   5.38
    16108       0.3357   5.38
    16109       0.3357   5.38
    16110       0.3353   5.38
    16111       0.3333   5.38
    16112       0.3356   5.38
    16113       0.3349   5.38
    16114       0.3344   5.38
    16115       0.3355   5.38
    16116       0.3347   5.38
    16117       0.3351   5.38
    16118       0.3347   5.38
    16119       0.3337   5.38
    16120       0.3352   5.38
    16121       0.3350   5.38
    16122       0.3334   5.38
    16123       0.3351   5.38
    16124       0.3351   5.38
    16125       0.3340   5.38
    16126       0.3351   5.38
    16127       0.3347   5.38
    16128       0.3334   5.38
    16129       0.3351   5.38
    16130       0.3354   5.38
    16131       0.3357   5.38
    16132       0.3347   5.38
    16133       0.3357   5.38
    16134       0.3357   5.38
    16135       0.3353   5.38
    16136       0.3360   5.38
    16137       0.3351   5.38
    16138       0.3349   5.38
    16139       0.3354   5.38
    16140       0.3350   5.38
    16141       0.3345   5.38
    16142       0.3350   5.38
    16143       0.3349   5.38
    16144       0.3342   5.38
    16145       0.3354   5.38
    16146       0.3354   5.38
    16147       0.3348   5.38
    16148       0.3344   5.38
    16149       0.3351   5.38
    16150       0.3346   5.38
    16151       0.3356   5.38
    16152       0.3349   5.38
    16153       0.3349   5.38
    16154       0.3353   5.38
    16155       0.3346   5.38
    16156       0.3350   5.38
    16157       0.3348   5.38
    16158       0.3349   5.38
    16159       0.3342   5.38
    16160       0.3357   5.38
    16161       0.3353   5.38
    16162       0.3347   5.38
    16163       0.3356   5.38
    16164       0.3354   5.38
    16165       0.3344   5.38
    16166       0.3352   5.38
    16167       0.3345   5.38
    16168       0.3348   5.38
    16169       0.3346   5.38
    16170       0.3344   5.38
    16171       0.3350   5.39
    16172       0.3353   5.39
    16173       0.3345   5.38
    16174       0.3334   5.38
    16175       0.3347   5.38
    16176       0.3346   5.38
    16177       0.3342   5.38
    16178       0.3353   5.38
    16179       0.3350   5.38
    16180       0.3351   5.38
    16181       0.3349   5.38
    16182       0.3342   5.38
    16183       0.3337   5.38
    16184       0.3351   5.38
    16185       0.3343   5.39
    16186       0.3346   5.38
    16187       0.3341   5.38
    16188       0.3348   5.38
    16189       0.3353   5.39
    16190       0.3347   5.38
    16191       0.3352   5.38
    16192       0.3354   5.38
    16193       0.3353   5.38
    16194       0.3354   5.38
    16195       0.3352   5.39
    16196       0.3346   5.38
    16197       0.3350   5.38
    16198       0.3352   5.38
    16199       0.3338   5.38
    16200       0.3347   5.38
    16201       0.3347   5.38
    16202       0.3335   5.38
    16203       0.3348   5.38
    16204       0.3344   5.39
    16205       0.3345   5.38
    16206       0.3354   5.38
    16207       0.3350   5.38
    16208       0.3335   5.38
    16209       0.3352   5.38
    16210       0.3345   5.38
    16211       0.3348   5.38
    16212       0.3357   5.38
    16213       0.3347   5.38
    16214       0.3336   5.38
    16215       0.3349   5.38
    16216       0.3347   5.38
    16217       0.3329   5.38
    16218       0.3347   5.38
    16219       0.3351   5.38
    16220       0.3347   5.38
    16221       0.3352   5.38
    16222       0.3353   5.38
    16223       0.3343   5.38
    16224       0.3346   5.38
    16225       0.3339   5.38
    16226       0.3341   5.38
    16227       0.3355   5.38
    16228       0.3354   5.38
    16229       0.3350   5.38
    16230       0.3348   5.38
    16231       0.3347   5.38
    16232       0.3338   5.38
    16233       0.3344   5.38
    16234       0.3352   5.38
    16235       0.3342   5.38
    16236       0.3346   5.38
    16237       0.3345   5.38
    16238       0.3339   5.38
    16239       0.3353   5.38
    16240       0.3352   5.38
    16241       0.3336   5.38
    16242       0.3358   5.38
    16243       0.3353   5.38
    16244       0.3350   5.38
    16245       0.3356   5.38
    16246       0.3348   5.38
    16247       0.3353   5.38
    16248       0.3347   5.38
    16249       0.3350   5.38
    16250       0.3354   5.38
    16251       0.3347   5.38
    16252       0.3360   5.38
    16253       0.3354   5.38
    16254       0.3337   5.38
    16255       0.3355   5.38
    16256       0.3356   5.38
    16257       0.3348   5.38
    16258       0.3354   5.38
    16259       0.3358   5.38
    16260       0.3333   5.38
    16261       0.3352   5.38
    16262       0.3358   5.38
    16263       0.3342   5.38
    16264       0.3350   5.38
    16265       0.3354   5.38
    16266       0.3339   5.38
    16267       0.3347   5.38
    16268       0.3352   5.38
    16269       0.3353   5.38
    16270       0.3352   5.38
    16271       0.3360   5.38
    16272       0.3343   5.38
    16273       0.3358   5.38
    16274       0.3354   5.38
    16275       0.3353   5.38
    16276       0.3348   5.38
    16277       0.3350   5.38
    16278       0.3336   5.38
    16279       0.3353   5.38
    16280       0.3357   5.38
    16281       0.3349   5.38
    16282       0.3353   5.38
    16283       0.3351   5.38
    16284       0.3348   5.38
    16285       0.3358   5.38
    16286       0.3352   5.38
    16287       0.3349   5.38
    16288       0.3353   5.38
    16289       0.3353   5.38
    16290       0.3340   5.38
    16291       0.3352   5.38
    16292       0.3353   5.38
    16293       0.3347   5.38
    16294       0.3351   5.38
    16295       0.3353   5.38
    16296       0.3344   5.38
    16297       0.3364   5.38
    16298       0.3350   5.38
    16299       0.3348   5.38
    16300       0.3335   5.38
    16301       0.3344   5.38
    16302       0.3346   5.38
    16303       0.3349   5.38
    16304       0.3350   5.38
    16305       0.3350   5.38
    16306       0.3332   5.38
    16307       0.3347   5.38
    16308       0.3345   5.38
    16309       0.3335   5.38
    16310       0.3344   5.38
    16311       0.3349   5.38
    16312       0.3336   5.38
    16313       0.3345   5.38
    16314       0.3343   5.38
    16315       0.3339   5.38
    16316       0.3351   5.38
    16317       0.3352   5.38
    16318       0.3338   5.39
    16319       0.3348   5.39
    16320       0.3355   5.38
    16321       0.3347   5.38
    16322       0.3349   5.38
    16323       0.3350   5.38
    16324       0.3345   5.38
    16325       0.3349   5.38
    16326       0.3354   5.38
    16327       0.3342   5.38
    16328       0.3353   5.38
    16329       0.3345   5.38
    16330       0.3347   5.38
    16331       0.3354   5.38
    16332       0.3351   5.38
    16333       0.3335   5.38
    16334       0.3353   5.38
    16335       0.3359   5.38
    16336       0.3348   5.38
    16337       0.3353   5.38
    16338       0.3353   5.38
    16339       0.3340   5.38
    16340       0.3359   5.38
    16341       0.3355   5.38
    16342       0.3353   5.38
    16343       0.3354   5.38
    16344       0.3351   5.38
    16345       0.3345   5.38
    16346       0.3346   5.38
    16347       0.3342   5.38
    16348       0.3345   5.38
    16349       0.3353   5.38
    16350       0.3356   5.38
    16351       0.3341   5.38
    16352       0.3359   5.38
    16353       0.3361   5.38
    16354       0.3349   5.38
    16355       0.3354   5.38
    16356       0.3351   5.38
    16357       0.3351   5.38
    16358       0.3337   5.38
    16359       0.3349   5.38
    16360       0.3353   5.38
    16361       0.3345   5.38
    16362       0.3356   5.38
    16363       0.3448   5.38
    16364       0.3352   5.38
    16365       0.3352   5.38
    16366       0.3350   5.39
    16367       0.3342   5.38
    16368       0.3357   5.38
    16369       0.3355   5.38
    16370       0.3348   5.38
    16371       0.3355   5.38
    16372       0.3349   5.38
    16373       0.3351   5.38
    16374       0.3356   5.38
    16375       0.3349   5.38
    16376       0.3352   5.38
    16377       0.3357   5.38
    16378       0.3355   5.38
    16379       0.3348   5.38
    16380       0.3359   5.38
    16381       0.3341   5.38
    16382       0.3353   5.38
    16383       0.3349   5.38
    16384       0.3359   5.38
    16385       0.3356   5.38
    16386       0.3353   5.38
    16387       0.3353   5.38
    16388       0.3338   5.38
    16389       0.3351   5.38
    16390       0.3349   5.38
    16391       0.3344   5.38
    16392       0.3369   5.38
    16393       0.3356   5.38
    16394       0.3349   5.38
    16395       0.3347   5.38
    16396       0.3354   5.38
    16397       0.3342   5.38
    16398       0.3348   5.38
    16399       0.3352   5.38
    16400       0.3337   5.38
    16401       0.3354   5.38
    16402       0.3348   5.38
    16403       0.3328   5.38
    16404       0.3347   5.38
    16405       0.3346   5.38
    16406       0.3343   5.38
    16407       0.3352   5.38
    16408       0.3350   5.38
    16409       0.3355   5.38
    16410       0.3344   5.38
    16411       0.3357   5.38
    16412       0.3347   5.38
    16413       0.3348   5.38
    16414       0.3354   5.38
    16415       0.3356   5.38
    16416       0.3352   5.38
    16417       0.3353   5.38
    16418       0.3356   5.38
    16419       0.3356   5.38
    16420       0.3353   5.38
    16421       0.3351   5.38
    16422       0.3350   5.38
    16423       0.3356   5.38
    16424       0.3356   5.38
    16425       0.3347   5.38
    16426       0.3357   5.38
    16427       0.3349   5.38
    16428       0.3352   5.38
    16429       0.3356   5.38
    16430       0.3352   5.38
    16431       0.3349   5.38
    16432       0.3354   5.38
    16433       0.3351   5.38
    16434       0.3350   5.38
    16435       0.3356   5.38
    16436       0.3357   5.38
    16437       0.3359   5.38
    16438       0.3355   5.38
    16439       0.3356   5.38
    16440       0.3350   5.38
    16441       0.3353   5.38
    16442       0.3348   5.38
    16443       0.3348   5.38
    16444       0.3353   5.38
    16445       0.3359   5.38
    16446       0.3350   5.38
    16447       0.3354   5.38
    16448       0.3348   5.38
    16449       0.3344   5.38
    16450       0.3348   5.38
    16451       0.3355   5.38
    16452       0.3355   5.38
    16453       0.3350   5.38
    16454       0.3355   5.38
    16455       0.3348   5.38
    16456       0.3362   5.38
    16457       0.3354   5.38
    16458       0.3357   5.38
    16459       0.3351   5.38
    16460       0.3355   5.38
    16461       0.3358   5.38
    16462       0.3333   5.38
    16463       0.3352   5.38
    16464       0.3351   5.38
    16465       0.3339   5.38
    16466       0.3350   5.38
    16467       0.3348   5.38
    16468       0.3340   5.38
    16469       0.3352   5.38
    16470       0.3352   5.38
    16471       0.3346   5.38
    16472       0.3345   5.38
    16473       0.3350   5.38
    16474       0.3340   5.38
    16475       0.3354   5.38
    16476       0.3357   5.38
    16477       0.3345   5.38
    16478       0.3353   5.38
    16479       0.3346   5.38
    16480       0.3346   5.38
    16481       0.3351   5.38
    16482       0.3352   5.38
    16483       0.3343   5.38
    16484       0.3354   5.38
    16485       0.3354   5.38
    16486       0.3345   5.38
    16487       0.3370   5.38
    16488       0.3355   5.38
    16489       0.3348   5.38
    16490       0.3355   5.38
    16491       0.3353   5.38
    16492       0.3344   5.38
    16493       0.3350   5.38
    16494       0.3350   5.38
    16495       0.3338   5.38
    16496       0.3350   5.38
    16497       0.3351   5.38
    16498       0.3344   5.38
    16499       0.3356   5.38
    16500       0.3356   5.38
    16501       0.3342   5.38
    16502       0.3352   5.38
    16503       0.3352   5.38
    16504       0.3346   5.38
    16505       0.3356   5.38
    16506       0.3349   5.38
    16507       0.3346   5.38
    16508       0.3346   5.38
    16509       0.3350   5.38
    16510       0.3353   5.38
    16511       0.3354   5.38
    16512       0.3348   5.38
    16513       0.3359   5.38
    16514       0.3348   5.38
    16515       0.3355   5.38
    16516       0.3350   5.38
    16517       0.3347   5.38
    16518       0.3359   5.38
    16519       0.3343   5.38
    16520       0.3344   5.38
    16521       0.3351   5.38
    16522       0.3348   5.38
    16523       0.3334   5.38
    16524       0.3349   5.38
    16525       0.3345   5.38
    16526       0.3345   5.38
    16527       0.3353   5.38
    16528       0.3354   5.38
    16529       0.3344   5.38
    16530       0.3345   5.38
    16531       0.3357   5.38
    16532       0.3337   5.38
    16533       0.3357   5.38
    16534       0.3348   5.38
    16535       0.3345   5.38
    16536       0.3350   5.38
    16537       0.3350   5.38
    16538       0.3340   5.38
    16539       0.3345   5.38
    16540       0.3338   5.38
    16541       0.3343   5.38
    16542       0.3350   5.38
    16543       0.3343   5.38
    16544       0.3337   5.38
    16545       0.3346   5.38
    16546       0.3352   5.38
    16547       0.3337   5.38
    16548       0.3351   5.38
    16549       0.3351   5.38
    16550       0.3354   5.38
    16551       0.3349   5.38
    16552       0.3348   5.38
    16553       0.3347   5.38
    16554       0.3346   5.38
    16555       0.3352   5.38
    16556       0.3342   5.38
    16557       0.3355   5.38
    16558       0.3353   5.38
    16559       0.3349   5.38
    16560       0.3353   5.38
    16561       0.3346   5.38
    16562       0.3337   5.38
    16563       0.3351   5.38
    16564       0.3353   5.38
    16565       0.3335   5.38
    16566       0.3349   5.38
    16567       0.3346   5.38
    16568       0.3348   5.38
    16569       0.3352   5.38
    16570       0.3354   5.38
    16571       0.3354   5.38
    16572       0.3348   5.38
    16573       0.3349   5.38
    16574       0.3347   5.38
    16575       0.3352   5.38
    16576       0.3357   5.38
    16577       0.3348   5.38
    16578       0.3350   5.38
    16579       0.3353   5.38
    16580       0.3362   5.38
    16581       0.3343   5.38
    16582       0.3359   5.38
    16583       0.3367   5.38
    16584       0.3340   5.38
    16585       0.3351   5.38
    16586       0.3347   5.38
    16587       0.3345   5.38
    16588       0.3360   5.38
    16589       0.3354   5.38
    16590       0.3352   5.38
    16591       0.3351   5.38
    16592       0.3357   5.38
    16593       0.3348   5.38
    16594       0.3355   5.38
    16595       0.3358   5.38
    16596       0.3351   5.38
    16597       0.3355   5.38
    16598       0.3344   5.38
    16599       0.3337   5.38
    16600       0.3352   5.38
    16601       0.3353   5.38
    16602       0.3350   5.38
    16603       0.3352   5.38
    16604       0.3353   5.38
    16605       0.3342   5.38
    16606       0.3354   5.38
    16607       0.3351   5.38
    16608       0.3347   5.38
    16609       0.3352   5.38
    16610       0.3354   5.38
    16611       0.3350   5.38
    16612       0.3344   5.38
    16613       0.3355   5.38
    16614       0.3340   5.38
    16615       0.3356   5.38
    16616       0.3356   5.38
    16617       0.3339   5.38
    16618       0.3348   5.38
    16619       0.3357   5.38
    16620       0.3342   5.38
    16621       0.3356   5.38
    16622       0.3352   5.38
    16623       0.3352   5.38
    16624       0.3345   5.38
    16625       0.3353   5.38
    16626       0.3351   5.38
    16627       0.3350   5.38
    16628       0.3349   5.38
    16629       0.3347   5.38
    16630       0.3345   5.38
    16631       0.3352   5.38
    16632       0.3352   5.38
    16633       0.3347   5.38
    16634       0.3354   5.38
    16635       0.3353   5.38
    16636       0.3352   5.38
    16637       0.3358   5.38
    16638       0.3353   5.38
    16639       0.3350   5.38
    16640       0.3358   5.38
    16641       0.3348   5.38
    16642       0.3347   5.38
    16643       0.3353   5.38
    16644       0.3355   5.38
    16645       0.3329   5.38
    16646       0.3348   5.38
    16647       0.3354   5.38
    16648       0.3348   5.38
    16649       0.3354   5.38
    16650       0.3352   5.38
    16651       0.3345   5.38
    16652       0.3351   5.38
    16653       0.3346   5.37
    16654       0.3355   5.38
    16655       0.3356   5.38
    16656       0.3352   5.38
    16657       0.3347   5.38
    16658       0.3357   5.38
    16659       0.3360   5.38
    16660       0.3352   5.38
    16661       0.3357   5.38
    16662       0.3355   5.38
    16663       0.3343   5.38
    16664       0.3349   5.38
    16665       0.3353   5.38
    16666       0.3347   5.38
    16667       0.3360   5.38
    16668       0.3355   5.38
    16669       0.3348   5.38
    16670       0.3352   5.38
    16671       0.3347   5.38
    16672       0.3344   5.38
    16673       0.3347   5.38
    16674       0.3348   5.38
    16675       0.3342   5.38
    16676       0.3343   5.38
    16677       0.3369   5.38
    16678       0.3352   5.38
    16679       0.3351   5.38
    16680       0.3357   5.38
    16681       0.3349   5.38
    16682       0.3342   5.38
    16683       0.3359   5.38
    16684       0.3348   5.38
    16685       0.3339   5.38
    16686       0.3443   5.38
    16687       0.3349   5.38
    16688       0.3343   5.38
    16689       0.3355   5.38
    16690       0.3342   5.38
    16691       0.3342   5.38
    16692       0.3350   5.38
    16693       0.3349   5.38
    16694       0.3336   5.38
    16695       0.3345   5.38
    16696       0.3348   5.38
    16697       0.3346   5.38
    16698       0.3345   5.38
    16699       0.3353   5.38
    16700       0.3342   5.38
    16701       0.3349   5.38
    16702       0.3344   5.38
    16703       0.3346   5.38
    16704       0.3349   5.38
    16705       0.3349   5.38
    16706       0.3347   5.38
    16707       0.3351   5.38
    16708       0.3347   5.38
    16709       0.3335   5.38
    16710       0.3346   5.38
    16711       0.3349   5.38
    16712       0.3338   5.38
    16713       0.3351   5.38
    16714       0.3350   5.38
    16715       0.3338   5.38
    16716       0.3345   5.38
    16717       0.3344   5.38
    16718       0.3339   5.38
    16719       0.3353   5.38
    16720       0.3352   5.38
    16721       0.3342   5.38
    16722       0.3345   5.38
    16723       0.3350   5.38
    16724       0.3346   5.38
    16725       0.3356   5.38
    16726       0.3350   5.38
    16727       0.3342   5.38
    16728       0.3350   5.38
    16729       0.3352   5.38
    16730       0.3344   5.38
    16731       0.3351   5.38
    16732       0.3359   5.39
    16733       0.3342   5.38
    16734       0.3342   5.38
    16735       0.3342   5.38
    16736       0.3344   5.38
    16737       0.3336   5.38
    16738       0.3348   5.38
    16739       0.3345   5.38
    16740       0.3335   5.38
    16741       0.3347   5.38
    16742       0.3348   5.38
    16743       0.3342   5.38
    16744       0.3353   5.38
    16745       0.3348   5.38
    16746       0.3349   5.38
    16747       0.3349   5.38
    16748       0.3346   5.38
    16749       0.3340   5.38
    16750       0.3351   5.38
    16751       0.3351   5.38
    16752       0.3345   5.38
    16753       0.3354   5.38
    16754       0.3347   5.38
    16755       0.3342   5.39
    16756       0.3345   5.39
    16757       0.3349   5.38
    16758       0.3349   5.38
    16759       0.3354   5.38
    16760       0.3354   5.38
    16761       0.3344   5.38
    16762       0.3347   5.38
    16763       0.3350   5.38
    16764       0.3342   5.38
    16765       0.3351   5.38
    16766       0.3349   5.38
    16767       0.3335   5.38
    16768       0.3353   5.38
    16769       0.3354   5.38
    16770       0.3349   5.38
    16771       0.3353   5.38
    16772       0.3357   5.38
    16773       0.3342   5.38
    16774       0.3356   5.38
    16775       0.3346   5.38
    16776       0.3346   5.38
    16777       0.3346   5.38
    16778       0.3354   5.38
    16779       0.3349   5.38
    16780       0.3352   5.38
    16781       0.3352   5.38
    16782       0.3342   5.38
    16783       0.3353   5.38
    16784       0.3349   5.38
    16785       0.3352   5.38
    16786       0.3348   5.38
    16787       0.3355   5.38
    16788       0.3347   5.38
    16789       0.3351   5.38
    16790       0.3358   5.38
    16791       0.3356   5.38
    16792       0.3334   5.38
    16793       0.3353   5.38
    16794       0.3349   5.38
    16795       0.3335   5.38
    16796       0.3349   5.38
    16797       0.3362   5.38
    16798       0.3350   5.38
    16799       0.3342   5.38
    16800       0.3352   5.38
    16801       0.3332   5.38
    16802       0.3349   5.38
    16803       0.3352   5.38
    16804       0.3340   5.38
    16805       0.3348   5.38
    16806       0.3352   5.38
    16807       0.3343   5.38
    16808       0.3351   5.38
    16809       0.3355   5.38
    16810       0.3339   5.38
    16811       0.3357   5.38
    16812       0.3358   5.38
    16813       0.3341   5.38
    16814       0.3350   5.38
    16815       0.3354   5.38
    16816       0.3336   5.38
    16817       0.3347   5.38
    16818       0.3348   5.38
    16819       0.3342   5.38
    16820       0.3349   5.38
    16821       0.3354   5.38
    16822       0.3345   5.38
    16823       0.3352   5.38
    16824       0.3348   5.38
    16825       0.3345   5.38
    16826       0.3353   5.38
    16827       0.3346   5.38
    16828       0.3340   5.38
    16829       0.3350   5.38
    16830       0.3352   5.38
    16831       0.3351   5.38
    16832       0.3351   5.38
    16833       0.3349   5.38
    16834       0.3346   5.38
    16835       0.3353   5.38
    16836       0.3346   5.38
    16837       0.3344   5.38
    16838       0.3345   5.38
    16839       0.3350   5.38
    16840       0.3332   5.38
    16841       0.3347   5.38
    16842       0.3345   5.38
    16843       0.3341   5.38
    16844       0.3346   5.38
    16845       0.3352   5.38
    16846       0.3339   5.38
    16847       0.3345   5.38
    16848       0.3341   5.38
    16849       0.3337   5.38
    16850       0.3338   5.38
    16851       0.3354   5.38
    16852       0.3350   5.38
    16853       0.3343   5.38
    16854       0.3354   5.38
    16855       0.3352   5.38
    16856       0.3336   5.38
    16857       0.3346   5.38
    16858       0.3352   5.38
    16859       0.3340   5.39
    16860       0.3347   5.39
    16861       0.3353   5.39
    16862       0.3349   5.38
    16863       0.3345   5.38
    16864       0.3351   5.38
    16865       0.3347   5.38
    16866       0.3349   5.38
    16867       0.3359   5.39
    16868       0.3337   5.39
    16869       0.3353   5.39
    16870       0.3349   5.38
    16871       0.3347   5.38
    16872       0.3350   5.38
    16873       0.3356   5.39
    16874       0.3346   5.38
    16875       0.3355   5.38
    16876       0.3356   5.38
    16877       0.3341   5.38
    16878       0.3356   5.38
    16879       0.3358   5.38
    16880       0.3352   5.38
    16881       0.3347   5.38
    16882       0.3354   5.38
    16883       0.3350   5.38
    16884       0.3348   5.38
    16885       0.3356   5.39
    16886       0.3346   5.38
    16887       0.3356   5.38
    16888       0.3355   5.38
    16889       0.3343   5.38
    16890       0.3355   5.38
    16891       0.3343   5.38
    16892       0.3339   5.38
    16893       0.3339   5.38
    16894       0.3351   5.39
    16895       0.3340   5.38
    16896       0.3354   5.38
    16897       0.3356   5.38
    16898       0.3353   5.38
    16899       0.3360   5.38
    16900       0.3353   5.38
    16901       0.3341   5.38
    16902       0.3357   5.38
    16903       0.3355   5.39
    16904       0.3349   5.38
    16905       0.3340   5.38
    16906       0.3345   5.38
    16907       0.3356   5.38
    16908       0.3343   5.38
    16909       0.3354   5.38
    16910       0.3362   5.38
    16911       0.3340   5.39
    16912       0.3351   5.39
    16913       0.3349   5.38
    16914       0.3345   5.38
    16915       0.3349   5.38
    16916       0.3355   5.38
    16917       0.3351   5.38
    16918       0.3354   5.38
    16919       0.3352   5.38
    16920       0.3348   5.39
    16921       0.3348   5.39
    16922       0.3361   5.39
    16923       0.3352   5.38
    16924       0.3355   5.38
    16925       0.3353   5.38
    16926       0.3355   5.38
    16927       0.3351   5.38
    16928       0.3350   5.38
    16929       0.3350   5.39
    16930       0.3355   5.39
    16931       0.3353   5.38
    16932       0.3343   5.38
    16933       0.3353   5.38
    16934       0.3352   5.38
    16935       0.3347   5.38
    16936       0.3348   5.38
    16937       0.3351   5.38
    16938       0.3347   5.39
    16939       0.3354   5.39
    16940       0.3354   5.39
    16941       0.3341   5.38
    16942       0.3355   5.38
    16943       0.3352   5.38
    16944       0.3349   5.38
    16945       0.3357   5.38
    16946       0.3354   5.38
    16947       0.3336   5.38
    16948       0.3353   5.38
    16949       0.3349   5.38
    16950       0.3345   5.38
    16951       0.3357   5.38
    16952       0.3354   5.38
    16953       0.3341   5.38
    16954       0.3351   5.38
    16955       0.3355   5.38
    16956       0.3348   5.38
    16957       0.3350   5.38
    16958       0.3353   5.38
    16959       0.3357   5.39
    16960       0.3349   5.38
    16961       0.3355   5.38
    16962       0.3351   5.39
    16963       0.3349   5.38
    16964       0.3358   5.38
    16965       0.3348   5.38
    16966       0.3338   5.38
    16967       0.3351   5.38
    16968       0.3348   5.38
    16969       0.3346   5.38
    16970       0.3354   5.38
    16971       0.3351   5.38
    16972       0.3343   5.38
    16973       0.3357   5.38
    16974       0.3361   5.38
    16975       0.3347   5.38
    16976       0.3357   5.38
    16977       0.3357   5.38
    16978       0.3340   5.38
    16979       0.3354   5.38
    16980       0.3349   5.38
    16981       0.3342   5.38
    16982       0.3361   5.38
    16983       0.3451   5.38
    16984       0.3346   5.38
    16985       0.3353   5.38
    16986       0.3352   5.38
    16987       0.3350   5.38
    16988       0.3345   5.38
    16989       0.3346   5.38
    16990       0.3344   5.38
    16991       0.3350   5.38
    16992       0.3347   5.39
    16993       0.3341   5.38
    16994       0.3353   5.38
    16995       0.3354   5.38
    16996       0.3348   5.38
    16997       0.3351   5.38
    16998       0.3355   5.38
    16999       0.3348   5.38
    17000       0.3358   5.38
    17001       0.3355   5.38
    17002       0.3347   5.38
    17003       0.3356   5.38
    17004       0.3359   5.38
    17005       0.3351   5.38
    17006       0.3349   5.38
    17007       0.3350   5.38
    17008       0.3354   5.38
    17009       0.3346   5.38
    17010       0.3357   5.38
    17011       0.3356   5.38
    17012       0.3351   5.38
    17013       0.3355   5.38
    17014       0.3362   5.38
    17015       0.3356   5.38
    17016       0.3350   5.38
    17017       0.3352   5.38
    17018       0.3353   5.38
    17019       0.3357   5.38
    17020       0.3355   5.38
    17021       0.3348   5.38
    17022       0.3353   5.38
    17023       0.3344   5.38
    17024       0.3345   5.37
    17025       0.3350   5.37
    17026       0.3351   5.38
    17027       0.3353   5.38
    17028       0.3355   5.38
    17029       0.3349   5.38
    17030       0.3343   5.38
    17031       0.3350   5.38
    17032       0.3350   5.38
    17033       0.3351   5.38
    17034       0.3351   5.38
    17035       0.3350   5.38
    17036       0.3341   5.38
    17037       0.3351   5.38
    17038       0.3354   5.38
    17039       0.3347   5.38
    17040       0.3351   5.38
    17041       0.3359   5.38
    17042       0.3349   5.38
    17043       0.3350   5.38
    17044       0.3352   5.38
    17045       0.3338   5.38
    17046       0.3358   5.38
    17047       0.3356   5.38
    17048       0.3347   5.38
    17049       0.3353   5.38
    17050       0.3350   5.38
    17051       0.3347   5.38
    17052       0.3350   5.38
    17053       0.3351   5.38
    17054       0.3351   5.38
    17055       0.3355   5.38
    17056       0.3357   5.38
    17057       0.3346   5.38
    17058       0.3370   5.38
    17059       0.3361   5.38
    17060       0.3353   5.38
    17061       0.3349   5.38
    17062       0.3360   5.38
    17063       0.3352   5.38
    17064       0.3351   5.38
    17065       0.3347   5.38
    17066       0.3342   5.38
    17067       0.3348   5.38
    17068       0.3347   5.38
    17069       0.3361   5.38
    17070       0.3345   5.38
    17071       0.3360   5.38
    17072       0.3355   5.38
    17073       0.3351   5.38
    17074       0.3353   5.38
    17075       0.3354   5.37
    17076       0.3343   5.37
    17077       0.3351   5.37
    17078       0.3353   5.38
    17079       0.3350   5.38
    17080       0.3358   5.38
    17081       0.3357   5.38
    17082       0.3346   5.38
    17083       0.3349   5.38
    17084       0.3353   5.38
    17085       0.3346   5.38
    17086       0.3354   5.38
    17087       0.3344   5.38
    17088       0.3350   5.38
    17089       0.3354   5.38
    17090       0.3351   5.38
    17091       0.3344   5.38
    17092       0.3351   5.38
    17093       0.3349   5.38
    17094       0.3345   5.38
    17095       0.3348   5.38
    17096       0.3349   5.38
    17097       0.3346   5.38
    17098       0.3360   5.38
    17099       0.3351   5.38
    17100       0.3340   5.38
    17101       0.3344   5.38
    17102       0.3355   5.38
    17103       0.3348   5.38
    17104       0.3356   5.38
    17105       0.3349   5.38
    17106       0.3348   5.38
    17107       0.3354   5.38
    17108       0.3349   5.38
    17109       0.3340   5.38
    17110       0.3347   5.38
    17111       0.3355   5.38
    17112       0.3351   5.38
    17113       0.3344   5.38
    17114       0.3345   5.38
    17115       0.3352   5.38
    17116       0.3344   5.38
    17117       0.3353   5.38
    17118       0.3352   5.38
    17119       0.3343   5.38
    17120       0.3355   5.38
    17121       0.3356   5.38
    17122       0.3350   5.38
    17123       0.3355   5.38
    17124       0.3350   5.38
    17125       0.3343   5.38
    17126       0.3348   5.38
    17127       0.3349   5.38
    17128       0.3344   5.38
    17129       0.3349   5.38
    17130       0.3351   5.38
    17131       0.3343   5.38
    17132       0.3352   5.38
    17133       0.3358   5.38
    17134       0.3349   5.38
    17135       0.3343   5.38
    17136       0.3349   5.39
    17137       0.3352   5.38
    17138       0.3342   5.38
    17139       0.3356   5.38
    17140       0.3338   5.38
    17141       0.3355   5.38
    17142       0.3351   5.38
    17143       0.3342   5.38
    17144       0.3354   5.38
    17145       0.3353   5.38
    17146       0.3349   5.38
    17147       0.3349   5.38
    17148       0.3354   5.39
    17149       0.3344   5.38
    17150       0.3357   5.38
    17151       0.3350   5.38
    17152       0.3340   5.38
    17153       0.3352   5.38
    17154       0.3366   5.38
    17155       0.3350   5.38
    17156       0.3350   5.38
    17157       0.3350   5.38
    17158       0.3349   5.38
    17159       0.3354   5.38
    17160       0.3358   5.38
    17161       0.3341   5.38
    17162       0.3343   5.38
    17163       0.3350   5.38
    17164       0.3335   5.38
    17165       0.3350   5.38
    17166       0.3350   5.38
    17167       0.3349   5.38
    17168       0.3342   5.38
    17169       0.3353   5.38
    17170       0.3356   5.38
    17171       0.3342   5.38
    17172       0.3353   5.38
    17173       0.3362   5.38
    17174       0.3343   5.38
    17175       0.3348   5.38
    17176       0.3345   5.38
    17177       0.3333   5.38
    17178       0.3356   5.38
    17179       0.3362   5.38
    17180       0.3346   5.38
    17181       0.3352   5.38
    17182       0.3350   5.38
    17183       0.3347   5.38
    17184       0.3354   5.38
    17185       0.3348   5.38
    17186       0.3350   5.38
    17187       0.3351   5.38
    17188       0.3355   5.38
    17189       0.3343   5.38
    17190       0.3355   5.38
    17191       0.3346   5.38
    17192       0.3351   5.38
    17193       0.3353   5.38
    17194       0.3348   5.38
    17195       0.3345   5.38
    17196       0.3356   5.38
    17197       0.3367   5.38
    17198       0.3349   5.38
    17199       0.3357   5.38
    17200       0.3350   5.38
    17201       0.3340   5.39
    17202       0.3355   5.39
    17203       0.3346   5.39
    17204       0.3349   5.38
    17205       0.3351   5.38
    17206       0.3355   5.38
    17207       0.3353   5.38
    17208       0.3352   5.38
    17209       0.3350   5.38
    17210       0.3351   5.38
    17211       0.3347   5.38
    17212       0.3350   5.38
    17213       0.3349   5.38
    17214       0.3357   5.38
    17215       0.3359   5.38
    17216       0.3352   5.38
    17217       0.3351   5.38
    17218       0.3349   5.38
    17219       0.3336   5.38
    17220       0.3350   5.38
    17221       0.3351   5.38
    17222       0.3360   5.38
    17223       0.3354   5.38
    17224       0.3352   5.38
    17225       0.3358   5.38
    17226       0.3329   5.38
    17227       0.3351   5.38
    17228       0.3350   5.38
    17229       0.3337   5.38
    17230       0.3350   5.38
    17231       0.3356   5.38
    17232       0.3347   5.38
    17233       0.3353   5.38
    17234       0.3359   5.38
    17235       0.3348   5.38
    17236       0.3352   5.38
    17237       0.3352   5.38
    17238       0.3345   5.38
    17239       0.3354   5.38
    17240       0.3354   5.38
    17241       0.3331   5.38
    17242       0.3353   5.38
    17243       0.3349   5.38
    17244       0.3335   5.38
    17245       0.3344   5.38
    17246       0.3356   5.38
    17247       0.3353   5.38
    17248       0.3364   5.38
    17249       0.3354   5.38
    17250       0.3341   5.38
    17251       0.3342   5.38
    17252       0.3352   5.38
    17253       0.3345   5.38
    17254       0.3355   5.38
    17255       0.3350   5.38
    17256       0.3339   5.38
    17257       0.3347   5.38
    17258       0.3350   5.38
    17259       0.3353   5.38
    17260       0.3343   5.38
    17261       0.3351   5.38
    17262       0.3338   5.38
    17263       0.3352   5.38
    17264       0.3350   5.38
    17265       0.3345   5.38
    17266       0.3344   5.38
    17267       0.3347   5.38
    17268       0.3336   5.38
    17269       0.3349   5.38
    17270       0.3349   5.38
    17271       0.3340   5.38
    17272       0.3355   5.38
    17273       0.3354   5.39
    17274       0.3350   5.39
    17275       0.3348   5.39
    17276       0.3354   5.38
    17277       0.3346   5.38
    17278       0.3336   5.38
    17279       0.3350   5.38
    17280       0.3347   5.38
    17281       0.3349   5.38
    17282       0.3349   5.38
    17283       0.3342   5.38
    17284       0.3348   5.38
    17285       0.3349   5.38
    17286       0.3345   5.38
    17287       0.3334   5.38
    17288       0.3349   5.38
    17289       0.3351   5.38
    17290       0.3334   5.38
    17291       0.3347   5.38
    17292       0.3355   5.38
    17293       0.3350   5.38
    17294       0.3357   5.38
    17295       0.3351   5.38
    17296       0.3353   5.38
    17297       0.3350   5.38
    17298       0.3348   5.38
    17299       0.3346   5.38
    17300       0.3361   5.38
    17301       0.3361   5.38
    17302       0.3346   5.38
    17303       0.3349   5.38
    17304       0.3355   5.38
    17305       0.3345   5.38
    17306       0.3355   5.38
    17307       0.3440   5.38
    17308       0.3349   5.38
    17309       0.3358   5.38
    17310       0.3358   5.38
    17311       0.3356   5.38
    17312       0.3348   5.38
    17313       0.3353   5.38
    17314       0.3354   5.38
    17315       0.3355   5.38
    17316       0.3354   5.38
    17317       0.3354   5.38
    17318       0.3352   5.38
    17319       0.3355   5.38
    17320       0.3348   5.38
    17321       0.3350   5.38
    17322       0.3356   5.38
    17323       0.3349   5.38
    17324       0.3357   5.38
    17325       0.3355   5.38
    17326       0.3342   5.38
    17327       0.3340   5.38
    17328       0.3349   5.38
    17329       0.3359   5.38
    17330       0.3344   5.38
    17331       0.3354   5.38
    17332       0.3353   5.38
    17333       0.3342   5.38
    17334       0.3353   5.38
    17335       0.3348   5.38
    17336       0.3346   5.38
    17337       0.3354   5.38
    17338       0.3348   5.38
    17339       0.3356   5.38
    17340       0.3348   5.38
    17341       0.3353   5.38
    17342       0.3342   5.38
    17343       0.3355   5.38
    17344       0.3355   5.38
    17345       0.3351   5.38
    17346       0.3346   5.38
    17347       0.3341   5.38
    17348       0.3340   5.39
    17349       0.3355   5.39
    17350       0.3347   5.38
    17351       0.3345   5.38
    17352       0.3350   5.38
    17353       0.3349   5.38
    17354       0.3350   5.38
    17355       0.3353   5.38
    17356       0.3349   5.38
    17357       0.3342   5.38
    17358       0.3353   5.38
    17359       0.3347   5.38
    17360       0.3348   5.38
    17361       0.3355   5.38
    17362       0.3349   5.38
    17363       0.3348   5.38
    17364       0.3355   5.38
    17365       0.3352   5.38
    17366       0.3349   5.38
    17367       0.3353   5.38
    17368       0.3350   5.38
    17369       0.3336   5.38
    17370       0.3349   5.38
    17371       0.3357   5.38
    17372       0.3350   5.38
    17373       0.3356   5.38
    17374       0.3351   5.38
    17375       0.3342   5.38
    17376       0.3354   5.38
    17377       0.3355   5.38
    17378       0.3356   5.38
    17379       0.3356   5.38
    17380       0.3346   5.38
    17381       0.3346   5.38
    17382       0.3357   5.38
    17383       0.3360   5.38
    17384       0.3353   5.38
    17385       0.3339   5.38
    17386       0.3354   5.38
    17387       0.3350   5.38
    17388       0.3348   5.38
    17389       0.3353   5.38
    17390       0.3349   5.38
    17391       0.3351   5.38
    17392       0.3353   5.38
    17393       0.3349   5.38
    17394       0.3345   5.38
    17395       0.3351   5.38
    17396       0.3347   5.38
    17397       0.3351   5.38
    17398       0.3362   5.38
    17399       0.3363   5.38
    17400       0.3344   5.38
    17401       0.3351   5.38
    17402       0.3351   5.38
    17403       0.3353   5.38
    17404       0.3352   5.38
    17405       0.3356   5.38
    17406       0.3341   5.38
    17407       0.3359   5.38
    17408       0.3356   5.38
    17409       0.3347   5.38
    17410       0.3349   5.38
    17411       0.3351   5.38
    17412       0.3348   5.38
    17413       0.3357   5.38
    17414       0.3354   5.38
    17415       0.3339   5.38
    17416       0.3354   5.38
    17417       0.3355   5.38
    17418       0.3347   5.38
    17419       0.3360   5.38
    17420       0.3354   5.38
    17421       0.3347   5.38
    17422       0.3348   5.38
    17423       0.3354   5.38
    17424       0.3352   5.38
    17425       0.3350   5.38
    17426       0.3349   5.38
    17427       0.3341   5.38
    17428       0.3350   5.38
    17429       0.3347   5.38
    17430       0.3348   5.38
    17431       0.3354   5.38
    17432       0.3351   5.38
    17433       0.3342   5.38
    17434       0.3354   5.38
    17435       0.3355   5.38
    17436       0.3356   5.38
    17437       0.3342   5.38
    17438       0.3332   5.38
    17439       0.3358   5.38
    17440       0.3349   5.38
    17441       0.3355   5.38
    17442       0.3351   5.38
    17443       0.3344   5.38
    17444       0.3346   5.38
    17445       0.3344   5.38
    17446       0.3347   5.38
    17447       0.3354   5.38
    17448       0.3346   5.38
    17449       0.3352   5.38
    17450       0.3350   5.38
    17451       0.3352   5.38
    17452       0.3350   5.38
    17453       0.3344   5.38
    17454       0.3351   5.38
    17455       0.3347   5.38
    17456       0.3349   5.38
    17457       0.3354   5.38
    17458       0.3340   5.38
    17459       0.3355   5.38
    17460       0.3353   5.38
    17461       0.3347   5.39
    17462       0.3353   5.39
    17463       0.3356   5.38
    17464       0.3358   5.38
    17465       0.3357   5.38
    17466       0.3360   5.38
    17467       0.3353   5.38
    17468       0.3356   5.38
    17469       0.3352   5.38
    17470       0.3349   5.38
    17471       0.3348   5.38
    17472       0.3350   5.38
    17473       0.3344   5.38
    17474       0.3352   5.38
    17475       0.3345   5.38
    17476       0.3354   5.38
    17477       0.3349   5.38
    17478       0.3350   5.38
    17479       0.3340   5.38
    17480       0.3357   5.38
    17481       0.3351   5.38
    17482       0.3342   5.38
    17483       0.3355   5.38
    17484       0.3355   5.38
    17485       0.3346   5.38
    17486       0.3358   5.38
    17487       0.3353   5.38
    17488       0.3345   5.38
    17489       0.3337   5.38
    17490       0.3350   5.38
    17491       0.3356   5.38
    17492       0.3348   5.38
    17493       0.3355   5.38
    17494       0.3355   5.38
    17495       0.3345   5.38
    17496       0.3350   5.38
    17497       0.3357   5.38
    17498       0.3336   5.38
    17499       0.3338   5.38
    17500       0.3354   5.38
    17501       0.3354   5.38
    17502       0.3353   5.38
    17503       0.3357   5.38
    17504       0.3347   5.38
    17505       0.3354   5.38
    17506       0.3355   5.38
    17507       0.3352   5.38
    17508       0.3354   5.38
    17509       0.3351   5.38
    17510       0.3348   5.38
    17511       0.3353   5.38
    17512       0.3343   5.38
    17513       0.3350   5.38
    17514       0.3349   5.38
    17515       0.3352   5.38
    17516       0.3336   5.38
    17517       0.3351   5.38
    17518       0.3350   5.38
    17519       0.3350   5.38
    17520       0.3343   5.38
    17521       0.3349   5.38
    17522       0.3347   5.38
    17523       0.3348   5.38
    17524       0.3351   5.39
    17525       0.3354   5.39
    17526       0.3353   5.39
    17527       0.3348   5.38
    17528       0.3346   5.38
    17529       0.3347   5.38
    17530       0.3353   5.38
    17531       0.3342   5.38
    17532       0.3352   5.38
    17533       0.3360   5.38
    17534       0.3348   5.38
    17535       0.3349   5.38
    17536       0.3344   5.38
    17537       0.3351   5.38
    17538       0.3356   5.38
    17539       0.3354   5.38
    17540       0.3347   5.38
    17541       0.3351   5.38
    17542       0.3353   5.38
    17543       0.3359   5.38
    17544       0.3345   5.38
    17545       0.3349   5.38
    17546       0.3359   5.38
    17547       0.3351   5.38
    17548       0.3348   5.38
    17549       0.3353   5.38
    17550       0.3346   5.38
    17551       0.3349   5.38
    17552       0.3348   5.38
    17553       0.3352   5.39
    17554       0.3353   5.39
    17555       0.3347   5.38
    17556       0.3344   5.38
    17557       0.3351   5.38
    17558       0.3358   5.38
    17559       0.3341   5.38
    17560       0.3358   5.38
    17561       0.3351   5.38
    17562       0.3351   5.38
    17563       0.3362   5.38
    17564       0.3362   5.38
    17565       0.3349   5.38
    17566       0.3358   5.38
    17567       0.3357   5.38
    17568       0.3349   5.38
    17569       0.3354   5.38
    17570       0.3358   5.38
    17571       0.3347   5.38
    17572       0.3355   5.38
    17573       0.3358   5.38
    17574       0.3352   5.38
    17575       0.3353   5.38
    17576       0.3352   5.38
    17577       0.3357   5.38
    17578       0.3356   5.38
    17579       0.3357   5.38
    17580       0.3348   5.38
    17581       0.3356   5.38
    17582       0.3359   5.38
    17583       0.3346   5.38
    17584       0.3356   5.38
    17585       0.3349   5.38
    17586       0.3337   5.38
    17587       0.3347   5.38
    17588       0.3351   5.38
    17589       0.3343   5.38
    17590       0.3355   5.38
    17591       0.3358   5.38
    17592       0.3352   5.38
    17593       0.3349   5.38
    17594       0.3359   5.38
    17595       0.3354   5.38
    17596       0.3340   5.38
    17597       0.3352   5.38
    17598       0.3356   5.38
    17599       0.3347   5.38
    17600       0.3356   5.38
    17601       0.3354   5.38
    17602       0.3348   5.38
    17603       0.3448   5.38
    17604       0.3349   5.38
    17605       0.3343   5.38
    17606       0.3350   5.38
    17607       0.3343   5.38
    17608       0.3344   5.38
    17609       0.3354   5.38
    17610       0.3343   5.38
    17611       0.3347   5.38
    17612       0.3360   5.38
    17613       0.3357   5.38
    17614       0.3345   5.38
    17615       0.3349   5.38
    17616       0.3355   5.38
    17617       0.3339   5.38
    17618       0.3351   5.38
    17619       0.3351   5.38
    17620       0.3344   5.38
    17621       0.3355   5.38
    17622       0.3347   5.38
    17623       0.3356   5.38
    17624       0.3357   5.38
    17625       0.3355   5.38
    17626       0.3342   5.38
    17627       0.3356   5.38
    17628       0.3350   5.38
    17629       0.3351   5.38
    17630       0.3348   5.38
    17631       0.3353   5.38
    17632       0.3352   5.38
    17633       0.3350   5.38
    17634       0.3351   5.38
    17635       0.3350   5.38
    17636       0.3355   5.38
    17637       0.3358   5.38
    17638       0.3339   5.38
    17639       0.3348   5.38
    17640       0.3350   5.38
    17641       0.3344   5.38
    17642       0.3358   5.38
    17643       0.3360   5.38
    17644       0.3359   5.38
    17645       0.3335   5.38
    17646       0.3346   5.38
    17647       0.3351   5.38
    17648       0.3349   5.38
    17649       0.3348   5.38
    17650       0.3358   5.38
    17651       0.3349   5.38
    17652       0.3350   5.38
    17653       0.3358   5.38
    17654       0.3350   5.38
    17655       0.3354   5.38
    17656       0.3352   5.38
    17657       0.3347   5.38
    17658       0.3355   5.38
    17659       0.3346   5.38
    17660       0.3342   5.38
    17661       0.3358   5.38
    17662       0.3350   5.38
    17663       0.3337   5.38
    17664       0.3354   5.38
    17665       0.3350   5.38
    17666       0.3351   5.38
    17667       0.3352   5.38
    17668       0.3354   5.38
    17669       0.3343   5.38
    17670       0.3351   5.38
    17671       0.3356   5.38
    17672       0.3350   5.38
    17673       0.3356   5.38
    17674       0.3354   5.38
    17675       0.3347   5.38
    17676       0.3351   5.38
    17677       0.3347   5.38
    17678       0.3347   5.38
    17679       0.3352   5.38
    17680       0.3359   5.38
    17681       0.3348   5.38
    17682       0.3353   5.38
    17683       0.3347   5.38
    17684       0.3339   5.38
    17685       0.3352   5.38
    17686       0.3348   5.38
    17687       0.3336   5.38
    17688       0.3349   5.38
    17689       0.3360   5.38
    17690       0.3342   5.38
    17691       0.3346   5.38
    17692       0.3359   5.38
    17693       0.3347   5.38
    17694       0.3355   5.38
    17695       0.3350   5.38
    17696       0.3344   5.38
    17697       0.3347   5.38
    17698       0.3355   5.38
    17699       0.3354   5.38
    17700       0.3347   5.38
    17701       0.3345   5.38
    17702       0.3352   5.38
    17703       0.3342   5.38
    17704       0.3357   5.38
    17705       0.3358   5.38
    17706       0.3345   5.38
    17707       0.3357   5.38
    17708       0.3358   5.38
    17709       0.3352   5.38
    17710       0.3350   5.38
    17711       0.3344   5.38
    17712       0.3350   5.38
    17713       0.3358   5.38
    17714       0.3352   5.38
    17715       0.3352   5.38
    17716       0.3359   5.38
    17717       0.3357   5.38
    17718       0.3354   5.38
    17719       0.3358   5.38
    17720       0.3355   5.38
    17721       0.3356   5.38
    17722       0.3351   5.38
    17723       0.3358   5.38
    17724       0.3351   5.38
    17725       0.3353   5.38
    17726       0.3347   5.38
    17727       0.3339   5.38
    17728       0.3345   5.38
    17729       0.3352   5.38
    17730       0.3352   5.38
    17731       0.3357   5.38
    17732       0.3349   5.38
    17733       0.3346   5.38
    17734       0.3348   5.38
    17735       0.3353   5.38
    17736       0.3346   5.38
    17737       0.3354   5.38
    17738       0.3346   5.38
    17739       0.3347   5.38
    17740       0.3349   5.38
    17741       0.3353   5.38
    17742       0.3348   5.38
    17743       0.3351   5.38
    17744       0.3350   5.38
    17745       0.3349   5.38
    17746       0.3359   5.38
    17747       0.3355   5.38
    17748       0.3349   5.38
    17749       0.3350   5.38
    17750       0.3351   5.38
    17751       0.3357   5.38
    17752       0.3359   5.38
    17753       0.3354   5.38
    17754       0.3356   5.38
    17755       0.3347   5.37
    17756       0.3355   5.37
    17757       0.3354   5.38
    17758       0.3353   5.38
    17759       0.3351   5.38
    17760       0.3354   5.38
    17761       0.3345   5.38
    17762       0.3351   5.38
    17763       0.3353   5.38
    17764       0.3352   5.38
    17765       0.3345   5.38
    17766       0.3353   5.38
    17767       0.3346   5.38
    17768       0.3352   5.38
    17769       0.3353   5.38
    17770       0.3357   5.38
    17771       0.3353   5.38
    17772       0.3355   5.38
    17773       0.3350   5.38
    17774       0.3346   5.38
    17775       0.3351   5.38
    17776       0.3346   5.38
    17777       0.3349   5.38
    17778       0.3356   5.38
    17779       0.3349   5.38
    17780       0.3352   5.38
    17781       0.3357   5.38
    17782       0.3347   5.38
    17783       0.3356   5.38
    17784       0.3340   5.38
    17785       0.3346   5.38
    17786       0.3349   5.38
    17787       0.3348   5.38
    17788       0.3345   5.38
    17789       0.3356   5.38
    17790       0.3358   5.38
    17791       0.3338   5.38
    17792       0.3358   5.38
    17793       0.3359   5.38
    17794       0.3349   5.38
    17795       0.3360   5.38
    17796       0.3350   5.38
    17797       0.3344   5.38
    17798       0.3352   5.38
    17799       0.3361   5.38
    17800       0.3340   5.38
    17801       0.3355   5.38
    17802       0.3356   5.38
    17803       0.3354   5.38
    17804       0.3344   5.38
    17805       0.3351   5.38
    17806       0.3354   5.38
    17807       0.3351   5.38
    17808       0.3352   5.38
    17809       0.3355   5.38
    17810       0.3351   5.38
    17811       0.3352   5.38
    17812       0.3355   5.38
    17813       0.3341   5.38
    17814       0.3354   5.38
    17815       0.3350   5.38
    17816       0.3344   5.38
    17817       0.3352   5.38
    17818       0.3347   5.38
    17819       0.3351   5.38
    17820       0.3357   5.38
    17821       0.3350   5.38
    17822       0.3348   5.38
    17823       0.3356   5.38
    17824       0.3348   5.38
    17825       0.3339   5.38
    17826       0.3351   5.38
    17827       0.3352   5.38
    17828       0.3349   5.38
    17829       0.3350   5.38
    17830       0.3355   5.38
    17831       0.3353   5.38
    17832       0.3362   5.38
    17833       0.3364   5.38
    17834       0.3350   5.38
    17835       0.3348   5.38
    17836       0.3349   5.38
    17837       0.3344   5.38
    17838       0.3344   5.38
    17839       0.3343   5.38
    17840       0.3338   5.38
    17841       0.3356   5.38
    17842       0.3348   5.38
    17843       0.3356   5.38
    17844       0.3353   5.38
    17845       0.3349   5.38
    17846       0.3337   5.38
    17847       0.3352   5.38
    17848       0.3347   5.38
    17849       0.3341   5.39
    17850       0.3349   5.39
    17851       0.3348   5.39
    17852       0.3335   5.38
    17853       0.3353   5.38
    17854       0.3351   5.38
    17855       0.3337   5.38
    17856       0.3351   5.38
    17857       0.3352   5.38
    17858       0.3350   5.38
    17859       0.3342   5.38
    17860       0.3348   5.38
    17861       0.3346   5.38
    17862       0.3338   5.38
    17863       0.3353   5.38
    17864       0.3349   5.38
    17865       0.3336   5.38
    17866       0.3351   5.38
    17867       0.3352   5.38
    17868       0.3342   5.38
    17869       0.3349   5.38
    17870       0.3353   5.38
    17871       0.3351   5.38
    17872       0.3354   5.38
    17873       0.3348   5.38
    17874       0.3337   5.38
    17875       0.3348   5.38
    17876       0.3350   5.38
    17877       0.3342   5.38
    17878       0.3347   5.38
    17879       0.3347   5.38
    17880       0.3343   5.38
    17881       0.3354   5.38
    17882       0.3346   5.38
    17883       0.3339   5.38
    17884       0.3351   5.38
    17885       0.3348   5.38
    17886       0.3351   5.38
    17887       0.3352   5.38
    17888       0.3348   5.38
    17889       0.3344   5.38
    17890       0.3350   5.38
    17891       0.3354   5.38
    17892       0.3344   5.38
    17893       0.3353   5.38
    17894       0.3356   5.39
    17895       0.3341   5.39
    17896       0.3357   5.39
    17897       0.3352   5.38
    17898       0.3341   5.38
    17899       0.3349   5.38
    17900       0.3354   5.38
    17901       0.3343   5.38
    17902       0.3361   5.38
    17903       0.3356   5.38
    17904       0.3343   5.38
    17905       0.3350   5.38
    17906       0.3348   5.38
    17907       0.3339   5.38
    17908       0.3349   5.38
    17909       0.3354   5.38
    17910       0.3341   5.38
    17911       0.3348   5.38
    17912       0.3349   5.38
    17913       0.3355   5.38
    17914       0.3344   5.38
    17915       0.3355   5.38
    17916       0.3353   5.38
    17917       0.3343   5.38
    17918       0.3348   5.38
    17919       0.3349   5.38
    17920       0.3342   5.38
    17921       0.3344   5.38
    17922       0.3345   5.38
    17923       0.3344   5.38
    17924       0.3348   5.38
    17925       0.3453   5.39
    17926       0.3349   5.38
    17927       0.3355   5.38
    17928       0.3356   5.38
    17929       0.3346   5.38
    17930       0.3351   5.38
    17931       0.3351   5.38
    17932       0.3351   5.38
    17933       0.3343   5.38
    17934       0.3349   5.38
    17935       0.3346   5.38
    17936       0.3356   5.38
    17937       0.3354   5.38
    17938       0.3339   5.38
    17939       0.3358   5.38
    17940       0.3356   5.38
    17941       0.3344   5.38
    17942       0.3348   5.38
    17943       0.3343   5.39
    17944       0.3348   5.39
    17945       0.3346   5.39
    17946       0.3354   5.38
    17947       0.3349   5.38
    17948       0.3360   5.38
    17949       0.3362   5.38
    17950       0.3345   5.38
    17951       0.3352   5.38
    17952       0.3347   5.38
    17953       0.3347   5.38
    17954       0.3354   5.38
    17955       0.3346   5.39
    17956       0.3348   5.39
    17957       0.3351   5.39
    17958       0.3357   5.38
    17959       0.3347   5.38
    17960       0.3347   5.38
    17961       0.3353   5.38
    17962       0.3344   5.39
    17963       0.3351   5.39
    17964       0.3351   5.39
    17965       0.3343   5.38
    17966       0.3352   5.38
    17967       0.3355   5.38
    17968       0.3356   5.38
    17969       0.3335   5.38
    17970       0.3348   5.38
    17971       0.3356   5.38
    17972       0.3342   5.38
    17973       0.3351   5.38
    17974       0.3345   5.38
    17975       0.3350   5.38
    17976       0.3346   5.38
    17977       0.3343   5.38
    17978       0.3345   5.39
    17979       0.3346   5.39
    17980       0.3352   5.38
    17981       0.3345   5.38
    17982       0.3353   5.38
    17983       0.3359   5.38
    17984       0.3349   5.39
    17985       0.3346   5.39
    17986       0.3352   5.38
    17987       0.3342   5.38
    17988       0.3351   5.38
    17989       0.3350   5.38
    17990       0.3345   5.38
    17991       0.3356   5.38
    17992       0.3351   5.39
    17993       0.3343   5.38
    17994       0.3352   5.38
    17995       0.3348   5.38
    17996       0.3344   5.39
    17997       0.3356   5.39
    17998       0.3354   5.38
    17999       0.3346   5.39
    18000       0.3355   5.39
    18001       0.3351   5.39
    18002       0.3350   5.39
    18003       0.3353   5.39
    18004       0.3351   5.38
    18005       0.3356   5.38
    18006       0.3351   5.38
    18007       0.3353   5.38
    18008       0.3339   5.39
    18009       0.3348   5.39
    18010       0.3352   5.38
    18011       0.3343   5.38
    18012       0.3358   5.38
    18013       0.3360   5.38
    18014       0.3343   5.39
    18015       0.3352   5.39
    18016       0.3351   5.39
    18017       0.3346   5.39
    18018       0.3345   5.39
    18019       0.3345   5.38
    18020       0.3347   5.38
    18021       0.3356   5.38
    18022       0.3355   5.38
    18023       0.3349   5.39
    18024       0.3341   5.38
    18025       0.3351   5.38
    18026       0.3350   5.39
    18027       0.3342   5.38
    18028       0.3353   5.38
    18029       0.3349   5.38
    18030       0.3344   5.38
    18031       0.3356   5.38
    18032       0.3357   5.38
    18033       0.3338   5.38
    18034       0.3352   5.38
    18035       0.3350   5.38
    18036       0.3341   5.39
    18037       0.3358   5.39
    18038       0.3358   5.39
    18039       0.3343   5.39
    18040       0.3348   5.39
    18041       0.3353   5.38
    18042       0.3342   5.38
    18043       0.3352   5.38
    18044       0.3355   5.38
    18045       0.3351   5.38
    18046       0.3351   5.38
    18047       0.3351   5.38
    18048       0.3344   5.38
    18049       0.3351   5.38
    18050       0.3352   5.38
    18051       0.3343   5.38
    18052       0.3351   5.38
    18053       0.3350   5.38
    18054       0.3339   5.38
    18055       0.3355   5.38
    18056       0.3354   5.39
    18057       0.3343   5.38
    18058       0.3351   5.38
    18059       0.3346   5.38
    18060       0.3345   5.38
    18061       0.3356   5.38
    18062       0.3346   5.38
    18063       0.3336   5.39
    18064       0.3352   5.39
    18065       0.3343   5.38
    18066       0.3347   5.38
    18067       0.3354   5.38
    18068       0.3351   5.39
    18069       0.3335   5.38
    18070       0.3351   5.38
    18071       0.3345   5.38
    18072       0.3344   5.38
    18073       0.3349   5.38
    18074       0.3355   5.38
    18075       0.3348   5.38
    18076       0.3350   5.38
    18077       0.3352   5.38
    18078       0.3351   5.38
    18079       0.3344   5.38
    18080       0.3350   5.38
    18081       0.3344   5.39
    18082       0.3340   5.39
    18083       0.3348   5.39
    18084       0.3346   5.39
    18085       0.3344   5.39
    18086       0.3352   5.39
    18087       0.3344   5.38
    18088       0.3348   5.38
    18089       0.3356   5.38
    18090       0.3351   5.38
    18091       0.3344   5.38
    18092       0.3351   5.38
    18093       0.3356   5.38
    18094       0.3343   5.38
    18095       0.3347   5.38
    18096       0.3355   5.38
    18097       0.3346   5.38
    18098       0.3346   5.38
    18099       0.3359   5.38
    18100       0.3358   5.39
    18101       0.3344   5.39
    18102       0.3350   5.39
    18103       0.3339   5.38
    18104       0.3368   5.38
    18105       0.3346   5.39
    18106       0.3345   5.39
    18107       0.3348   5.39
    18108       0.3349   5.38
    18109       0.3341   5.39
    18110       0.3351   5.39
    18111       0.3350   5.39
    18112       0.3346   5.38
    18113       0.3349   5.38
    18114       0.3354   5.38
    18115       0.3353   5.38
    18116       0.3350   5.38
    18117       0.3341   5.38
    18118       0.3346   5.38
    18119       0.3348   5.38
    18120       0.3353   5.38
    18121       0.3346   5.38
    18122       0.3353   5.38
    18123       0.3350   5.38
    18124       0.3340   5.38
    18125       0.3348   5.38
    18126       0.3349   5.38
    18127       0.3335   5.39
    18128       0.3356   5.39
    18129       0.3350   5.38
    18130       0.3339   5.38
    18131       0.3358   5.38
    18132       0.3353   5.38
    18133       0.3348   5.38
    18134       0.3355   5.38
    18135       0.3352   5.39
    18136       0.3354   5.38
    18137       0.3341   5.38
    18138       0.3344   5.38
    18139       0.3349   5.38
    18140       0.3336   5.39
    18141       0.3359   5.39
    18142       0.3345   5.39
    18143       0.3339   5.38
    18144       0.3354   5.38
    18145       0.3350   5.38
    18146       0.3351   5.38
    18147       0.3356   5.38
    18148       0.3357   5.38
    18149       0.3346   5.39
    18150       0.3353   5.39
    18151       0.3350   5.39
    18152       0.3344   5.38
    18153       0.3350   5.38
    18154       0.3355   5.38
    18155       0.3337   5.38
    18156       0.3344   5.38
    18157       0.3349   5.39
    18158       0.3352   5.39
    18159       0.3352   5.39
    18160       0.3348   5.38
    18161       0.3340   5.38
    18162       0.3347   5.38
    18163       0.3350   5.38
    18164       0.3339   5.39
    18165       0.3354   5.39
    18166       0.3342   5.39
    18167       0.3336   5.38
    18168       0.3342   5.38
    18169       0.3356   5.38
    18170       0.3354   5.39
    18171       0.3354   5.39
    18172       0.3354   5.39
    18173       0.3347   5.38
    18174       0.3356   5.38
    18175       0.3357   5.38
    18176       0.3348   5.38
    18177       0.3356   5.38
    18178       0.3354   5.38
    18179       0.3346   5.39
    18180       0.3359   5.39
    18181       0.3349   5.38
    18182       0.3344   5.38
    18183       0.3351   5.38
    18184       0.3350   5.38
    18185       0.3349   5.38
    18186       0.3344   5.38
    18187       0.3351   5.38
    18188       0.3351   5.38
    18189       0.3351   5.38
    18190       0.3352   5.38
    18191       0.3351   5.38
    18192       0.3342   5.39
    18193       0.3358   5.39
    18194       0.3357   5.38
    18195       0.3339   5.38
    18196       0.3354   5.38
    18197       0.3346   5.38
    18198       0.3348   5.38
    18199       0.3356   5.38
    18200       0.3359   5.38
    18201       0.3348   5.38
    18202       0.3351   5.38
    18203       0.3354   5.39
    18204       0.3341   5.38
    18205       0.3348   5.38
    18206       0.3355   5.39
    18207       0.3352   5.38
    18208       0.3348   5.38
    18209       0.3341   5.38
    18210       0.3342   5.38
    18211       0.3355   5.38
    18212       0.3351   5.38
    18213       0.3328   5.38
    18214       0.3352   5.38
    18215       0.3349   5.38
    18216       0.3334   5.38
    18217       0.3348   5.38
    18218       0.3351   5.38
    18219       0.3341   5.38
    18220       0.3355   5.38
    18221       0.3353   5.39
    18222       0.3346   5.39
    18223       0.3452   5.39
    18224       0.3352   5.38
    18225       0.3335   5.38
    18226       0.3347   5.38
    18227       0.3348   5.38
    18228       0.3345   5.38
    18229       0.3351   5.38
    18230       0.3349   5.38
    18231       0.3353   5.38
    18232       0.3350   5.38
    18233       0.3354   5.38
    18234       0.3345   5.39
    18235       0.3353   5.39
    18236       0.3353   5.38
    18237       0.3338   5.38
    18238       0.3351   5.38
    18239       0.3353   5.38
    18240       0.3342   5.38
    18241       0.3348   5.38
    18242       0.3345   5.38
    18243       0.3345   5.38
    18244       0.3345   5.38
    18245       0.3350   5.38
    18246       0.3349   5.38
    18247       0.3341   5.38
    18248       0.3350   5.38
    18249       0.3347   5.38
    18250       0.3347   5.39
    18251       0.3352   5.39
    18252       0.3342   5.39
    18253       0.3353   5.38
    18254       0.3354   5.38
    18255       0.3356   5.39
    18256       0.3347   5.39
    18257       0.3348   5.39
    18258       0.3355   5.38
    18259       0.3347   5.38
    18260       0.3354   5.38
    18261       0.3353   5.38
    18262       0.3336   5.38
    18263       0.3354   5.38
    18264       0.3347   5.38
    18265       0.3344   5.38
    18266       0.3342   5.38
    18267       0.3344   5.38
    18268       0.3344   5.38
    18269       0.3345   5.38
    18270       0.3346   5.39
    18271       0.3348   5.38
    18272       0.3352   5.38
    18273       0.3351   5.38
    18274       0.3343   5.38
    18275       0.3353   5.38
    18276       0.3350   5.38
    18277       0.3348   5.38
    18278       0.3354   5.38
    18279       0.3346   5.38
    18280       0.3338   5.38
    18281       0.3358   5.38
    18282       0.3351   5.39
    18283       0.3341   5.38
    18284       0.3353   5.38
    18285       0.3345   5.38
    18286       0.3339   5.38
    18287       0.3356   5.38
    18288       0.3351   5.39
    18289       0.3350   5.38
    18290       0.3348   5.38
    18291       0.3354   5.38
    18292       0.3355   5.38
    18293       0.3352   5.38
    18294       0.3354   5.38
    18295       0.3337   5.38
    18296       0.3354   5.38
    18297       0.3351   5.38
    18298       0.3348   5.38
    18299       0.3353   5.38
    18300       0.3348   5.39
    18301       0.3349   5.39
    18302       0.3348   5.39
    18303       0.3352   5.39
    18304       0.3358   5.38
    18305       0.3345   5.39
    18306       0.3351   5.39
    18307       0.3355   5.38
    18308       0.3349   5.38
    18309       0.3352   5.38
    18310       0.3354   5.38
    18311       0.3344   5.38
    18312       0.3353   5.38
    18313       0.3356   5.38
    18314       0.3336   5.38
    18315       0.3344   5.38
    18316       0.3352   5.38
    18317       0.3343   5.39
    18318       0.3350   5.39
    18319       0.3356   5.38
    18320       0.3352   5.38
    18321       0.3354   5.38
    18322       0.3358   5.38
    18323       0.3342   5.38
    18324       0.3350   5.38
    18325       0.3353   5.39
    18326       0.3349   5.38
    18327       0.3349   5.38
    18328       0.3348   5.38
    18329       0.3347   5.38
    18330       0.3349   5.38
    18331       0.3356   5.38
    18332       0.3348   5.38
    18333       0.3344   5.38
    18334       0.3348   5.38
    18335       0.3335   5.39
    18336       0.3337   5.39
    18337       0.3348   5.38
    18338       0.3337   5.38
    18339       0.3345   5.38
    18340       0.3350   5.38
    18341       0.3343   5.39
    18342       0.3353   5.39
    18343       0.3347   5.38
    18344       0.3348   5.38
    18345       0.3350   5.38
    18346       0.3352   5.38
    18347       0.3339   5.38
    18348       0.3348   5.38
    18349       0.3350   5.39
    18350       0.3341   5.38
    18351       0.3346   5.38
    18352       0.3353   5.39
    18353       0.3341   5.39
    18354       0.3342   5.39
    18355       0.3352   5.39
    18356       0.3343   5.38
    18357       0.3350   5.38
    18358       0.3347   5.38
    18359       0.3348   5.39
    18360       0.3342   5.38
    18361       0.3344   5.38
    18362       0.3352   5.38
    18363       0.3345   5.38
    18364       0.3345   5.38
    18365       0.3350   5.39
    18366       0.3338   5.39
    18367       0.3354   5.39
    18368       0.3349   5.38
    18369       0.3342   5.38
    18370       0.3345   5.38
    18371       0.3345   5.38
    18372       0.3346   5.38
    18373       0.3356   5.38
    18374       0.3354   5.38
    18375       0.3344   5.38
    18376       0.3356   5.38
    18377       0.3349   5.38
    18378       0.3344   5.38
    18379       0.3346   5.38
    18380       0.3354   5.38
    18381       0.3336   5.38
    18382       0.3353   5.38
    18383       0.3351   5.38
    18384       0.3352   5.38
    18385       0.3346   5.38
    18386       0.3350   5.38
    18387       0.3348   5.38
    18388       0.3359   5.38
    18389       0.3359   5.38
    18390       0.3355   5.38
    18391       0.3353   5.38
    18392       0.3342   5.38
    18393       0.3344   5.38
    18394       0.3357   5.38
    18395       0.3352   5.39
    18396       0.3339   5.38
    18397       0.3348   5.38
    18398       0.3351   5.38
    18399       0.3344   5.38
    18400       0.3358   5.38
    18401       0.3368   5.39
    18402       0.3352   5.38
    18403       0.3356   5.38
    18404       0.3349   5.38
    18405       0.3352   5.38
    18406       0.3353   5.38
    18407       0.3346   5.38
    18408       0.3346   5.38
    18409       0.3349   5.38
    18410       0.3345   5.38
    18411       0.3344   5.38
    18412       0.3351   5.38
    18413       0.3350   5.38
    18414       0.3344   5.38
    18415       0.3350   5.38
    18416       0.3353   5.38
    18417       0.3351   5.38
    18418       0.3342   5.39
    18419       0.3351   5.39
    18420       0.3346   5.39
    18421       0.3336   5.38
    18422       0.3348   5.38
    18423       0.3351   5.38
    18424       0.3340   5.39
    18425       0.3349   5.39
    18426       0.3349   5.38
    18427       0.3341   5.38
    18428       0.3349   5.38
    18429       0.3343   5.38
    18430       0.3343   5.38
    18431       0.3345   5.38
    18432       0.3351   5.38
    18433       0.3344   5.38
    18434       0.3356   5.38
    18435       0.3354   5.38
    18436       0.3345   5.39
    18437       0.3351   5.39
    18438       0.3356   5.39
    18439       0.3356   5.38
    18440       0.3354   5.38
    18441       0.3349   5.38
    18442       0.3333   5.38
    18443       0.3354   5.38
    18444       0.3349   5.38
    18445       0.3346   5.38
    18446       0.3350   5.38
    18447       0.3354   5.38
    18448       0.3340   5.38
    18449       0.3349   5.38
    18450       0.3354   5.38
    18451       0.3348   5.38
    18452       0.3350   5.38
    18453       0.3355   5.38
    18454       0.3346   5.38
    18455       0.3350   5.38
    18456       0.3351   5.38
    18457       0.3342   5.38
    18458       0.3348   5.38
    18459       0.3343   5.38
    18460       0.3344   5.39
    18461       0.3356   5.39
    18462       0.3345   5.38
    18463       0.3337   5.38
    18464       0.3352   5.38
    18465       0.3347   5.38
    18466       0.3347   5.39
    18467       0.3350   5.39
    18468       0.3350   5.38
    18469       0.3348   5.38
    18470       0.3353   5.38
    18471       0.3357   5.38
    18472       0.3359   5.38
    18473       0.3344   5.38
    18474       0.3356   5.38
    18475       0.3350   5.38
    18476       0.3341   5.38
    18477       0.3348   5.38
    18478       0.3360   5.39
    18479       0.3345   5.38
    18480       0.3348   5.38
    18481       0.3350   5.38
    18482       0.3341   5.38
    18483       0.3350   5.38
    18484       0.3347   5.39
    18485       0.3347   5.39
    18486       0.3348   5.39
    18487       0.3343   5.38
    18488       0.3340   5.38
    18489       0.3354   5.38
    18490       0.3352   5.39
    18491       0.3348   5.39
    18492       0.3358   5.39
    18493       0.3358   5.38
    18494       0.3342   5.38
    18495       0.3348   5.38
    18496       0.3345   5.38
    18497       0.3345   5.38
    18498       0.3355   5.38
    18499       0.3355   5.38
    18500       0.3349   5.38
    18501       0.3355   5.38
    18502       0.3360   5.39
    18503       0.3351   5.38
    18504       0.3355   5.38
    18505       0.3355   5.38
    18506       0.3348   5.38
    18507       0.3351   5.38
    18508       0.3354   5.39
    18509       0.3338   5.38
    18510       0.3354   5.38
    18511       0.3351   5.38
    18512       0.3343   5.38
    18513       0.3349   5.38
    18514       0.3350   5.39
    18515       0.3333   5.38
    18516       0.3355   5.38
    18517       0.3356   5.38
    18518       0.3350   5.38
    18519       0.3355   5.38
    18520       0.3350   5.39
    18521       0.3347   5.38
    18522       0.3350   5.38
    18523       0.3348   5.38
    18524       0.3350   5.38
    18525       0.3347   5.38
    18526       0.3347   5.39
    18527       0.3348   5.38
    18528       0.3336   5.38
    18529       0.3355   5.38
    18530       0.3346   5.38
    18531       0.3347   5.38
    18532       0.3354   5.38
    18533       0.3350   5.38
    18534       0.3354   5.39
    18535       0.3350   5.39
    18536       0.3344   5.39
    18537       0.3337   5.39
    18538       0.3349   5.39
    18539       0.3340   5.39
    18540       0.3347   5.38
    18541       0.3354   5.38
    18542       0.3355   5.38
    18543       0.3342   5.39
    18544       0.3350   5.39
    18545       0.3343   5.38
    18546       0.3339   5.38
    18547       0.3349   5.38
    18548       0.3347   5.38
    18549       0.3346   5.38
    18550       0.3349   5.38
    18551       0.3352   5.39
    18552       0.3333   5.38
    18553       0.3352   5.38
    18554       0.3349   5.39
    18555       0.3342   5.39
    18556       0.3347   5.39
    18557       0.3348   5.38
    18558       0.3343   5.38
    18559       0.3351   5.38
    18560       0.3352   5.38
    18561       0.3340   5.39
    18562       0.3350   5.39
    18563       0.3349   5.39
    18564       0.3339   5.38
    18565       0.3354   5.38
    18566       0.3351   5.38
    18567       0.3344   5.38
    18568       0.3346   5.38
    18569       0.3344   5.38
    18570       0.3351   5.38
    18571       0.3358   5.38
    18572       0.3352   5.39
    18573       0.3343   5.39
    18574       0.3347   5.39
    18575       0.3347   5.39
    18576       0.3340   5.38
    18577       0.3340   5.38
    18578       0.3350   5.38
    18579       0.3339   5.39
    18580       0.3348   5.39
    18581       0.3348   5.38
    18582       0.3352   5.38
    18583       0.3350   5.38
    18584       0.3352   5.38
    18585       0.3349   5.38
    18586       0.3340   5.38
    18587       0.3355   5.38
    18588       0.3350   5.38
    18589       0.3338   5.38
    18590       0.3348   5.38
    18591       0.3352   5.39
    18592       0.3344   5.39
    18593       0.3354   5.39
    18594       0.3350   5.38
    18595       0.3330   5.38
    18596       0.3349   5.38
    18597       0.3348   5.38
    18598       0.3344   5.38
    18599       0.3345   5.38
    18600       0.3345   5.38
    18601       0.3346   5.38
    18602       0.3348   5.38
    18603       0.3349   5.39
    18604       0.3343   5.38
    18605       0.3343   5.38
    18606       0.3340   5.38
    18607       0.3342   5.38
    18608       0.3349   5.38
    18609       0.3350   5.39
    18610       0.3341   5.38
    18611       0.3346   5.38
    18612       0.3350   5.38
    18613       0.3344   5.38
    18614       0.3355   5.38
    18615       0.3351   5.38
    18616       0.3339   5.39
    18617       0.3355   5.39
    18618       0.3353   5.38
    18619       0.3346   5.38
    18620       0.3355   5.38
    18621       0.3349   5.38
    18622       0.3347   5.38
    18623       0.3354   5.38
    18624       0.3346   5.38
    18625       0.3340   5.38
    18626       0.3350   5.38
    18627       0.3357   5.38
    18628       0.3347   5.38
    18629       0.3350   5.38
    18630       0.3354   5.38
    18631       0.3344   5.38
    18632       0.3348   5.38
    18633       0.3351   5.38
    18634       0.3344   5.39
    18635       0.3350   5.39
    18636       0.3349   5.38
    18637       0.3338   5.38
    18638       0.3351   5.38
    18639       0.3347   5.38
    18640       0.3347   5.38
    18641       0.3344   5.38
    18642       0.3353   5.38
    18643       0.3342   5.38
    18644       0.3347   5.38
    18645       0.3345   5.39
    18646       0.3347   5.38
    18647       0.3343   5.38
    18648       0.3345   5.38
    18649       0.3356   5.38
    18650       0.3350   5.38
    18651       0.3357   5.38
    18652       0.3347   5.38
    18653       0.3346   5.38
    18654       0.3353   5.38
    18655       0.3354   5.38
    18656       0.3350   5.38
    18657       0.3349   5.38
    18658       0.3345   5.38
    18659       0.3341   5.38
    18660       0.3349   5.38
    18661       0.3359   5.38
    18662       0.3343   5.39
    18663       0.3346   5.39
    18664       0.3346   5.38
    18665       0.3339   5.38
    18666       0.3351   5.38
    18667       0.3351   5.39
    18668       0.3345   5.38
    18669       0.3350   5.38
    18670       0.3358   5.38
    18671       0.3350   5.38
    18672       0.3352   5.38
    18673       0.3349   5.38
    18674       0.3349   5.38
    18675       0.3350   5.38
    18676       0.3345   5.38
    18677       0.3349   5.39
    18678       0.3352   5.39
    18679       0.3351   5.39
    18680       0.3346   5.39
    18681       0.3355   5.39
    18682       0.3343   5.38
    18683       0.3343   5.38
    18684       0.3357   5.38
    18685       0.3354   5.38
    18686       0.3339   5.38
    18687       0.3354   5.38
    18688       0.3350   5.38
    18689       0.3349   5.38
    18690       0.3352   5.38
    18691       0.3350   5.38
    18692       0.3348   5.39
    18693       0.3354   5.39
    18694       0.3349   5.38
    18695       0.3352   5.38
    18696       0.3350   5.38
    18697       0.3353   5.39
    18698       0.3346   5.39
    18699       0.3348   5.39
    18700       0.3356   5.38
    18701       0.3359   5.38
    18702       0.3358   5.38
    18703       0.3354   5.38
    18704       0.3343   5.38
    18705       0.3348   5.38
    18706       0.3353   5.38
    18707       0.3355   5.38
    18708       0.3341   5.38
    18709       0.3346   5.38
    18710       0.3350   5.39
    18711       0.3347   5.38
    18712       0.3354   5.38
    18713       0.3356   5.39
    18714       0.3357   5.38
    18715       0.3357   5.38
    18716       0.3346   5.38
    18717       0.3347   5.38
    18718       0.3353   5.38
    18719       0.3346   5.38
    18720       0.3341   5.38
    18721       0.3345   5.38
    18722       0.3350   5.38
    18723       0.3349   5.38
    18724       0.3345   5.38
    18725       0.3349   5.38
    18726       0.3347   5.38
    18727       0.3357   5.38
    18728       0.3349   5.38
    18729       0.3351   5.38
    18730       0.3359   5.38
    18731       0.3352   5.38
    18732       0.3344   5.38
    18733       0.3355   5.38
    18734       0.3343   5.38
    18735       0.3345   5.38
    18736       0.3357   5.38
    18737       0.3354   5.38
    18738       0.3345   5.38
    18739       0.3354   5.38
    18740       0.3354   5.38
    18741       0.3342   5.38
    18742       0.3340   5.38
    18743       0.3347   5.38
    18744       0.3351   5.38
    18745       0.3356   5.38
    18746       0.3352   5.38
    18747       0.3346   5.38
    18748       0.3358   5.38
    18749       0.3357   5.38
    18750       0.3354   5.38
    18751       0.3349   5.38
    18752       0.3350   5.38
    18753       0.3349   5.38
    18754       0.3334   5.38
    18755       0.3350   5.38
    18756       0.3355   5.38
    18757       0.3346   5.38
    18758       0.3350   5.38
    18759       0.3352   5.38
    18760       0.3350   5.39
    18761       0.3349   5.39
    18762       0.3360   5.39
    18763       0.3358   5.38
    18764       0.3355   5.38
    18765       0.3355   5.38
    18766       0.3343   5.38
    18767       0.3349   5.38
    18768       0.3346   5.39
    18769       0.3344   5.39
    18770       0.3351   5.39
    18771       0.3348   5.38
    18772       0.3346   5.38
    18773       0.3351   5.38
    18774       0.3355   5.38
    18775       0.3344   5.38
    18776       0.3354   5.38
    18777       0.3350   5.38
    18778       0.3352   5.38
    18779       0.3346   5.38
    18780       0.3351   5.38
    18781       0.3339   5.38
    18782       0.3351   5.38
    18783       0.3348   5.38
    18784       0.3344   5.38
    18785       0.3357   5.38
    18786       0.3355   5.38
    18787       0.3347   5.38
    18788       0.3358   5.38
    18789       0.3359   5.38
    18790       0.3350   5.38
    18791       0.3359   5.38
    18792       0.3360   5.38
    18793       0.3348   5.38
    18794       0.3341   5.38
    18795       0.3352   5.38
    18796       0.3350   5.38
    18797       0.3357   5.38
    18798       0.3361   5.38
    18799       0.3344   5.38
    18800       0.3347   5.38
    18801       0.3356   5.38
    18802       0.3346   5.38
    18803       0.3348   5.38
    18804       0.3358   5.38
    18805       0.3356   5.38
    18806       0.3353   5.38
    18807       0.3357   5.38
    18808       0.3352   5.38
    18809       0.3346   5.38
    18810       0.3354   5.38
    18811       0.3357   5.38
    18812       0.3352   5.38
    18813       0.3361   5.38
    18814       0.3350   5.38
    18815       0.3341   5.38
    18816       0.3351   5.38
    18817       0.3358   5.38
    18818       0.3347   5.38
    18819       0.3348   5.38
    18820       0.3356   5.38
    18821       0.3348   5.38
    18822       0.3358   5.38
    18823       0.3354   5.38
    18824       0.3344   5.38
    18825       0.3363   5.38
    18826       0.3355   5.38
    18827       0.3346   5.38
    18828       0.3354   5.38
    18829       0.3350   5.38
    18830       0.3351   5.38
    18831       0.3352   5.38
    18832       0.3354   5.38
    18833       0.3351   5.38
    18834       0.3352   5.38
    18835       0.3344   5.38
    18836       0.3346   5.38
    18837       0.3359   5.38
    18838       0.3350   5.38
    18839       0.3345   5.38
    18840       0.3356   5.38
    18841       0.3351   5.38
    18842       0.3340   5.38
    18843       0.3353   5.38
    18844       0.3350   5.38
    18845       0.3343   5.38
    18846       0.3347   5.38
    18847       0.3350   5.38
    18848       0.3344   5.38
    18849       0.3356   5.38
    18850       0.3359   5.38
    18851       0.3340   5.38
    18852       0.3346   5.38
    18853       0.3356   5.39
    18854       0.3346   5.38
    18855       0.3348   5.38
    18856       0.3355   5.39
    18857       0.3354   5.38
    18858       0.3352   5.38
    18859       0.3357   5.38
    18860       0.3357   5.38
    18861       0.3351   5.39
    18862       0.3351   5.39
    18863       0.3359   5.38
    18864       0.3351   5.38
    18865       0.3358   5.38
    18866       0.3358   5.38
    18867       0.3352   5.38
    18868       0.3361   5.38
    18869       0.3361   5.38
    18870       0.3345   5.38
    18871       0.3356   5.38
    18872       0.3346   5.38
    18873       0.3337   5.38
    18874       0.3349   5.38
    18875       0.3348   5.38
    18876       0.3341   5.38
    18877       0.3357   5.38
    18878       0.3357   5.38
    18879       0.3354   5.38
    18880       0.3358   5.38
    18881       0.3357   5.38
    18882       0.3350   5.38
    18883       0.3358   5.38
    18884       0.3352   5.38
    18885       0.3344   5.38
    18886       0.3354   5.38
    18887       0.3353   5.38
    18888       0.3345   5.38
    18889       0.3350   5.38
    18890       0.3358   5.38
    18891       0.3345   5.38
    18892       0.3359   5.38
    18893       0.3355   5.38
    18894       0.3350   5.38
    18895       0.3353   5.38
    18896       0.3354   5.38
    18897       0.3351   5.38
    18898       0.3354   5.38
    18899       0.3356   5.38
    18900       0.3348   5.38
    18901       0.3355   5.38
    18902       0.3356   5.38
    18903       0.3340   5.38
    18904       0.3351   5.38
    18905       0.3347   5.38
    18906       0.3343   5.38
    18907       0.3354   5.38
    18908       0.3352   5.38
    18909       0.3341   5.38
    18910       0.3340   5.38
    18911       0.3354   5.38
    18912       0.3347   5.38
    18913       0.3349   5.38
    18914       0.3365   5.38
    18915       0.3352   5.38
    18916       0.3342   5.38
    18917       0.3354   5.38
    18918       0.3342   5.38
    18919       0.3336   5.38
    18920       0.3352   5.38
    18921       0.3352   5.38
    18922       0.3343   5.38
    18923       0.3349   5.38
    18924       0.3354   5.39
    18925       0.3340   5.38
    18926       0.3346   5.38
    18927       0.3343   5.38
    18928       0.3339   5.38
    18929       0.3350   5.38
    18930       0.3345   5.38
    18931       0.3352   5.38
    18932       0.3353   5.38
    18933       0.3343   5.38
    18934       0.3339   5.38
    18935       0.3344   5.38
    18936       0.3342   5.39
    18937       0.3345   5.38
    18938       0.3347   5.38
    18939       0.3352   5.38
    18940       0.3344   5.38
    18941       0.3350   5.38
    18942       0.3352   5.38
    18943       0.3344   5.38
    18944       0.3358   5.38
    18945       0.3354   5.38
    18946       0.3354   5.38
    18947       0.3353   5.38
    18948       0.3348   5.38
    18949       0.3341   5.38
    18950       0.3352   5.38
    18951       0.3356   5.38
    18952       0.3342   5.38
    18953       0.3353   5.38
    18954       0.3350   5.38
    18955       0.3343   5.38
    18956       0.3355   5.38
    18957       0.3356   5.38
    18958       0.3354   5.38
    18959       0.3351   5.38
    18960       0.3340   5.38
    18961       0.3349   5.38
    18962       0.3350   5.38
    18963       0.3348   5.38
    18964       0.3344   5.39
    18965       0.3347   5.39
    18966       0.3356   5.39
    18967       0.3361   5.38
    18968       0.3357   5.38
    18969       0.3357   5.38
    18970       0.3352   5.38
    18971       0.3345   5.38
    18972       0.3356   5.38
    18973       0.3345   5.38
    18974       0.3343   5.38
    18975       0.3354   5.38
    18976       0.3353   5.38
    18977       0.3350   5.39
    18978       0.3354   5.39
    18979       0.3349   5.38
    18980       0.3344   5.38
    18981       0.3353   5.38
    18982       0.3356   5.38
    18983       0.3347   5.38
    18984       0.3350   5.38
    18985       0.3348   5.38
    18986       0.3349   5.38
    18987       0.3358   5.38
    18988       0.3345   5.38
    18989       0.3351   5.38
    18990       0.3355   5.38
    18991       0.3359   5.38
    18992       0.3348   5.38
    18993       0.3356   5.38
    18994       0.3359   5.38
    18995       0.3346   5.38
    18996       0.3352   5.38
    18997       0.3347   5.38
    18998       0.3345   5.38
    18999       0.3355   5.38
    19000       0.3358   5.38
    19001       0.3349   5.38
    19002       0.3360   5.38
    19003       0.3350   5.38
    19004       0.3349   5.38
    19005       0.3355   5.38
    19006       0.3351   5.38
    19007       0.3343   5.38
    19008       0.3353   5.38
    19009       0.3351   5.38
    19010       0.3354   5.38
    19011       0.3342   5.38
    19012       0.3343   5.38
    19013       0.3342   5.39
    19014       0.3349   5.39
    19015       0.3350   5.38
    19016       0.3342   5.38
    19017       0.3345   5.38
    19018       0.3352   5.38
    19019       0.3360   5.38
    19020       0.3344   5.38
    19021       0.3348   5.38
    19022       0.3353   5.38
    19023       0.3348   5.38
    19024       0.3350   5.38
    19025       0.3351   5.38
    19026       0.3340   5.38
    19027       0.3345   5.38
    19028       0.3353   5.38
    19029       0.3345   5.38
    19030       0.3357   5.38
    19031       0.3357   5.38
    19032       0.3340   5.38
    19033       0.3359   5.38
    19034       0.3353   5.38
    19035       0.3348   5.38
    19036       0.3347   5.38
    19037       0.3352   5.38
    19038       0.3348   5.38
    19039       0.3359   5.38
    19040       0.3357   5.38
    19041       0.3352   5.38
    19042       0.3356   5.38
    19043       0.3357   5.38
    19044       0.3348   5.39
    19045       0.3352   5.39
    19046       0.3357   5.38
    19047       0.3342   5.38
    19048       0.3356   5.38
    19049       0.3350   5.38
    19050       0.3343   5.38
    19051       0.3354   5.38
    19052       0.3352   5.38
    19053       0.3342   5.38
    19054       0.3344   5.38
    19055       0.3347   5.38
    19056       0.3339   5.38
    19057       0.3349   5.38
    19058       0.3343   5.38
    19059       0.3344   5.38
    19060       0.3354   5.38
    19061       0.3348   5.38
    19062       0.3342   5.38
    19063       0.3349   5.38
    19064       0.3352   5.38
    19065       0.3343   5.38
    19066       0.3354   5.38
    19067       0.3356   5.38
    19068       0.3350   5.38
    19069       0.3357   5.38
    19070       0.3352   5.38
    19071       0.3350   5.38
    19072       0.3357   5.38
    19073       0.3348   5.38
    19074       0.3356   5.38
    19075       0.3354   5.38
    19076       0.3356   5.38
    19077       0.3354   5.38
    19078       0.3330   5.39
    19079       0.3357   5.39
    19080       0.3354   5.38
    19081       0.3354   5.38
    19082       0.3353   5.38
    19083       0.3361   5.38
    19084       0.3343   5.38
    19085       0.3355   5.38
    19086       0.3349   5.38
    19087       0.3351   5.38
    19088       0.3349   5.38
    19089       0.3360   5.38
    19090       0.3338   5.38
    19091       0.3351   5.38
    19092       0.3352   5.38
    19093       0.3342   5.38
    19094       0.3354   5.38
    19095       0.3355   5.38
    19096       0.3333   5.38
    19097       0.3354   5.38
    19098       0.3352   5.38
    19099       0.3353   5.38
    19100       0.3354   5.38
    19101       0.3355   5.38
    19102       0.3352   5.38
    19103       0.3355   5.38
    19104       0.3349   5.38
    19105       0.3344   5.38
    19106       0.3355   5.38
    19107       0.3347   5.38
    19108       0.3349   5.38
    19109       0.3357   5.38
    19110       0.3353   5.38
    19111       0.3354   5.38
    19112       0.3350   5.38
    19113       0.3354   5.38
    19114       0.3355   5.39
    19115       0.3357   5.39
    19116       0.3363   5.39
    19117       0.3348   5.38
    19118       0.3362   5.38
    19119       0.3357   5.38
    19120       0.3341   5.38
    19121       0.3345   5.38
    19122       0.3355   5.38
    19123       0.3341   5.38
    19124       0.3353   5.38
    19125       0.3349   5.38
    19126       0.3355   5.38
    19127       0.3350   5.38
    19128       0.3349   5.38
    19129       0.3358   5.38
    19130       0.3338   5.38
    19131       0.3351   5.38
    19132       0.3350   5.38
    19133       0.3350   5.38
    19134       0.3359   5.38
    19135       0.3359   5.38
    19136       0.3350   5.38
    19137       0.3352   5.38
    19138       0.3348   5.38
    19139       0.3341   5.38
    19140       0.3355   5.38
    19141       0.3350   5.38
    19142       0.3345   5.38
    19143       0.3357   5.38
    19144       0.3355   5.38
    19145       0.3349   5.38
    19146       0.3350   5.38
    19147       0.3351   5.38
    19148       0.3348   5.38
    19149       0.3353   5.38
    19150       0.3348   5.38
    19151       0.3346   5.38
    19152       0.3351   5.38
    19153       0.3355   5.38
    19154       0.3345   5.38
    19155       0.3354   5.38
    19156       0.3349   5.38
    19157       0.3346   5.38
    19158       0.3352   5.38
    19159       0.3351   5.38
    19160       0.3352   5.38
    19161       0.3356   5.38
    19162       0.3348   5.38
    19163       0.3342   5.38
    19164       0.3343   5.38
    19165       0.3443   5.38
    19166       0.3334   5.38
    19167       0.3349   5.38
    19168       0.3346   5.38
    19169       0.3346   5.39
    19170       0.3348   5.39
    19171       0.3345   5.38
    19172       0.3344   5.38
    19173       0.3351   5.38
    19174       0.3347   5.38
    19175       0.3337   5.38
    19176       0.3351   5.38
    19177       0.3350   5.38
    19178       0.3349   5.38
    19179       0.3346   5.39
    19180       0.3350   5.39
    19181       0.3356   5.39
    19182       0.3346   5.38
    19183       0.3357   5.38
    19184       0.3347   5.38
    19185       0.3343   5.38
    19186       0.3350   5.38
    19187       0.3344   5.38
    19188       0.3342   5.38
    19189       0.3357   5.38
    19190       0.3358   5.38
    19191       0.3347   5.39
    19192       0.3363   5.39
    19193       0.3348   5.38
    19194       0.3346   5.39
    19195       0.3354   5.39
    19196       0.3359   5.38
    19197       0.3348   5.38
    19198       0.3351   5.38
    19199       0.3350   5.38
    19200       0.3348   5.38
    19201       0.3343   5.38
    19202       0.3357   5.38
    19203       0.3342   5.39
    19204       0.3345   5.39
    19205       0.3349   5.38
    19206       0.3354   5.38
    19207       0.3354   5.38
    19208       0.3360   5.38
    19209       0.3359   5.38
    19210       0.3356   5.38
    19211       0.3354   5.38
    19212       0.3353   5.38
    19213       0.3358   5.38
    19214       0.3356   5.38
    19215       0.3345   5.38
    19216       0.3357   5.38
    19217       0.3360   5.38
    19218       0.3355   5.38
    19219       0.3365   5.38
    19220       0.3359   5.38
    19221       0.3351   5.38
    19222       0.3350   5.38
    19223       0.3357   5.38
    19224       0.3344   5.38
    19225       0.3355   5.38
    19226       0.3355   5.38
    19227       0.3342   5.38
    19228       0.3345   5.38
    19229       0.3346   5.38
    19230       0.3343   5.38
    19231       0.3351   5.38
    19232       0.3352   5.38
    19233       0.3357   5.38
    19234       0.3344   5.38
    19235       0.3354   5.38
    19236       0.3356   5.38
    19237       0.3347   5.38
    19238       0.3349   5.38
    19239       0.3346   5.38
    19240       0.3345   5.38
    19241       0.3355   5.38
    19242       0.3354   5.38
    19243       0.3353   5.38
    19244       0.3359   5.38
    19245       0.3362   5.38
    19246       0.3355   5.38
    19247       0.3374   5.38
    19248       0.3364   5.38
    19249       0.3340   5.38
    19250       0.3360   5.38
    19251       0.3351   5.38
    19252       0.3350   5.38
    19253       0.3352   5.38
    19254       0.3353   5.38
    19255       0.3348   5.38
    19256       0.3354   5.38
    19257       0.3356   5.38
    19258       0.3352   5.38
    19259       0.3362   5.38
    19260       0.3347   5.38
    19261       0.3338   5.38
    19262       0.3356   5.38
    19263       0.3355   5.38
    19264       0.3338   5.38
    19265       0.3354   5.38
    19266       0.3351   5.38
    19267       0.3353   5.38
    19268       0.3350   5.38
    19269       0.3353   5.38
    19270       0.3339   5.38
    19271       0.3351   5.38
    19272       0.3349   5.38
    19273       0.3346   5.38
    19274       0.3355   5.38
    19275       0.3360   5.38
    19276       0.3337   5.38
    19277       0.3358   5.38
    19278       0.3354   5.38
    19279       0.3334   5.38
    19280       0.3354   5.38
    19281       0.3360   5.38
    19282       0.3351   5.38
    19283       0.3347   5.38
    19284       0.3359   5.38
    19285       0.3349   5.38
    19286       0.3346   5.38
    19287       0.3356   5.38
    19288       0.3361   5.38
    19289       0.3352   5.38
    19290       0.3350   5.38
    19291       0.3347   5.38
    19292       0.3338   5.38
    19293       0.3347   5.38
    19294       0.3362   5.38
    19295       0.3349   5.38
    19296       0.3359   5.38
    19297       0.3343   5.38
    19298       0.3346   5.38
    19299       0.3356   5.38
    19300       0.3348   5.38
    19301       0.3344   5.38
    19302       0.3350   5.38
    19303       0.3354   5.38
    19304       0.3342   5.38
    19305       0.3353   5.38
    19306       0.3353   5.38
    19307       0.3351   5.38
    19308       0.3350   5.38
    19309       0.3350   5.38
    19310       0.3342   5.38
    19311       0.3348   5.38
    19312       0.3352   5.38
    19313       0.3346   5.38
    19314       0.3354   5.38
    19315       0.3346   5.38
    19316       0.3346   5.38
    19317       0.3349   5.38
    19318       0.3349   5.38
    19319       0.3345   5.38
    19320       0.3354   5.38
    19321       0.3350   5.39
    19322       0.3334   5.38
    19323       0.3350   5.38
    19324       0.3355   5.38
    19325       0.3342   5.38
    19326       0.3352   5.38
    19327       0.3352   5.38
    19328       0.3347   5.38
    19329       0.3344   5.38
    19330       0.3353   5.38
    19331       0.3343   5.38
    19332       0.3353   5.38
    19333       0.3356   5.38
    19334       0.3356   5.39
    19335       0.3352   5.39
    19336       0.3346   5.38
    19337       0.3349   5.38
    19338       0.3340   5.38
    19339       0.3352   5.38
    19340       0.3346   5.38
    19341       0.3341   5.38
    19342       0.3368   5.38
    19343       0.3342   5.38
    19344       0.3346   5.38
    19345       0.3356   5.38
    19346       0.3356   5.38
    19347       0.3338   5.39
    19348       0.3353   5.39
    19349       0.3354   5.39
    19350       0.3334   5.38
    19351       0.3352   5.38
    19352       0.3353   5.38
    19353       0.3346   5.38
    19354       0.3348   5.38
    19355       0.3353   5.38
    19356       0.3351   5.38
    19357       0.3357   5.38
    19358       0.3352   5.38
    19359       0.3338   5.38
    19360       0.3349   5.38
    19361       0.3351   5.38
    19362       0.3342   5.38
    19363       0.3356   5.38
    19364       0.3352   5.38
    19365       0.3336   5.38
    19366       0.3346   5.38
    19367       0.3350   5.38
    19368       0.3339   5.39
    19369       0.3354   5.39
    19370       0.3357   5.39
    19371       0.3340   5.38
    19372       0.3358   5.38
    19373       0.3350   5.38
    19374       0.3347   5.38
    19375       0.3356   5.38
    19376       0.3351   5.38
    19377       0.3338   5.38
    19378       0.3354   5.38
    19379       0.3348   5.38
    19380       0.3351   5.38
    19381       0.3350   5.38
    19382       0.3358   5.38
    19383       0.3348   5.38
    19384       0.3356   5.38
    19385       0.3351   5.38
    19386       0.3337   5.38
    19387       0.3348   5.38
    19388       0.3347   5.38
    19389       0.3345   5.38
    19390       0.3348   5.38
    19391       0.3354   5.39
    19392       0.3352   5.39
    19393       0.3346   5.38
    19394       0.3355   5.38
    19395       0.3350   5.38
    19396       0.3343   5.38
    19397       0.3350   5.38
    19398       0.3350   5.38
    19399       0.3355   5.38
    19400       0.3360   5.38
    19401       0.3349   5.39
    19402       0.3352   5.39
    19403       0.3360   5.39
    19404       0.3350   5.38
    19405       0.3358   5.38
    19406       0.3350   5.38
    19407       0.3346   5.38
    19408       0.3340   5.38
    19409       0.3347   5.38
    19410       0.3357   5.38
    19411       0.3346   5.39
    19412       0.3351   5.39
    19413       0.3349   5.38
    19414       0.3343   5.38
    19415       0.3356   5.38
    19416       0.3363   5.38
    19417       0.3344   5.38
    19418       0.3349   5.38
    19419       0.3348   5.38
    19420       0.3342   5.38
    19421       0.3347   5.38
    19422       0.3352   5.38
    19423       0.3349   5.38
    19424       0.3354   5.38
    19425       0.3355   5.38
    19426       0.3346   5.38
    19427       0.3358   5.38
    19428       0.3358   5.38
    19429       0.3341   5.38
    19430       0.3347   5.38
    19431       0.3353   5.38
    19432       0.3354   5.38
    19433       0.3357   5.38
    19434       0.3359   5.38
    19435       0.3350   5.38
    19436       0.3356   5.38
    19437       0.3351   5.39
    19438       0.3336   5.38
    19439       0.3344   5.38
    19440       0.3351   5.38
    19441       0.3346   5.38
    19442       0.3356   5.38
    19443       0.3351   5.38
    19444       0.3353   5.38
    19445       0.3344   5.38
    19446       0.3352   5.38
    19447       0.3354   5.38
    19448       0.3345   5.38
    19449       0.3356   5.38
    19450       0.3351   5.38
    19451       0.3341   5.38
    19452       0.3353   5.38
    19453       0.3352   5.38
    19454       0.3345   5.38
    19455       0.3354   5.38
    19456       0.3354   5.39
    19457       0.3335   5.38
    19458       0.3349   5.38
    19459       0.3354   5.39
    19460       0.3346   5.38
    19461       0.3447   5.38
    19462       0.3349   5.38
    19463       0.3344   5.38
    19464       0.3350   5.38
    19465       0.3352   5.39
    19466       0.3340   5.39
    19467       0.3350   5.39
    19468       0.3353   5.39
    19469       0.3341   5.38
    19470       0.3356   5.38
    19471       0.3353   5.39
    19472       0.3349   5.38
    19473       0.3353   5.38
    19474       0.3354   5.38
    19475       0.3345   5.38
    19476       0.3350   5.38
    19477       0.3353   5.38
    19478       0.3349   5.38
    19479       0.3353   5.38
    19480       0.3348   5.38
    19481       0.3348   5.38
    19482       0.3358   5.38
    19483       0.3354   5.39
    19484       0.3349   5.38
    19485       0.3348   5.38
    19486       0.3352   5.39
    19487       0.3344   5.38
    19488       0.3347   5.38
    19489       0.3357   5.39
    19490       0.3343   5.39
    19491       0.3352   5.39
    19492       0.3350   5.38
    19493       0.3346   5.38
    19494       0.3353   5.38
    19495       0.3355   5.38
    19496       0.3349   5.38
    19497       0.3343   5.38
    19498       0.3354   5.38
    19499       0.3348   5.38
    19500       0.3339   5.39
    19501       0.3350   5.39
    19502       0.3353   5.38
    19503       0.3347   5.38
    19504       0.3355   5.38
    19505       0.3355   5.38
    19506       0.3350   5.38
    19507       0.3352   5.38
    19508       0.3355   5.38
    19509       0.3348   5.38
    19510       0.3350   5.38
    19511       0.3345   5.38
    19512       0.3335   5.39
    19513       0.3354   5.39
    19514       0.3349   5.38
    19515       0.3340   5.38
    19516       0.3351   5.38
    19517       0.3344   5.38
    19518       0.3347   5.39
    19519       0.3354   5.39
    19520       0.3345   5.38
    19521       0.3344   5.39
    19522       0.3352   5.39
    19523       0.3356   5.38
    19524       0.3360   5.39
    19525       0.3357   5.39
    19526       0.3340   5.38
    19527       0.3347   5.38
    19528       0.3352   5.38
    19529       0.3356   5.38
    19530       0.3342   5.38
    19531       0.3356   5.38
    19532       0.3347   5.38
    19533       0.3332   5.38
    19534       0.3346   5.38
    19535       0.3353   5.38
    19536       0.3339   5.39
    19537       0.3348   5.39
    19538       0.3347   5.39
    19539       0.3343   5.38
    19540       0.3345   5.38
    19541       0.3347   5.38
    19542       0.3341   5.39
    19543       0.3350   5.39
    19544       0.3351   5.38
    19545       0.3340   5.38
    19546       0.3349   5.38
    19547       0.3345   5.38
    19548       0.3337   5.38
    19549       0.3355   5.38
    19550       0.3353   5.38
    19551       0.3342   5.38
    19552       0.3355   5.38
    19553       0.3350   5.38
    19554       0.3357   5.39
    19555       0.3340   5.38
    19556       0.3351   5.38
    19557       0.3352   5.38
    19558       0.3349   5.38
    19559       0.3351   5.38
    19560       0.3346   5.38
    19561       0.3343   5.39
    19562       0.3354   5.39
    19563       0.3346   5.38
    19564       0.3350   5.38
    19565       0.3350   5.38
    19566       0.3356   5.38
    19567       0.3340   5.38
    19568       0.3343   5.38
    19569       0.3351   5.38
    19570       0.3339   5.38
    19571       0.3350   5.38
    19572       0.3354   5.39
    19573       0.3353   5.38
    19574       0.3360   5.38
    19575       0.3355   5.38
    19576       0.3354   5.38
    19577       0.3356   5.38
    19578       0.3351   5.38
    19579       0.3343   5.38
    19580       0.3358   5.38
    19581       0.3357   5.38
    19582       0.3351   5.38
    19583       0.3354   5.38
    19584       0.3355   5.38
    19585       0.3340   5.38
    19586       0.3353   5.38
    19587       0.3361   5.38
    19588       0.3342   5.38
    19589       0.3352   5.38
    19590       0.3359   5.38
    19591       0.3349   5.38
    19592       0.3357   5.38
    19593       0.3354   5.38
    19594       0.3348   5.38
    19595       0.3345   5.38
    19596       0.3348   5.38
    19597       0.3350   5.38
    19598       0.3345   5.38
    19599       0.3353   5.38
    19600       0.3339   5.38
    19601       0.3359   5.38
    19602       0.3351   5.38
    19603       0.3351   5.38
    19604       0.3349   5.38
    19605       0.3345   5.38
    19606       0.3337   5.38
    19607       0.3341   5.38
    19608       0.3346   5.38
    19609       0.3356   5.39
    19610       0.3336   5.38
    19611       0.3344   5.38
    19612       0.3349   5.38
    19613       0.3344   5.39
    19614       0.3347   5.39
    19615       0.3347   5.38
    19616       0.3337   5.38
    19617       0.3347   5.38
    19618       0.3345   5.38
    19619       0.3347   5.39
    19620       0.3354   5.39
    19621       0.3354   5.38
    19622       0.3343   5.38
    19623       0.3348   5.38
    19624       0.3351   5.38
    19625       0.3341   5.39
    19626       0.3358   5.39
    19627       0.3349   5.39
    19628       0.3341   5.38
    19629       0.3350   5.38
    19630       0.3351   5.38
    19631       0.3346   5.38
    19632       0.3349   5.38
    19633       0.3354   5.38
    19634       0.3356   5.39
    19635       0.3358   5.39
    19636       0.3361   5.39
    19637       0.3358   5.38
    19638       0.3360   5.38
    19639       0.3354   5.38
    19640       0.3349   5.38
    19641       0.3359   5.38
    19642       0.3355   5.38
    19643       0.3348   5.38
    19644       0.3349   5.38
    19645       0.3350   5.39
    19646       0.3353   5.38
    19647       0.3346   5.38
    19648       0.3349   5.38
    19649       0.3345   5.39
    19650       0.3351   5.39
    19651       0.3350   5.38
    19652       0.3347   5.38
    19653       0.3356   5.38
    19654       0.3356   5.38
    19655       0.3349   5.38
    19656       0.3344   5.38
    19657       0.3348   5.38
    19658       0.3350   5.38
    19659       0.3352   5.38
    19660       0.3350   5.38
    19661       0.3349   5.38
    19662       0.3350   5.38
    19663       0.3357   5.38
    19664       0.3349   5.39
    19665       0.3351   5.38
    19666       0.3356   5.38
    19667       0.3357   5.38
    19668       0.3349   5.38
    19669       0.3355   5.38
    19670       0.3356   5.38
    19671       0.3341   5.38
    19672       0.3356   5.38
    19673       0.3346   5.39
    19674       0.3340   5.38
    19675       0.3349   5.38
    19676       0.3344   5.38
    19677       0.3345   5.38
    19678       0.3354   5.38
    19679       0.3349   5.38
    19680       0.3334   5.38
    19681       0.3344   5.38
    19682       0.3349   5.38
    19683       0.3348   5.38
    19684       0.3345   5.38
    19685       0.3353   5.38
    19686       0.3347   5.38
    19687       0.3360   5.38
    19688       0.3354   5.38
    19689       0.3341   5.38
    19690       0.3350   5.38
    19691       0.3354   5.39
    19692       0.3340   5.38
    19693       0.3347   5.38
    19694       0.3351   5.38
    19695       0.3340   5.39
    19696       0.3348   5.39
    19697       0.3347   5.39
    19698       0.3343   5.38
    19699       0.3353   5.38
    19700       0.3344   5.38
    19701       0.3343   5.39
    19702       0.3352   5.39
    19703       0.3350   5.39
    19704       0.3346   5.39
    19705       0.3351   5.39
    19706       0.3352   5.38
    19707       0.3345   5.38
    19708       0.3348   5.38
    19709       0.3342   5.38
    19710       0.3352   5.38
    19711       0.3358   5.38
    19712       0.3351   5.38
    19713       0.3331   5.39
    19714       0.3353   5.39
    19715       0.3352   5.39
    19716       0.3343   5.38
    19717       0.3348   5.38
    19718       0.3348   5.38
    19719       0.3353   5.38
    19720       0.3334   5.38
    19721       0.3347   5.38
    19722       0.3351   5.38
    19723       0.3350   5.38
    19724       0.3348   5.38
    19725       0.3349   5.38
    19726       0.3341   5.38
    19727       0.3356   5.38
    19728       0.3356   5.38
    19729       0.3341   5.38
    19730       0.3338   5.38
    19731       0.3348   5.38
    19732       0.3340   5.38
    19733       0.3352   5.38
    19734       0.3363   5.38
    19735       0.3341   5.38
    19736       0.3345   5.38
    19737       0.3353   5.38
    19738       0.3334   5.38
    19739       0.3356   5.38
    19740       0.3350   5.38
    19741       0.3346   5.38
    19742       0.3349   5.38
    19743       0.3350   5.38
    19744       0.3333   5.39
    19745       0.3357   5.39
    19746       0.3349   5.39
    19747       0.3342   5.39
    19748       0.3347   5.39
    19749       0.3348   5.39
    19750       0.3346   5.39
    19751       0.3355   5.39
    19752       0.3357   5.38
    19753       0.3345   5.38
    19754       0.3349   5.38
    19755       0.3354   5.38
    19756       0.3343   5.39
    19757       0.3352   5.39
    19758       0.3350   5.38
    19759       0.3353   5.38
    19760       0.3352   5.38
    19761       0.3355   5.38
    19762       0.3347   5.39
    19763       0.3349   5.39
    19764       0.3346   5.38
    19765       0.3342   5.38
    19766       0.3351   5.38
    19767       0.3353   5.38
    19768       0.3345   5.39
    19769       0.3350   5.39
    19770       0.3356   5.39
    19771       0.3354   5.38
    19772       0.3354   5.38
    19773       0.3354   5.38
    19774       0.3341   5.38
    19775       0.3342   5.38
    19776       0.3348   5.39
    19777       0.3346   5.38
    19778       0.3347   5.38
    19779       0.3360   5.38
    19780       0.3359   5.38
    19781       0.3350   5.38
    19782       0.3347   5.38
    19783       0.3452   5.38
    19784       0.3348   5.38
    19785       0.3344   5.38
    19786       0.3362   5.38
    19787       0.3337   5.38
    19788       0.3357   5.38
    19789       0.3349   5.38
    19790       0.3344   5.38
    19791       0.3348   5.38
    19792       0.3346   5.39
    19793       0.3337   5.39
    19794       0.3346   5.39
    19795       0.3349   5.38
    19796       0.3341   5.39
    19797       0.3350   5.39
    19798       0.3350   5.38
    19799       0.3346   5.38
    19800       0.3355   5.38
    19801       0.3350   5.38
    19802       0.3342   5.38
    19803       0.3355   5.38
    19804       0.3360   5.39
    19805       0.3346   5.39
    19806       0.3354   5.39
    19807       0.3358   5.38
    19808       0.3344   5.38
    19809       0.3359   5.38
    19810       0.3358   5.38
    19811       0.3343   5.38
    19812       0.3352   5.38
    19813       0.3353   5.38
    19814       0.3345   5.38
    19815       0.3360   5.38
    19816       0.3359   5.38
    19817       0.3342   5.38
    19818       0.3341   5.38
    19819       0.3354   5.38
    19820       0.3339   5.38
    19821       0.3353   5.38
    19822       0.3350   5.38
    19823       0.3344   5.39
    19824       0.3344   5.39
    19825       0.3353   5.38
    19826       0.3345   5.38
    19827       0.3354   5.38
    19828       0.3347   5.38
    19829       0.3348   5.38
    19830       0.3351   5.38
    19831       0.3343   5.38
    19832       0.3351   5.38
    19833       0.3348   5.39
    19834       0.3353   5.39
    19835       0.3356   5.38
    19836       0.3336   5.38
    19837       0.3356   5.38
    19838       0.3354   5.38
    19839       0.3342   5.39
    19840       0.3351   5.39
    19841       0.3360   5.38
    19842       0.3347   5.38
    19843       0.3348   5.38
    19844       0.3359   5.38
    19845       0.3338   5.39
    19846       0.3344   5.39
    19847       0.3349   5.38
    19848       0.3345   5.38
    19849       0.3342   5.38
    19850       0.3352   5.38
    19851       0.3343   5.39
    19852       0.3345   5.39
    19853       0.3345   5.39
    19854       0.3345   5.39
    19855       0.3361   5.39
    19856       0.3359   5.39
    19857       0.3344   5.38
    19858       0.3353   5.38
    19859       0.3350   5.38
    19860       0.3342   5.38
    19861       0.3344   5.38
    19862       0.3348   5.38
    19863       0.3349   5.39
    19864       0.3358   5.39
    19865       0.3354   5.38
    19866       0.3350   5.38
    19867       0.3346   5.38
    19868       0.3352   5.38
    19869       0.3346   5.39
    19870       0.3360   5.39
    19871       0.3362   5.39
    19872       0.3346   5.38
    19873       0.3356   5.38
    19874       0.3354   5.38
    19875       0.3342   5.38
    19876       0.3352   5.38
    19877       0.3354   5.38
    19878       0.3352   5.38
    19879       0.3361   5.38
    19880       0.3355   5.38
    19881       0.3347   5.39
    19882       0.3347   5.38
    19883       0.3355   5.38
    19884       0.3357   5.38
    19885       0.3353   5.38
    19886       0.3358   5.38
    19887       0.3354   5.39
    19888       0.3339   5.38
    19889       0.3348   5.38
    19890       0.3354   5.39
    19891       0.3344   5.39
    19892       0.3352   5.39
    19893       0.3357   5.39
    19894       0.3351   5.39
    19895       0.3355   5.39
    19896       0.3349   5.39
    19897       0.3344   5.39
    19898       0.3350   5.39
    19899       0.3344   5.39
    19900       0.3344   5.38
    19901       0.3352   5.38
    19902       0.3348   5.38
    19903       0.3344   5.39
    19904       0.3355   5.39
    19905       0.3353   5.38
    19906       0.3344   5.38
    19907       0.3349   5.38
    19908       0.3347   5.38
    19909       0.3343   5.39
    19910       0.3356   5.39
    19911       0.3355   5.39
    19912       0.3353   5.38
    19913       0.3357   5.38
    19914       0.3353   5.38
    19915       0.3346   5.39
    19916       0.3355   5.39
    19917       0.3346   5.39
    19918       0.3337   5.38
    19919       0.3353   5.38
    19920       0.3346   5.38
    19921       0.3341   5.38
    19922       0.3353   5.38
    19923       0.3351   5.38
    19924       0.3346   5.38
    19925       0.3353   5.38
    19926       0.3351   5.38
    19927       0.3345   5.38
    19928       0.3351   5.38
    19929       0.3345   5.39
    19930       0.3336   5.38
    19931       0.3363   5.38
    19932       0.3362   5.38
    19933       0.3351   5.38
    19934       0.3357   5.38
    19935       0.3352   5.39
    19936       0.3346   5.39
    19937       0.3348   5.38
    19938       0.3356   5.38
    19939       0.3346   5.38
    19940       0.3341   5.38
    19941       0.3344   5.38
    19942       0.3344   5.39
    19943       0.3343   5.38
    19944       0.3351   5.38
    19945       0.3352   5.38
    19946       0.3350   5.38
    19947       0.3349   5.38
    19948       0.3354   5.38
    19949       0.3345   5.38
    19950       0.3351   5.38
    19951       0.3351   5.38
    19952       0.3353   5.38
    19953       0.3351   5.38
    19954       0.3341   5.39
    19955       0.3339   5.38
    19956       0.3351   5.38
    19957       0.3349   5.38
    19958       0.3341   5.39
    19959       0.3350   5.39
    19960       0.3357   5.38
    19961       0.3337   5.38
    19962       0.3347   5.38
    19963       0.3345   5.39
    19964       0.3337   5.39
    19965       0.3351   5.39
    19966       0.3354   5.39
    19967       0.3345   5.38
    19968       0.3346   5.38
    19969       0.3350   5.39
    19970       0.3354   5.39
    19971       0.3359   5.39
    19972       0.3357   5.38
    19973       0.3338   5.38
    19974       0.3356   5.38
    19975       0.3356   5.38
    19976       0.3348   5.38
    19977       0.3354   5.38
    19978       0.3352   5.38
    19979       0.3344   5.38
    19980       0.3353   5.38
    19981       0.3347   5.38
    19982       0.3349   5.38
    19983       0.3355   5.38
    19984       0.3353   5.38
    19985       0.3339   5.38
    19986       0.3352   5.38
    19987       0.3354   5.38
    19988       0.3354   5.39
    19989       0.3348   5.39
    19990       0.3346   5.38
    19991       0.3347   5.38
    19992       0.3342   5.38
    19993       0.3348   5.38
    19994       0.3356   5.38
    19995       0.3344   5.38
    19996       0.3348   5.38
    19997       0.3353   5.39
    19998       0.3344   5.39
    19999       0.3356   5.39

  histograma, classes de 0,010 ns
  0.330 a 0.340  19939  ############################################################
  0.340 a 0.350    61  #

  minimo 0.3328   mediana 0.3353   maximo 0.3489
  periodo de clock ao FIM: 0.3206 ns (3.12 GHz)
  CICLOS por operacao: 1.061 (pelo periodo inicial)   1.046 (pelo final)
