  sonda-relaxed: 20000 amostras de 2000000 rodadas, cpu 0, governor powersave

  periodo de clock MEDIDO, apos 400 ms de aquecimento: 0.1786 ns  (5.60 GHz)
  frequencia lida do sysfs no mesmo instante:         5.59 GHz

  amostra  ns/operacao   GHz
  -------  -----------  -----
        0       0.2008   5.59
        1       0.2015   5.59
        2       0.2012   5.59
        3       0.2019   5.59
        4       0.2016   5.58
        5       0.2017   5.58
        6       0.2018   5.58
        7       0.2019   5.56
        8       0.2026   5.56
        9       0.2020   5.55
       10       0.2027   5.55
       11       0.2023   5.55
       12       0.2021   5.55
       13       0.2029   5.55
       14       0.2022   5.55
       15       0.2030   5.55
       16       0.2022   5.55
       17       0.2022   5.55
       18       0.2028   5.55
       19       0.2022   5.54
       20       0.2029   5.54
       21       0.2022   5.54
       22       0.2021   5.54
       23       0.2029   5.54
       24       0.2025   5.55
       25       0.2029   5.55
       26       0.2025   5.54
       27       0.2025   5.54
       28       0.2030   5.54
       29       0.2024   5.54
       30       0.2029   5.54
       31       0.2022   5.54
       32       0.2023   5.54
       33       0.2029   5.54
       34       0.2024   5.55
       35       0.2030   5.55
       36       0.2025   5.54
       37       0.2031   5.54
       38       0.2022   5.54
       39       0.2024   5.54
       40       0.2030   5.54
       41       0.2024   5.54
       42       0.2029   5.54
       43       0.2023   5.54
       44       0.2023   5.54
       45       0.2029   5.54
       46       0.2024   5.54
       47       0.2030   5.54
       48       0.2024   5.54
       49       0.2025   5.54
       50       0.2030   5.54
       51       0.2023   5.54
       52       0.2029   5.54
       53       0.2023   5.54
       54       0.2023   5.54
       55       0.2029   5.54
       56       0.2023   5.54
       57       0.2031   5.54
       58       0.2025   5.54
       59       0.2026   5.54
       60       0.2030   5.54
       61       0.2023   5.54
       62       0.2030   5.54
       63       0.2022   5.54
       64       0.2030   5.54
       65       0.2024   5.54
       66       0.2026   5.54
       67       0.2031   5.54
       68       0.2023   5.54
       69       0.2030   5.54
       70       0.2024   5.54
       71       0.2023   5.54
       72       0.2029   5.54
       73       0.2023   5.54
       74       0.2030   5.54
       75       0.2024   5.54
       76       0.2024   5.54
       77       0.2032   5.54
       78       0.2024   5.54
       79       0.2032   5.54
       80       0.2024   5.54
       81       0.2024   5.54
       82       0.2029   5.54
       83       0.2023   5.54
       84       0.2030   5.54
       85       0.2025   5.54
       86       0.2026   5.54
       87       0.2033   5.54
       88       0.2025   5.53
       89       0.2031   5.53
       90       0.2023   5.53
       91       0.2030   5.53
       92       0.2024   5.54
       93       0.2023   5.54
       94       0.2030   5.54
       95       0.2025   5.54
       96       0.2030   5.54
       97       0.2025   5.54
       98       0.2026   5.54
       99       0.2032   5.54
      100       0.2025   5.53
      101       0.2031   5.53
      102       0.2023   5.53
      103       0.2024   5.53
      104       0.2030   5.53
      105       0.2024   5.54
      106       0.2030   5.54
      107       0.2026   5.54
      108       0.2025   5.54
      109       0.2031   5.54
      110       0.2026   5.53
      111       0.2032   5.53
      112       0.2026   5.53
      113       0.2026   5.53
      114       0.2032   5.53
      115       0.2025   5.53
      116       0.2032   5.53
      117       0.2025   5.53
      118       0.2033   5.53
      119       0.2025   5.54
      120       0.2026   5.54
      121       0.2032   5.54
      122       0.2026   5.53
      123       0.2033   5.53
      124       0.2026   5.53
      125       0.2026   5.53
      126       0.2032   5.53
      127       0.2026   5.53
      128       0.2034   5.53
      129       0.2023   5.53
      130       0.2024   5.53
      131       0.2031   5.53
      132       0.2024   5.54
      133       0.2030   5.54
      134       0.2026   5.54
      135       0.2025   5.54
      136       0.2033   5.54
      137       0.2027   5.53
      138       0.2035   5.53
      139       0.2024   5.53
      140       0.2025   5.53
      141       0.2033   5.53
      142       0.2026   5.54
      143       0.2031   5.54
      144       0.2026   5.53
      145       0.2032   5.53
      146       0.2027   5.53
      147       0.2026   5.53
      148       0.2127   5.53
      149       0.2026   5.53
      150       0.2035   5.53
      151       0.2027   5.53
      152       0.2027   5.53
      153       0.2032   5.53
      154       0.2028   5.53
      155       0.2033   5.53
      156       0.2026   5.53
      157       0.2027   5.53
      158       0.2033   5.53
      159       0.2027   5.53
      160       0.2032   5.53
      161       0.2027   5.53
      162       0.2027   5.53
      163       0.2032   5.53
      164       0.2026   5.53
      165       0.2032   5.53
      166       0.2026   5.53
      167       0.2027   5.53
      168       0.2026   5.53
      169       0.2027   5.53
      170       0.2032   5.53
      171       0.2022   5.53
      172       0.2029   5.53
      173       0.2024   5.54
      174       0.2026   5.54
      175       0.2032   5.54
      176       0.2026   5.54
      177       0.2034   5.54
      178       0.2026   5.53
      179       0.2027   5.53
      180       0.2032   5.53
      181       0.2026   5.53
      182       0.2033   5.53
      183       0.2023   5.53
      184       0.2024   5.53
      185       0.2029   5.53
      186       0.2026   5.54
      187       0.2034   5.54
      188       0.2025   5.54
      189       0.2027   5.54
      190       0.2032   5.54
      191       0.2027   5.53
      192       0.2032   5.53
      193       0.2026   5.53
      194       0.2032   5.53
      195       0.2026   5.53
      196       0.2027   5.53
      197       0.2034   5.53
      198       0.2026   5.53
      199       0.2034   5.53
      200       0.2027   5.53
      201       0.2026   5.53
      202       0.2032   5.53
      203       0.2026   5.53
      204       0.2033   5.53
      205       0.2026   5.53
      206       0.2027   5.53
      207       0.2031   5.53
      208       0.2027   5.53
      209       0.2034   5.53
      210       0.2027   5.53
      211       0.2026   5.53
      212       0.2033   5.53
      213       0.2028   5.53
      214       0.2034   5.53
      215       0.2027   5.53
      216       0.2026   5.53
      217       0.2032   5.53
      218       0.2025   5.53
      219       0.2033   5.53
      220       0.2026   5.53
      221       0.2031   5.53
      222       0.2026   5.53
      223       0.2026   5.53
      224       0.2032   5.53
      225       0.2027   5.53
      226       0.2032   5.53
      227       0.2026   5.53
      228       0.2027   5.53
      229       0.2034   5.53
      230       0.2026   5.53
      231       0.2033   5.53
      232       0.2028   5.53
      233       0.2027   5.53
      234       0.2033   5.53
      235       0.2026   5.53
      236       0.2033   5.53
      237       0.2027   5.53
      238       0.2027   5.53
      239       0.2033   5.53
      240       0.2026   5.53
      241       0.2034   5.53
      242       0.2028   5.53
      243       0.2026   5.53
      244       0.2033   5.53
      245       0.2028   5.53
      246       0.2033   5.53
      247       0.2027   5.53
      248       0.2035   5.53
      249       0.2026   5.53
      250       0.2026   5.53
      251       0.2032   5.53
      252       0.2026   5.53
      253       0.2033   5.53
      254       0.2026   5.53
      255       0.2027   5.53
      256       0.2033   5.53
      257       0.2027   5.53
      258       0.2034   5.53
      259       0.2026   5.53
      260       0.2027   5.53
      261       0.2034   5.53
      262       0.2027   5.53
      263       0.2033   5.53
      264       0.2027   5.53
      265       0.2027   5.53
      266       0.2033   5.53
      267       0.2027   5.53
      268       0.2033   5.53
      269       0.2027   5.53
      270       0.2027   5.53
      271       0.2033   5.53
      272       0.2028   5.53
      273       0.2033   5.53
      274       0.2027   5.53
      275       0.2033   5.53
      276       0.2027   5.53
      277       0.2026   5.53
      278       0.2033   5.53
      279       0.2027   5.53
      280       0.2031   5.53
      281       0.2026   5.53
      282       0.2027   5.53
      283       0.2032   5.53
      284       0.2028   5.53
      285       0.2033   5.53
      286       0.2027   5.53
      287       0.2027   5.53
      288       0.2034   5.53
      289       0.2026   5.53
      290       0.2033   5.53
      291       0.2026   5.53
      292       0.2026   5.53
      293       0.2034   5.53
      294       0.2027   5.53
      295       0.2032   5.53
      296       0.2027   5.53
      297       0.2029   5.53
      298       0.2031   5.53
      299       0.2027   5.53
      300       0.2033   5.53
      301       0.2026   5.53
      302       0.2033   5.53
      303       0.2027   5.53
      304       0.2027   5.53
      305       0.2033   5.53
      306       0.2027   5.53
      307       0.2034   5.53
      308       0.2026   5.53
      309       0.2027   5.53
      310       0.2033   5.53
      311       0.2027   5.53
      312       0.2034   5.53
      313       0.2026   5.53
      314       0.2027   5.53
      315       0.2032   5.53
      316       0.2028   5.53
      317       0.2035   5.53
      318       0.2027   5.53
      319       0.2028   5.53
      320       0.2035   5.53
      321       0.2027   5.53
      322       0.2032   5.53
      323       0.2026   5.53
      324       0.2032   5.53
      325       0.2025   5.53
      326       0.2027   5.53
      327       0.2036   5.53
      328       0.2027   5.53
      329       0.2032   5.53
      330       0.2027   5.53
      331       0.2027   5.53
      332       0.2032   5.53
      333       0.2026   5.53
      334       0.2032   5.53
      335       0.2027   5.53
      336       0.2026   5.53
      337       0.2032   5.53
      338       0.2027   5.53
      339       0.2032   5.53
      340       0.2027   5.53
      341       0.2026   5.53
      342       0.2033   5.53
      343       0.2028   5.53
      344       0.2033   5.53
      345       0.2027   5.53
      346       0.2027   5.53
      347       0.2032   5.53
      348       0.2027   5.53
      349       0.2033   5.53
      350       0.2027   5.53
      351       0.2033   5.53
      352       0.2027   5.53
      353       0.2027   5.53
      354       0.2033   5.53
      355       0.2028   5.53
      356       0.2033   5.53
      357       0.2027   5.53
      358       0.2028   5.53
      359       0.2035   5.53
      360       0.2028   5.53
      361       0.2033   5.53
      362       0.2027   5.53
      363       0.2027   5.53
      364       0.2033   5.53
      365       0.2027   5.53
      366       0.2038   5.53
      367       0.2026   5.53
      368       0.2027   5.53
      369       0.2037   5.53
      370       0.2027   5.53
      371       0.2033   5.53
      372       0.2027   5.53
      373       0.2028   5.53
      374       0.2033   5.53
      375       0.2028   5.53
      376       0.2033   5.53
      377       0.2027   5.53
      378       0.2034   5.53
      379       0.2027   5.53
      380       0.2027   5.53
      381       0.2035   5.53
      382       0.2027   5.53
      383       0.2034   5.53
      384       0.2028   5.53
      385       0.2027   5.53
      386       0.2032   5.53
      387       0.2027   5.53
      388       0.2033   5.53
      389       0.2028   5.53
      390       0.2027   5.53
      391       0.2032   5.53
      392       0.2027   5.53
      393       0.2033   5.53
      394       0.2028   5.53
      395       0.2027   5.53
      396       0.2034   5.53
      397       0.2027   5.53
      398       0.2032   5.53
      399       0.2027   5.53
      400       0.2028   5.53
      401       0.2031   5.53
      402       0.2027   5.53
      403       0.2033   5.53
      404       0.2027   5.53
      405       0.2032   5.53
      406       0.2026   5.53
      407       0.2026   5.53
      408       0.2032   5.53
      409       0.2027   5.53
      410       0.2033   5.53
      411       0.2027   5.53
      412       0.2026   5.53
      413       0.2034   5.53
      414       0.2026   5.53
      415       0.2033   5.53
      416       0.2027   5.53
      417       0.2027   5.53
      418       0.2034   5.53
      419       0.2028   5.53
      420       0.2034   5.53
      421       0.2027   5.53
      422       0.2028   5.53
      423       0.2034   5.53
      424       0.2027   5.53
      425       0.2033   5.53
      426       0.2026   5.53
      427       0.2035   5.53
      428       0.2027   5.53
      429       0.2027   5.53
      430       0.2033   5.53
      431       0.2027   5.53
      432       0.2032   5.53
      433       0.2027   5.53
      434       0.2027   5.53
      435       0.2033   5.53
      436       0.2027   5.53
      437       0.2034   5.53
      438       0.2028   5.53
      439       0.2027   5.53
      440       0.2034   5.53
      441       0.2027   5.53
      442       0.2033   5.53
      443       0.2026   5.53
      444       0.2027   5.53
      445       0.2033   5.53
      446       0.2027   5.53
      447       0.2035   5.53
      448       0.2027   5.53
      449       0.2028   5.53
      450       0.2033   5.53
      451       0.2028   5.53
      452       0.2033   5.53
      453       0.2027   5.53
      454       0.2033   5.53
      455       0.2027   5.53
      456       0.2027   5.53
      457       0.2031   5.53
      458       0.2027   5.53
      459       0.2033   5.53
      460       0.2027   5.53
      461       0.2028   5.53
      462       0.2034   5.53
      463       0.2028   5.53
      464       0.2035   5.53
      465       0.2027   5.53
      466       0.2028   5.53
      467       0.2033   5.53
      468       0.2028   5.53
      469       0.2033   5.53
      470       0.2027   5.53
      471       0.2027   5.53
      472       0.2033   5.53
      473       0.2027   5.53
      474       0.2033   5.53
      475       0.2028   5.53
      476       0.2027   5.53
      477       0.2034   5.53
      478       0.2027   5.53
      479       0.2033   5.53
      480       0.2028   5.53
      481       0.2034   5.53
      482       0.2027   5.53
      483       0.2028   5.53
      484       0.2034   5.53
      485       0.2028   5.53
      486       0.2036   5.53
      487       0.2027   5.53
      488       0.2027   5.53
      489       0.2033   5.53
      490       0.2028   5.53
      491       0.2034   5.53
      492       0.2028   5.53
      493       0.2027   5.53
      494       0.2033   5.53
      495       0.2027   5.53
      496       0.2034   5.53
      497       0.2028   5.53
      498       0.2027   5.53
      499       0.2035   5.53
      500       0.2027   5.53
      501       0.2032   5.53
      502       0.2027   5.53
      503       0.2029   5.53
      504       0.2107   5.53
      505       0.2026   5.53
      506       0.2032   5.53
      507       0.2027   5.53
      508       0.2034   5.53
      509       0.2027   5.53
      510       0.2026   5.53
      511       0.2033   5.53
      512       0.2027   5.53
      513       0.2033   5.53
      514       0.2027   5.53
      515       0.2027   5.53
      516       0.2032   5.53
      517       0.2027   5.53
      518       0.2032   5.53
      519       0.2028   5.53
      520       0.2028   5.53
      521       0.2033   5.53
      522       0.2027   5.53
      523       0.2036   5.53
      524       0.2027   5.53
      525       0.2027   5.53
      526       0.2037   5.53
      527       0.2027   5.53
      528       0.2033   5.53
      529       0.2028   5.53
      530       0.2034   5.53
      531       0.2027   5.53
      532       0.2028   5.53
      533       0.2033   5.53
      534       0.2027   5.53
      535       0.2033   5.53
      536       0.2027   5.53
      537       0.2028   5.53
      538       0.2033   5.53
      539       0.2028   5.53
      540       0.2035   5.53
      541       0.2028   5.53
      542       0.2029   5.53
      543       0.2035   5.53
      544       0.2028   5.53
      545       0.2033   5.53
      546       0.2027   5.53
      547       0.2028   5.53
      548       0.2034   5.53
      549       0.2026   5.53
      550       0.2034   5.53
      551       0.2027   5.53
      552       0.2029   5.53
      553       0.2031   5.53
      554       0.2026   5.53
      555       0.2032   5.53
      556       0.2026   5.53
      557       0.2035   5.53
      558       0.2026   5.53
      559       0.2028   5.53
      560       0.2035   5.53
      561       0.2027   5.53
      562       0.2033   5.53
      563       0.2027   5.53
      564       0.2029   5.53
      565       0.2034   5.53
      566       0.2027   5.53
      567       0.2034   5.53
      568       0.2027   5.53
      569       0.2027   5.53
      570       0.2032   5.53
      571       0.2027   5.53
      572       0.2034   5.53
      573       0.2027   5.53
      574       0.2028   5.53
      575       0.2032   5.53
      576       0.2028   5.53
      577       0.2033   5.53
      578       0.2028   5.53
      579       0.2033   5.53
      580       0.2028   5.53
      581       0.2028   5.53
      582       0.2033   5.53
      583       0.2028   5.53
      584       0.2034   5.53
      585       0.2028   5.53
      586       0.2028   5.53
      587       0.2033   5.53
      588       0.2027   5.53
      589       0.2034   5.53
      590       0.2028   5.53
      591       0.2027   5.53
      592       0.2032   5.53
      593       0.2028   5.53
      594       0.2034   5.53
      595       0.2028   5.53
      596       0.2027   5.53
      597       0.2034   5.53
      598       0.2028   5.53
      599       0.2032   5.53
      600       0.2027   5.53
      601       0.2027   5.53
      602       0.2033   5.53
      603       0.2029   5.53
      604       0.2034   5.53
      605       0.2028   5.53
      606       0.2036   5.53
      607       0.2027   5.53
      608       0.2028   5.53
      609       0.2034   5.53
      610       0.2027   5.53
      611       0.2034   5.53
      612       0.2026   5.53
      613       0.2028   5.53
      614       0.2034   5.53
      615       0.2027   5.53
      616       0.2035   5.53
      617       0.2026   5.53
      618       0.2027   5.53
      619       0.2034   5.53
      620       0.2028   5.53
      621       0.2034   5.53
      622       0.2027   5.53
      623       0.2027   5.53
      624       0.2034   5.53
      625       0.2028   5.53
      626       0.2034   5.53
      627       0.2028   5.53
      628       0.2028   5.53
      629       0.2034   5.53
      630       0.2028   5.53
      631       0.2033   5.53
      632       0.2028   5.53
      633       0.2032   5.53
      634       0.2028   5.53
      635       0.2028   5.53
      636       0.2033   5.53
      637       0.2028   5.53
      638       0.2035   5.53
      639       0.2028   5.53
      640       0.2027   5.53
      641       0.2033   5.53
      642       0.2027   5.53
      643       0.2033   5.53
      644       0.2027   5.53
      645       0.2028   5.53
      646       0.2034   5.53
      647       0.2027   5.53
      648       0.2033   5.53
      649       0.2026   5.53
      650       0.2027   5.53
      651       0.2033   5.53
      652       0.2027   5.53
      653       0.2034   5.53
      654       0.2028   5.53
      655       0.2028   5.53
      656       0.2027   5.53
      657       0.2028   5.53
      658       0.2034   5.53
      659       0.2028   5.53
      660       0.2083   5.53
      661       0.2027   5.53
      662       0.2027   5.53
      663       0.2033   5.53
      664       0.2027   5.53
      665       0.2034   5.53
      666       0.2027   5.53
      667       0.2028   5.53
      668       0.2034   5.53
      669       0.2029   5.53
      670       0.2033   5.53
      671       0.2027   5.53
      672       0.2028   5.53
      673       0.2033   5.53
      674       0.2027   5.53
      675       0.2033   5.53
      676       0.2028   5.53
      677       0.2027   5.53
      678       0.2036   5.53
      679       0.2027   5.53
      680       0.2036   5.53
      681       0.2027   5.53
      682       0.2034   5.53
      683       0.2028   5.53
      684       0.2028   5.53
      685       0.2034   5.53
      686       0.2028   5.53
      687       0.2034   5.53
      688       0.2028   5.53
      689       0.2028   5.53
      690       0.2034   5.53
      691       0.2028   5.53
      692       0.2032   5.53
      693       0.2028   5.53
      694       0.2027   5.53
      695       0.2035   5.53
      696       0.2028   5.53
      697       0.2034   5.53
      698       0.2028   5.53
      699       0.2028   5.53
      700       0.2034   5.53
      701       0.2028   5.53
      702       0.2032   5.53
      703       0.2028   5.53
      704       0.2030   5.53
      705       0.2034   5.53
      706       0.2027   5.53
      707       0.2033   5.53
      708       0.2027   5.53
      709       0.2034   5.53
      710       0.2028   5.53
      711       0.2028   5.53
      712       0.2034   5.53
      713       0.2027   5.53
      714       0.2034   5.53
      715       0.2027   5.53
      716       0.2028   5.53
      717       0.2035   5.53
      718       0.2028   5.53
      719       0.2036   5.53
      720       0.2028   5.53
      721       0.2027   5.53
      722       0.2033   5.53
      723       0.2027   5.53
      724       0.2034   5.53
      725       0.2028   5.53
      726       0.2027   5.53
      727       0.2035   5.53
      728       0.2028   5.53
      729       0.2034   5.53
      730       0.2028   5.53
      731       0.2033   5.53
      732       0.2027   5.53
      733       0.2027   5.53
      734       0.2034   5.53
      735       0.2028   5.53
      736       0.2035   5.53
      737       0.2027   5.53
      738       0.2027   5.53
      739       0.2035   5.53
      740       0.2028   5.53
      741       0.2034   5.53
      742       0.2028   5.53
      743       0.2028   5.53
      744       0.2034   5.53
      745       0.2028   5.53
      746       0.2034   5.53
      747       0.2029   5.53
      748       0.2028   5.53
      749       0.2034   5.53
      750       0.2028   5.53
      751       0.2032   5.53
      752       0.2027   5.53
      753       0.2029   5.53
      754       0.2034   5.53
      755       0.2028   5.53
      756       0.2034   5.53
      757       0.2028   5.53
      758       0.2034   5.53
      759       0.2027   5.53
      760       0.2028   5.53
      761       0.2033   5.53
      762       0.2026   5.53
      763       0.2034   5.53
      764       0.2028   5.53
      765       0.2028   5.53
      766       0.2033   5.53
      767       0.2028   5.53
      768       0.2034   5.53
      769       0.2028   5.53
      770       0.2028   5.53
      771       0.2034   5.53
      772       0.2028   5.53
      773       0.2034   5.53
      774       0.2027   5.53
      775       0.2028   5.53
      776       0.2034   5.53
      777       0.2028   5.53
      778       0.2034   5.53
      779       0.2027   5.53
      780       0.2028   5.53
      781       0.2033   5.53
      782       0.2027   5.53
      783       0.2033   5.53
      784       0.2027   5.53
      785       0.2034   5.53
      786       0.2027   5.53
      787       0.2028   5.53
      788       0.2033   5.53
      789       0.2028   5.53
      790       0.2033   5.53
      791       0.2027   5.53
      792       0.2028   5.53
      793       0.2034   5.53
      794       0.2027   5.53
      795       0.2034   5.53
      796       0.2028   5.53
      797       0.2027   5.53
      798       0.2036   5.53
      799       0.2027   5.53
      800       0.2037   5.53
      801       0.2028   5.53
      802       0.2028   5.53
      803       0.2033   5.53
      804       0.2029   5.53
      805       0.2033   5.53
      806       0.2027   5.53
      807       0.2034   5.53
      808       0.2028   5.53
      809       0.2028   5.53
      810       0.2034   5.53
      811       0.2029   5.53
      812       0.2034   5.53
      813       0.2029   5.53
      814       0.2028   5.53
      815       0.2033   5.53
      816       0.2027   5.53
      817       0.2053   5.53
      818       0.2027   5.53
      819       0.2028   5.53
      820       0.2034   5.53
      821       0.2028   5.53
      822       0.2034   5.53
      823       0.2027   5.53
      824       0.2028   5.53
      825       0.2034   5.53
      826       0.2028   5.53
      827       0.2034   5.53
      828       0.2028   5.53
      829       0.2028   5.53
      830       0.2034   5.53
      831       0.2027   5.53
      832       0.2034   5.53
      833       0.2028   5.53
      834       0.2034   5.53
      835       0.2028   5.53
      836       0.2028   5.53
      837       0.2035   5.53
      838       0.2028   5.53
      839       0.2034   5.53
      840       0.2028   5.53
      841       0.2029   5.53
      842       0.2034   5.53
      843       0.2028   5.53
      844       0.2033   5.53
      845       0.2027   5.53
      846       0.2027   5.53
      847       0.2035   5.53
      848       0.2028   5.53
      849       0.2032   5.53
      850       0.2027   5.53
      851       0.2028   5.53
      852       0.2034   5.53
      853       0.2027   5.53
      854       0.2034   5.53
      855       0.2028   5.53
      856       0.2029   5.53
      857       0.2036   5.53
      858       0.2028   5.53
      859       0.2036   5.53
      860       0.2028   5.53
      861       0.2034   5.53
      862       0.2027   5.53
      863       0.2027   5.53
      864       0.2034   5.53
      865       0.2028   5.53
      866       0.2035   5.53
      867       0.2027   5.53
      868       0.2029   5.53
      869       0.2032   5.53
      870       0.2028   5.53
      871       0.2034   5.53
      872       0.2028   5.53
      873       0.2028   5.53
      874       0.2033   5.53
      875       0.2028   5.53
      876       0.2034   5.53
      877       0.2027   5.53
      878       0.2028   5.53
      879       0.2034   5.53
      880       0.2028   5.53
      881       0.2034   5.53
      882       0.2028   5.53
      883       0.2034   5.53
      884       0.2028   5.53
      885       0.2027   5.53
      886       0.2035   5.53
      887       0.2028   5.53
      888       0.2034   5.53
      889       0.2028   5.53
      890       0.2028   5.53
      891       0.2034   5.53
      892       0.2027   5.53
      893       0.2034   5.53
      894       0.2028   5.53
      895       0.2029   5.53
      896       0.2034   5.53
      897       0.2028   5.53
      898       0.2035   5.53
      899       0.2028   5.53
      900       0.2028   5.53
      901       0.2034   5.53
      902       0.2029   5.53
      903       0.2034   5.53
      904       0.2028   5.53
      905       0.2028   5.53
      906       0.2034   5.53
      907       0.2027   5.53
      908       0.2035   5.53
      909       0.2028   5.53
      910       0.2033   5.53
      911       0.2028   5.53
      912       0.2028   5.53
      913       0.2036   5.53
      914       0.2027   5.53
      915       0.2037   5.53
      916       0.2028   5.53
      917       0.2028   5.53
      918       0.2035   5.53
      919       0.2028   5.53
      920       0.2038   5.53
      921       0.2028   5.53
      922       0.2028   5.53
      923       0.2034   5.53
      924       0.2028   5.53
      925       0.2034   5.53
      926       0.2027   5.53
      927       0.2028   5.53
      928       0.2034   5.53
      929       0.2028   5.53
      930       0.2034   5.53
      931       0.2028   5.53
      932       0.2033   5.53
      933       0.2028   5.53
      934       0.2028   5.53
      935       0.2034   5.53
      936       0.2028   5.53
      937       0.2034   5.53
      938       0.2028   5.53
      939       0.2027   5.53
      940       0.2033   5.53
      941       0.2028   5.53
      942       0.2035   5.53
      943       0.2027   5.53
      944       0.2029   5.53
      945       0.2034   5.53
      946       0.2028   5.53
      947       0.2034   5.53
      948       0.2028   5.53
      949       0.2029   5.53
      950       0.2033   5.53
      951       0.2028   5.53
      952       0.2034   5.53
      953       0.2026   5.53
      954       0.2027   5.53
      955       0.2034   5.53
      956       0.2028   5.53
      957       0.2036   5.53
      958       0.2027   5.53
      959       0.2034   5.53
      960       0.2028   5.53
      961       0.2028   5.53
      962       0.2035   5.53
      963       0.2028   5.53
      964       0.2034   5.53
      965       0.2028   5.53
      966       0.2027   5.53
      967       0.2035   5.53
      968       0.2028   5.53
      969       0.2035   5.53
      970       0.2028   5.53
      971       0.2028   5.53
      972       0.2033   5.53
      973       0.2027   5.53
      974       0.2036   5.53
      975       0.2027   5.53
      976       0.2028   5.53
      977       0.2034   5.53
      978       0.2028   5.53
      979       0.2033   5.53
      980       0.2028   5.53
      981       0.2027   5.53
      982       0.2032   5.53
      983       0.2028   5.53
      984       0.2034   5.53
      985       0.2028   5.53
      986       0.2033   5.53
      987       0.2028   5.53
      988       0.2027   5.53
      989       0.2034   5.53
      990       0.2027   5.53
      991       0.2034   5.53
      992       0.2027   5.53
      993       0.2028   5.53
      994       0.2035   5.53
      995       0.2028   5.53
      996       0.2033   5.53
      997       0.2029   5.53
      998       0.2028   5.53
      999       0.2032   5.53
     1000       0.2027   5.53
     1001       0.2034   5.53
     1002       0.2028   5.53
     1003       0.2028   5.53
     1004       0.2033   5.53
     1005       0.2028   5.53
     1006       0.2034   5.53
     1007       0.2028   5.53
     1008       0.2034   5.53
     1009       0.2027   5.53
     1010       0.2027   5.53
     1011       0.2033   5.53
     1012       0.2027   5.53
     1013       0.2035   5.53
     1014       0.2027   5.53
     1015       0.2027   5.53
     1016       0.2034   5.53
     1017       0.2028   5.53
     1018       0.2035   5.53
     1019       0.2026   5.53
     1020       0.2028   5.53
     1021       0.2033   5.53
     1022       0.2027   5.53
     1023       0.2034   5.53
     1024       0.2028   5.53
     1025       0.2027   5.53
     1026       0.2032   5.53
     1027       0.2027   5.53
     1028       0.2035   5.53
     1029       0.2027   5.53
     1030       0.2027   5.53
     1031       0.2033   5.53
     1032       0.2027   5.53
     1033       0.2036   5.53
     1034       0.2028   5.53
     1035       0.2038   5.53
     1036       0.2028   5.53
     1037       0.2027   5.53
     1038       0.2035   5.53
     1039       0.2028   5.53
     1040       0.2034   5.53
     1041       0.2027   5.53
     1042       0.2027   5.53
     1043       0.2032   5.53
     1044       0.2026   5.53
     1045       0.2032   5.53
     1046       0.2027   5.53
     1047       0.2026   5.53
     1048       0.2033   5.53
     1049       0.2027   5.53
     1050       0.2034   5.53
     1051       0.2026   5.53
     1052       0.2027   5.53
     1053       0.2033   5.53
     1054       0.2027   5.53
     1055       0.2033   5.53
     1056       0.2028   5.53
     1057       0.2028   5.53
     1058       0.2034   5.53
     1059       0.2027   5.53
     1060       0.2034   5.53
     1061       0.2027   5.53
     1062       0.2033   5.53
     1063       0.2026   5.53
     1064       0.2026   5.53
     1065       0.2036   5.53
     1066       0.2028   5.53
     1067       0.2033   5.53
     1068       0.2027   5.53
     1069       0.2028   5.53
     1070       0.2033   5.53
     1071       0.2027   5.53
     1072       0.2035   5.53
     1073       0.2028   5.53
     1074       0.2027   5.53
     1075       0.2034   5.53
     1076       0.2027   5.53
     1077       0.2034   5.53
     1078       0.2027   5.53
     1079       0.2028   5.53
     1080       0.2034   5.53
     1081       0.2028   5.53
     1082       0.2034   5.53
     1083       0.2027   5.53
     1084       0.2029   5.53
     1085       0.2028   5.53
     1086       0.2027   5.53
     1087       0.2036   5.53
     1088       0.2028   5.53
     1089       0.2034   5.53
     1090       0.2028   5.53
     1091       0.2028   5.53
     1092       0.2035   5.53
     1093       0.2027   5.53
     1094       0.2034   5.53
     1095       0.2027   5.53
     1096       0.2027   5.53
     1097       0.2036   5.53
     1098       0.2028   5.53
     1099       0.2035   5.53
     1100       0.2028   5.53
     1101       0.2027   5.53
     1102       0.2034   5.53
     1103       0.2027   5.53
     1104       0.2033   5.53
     1105       0.2028   5.53
     1106       0.2027   5.53
     1107       0.2034   5.53
     1108       0.2027   5.53
     1109       0.2033   5.53
     1110       0.2027   5.53
     1111       0.2033   5.53
     1112       0.2028   5.53
     1113       0.2028   5.53
     1114       0.2033   5.53
     1115       0.2028   5.53
     1116       0.2033   5.53
     1117       0.2027   5.53
     1118       0.2028   5.53
     1119       0.2033   5.53
     1120       0.2027   5.53
     1121       0.2033   5.53
     1122       0.2028   5.53
     1123       0.2029   5.53
     1124       0.2035   5.53
     1125       0.2027   5.53
     1126       0.2034   5.53
     1127       0.2028   5.53
     1128       0.2028   5.53
     1129       0.2034   5.53
     1130       0.2028   5.53
     1131       0.2034   5.53
     1132       0.2027   5.53
     1133       0.2027   5.53
     1134       0.2034   5.53
     1135       0.2028   5.53
     1136       0.2033   5.53
     1137       0.2028   5.53
     1138       0.2035   5.53
     1139       0.2027   5.53
     1140       0.2028   5.53
     1141       0.2035   5.53
     1142       0.2028   5.53
     1143       0.2034   5.53
     1144       0.2028   5.53
     1145       0.2028   5.53
     1146       0.2034   5.53
     1147       0.2028   5.53
     1148       0.2035   5.53
     1149       0.2027   5.53
     1150       0.2028   5.53
     1151       0.2034   5.53
     1152       0.2028   5.53
     1153       0.2034   5.53
     1154       0.2027   5.53
     1155       0.2028   5.53
     1156       0.2033   5.53
     1157       0.2027   5.53
     1158       0.2035   5.53
     1159       0.2027   5.53
     1160       0.2029   5.53
     1161       0.2027   5.53
     1162       0.2028   5.53
     1163       0.2032   5.53
     1164       0.2028   5.53
     1165       0.2033   5.53
     1166       0.2027   5.53
     1167       0.2028   5.53
     1168       0.2034   5.53
     1169       0.2028   5.53
     1170       0.2128   5.53
     1171       0.2027   5.53
     1172       0.2029   5.53
     1173       0.2035   5.53
     1174       0.2027   5.53
     1175       0.2033   5.53
     1176       0.2027   5.53
     1177       0.2027   5.53
     1178       0.2035   5.53
     1179       0.2028   5.53
     1180       0.2036   5.53
     1181       0.2028   5.53
     1182       0.2030   5.53
     1183       0.2032   5.53
     1184       0.2027   5.53
     1185       0.2034   5.53
     1186       0.2028   5.53
     1187       0.2033   5.53
     1188       0.2028   5.53
     1189       0.2028   5.53
     1190       0.2034   5.53
     1191       0.2027   5.53
     1192       0.2034   5.53
     1193       0.2028   5.53
     1194       0.2027   5.53
     1195       0.2035   5.53
     1196       0.2027   5.53
     1197       0.2035   5.53
     1198       0.2028   5.53
     1199       0.2027   5.53
     1200       0.2035   5.53
     1201       0.2028   5.53
     1202       0.2033   5.53
     1203       0.2028   5.53
     1204       0.2029   5.53
     1205       0.2034   5.53
     1206       0.2027   5.53
     1207       0.2035   5.53
     1208       0.2028   5.53
     1209       0.2034   5.53
     1210       0.2029   5.53
     1211       0.2028   5.53
     1212       0.2035   5.53
     1213       0.2029   5.53
     1214       0.2035   5.53
     1215       0.2028   5.53
     1216       0.2029   5.53
     1217       0.2034   5.53
     1218       0.2027   5.53
     1219       0.2035   5.53
     1220       0.2027   5.53
     1221       0.2028   5.53
     1222       0.2033   5.53
     1223       0.2028   5.53
     1224       0.2034   5.53
     1225       0.2028   5.53
     1226       0.2028   5.53
     1227       0.2034   5.53
     1228       0.2028   5.53
     1229       0.2034   5.53
     1230       0.2028   5.53
     1231       0.2028   5.53
     1232       0.2034   5.53
     1233       0.2028   5.53
     1234       0.2033   5.53
     1235       0.2027   5.53
     1236       0.2034   5.53
     1237       0.2028   5.53
     1238       0.2028   5.53
     1239       0.2034   5.53
     1240       0.2027   5.53
     1241       0.2034   5.53
     1242       0.2028   5.53
     1243       0.2028   5.53
     1244       0.2034   5.53
     1245       0.2028   5.53
     1246       0.2037   5.53
     1247       0.2028   5.53
     1248       0.2029   5.53
     1249       0.2037   5.53
     1250       0.2027   5.53
     1251       0.2034   5.53
     1252       0.2028   5.53
     1253       0.2028   5.53
     1254       0.2034   5.53
     1255       0.2028   5.53
     1256       0.2034   5.53
     1257       0.2028   5.53
     1258       0.2030   5.53
     1259       0.2034   5.53
     1260       0.2028   5.53
     1261       0.2033   5.53
     1262       0.2028   5.53
     1263       0.2033   5.53
     1264       0.2028   5.53
     1265       0.2027   5.53
     1266       0.2034   5.53
     1267       0.2027   5.53
     1268       0.2035   5.53
     1269       0.2027   5.53
     1270       0.2028   5.53
     1271       0.2034   5.53
     1272       0.2027   5.53
     1273       0.2034   5.53
     1274       0.2028   5.53
     1275       0.2028   5.53
     1276       0.2033   5.53
     1277       0.2028   5.53
     1278       0.2034   5.53
     1279       0.2027   5.53
     1280       0.2027   5.53
     1281       0.2034   5.53
     1282       0.2027   5.53
     1283       0.2033   5.53
     1284       0.2028   5.53
     1285       0.2033   5.53
     1286       0.2028   5.53
     1287       0.2028   5.53
     1288       0.2034   5.53
     1289       0.2028   5.53
     1290       0.2033   5.53
     1291       0.2028   5.53
     1292       0.2027   5.53
     1293       0.2033   5.53
     1294       0.2027   5.53
     1295       0.2033   5.53
     1296       0.2028   5.53
     1297       0.2028   5.53
     1298       0.2034   5.53
     1299       0.2028   5.53
     1300       0.2034   5.53
     1301       0.2027   5.53
     1302       0.2027   5.53
     1303       0.2034   5.53
     1304       0.2028   5.53
     1305       0.2034   5.53
     1306       0.2028   5.53
     1307       0.2028   5.53
     1308       0.2035   5.53
     1309       0.2028   5.53
     1310       0.2035   5.53
     1311       0.2028   5.53
     1312       0.2034   5.53
     1313       0.2027   5.53
     1314       0.2027   5.53
     1315       0.2035   5.53
     1316       0.2028   5.53
     1317       0.2034   5.53
     1318       0.2027   5.53
     1319       0.2028   5.53
     1320       0.2034   5.53
     1321       0.2028   5.53
     1322       0.2035   5.53
     1323       0.2028   5.53
     1324       0.2028   5.53
     1325       0.2033   5.53
     1326       0.2029   5.53
     1327       0.2035   5.53
     1328       0.2028   5.53
     1329       0.2028   5.53
     1330       0.2033   5.53
     1331       0.2028   5.53
     1332       0.2034   5.53
     1333       0.2027   5.53
     1334       0.2029   5.53
     1335       0.2033   5.53
     1336       0.2027   5.53
     1337       0.2035   5.53
     1338       0.2028   5.53
     1339       0.2036   5.53
     1340       0.2027   5.53
     1341       0.2028   5.53
     1342       0.2034   5.53
     1343       0.2027   5.53
     1344       0.2033   5.53
     1345       0.2027   5.53
     1346       0.2027   5.53
     1347       0.2036   5.53
     1348       0.2028   5.53
     1349       0.2034   5.53
     1350       0.2027   5.53
     1351       0.2026   5.53
     1352       0.2033   5.53
     1353       0.2028   5.53
     1354       0.2034   5.53
     1355       0.2028   5.53
     1356       0.2028   5.53
     1357       0.2033   5.53
     1358       0.2026   5.53
     1359       0.2034   5.53
     1360       0.2028   5.53
     1361       0.2035   5.53
     1362       0.2028   5.53
     1363       0.2028   5.53
     1364       0.2033   5.53
     1365       0.2028   5.53
     1366       0.2034   5.53
     1367       0.2028   5.53
     1368       0.2027   5.53
     1369       0.2037   5.53
     1370       0.2028   5.53
     1371       0.2038   5.53
     1372       0.2028   5.53
     1373       0.2028   5.53
     1374       0.2035   5.53
     1375       0.2028   5.53
     1376       0.2034   5.53
     1377       0.2027   5.53
     1378       0.2027   5.53
     1379       0.2034   5.53
     1380       0.2028   5.53
     1381       0.2038   5.53
     1382       0.2028   5.53
     1383       0.2027   5.53
     1384       0.2038   5.53
     1385       0.2028   5.53
     1386       0.2035   5.53
     1387       0.2027   5.53
     1388       0.2035   5.53
     1389       0.2027   5.53
     1390       0.2028   5.53
     1391       0.2034   5.53
     1392       0.2028   5.53
     1393       0.2034   5.53
     1394       0.2028   5.53
     1395       0.2028   5.53
     1396       0.2034   5.53
     1397       0.2027   5.53
     1398       0.2034   5.53
     1399       0.2027   5.53
     1400       0.2028   5.53
     1401       0.2034   5.53
     1402       0.2028   5.53
     1403       0.2034   5.53
     1404       0.2027   5.53
     1405       0.2027   5.53
     1406       0.2034   5.53
     1407       0.2028   5.53
     1408       0.2033   5.53
     1409       0.2028   5.53
     1410       0.2034   5.53
     1411       0.2028   5.53
     1412       0.2027   5.53
     1413       0.2034   5.53
     1414       0.2029   5.53
     1415       0.2034   5.53
     1416       0.2028   5.53
     1417       0.2028   5.53
     1418       0.2035   5.53
     1419       0.2028   5.53
     1420       0.2034   5.53
     1421       0.2028   5.53
     1422       0.2028   5.53
     1423       0.2035   5.53
     1424       0.2028   5.53
     1425       0.2033   5.53
     1426       0.2028   5.53
     1427       0.2027   5.53
     1428       0.2035   5.53
     1429       0.2027   5.53
     1430       0.2034   5.53
     1431       0.2027   5.53
     1432       0.2028   5.53
     1433       0.2034   5.53
     1434       0.2028   5.53
     1435       0.2034   5.53
     1436       0.2029   5.53
     1437       0.2034   5.53
     1438       0.2028   5.53
     1439       0.2028   5.53
     1440       0.2034   5.53
     1441       0.2028   5.53
     1442       0.2034   5.53
     1443       0.2028   5.53
     1444       0.2027   5.53
     1445       0.2033   5.53
     1446       0.2027   5.53
     1447       0.2036   5.53
     1448       0.2027   5.53
     1449       0.2028   5.53
     1450       0.2034   5.53
     1451       0.2027   5.53
     1452       0.2033   5.53
     1453       0.2028   5.53
     1454       0.2027   5.53
     1455       0.2034   5.53
     1456       0.2027   5.53
     1457       0.2035   5.53
     1458       0.2027   5.53
     1459       0.2028   5.53
     1460       0.2033   5.53
     1461       0.2028   5.53
     1462       0.2036   5.53
     1463       0.2028   5.53
     1464       0.2035   5.53
     1465       0.2028   5.53
     1466       0.2027   5.53
     1467       0.2035   5.53
     1468       0.2027   5.53
     1469       0.2033   5.53
     1470       0.2027   5.53
     1471       0.2027   5.53
     1472       0.2034   5.53
     1473       0.2028   5.53
     1474       0.2034   5.53
     1475       0.2029   5.53
     1476       0.2028   5.53
     1477       0.2035   5.53
     1478       0.2027   5.53
     1479       0.2034   5.53
     1480       0.2028   5.53
     1481       0.2029   5.53
     1482       0.2034   5.53
     1483       0.2028   5.53
     1484       0.2035   5.53
     1485       0.2028   5.53
     1486       0.2034   5.53
     1487       0.2028   5.53
     1488       0.2028   5.53
     1489       0.2034   5.53
     1490       0.2028   5.53
     1491       0.2033   5.53
     1492       0.2027   5.53
     1493       0.2028   5.53
     1494       0.2037   5.53
     1495       0.2028   5.53
     1496       0.2034   5.53
     1497       0.2029   5.53
     1498       0.2028   5.53
     1499       0.2035   5.53
     1500       0.2028   5.53
     1501       0.2035   5.53
     1502       0.2029   5.53
     1503       0.2028   5.53
     1504       0.2034   5.53
     1505       0.2028   5.53
     1506       0.2036   5.53
     1507       0.2028   5.53
     1508       0.2029   5.53
     1509       0.2036   5.53
     1510       0.2028   5.53
     1511       0.2034   5.53
     1512       0.2027   5.53
     1513       0.2033   5.53
     1514       0.2029   5.53
     1515       0.2028   5.53
     1516       0.2034   5.53
     1517       0.2028   5.53
     1518       0.2035   5.53
     1519       0.2027   5.53
     1520       0.2028   5.53
     1521       0.2035   5.53
     1522       0.2028   5.53
     1523       0.2034   5.53
     1524       0.2028   5.53
     1525       0.2028   5.53
     1526       0.2033   5.53
     1527       0.2028   5.53
     1528       0.2033   5.53
     1529       0.2028   5.53
     1530       0.2028   5.53
     1531       0.2035   5.53
     1532       0.2028   5.53
     1533       0.2035   5.53
     1534       0.2027   5.53
     1535       0.2029   5.53
     1536       0.2032   5.53
     1537       0.2028   5.53
     1538       0.2034   5.53
     1539       0.2028   5.53
     1540       0.2033   5.53
     1541       0.2029   5.53
     1542       0.2027   5.53
     1543       0.2034   5.53
     1544       0.2028   5.53
     1545       0.2039   5.53
     1546       0.2028   5.53
     1547       0.2028   5.53
     1548       0.2033   5.53
     1549       0.2028   5.53
     1550       0.2037   5.53
     1551       0.2028   5.53
     1552       0.2028   5.53
     1553       0.2035   5.53
     1554       0.2028   5.53
     1555       0.2033   5.53
     1556       0.2028   5.53
     1557       0.2028   5.53
     1558       0.2035   5.53
     1559       0.2028   5.53
     1560       0.2035   5.53
     1561       0.2028   5.53
     1562       0.2033   5.53
     1563       0.2029   5.53
     1564       0.2028   5.53
     1565       0.2034   5.53
     1566       0.2028   5.53
     1567       0.2036   5.53
     1568       0.2027   5.53
     1569       0.2029   5.53
     1570       0.2036   5.53
     1571       0.2029   5.53
     1572       0.2034   5.53
     1573       0.2028   5.53
     1574       0.2029   5.53
     1575       0.2033   5.53
     1576       0.2027   5.53
     1577       0.2036   5.53
     1578       0.2027   5.53
     1579       0.2028   5.53
     1580       0.2035   5.53
     1581       0.2028   5.53
     1582       0.2034   5.53
     1583       0.2029   5.53
     1584       0.2028   5.53
     1585       0.2034   5.53
     1586       0.2028   5.53
     1587       0.2037   5.53
     1588       0.2029   5.53
     1589       0.2034   5.53
     1590       0.2027   5.53
     1591       0.2028   5.53
     1592       0.2034   5.53
     1593       0.2028   5.53
     1594       0.2033   5.53
     1595       0.2028   5.53
     1596       0.2028   5.53
     1597       0.2033   5.53
     1598       0.2028   5.53
     1599       0.2034   5.53
     1600       0.2028   5.53
     1601       0.2028   5.53
     1602       0.2037   5.53
     1603       0.2028   5.53
     1604       0.2035   5.53
     1605       0.2029   5.53
     1606       0.2028   5.53
     1607       0.2034   5.53
     1608       0.2027   5.53
     1609       0.2034   5.53
     1610       0.2027   5.53
     1611       0.2035   5.53
     1612       0.2027   5.53
     1613       0.2026   5.53
     1614       0.2032   5.53
     1615       0.2028   5.53
     1616       0.2034   5.53
     1617       0.2029   5.53
     1618       0.2029   5.53
     1619       0.2035   5.53
     1620       0.2028   5.53
     1621       0.2034   5.53
     1622       0.2028   5.53
     1623       0.2029   5.53
     1624       0.2034   5.53
     1625       0.2028   5.53
     1626       0.2033   5.53
     1627       0.2027   5.53
     1628       0.2028   5.53
     1629       0.2035   5.53
     1630       0.2027   5.53
     1631       0.2035   5.53
     1632       0.2028   5.53
     1633       0.2028   5.53
     1634       0.2033   5.53
     1635       0.2028   5.53
     1636       0.2033   5.53
     1637       0.2028   5.53
     1638       0.2036   5.53
     1639       0.2027   5.53
     1640       0.2029   5.53
     1641       0.2034   5.53
     1642       0.2028   5.53
     1643       0.2033   5.53
     1644       0.2028   5.53
     1645       0.2029   5.53
     1646       0.2035   5.53
     1647       0.2029   5.53
     1648       0.2033   5.53
     1649       0.2028   5.53
     1650       0.2028   5.53
     1651       0.2035   5.53
     1652       0.2028   5.53
     1653       0.2034   5.53
     1654       0.2028   5.53
     1655       0.2028   5.53
     1656       0.2033   5.53
     1657       0.2028   5.53
     1658       0.2033   5.53
     1659       0.2028   5.53
     1660       0.2029   5.53
     1661       0.2032   5.53
     1662       0.2028   5.53
     1663       0.2034   5.53
     1664       0.2027   5.53
     1665       0.2034   5.53
     1666       0.2029   5.53
     1667       0.2027   5.53
     1668       0.2033   5.53
     1669       0.2028   5.53
     1670       0.2034   5.53
     1671       0.2027   5.53
     1672       0.2028   5.53
     1673       0.2033   5.53
     1674       0.2028   5.53
     1675       0.2033   5.53
     1676       0.2027   5.53
     1677       0.2028   5.53
     1678       0.2034   5.53
     1679       0.2029   5.53
     1680       0.2035   5.53
     1681       0.2029   5.53
     1682       0.2027   5.53
     1683       0.2034   5.53
     1684       0.2028   5.53
     1685       0.2034   5.53
     1686       0.2028   5.53
     1687       0.2036   5.53
     1688       0.2027   5.53
     1689       0.2029   5.53
     1690       0.2034   5.53
     1691       0.2028   5.53
     1692       0.2034   5.53
     1693       0.2028   5.53
     1694       0.2029   5.53
     1695       0.2034   5.53
     1696       0.2028   5.53
     1697       0.2036   5.53
     1698       0.2027   5.53
     1699       0.2028   5.53
     1700       0.2037   5.53
     1701       0.2028   5.53
     1702       0.2036   5.53
     1703       0.2028   5.53
     1704       0.2029   5.53
     1705       0.2034   5.53
     1706       0.2028   5.53
     1707       0.2033   5.53
     1708       0.2028   5.53
     1709       0.2028   5.53
     1710       0.2034   5.53
     1711       0.2028   5.53
     1712       0.2034   5.53
     1713       0.2028   5.53
     1714       0.2034   5.53
     1715       0.2029   5.53
     1716       0.2028   5.53
     1717       0.2034   5.53
     1718       0.2029   5.53
     1719       0.2035   5.53
     1720       0.2028   5.53
     1721       0.2027   5.53
     1722       0.2034   5.53
     1723       0.2028   5.53
     1724       0.2033   5.53
     1725       0.2028   5.53
     1726       0.2027   5.53
     1727       0.2033   5.53
     1728       0.2027   5.53
     1729       0.2034   5.53
     1730       0.2027   5.53
     1731       0.2028   5.53
     1732       0.2032   5.53
     1733       0.2028   5.53
     1734       0.2035   5.53
     1735       0.2029   5.53
     1736       0.2030   5.53
     1737       0.2033   5.53
     1738       0.2029   5.53
     1739       0.2034   5.53
     1740       0.2029   5.53
     1741       0.2035   5.53
     1742       0.2029   5.53
     1743       0.2029   5.53
     1744       0.2034   5.53
     1745       0.2029   5.53
     1746       0.2035   5.53
     1747       0.2027   5.53
     1748       0.2028   5.53
     1749       0.2034   5.53
     1750       0.2028   5.53
     1751       0.2034   5.53
     1752       0.2028   5.53
     1753       0.2028   5.53
     1754       0.2035   5.53
     1755       0.2028   5.53
     1756       0.2035   5.53
     1757       0.2028   5.53
     1758       0.2028   5.53
     1759       0.2036   5.53
     1760       0.2029   5.53
     1761       0.2034   5.53
     1762       0.2029   5.53
     1763       0.2034   5.53
     1764       0.2028   5.53
     1765       0.2028   5.53
     1766       0.2034   5.53
     1767       0.2029   5.53
     1768       0.2035   5.53
     1769       0.2029   5.53
     1770       0.2028   5.53
     1771       0.2034   5.53
     1772       0.2028   5.53
     1773       0.2034   5.53
     1774       0.2027   5.53
     1775       0.2028   5.53
     1776       0.2034   5.53
     1777       0.2029   5.53
     1778       0.2034   5.53
     1779       0.2028   5.53
     1780       0.2029   5.53
     1781       0.2034   5.53
     1782       0.2028   5.53
     1783       0.2034   5.53
     1784       0.2028   5.53
     1785       0.2028   5.53
     1786       0.2034   5.53
     1787       0.2028   5.53
     1788       0.2034   5.53
     1789       0.2028   5.53
     1790       0.2032   5.53
     1791       0.2028   5.53
     1792       0.2028   5.53
     1793       0.2034   5.53
     1794       0.2027   5.53
     1795       0.2033   5.53
     1796       0.2027   5.53
     1797       0.2028   5.53
     1798       0.2034   5.53
     1799       0.2028   5.53
     1800       0.2035   5.53
     1801       0.2029   5.53
     1802       0.2029   5.53
     1803       0.2034   5.53
     1804       0.2028   5.53
     1805       0.2034   5.53
     1806       0.2028   5.53
     1807       0.2027   5.53
     1808       0.2034   5.53
     1809       0.2028   5.53
     1810       0.2035   5.53
     1811       0.2028   5.53
     1812       0.2035   5.53
     1813       0.2027   5.53
     1814       0.2028   5.53
     1815       0.2035   5.53
     1816       0.2029   5.53
     1817       0.2035   5.53
     1818       0.2028   5.53
     1819       0.2028   5.53
     1820       0.2034   5.53
     1821       0.2028   5.53
     1822       0.2034   5.53
     1823       0.2028   5.53
     1824       0.2028   5.53
     1825       0.2034   5.53
     1826       0.2028   5.53
     1827       0.2035   5.53
     1828       0.2028   5.53
     1829       0.2029   5.53
     1830       0.2034   5.53
     1831       0.2028   5.53
     1832       0.2035   5.53
     1833       0.2028   5.53
     1834       0.2029   5.53
     1835       0.2034   5.53
     1836       0.2030   5.53
     1837       0.2034   5.53
     1838       0.2027   5.53
     1839       0.2033   5.53
     1840       0.2028   5.53
     1841       0.2028   5.53
     1842       0.2034   5.53
     1843       0.2028   5.53
     1844       0.2034   5.53
     1845       0.2028   5.53
     1846       0.2027   5.53
     1847       0.2034   5.53
     1848       0.2028   5.53
     1849       0.2033   5.53
     1850       0.2028   5.53
     1851       0.2028   5.53
     1852       0.2034   5.53
     1853       0.2027   5.53
     1854       0.2034   5.53
     1855       0.2028   5.53
     1856       0.2028   5.53
     1857       0.2033   5.53
     1858       0.2027   5.53
     1859       0.2035   5.53
     1860       0.2028   5.53
     1861       0.2031   5.53
     1862       0.2032   5.53
     1863       0.2029   5.53
     1864       0.2033   5.53
     1865       0.2027   5.53
     1866       0.2036   5.53
     1867       0.2027   5.53
     1868       0.2027   5.53
     1869       0.2034   5.53
     1870       0.2028   5.53
     1871       0.2034   5.53
     1872       0.2028   5.53
     1873       0.2028   5.53
     1874       0.2035   5.53
     1875       0.2029   5.53
     1876       0.2038   5.53
     1877       0.2027   5.53
     1878       0.2028   5.53
     1879       0.2034   5.53
     1880       0.2029   5.53
     1881       0.2035   5.53
     1882       0.2027   5.53
     1883       0.2027   5.53
     1884       0.2033   5.53
     1885       0.2027   5.53
     1886       0.2033   5.53
     1887       0.2028   5.53
     1888       0.2034   5.53
     1889       0.2027   5.53
     1890       0.2027   5.53
     1891       0.2034   5.53
     1892       0.2028   5.53
     1893       0.2034   5.53
     1894       0.2028   5.53
     1895       0.2028   5.53
     1896       0.2034   5.53
     1897       0.2027   5.53
     1898       0.2034   5.53
     1899       0.2027   5.53
     1900       0.2028   5.53
     1901       0.2034   5.53
     1902       0.2028   5.53
     1903       0.2034   5.53
     1904       0.2027   5.53
     1905       0.2028   5.53
     1906       0.2034   5.53
     1907       0.2028   5.53
     1908       0.2033   5.53
     1909       0.2029   5.53
     1910       0.2028   5.53
     1911       0.2034   5.53
     1912       0.2028   5.53
     1913       0.2034   5.53
     1914       0.2027   5.53
     1915       0.2038   5.53
     1916       0.2028   5.53
     1917       0.2029   5.53
     1918       0.2034   5.53
     1919       0.2028   5.53
     1920       0.2034   5.53
     1921       0.2028   5.53
     1922       0.2029   5.53
     1923       0.2035   5.53
     1924       0.2029   5.53
     1925       0.2034   5.53
     1926       0.2029   5.53
     1927       0.2028   5.53
     1928       0.2035   5.53
     1929       0.2028   5.53
     1930       0.2035   5.53
     1931       0.2028   5.53
     1932       0.2028   5.53
     1933       0.2035   5.53
     1934       0.2028   5.53
     1935       0.2034   5.53
     1936       0.2029   5.53
     1937       0.2030   5.53
     1938       0.2032   5.53
     1939       0.2028   5.53
     1940       0.2035   5.53
     1941       0.2027   5.53
     1942       0.2033   5.53
     1943       0.2027   5.53
     1944       0.2028   5.53
     1945       0.2034   5.53
     1946       0.2028   5.53
     1947       0.2034   5.53
     1948       0.2028   5.53
     1949       0.2028   5.53
     1950       0.2034   5.53
     1951       0.2028   5.53
     1952       0.2034   5.53
     1953       0.2028   5.53
     1954       0.2028   5.53
     1955       0.2034   5.53
     1956       0.2028   5.53
     1957       0.2034   5.53
     1958       0.2028   5.53
     1959       0.2027   5.53
     1960       0.2034   5.53
     1961       0.2028   5.53
     1962       0.2034   5.53
     1963       0.2028   5.53
     1964       0.2033   5.53
     1965       0.2029   5.53
     1966       0.2027   5.53
     1967       0.2033   5.53
     1968       0.2029   5.53
     1969       0.2035   5.53
     1970       0.2028   5.53
     1971       0.2028   5.53
     1972       0.2034   5.53
     1973       0.2028   5.53
     1974       0.2035   5.53
     1975       0.2031   5.53
     1976       0.2028   5.53
     1977       0.2034   5.53
     1978       0.2028   5.53
     1979       0.2034   5.53
     1980       0.2028   5.53
     1981       0.2028   5.53
     1982       0.2034   5.53
     1983       0.2028   5.53
     1984       0.2034   5.53
     1985       0.2028   5.53
     1986       0.2027   5.53
     1987       0.2035   5.53
     1988       0.2028   5.53
     1989       0.2036   5.53
     1990       0.2028   5.53
     1991       0.2036   5.53
     1992       0.2029   5.53
     1993       0.2030   5.53
     1994       0.2034   5.53
     1995       0.2028   5.53
     1996       0.2033   5.53
     1997       0.2028   5.53
     1998       0.2029   5.53
     1999       0.2034   5.53
     2000       0.2028   5.53
     2001       0.2034   5.53
     2002       0.2028   5.53
     2003       0.2028   5.53
     2004       0.2035   5.53
     2005       0.2028   5.53
     2006       0.2033   5.53
     2007       0.2028   5.53
     2008       0.2028   5.53
     2009       0.2034   5.53
     2010       0.2027   5.53
     2011       0.2035   5.53
     2012       0.2029   5.53
     2013       0.2034   5.53
     2014       0.2028   5.53
     2015       0.2028   5.53
     2016       0.2034   5.53
     2017       0.2029   5.53
     2018       0.2035   5.53
     2019       0.2027   5.53
     2020       0.2028   5.53
     2021       0.2034   5.53
     2022       0.2028   5.53
     2023       0.2034   5.53
     2024       0.2028   5.53
     2025       0.2028   5.53
     2026       0.2032   5.53
     2027       0.2028   5.53
     2028       0.2034   5.53
     2029       0.2028   5.53
     2030       0.2028   5.53
     2031       0.2034   5.53
     2032       0.2029   5.53
     2033       0.2034   5.53
     2034       0.2028   5.53
     2035       0.2029   5.53
     2036       0.2034   5.53
     2037       0.2028   5.53
     2038       0.2034   5.53
     2039       0.2028   5.53
     2040       0.2034   5.53
     2041       0.2028   5.53
     2042       0.2028   5.53
     2043       0.2035   5.53
     2044       0.2029   5.53
     2045       0.2034   5.53
     2046       0.2029   5.53
     2047       0.2028   5.53
     2048       0.2036   5.53
     2049       0.2028   5.53
     2050       0.2035   5.53
     2051       0.2028   5.53
     2052       0.2028   5.53
     2053       0.2036   5.53
     2054       0.2028   5.53
     2055       0.2036   5.53
     2056       0.2029   5.53
     2057       0.2029   5.53
     2058       0.2037   5.53
     2059       0.2028   5.53
     2060       0.2034   5.53
     2061       0.2028   5.53
     2062       0.2029   5.53
     2063       0.2033   5.53
     2064       0.2029   5.53
     2065       0.2034   5.53
     2066       0.2028   5.53
     2067       0.2034   5.53
     2068       0.2026   5.53
     2069       0.2027   5.53
     2070       0.2034   5.53
     2071       0.2028   5.53
     2072       0.2035   5.53
     2073       0.2029   5.53
     2074       0.2027   5.53
     2075       0.2033   5.53
     2076       0.2029   5.53
     2077       0.2034   5.53
     2078       0.2029   5.53
     2079       0.2028   5.53
     2080       0.2035   5.53
     2081       0.2028   5.53
     2082       0.2034   5.53
     2083       0.2028   5.53
     2084       0.2028   5.53
     2085       0.2033   5.53
     2086       0.2028   5.53
     2087       0.2034   5.53
     2088       0.2028   5.53
     2089       0.2034   5.53
     2090       0.2028   5.53
     2091       0.2027   5.53
     2092       0.2034   5.53
     2093       0.2028   5.53
     2094       0.2035   5.53
     2095       0.2029   5.53
     2096       0.2028   5.53
     2097       0.2035   5.53
     2098       0.2029   5.53
     2099       0.2033   5.53
     2100       0.2027   5.53
     2101       0.2027   5.53
     2102       0.2034   5.53
     2103       0.2029   5.53
     2104       0.2034   5.53
     2105       0.2028   5.53
     2106       0.2028   5.53
     2107       0.2035   5.53
     2108       0.2028   5.53
     2109       0.2034   5.53
     2110       0.2028   5.53
     2111       0.2028   5.53
     2112       0.2033   5.53
     2113       0.2028   5.53
     2114       0.2033   5.53
     2115       0.2028   5.53
     2116       0.2035   5.53
     2117       0.2028   5.53
     2118       0.2028   5.53
     2119       0.2035   5.53
     2120       0.2029   5.53
     2121       0.2034   5.53
     2122       0.2028   5.53
     2123       0.2029   5.53
     2124       0.2035   5.53
     2125       0.2028   5.53
     2126       0.2034   5.53
     2127       0.2028   5.53
     2128       0.2028   5.53
     2129       0.2034   5.53
     2130       0.2028   5.53
     2131       0.2035   5.53
     2132       0.2028   5.53
     2133       0.2028   5.53
     2134       0.2034   5.53
     2135       0.2028   5.53
     2136       0.2034   5.53
     2137       0.2028   5.53
     2138       0.2030   5.53
     2139       0.2032   5.53
     2140       0.2027   5.53
     2141       0.2034   5.53
     2142       0.2028   5.53
     2143       0.2033   5.53
     2144       0.2029   5.53
     2145       0.2028   5.53
     2146       0.2034   5.53
     2147       0.2028   5.53
     2148       0.2034   5.53
     2149       0.2028   5.53
     2150       0.2029   5.53
     2151       0.2034   5.53
     2152       0.2028   5.53
     2153       0.2033   5.53
     2154       0.2027   5.53
     2155       0.2028   5.53
     2156       0.2034   5.53
     2157       0.2028   5.53
     2158       0.2036   5.53
     2159       0.2030   5.53
     2160       0.2028   5.53
     2161       0.2035   5.53
     2162       0.2029   5.53
     2163       0.2034   5.53
     2164       0.2029   5.53
     2165       0.2034   5.53
     2166       0.2029   5.53
     2167       0.2028   5.53
     2168       0.2035   5.53
     2169       0.2028   5.53
     2170       0.2035   5.53
     2171       0.2030   5.53
     2172       0.2029   5.53
     2173       0.2034   5.53
     2174       0.2028   5.52
     2175       0.2034   5.52
     2176       0.2029   5.53
     2177       0.2027   5.53
     2178       0.2034   5.53
     2179       0.2028   5.53
     2180       0.2035   5.53
     2181       0.2029   5.53
     2182       0.2028   5.53
     2183       0.2034   5.53
     2184       0.2028   5.53
     2185       0.2034   5.53
     2186       0.2028   5.53
     2187       0.2028   5.53
     2188       0.2035   5.53
     2189       0.2029   5.53
     2190       0.2034   5.53
     2191       0.2028   5.53
     2192       0.2036   5.53
     2193       0.2029   5.53
     2194       0.2029   5.53
     2195       0.2033   5.53
     2196       0.2028   5.53
     2197       0.2035   5.53
     2198       0.2029   5.53
     2199       0.2027   5.53
     2200       0.2033   5.53
     2201       0.2027   5.53
     2202       0.2034   5.53
     2203       0.2028   5.53
     2204       0.2028   5.53
     2205       0.2034   5.53
     2206       0.2028   5.53
     2207       0.2035   5.53
     2208       0.2028   5.53
     2209       0.2029   5.53
     2210       0.2036   5.53
     2211       0.2029   5.53
     2212       0.2036   5.53
     2213       0.2029   5.53
     2214       0.2035   5.53
     2215       0.2028   5.53
     2216       0.2028   5.53
     2217       0.2035   5.53
     2218       0.2028   5.53
     2219       0.2036   5.53
     2220       0.2028   5.53
     2221       0.2028   5.53
     2222       0.2034   5.53
     2223       0.2028   5.53
     2224       0.2034   5.53
     2225       0.2028   5.53
     2226       0.2029   5.53
     2227       0.2035   5.53
     2228       0.2028   5.53
     2229       0.2051   5.53
     2230       0.2028   5.53
     2231       0.2028   5.53
     2232       0.2033   5.53
     2233       0.2028   5.53
     2234       0.2034   5.53
     2235       0.2027   5.53
     2236       0.2028   5.53
     2237       0.2035   5.53
     2238       0.2028   5.53
     2239       0.2035   5.53
     2240       0.2027   5.53
     2241       0.2034   5.53
     2242       0.2028   5.53
     2243       0.2028   5.53
     2244       0.2035   5.53
     2245       0.2029   5.53
     2246       0.2034   5.53
     2247       0.2027   5.53
     2248       0.2028   5.53
     2249       0.2036   5.53
     2250       0.2028   5.53
     2251       0.2034   5.53
     2252       0.2028   5.53
     2253       0.2028   5.53
     2254       0.2034   5.53
     2255       0.2028   5.53
     2256       0.2035   5.53
     2257       0.2030   5.53
     2258       0.2029   5.53
     2259       0.2034   5.53
     2260       0.2028   5.52
     2261       0.2033   5.52
     2262       0.2028   5.53
     2263       0.2029   5.53
     2264       0.2029   5.53
     2265       0.2028   5.53
     2266       0.2033   5.53
     2267       0.2027   5.53
     2268       0.2034   5.53
     2269       0.2027   5.53
     2270       0.2028   5.53
     2271       0.2035   5.53
     2272       0.2028   5.53
     2273       0.2034   5.53
     2274       0.2027   5.53
     2275       0.2028   5.53
     2276       0.2034   5.53
     2277       0.2028   5.53
     2278       0.2034   5.53
     2279       0.2028   5.53
     2280       0.2028   5.53
     2281       0.2033   5.53
     2282       0.2029   5.53
     2283       0.2034   5.53
     2284       0.2028   5.53
     2285       0.2028   5.53
     2286       0.2034   5.53
     2287       0.2028   5.53
     2288       0.2035   5.53
     2289       0.2028   5.53
     2290       0.2034   5.53
     2291       0.2028   5.53
     2292       0.2029   5.53
     2293       0.2033   5.53
     2294       0.2028   5.53
     2295       0.2035   5.53
     2296       0.2029   5.53
     2297       0.2030   5.53
     2298       0.2033   5.53
     2299       0.2028   5.52
     2300       0.2035   5.52
     2301       0.2028   5.53
     2302       0.2028   5.53
     2303       0.2036   5.53
     2304       0.2031   5.53
     2305       0.2034   5.53
     2306       0.2028   5.52
     2307       0.2029   5.52
     2308       0.2036   5.52
     2309       0.2031   5.53
     2310       0.2034   5.53
     2311       0.2029   5.52
     2312       0.2029   5.52
     2313       0.2033   5.52
     2314       0.2028   5.53
     2315       0.2034   5.53
     2316       0.2027   5.53
     2317       0.2034   5.53
     2318       0.2028   5.53
     2319       0.2028   5.53
     2320       0.2033   5.53
     2321       0.2028   5.53
     2322       0.2035   5.53
     2323       0.2029   5.53
     2324       0.2029   5.53
     2325       0.2034   5.53
     2326       0.2027   5.53
     2327       0.2034   5.53
     2328       0.2028   5.53
     2329       0.2028   5.53
     2330       0.2034   5.53
     2331       0.2028   5.53
     2332       0.2034   5.53
     2333       0.2029   5.53
     2334       0.2030   5.53
     2335       0.2036   5.53
     2336       0.2031   5.53
     2337       0.2034   5.53
     2338       0.2027   5.52
     2339       0.2034   5.52
     2340       0.2028   5.53
     2341       0.2027   5.53
     2342       0.2035   5.53
     2343       0.2028   5.53
     2344       0.2035   5.53
     2345       0.2028   5.53
     2346       0.2029   5.53
     2347       0.2035   5.53
     2348       0.2028   5.53
     2349       0.2033   5.53
     2350       0.2028   5.53
     2351       0.2028   5.53
     2352       0.2035   5.53
     2353       0.2028   5.53
     2354       0.2034   5.53
     2355       0.2028   5.53
     2356       0.2029   5.53
     2357       0.2034   5.53
     2358       0.2028   5.53
     2359       0.2034   5.53
     2360       0.2028   5.53
     2361       0.2029   5.53
     2362       0.2035   5.53
     2363       0.2027   5.53
     2364       0.2034   5.53
     2365       0.2028   5.53
     2366       0.2034   5.53
     2367       0.2028   5.53
     2368       0.2028   5.53
     2369       0.2033   5.53
     2370       0.2028   5.53
     2371       0.2034   5.53
     2372       0.2029   5.53
     2373       0.2028   5.53
     2374       0.2034   5.53
     2375       0.2028   5.53
     2376       0.2035   5.53
     2377       0.2028   5.53
     2378       0.2028   5.53
     2379       0.2034   5.53
     2380       0.2029   5.53
     2381       0.2034   5.53
     2382       0.2029   5.53
     2383       0.2028   5.53
     2384       0.2035   5.53
     2385       0.2028   5.53
     2386       0.2035   5.53
     2387       0.2031   5.53
     2388       0.2031   5.53
     2389       0.2028   5.52
     2390       0.2028   5.52
     2391       0.2035   5.52
     2392       0.2029   5.53
     2393       0.2035   5.53
     2394       0.2028   5.53
     2395       0.2029   5.53
     2396       0.2035   5.53
     2397       0.2028   5.53
     2398       0.2036   5.53
     2399       0.2029   5.53
     2400       0.2028   5.53
     2401       0.2034   5.53
     2402       0.2028   5.53
     2403       0.2037   5.53
     2404       0.2031   5.53
     2405       0.2031   5.53
     2406       0.2037   5.53
     2407       0.2031   5.52
     2408       0.2036   5.52
     2409       0.2027   5.52
     2410       0.2029   5.52
     2411       0.2035   5.52
     2412       0.2028   5.53
     2413       0.2035   5.53
     2414       0.2030   5.53
     2415       0.2034   5.53
     2416       0.2028   5.53
     2417       0.2027   5.53
     2418       0.2035   5.53
     2419       0.2028   5.53
     2420       0.2035   5.53
     2421       0.2028   5.53
     2422       0.2029   5.53
     2423       0.2035   5.53
     2424       0.2029   5.53
     2425       0.2035   5.53
     2426       0.2027   5.53
     2427       0.2027   5.53
     2428       0.2033   5.53
     2429       0.2027   5.53
     2430       0.2035   5.53
     2431       0.2028   5.53
     2432       0.2029   5.53
     2433       0.2034   5.53
     2434       0.2027   5.53
     2435       0.2034   5.53
     2436       0.2028   5.53
     2437       0.2030   5.53
     2438       0.2031   5.53
     2439       0.2028   5.53
     2440       0.2034   5.53
     2441       0.2028   5.53
     2442       0.2035   5.53
     2443       0.2029   5.53
     2444       0.2031   5.53
     2445       0.2034   5.53
     2446       0.2028   5.52
     2447       0.2035   5.52
     2448       0.2029   5.53
     2449       0.2028   5.53
     2450       0.2034   5.53
     2451       0.2028   5.53
     2452       0.2035   5.53
     2453       0.2028   5.53
     2454       0.2028   5.53
     2455       0.2037   5.53
     2456       0.2031   5.53
     2457       0.2035   5.53
     2458       0.2028   5.52
     2459       0.2028   5.52
     2460       0.2035   5.52
     2461       0.2027   5.53
     2462       0.2035   5.53
     2463       0.2029   5.53
     2464       0.2034   5.53
     2465       0.2029   5.53
     2466       0.2029   5.53
     2467       0.2035   5.53
     2468       0.2029   5.53
     2469       0.2036   5.53
     2470       0.2030   5.53
     2471       0.2031   5.53
     2472       0.2034   5.53
     2473       0.2028   5.52
     2474       0.2034   5.52
     2475       0.2028   5.53
     2476       0.2028   5.53
     2477       0.2035   5.53
     2478       0.2028   5.53
     2479       0.2035   5.53
     2480       0.2029   5.53
     2481       0.2028   5.53
     2482       0.2034   5.53
     2483       0.2028   5.53
     2484       0.2035   5.53
     2485       0.2029   5.53
     2486       0.2028   5.53
     2487       0.2034   5.53
     2488       0.2029   5.53
     2489       0.2034   5.53
     2490       0.2029   5.53
     2491       0.2034   5.53
     2492       0.2029   5.53
     2493       0.2028   5.53
     2494       0.2034   5.53
     2495       0.2028   5.53
     2496       0.2034   5.53
     2497       0.2029   5.53
     2498       0.2031   5.53
     2499       0.2034   5.53
     2500       0.2028   5.52
     2501       0.2035   5.52
     2502       0.2030   5.53
     2503       0.2031   5.53
     2504       0.2033   5.53
     2505       0.2027   5.52
     2506       0.2034   5.52
     2507       0.2028   5.53
     2508       0.2028   5.53
     2509       0.2034   5.53
     2510       0.2028   5.53
     2511       0.2034   5.53
     2512       0.2028   5.53
     2513       0.2034   5.53
     2514       0.2030   5.53
     2515       0.2031   5.53
     2516       0.2033   5.53
     2517       0.2028   5.52
     2518       0.2035   5.52
     2519       0.2028   5.53
     2520       0.2028   5.53
     2521       0.2036   5.53
     2522       0.2030   5.53
     2523       0.2036   5.53
     2524       0.2028   5.52
     2525       0.2028   5.52
     2526       0.2034   5.52
     2527       0.2028   5.53
     2528       0.2036   5.53
     2529       0.2029   5.53
     2530       0.2030   5.53
     2531       0.2034   5.53
     2532       0.2028   5.52
     2533       0.2034   5.52
     2534       0.2029   5.53
     2535       0.2028   5.53
     2536       0.2034   5.53
     2537       0.2027   5.53
     2538       0.2035   5.53
     2539       0.2028   5.53
     2540       0.2036   5.53
     2541       0.2027   5.53
     2542       0.2028   5.53
     2543       0.2034   5.53
     2544       0.2028   5.53
     2545       0.2034   5.53
     2546       0.2028   5.53
     2547       0.2028   5.53
     2548       0.2036   5.53
     2549       0.2030   5.53
     2550       0.2036   5.53
     2551       0.2028   5.52
     2552       0.2029   5.52
     2553       0.2033   5.52
     2554       0.2028   5.53
     2555       0.2034   5.53
     2556       0.2028   5.53
     2557       0.2028   5.53
     2558       0.2035   5.53
     2559       0.2028   5.53
     2560       0.2034   5.53
     2561       0.2029   5.53
     2562       0.2036   5.53
     2563       0.2028   5.53
     2564       0.2028   5.53
     2565       0.2038   5.53
     2566       0.2030   5.53
     2567       0.2037   5.53
     2568       0.2030   5.52
     2569       0.2030   5.52
     2570       0.2034   5.52
     2571       0.2027   5.52
     2572       0.2034   5.52
     2573       0.2028   5.53
     2574       0.2028   5.53
     2575       0.2033   5.53
     2576       0.2028   5.53
     2577       0.2035   5.53
     2578       0.2029   5.53
     2579       0.2029   5.53
     2580       0.2035   5.53
     2581       0.2028   5.53
     2582       0.2034   5.53
     2583       0.2027   5.53
     2584       0.2028   5.53
     2585       0.2034   5.53
     2586       0.2029   5.53
     2587       0.2036   5.53
     2588       0.2028   5.53
     2589       0.2035   5.53
     2590       0.2029   5.53
     2591       0.2031   5.53
     2592       0.2035   5.53
     2593       0.2028   5.52
     2594       0.2035   5.52
     2595       0.2028   5.53
     2596       0.2028   5.53
     2597       0.2036   5.53
     2598       0.2027   5.53
     2599       0.2035   5.53
     2600       0.2028   5.53
     2601       0.2028   5.53
     2602       0.2035   5.53
     2603       0.2027   5.53
     2604       0.2033   5.53
     2605       0.2028   5.53
     2606       0.2029   5.53
     2607       0.2034   5.53
     2608       0.2029   5.53
     2609       0.2034   5.53
     2610       0.2028   5.53
     2611       0.2030   5.53
     2612       0.2033   5.53
     2613       0.2029   5.53
     2614       0.2034   5.53
     2615       0.2028   5.53
     2616       0.2034   5.53
     2617       0.2028   5.53
     2618       0.2029   5.53
     2619       0.2035   5.53
     2620       0.2028   5.53
     2621       0.2034   5.53
     2622       0.2028   5.53
     2623       0.2028   5.53
     2624       0.2034   5.53
     2625       0.2028   5.53
     2626       0.2034   5.53
     2627       0.2029   5.53
     2628       0.2029   5.53
     2629       0.2036   5.53
     2630       0.2030   5.53
     2631       0.2036   5.53
     2632       0.2028   5.52
     2633       0.2028   5.52
     2634       0.2034   5.52
     2635       0.2029   5.53
     2636       0.2034   5.53
     2637       0.2028   5.53
     2638       0.2037   5.53
     2639       0.2027   5.53
     2640       0.2028   5.53
     2641       0.2034   5.53
     2642       0.2027   5.53
     2643       0.2034   5.53
     2644       0.2028   5.53
     2645       0.2029   5.53
     2646       0.2035   5.53
     2647       0.2028   5.53
     2648       0.2036   5.53
     2649       0.2027   5.53
     2650       0.2028   5.53
     2651       0.2035   5.53
     2652       0.2028   5.53
     2653       0.2035   5.53
     2654       0.2028   5.53
     2655       0.2028   5.53
     2656       0.2034   5.53
     2657       0.2030   5.53
     2658       0.2037   5.53
     2659       0.2027   5.52
     2660       0.2029   5.52
     2661       0.2036   5.52
     2662       0.2028   5.53
     2663       0.2035   5.53
     2664       0.2030   5.53
     2665       0.2037   5.53
     2666       0.2028   5.52
     2667       0.2029   5.52
     2668       0.2034   5.52
     2669       0.2028   5.53
     2670       0.2034   5.53
     2671       0.2029   5.53
     2672       0.2030   5.53
     2673       0.2035   5.53
     2674       0.2027   5.52
     2675       0.2034   5.52
     2676       0.2029   5.53
     2677       0.2029   5.53
     2678       0.2035   5.53
     2679       0.2029   5.53
     2680       0.2036   5.53
     2681       0.2027   5.52
     2682       0.2028   5.52
     2683       0.2034   5.52
     2684       0.2029   5.53
     2685       0.2034   5.53
     2686       0.2028   5.53
     2687       0.2034   5.53
     2688       0.2028   5.53
     2689       0.2028   5.53
     2690       0.2035   5.53
     2691       0.2028   5.53
     2692       0.2033   5.53
     2693       0.2028   5.53
     2694       0.2028   5.53
     2695       0.2034   5.53
     2696       0.2028   5.53
     2697       0.2036   5.53
     2698       0.2028   5.53
     2699       0.2029   5.53
     2700       0.2087   5.53
     2701       0.2030   5.53
     2702       0.2035   5.53
     2703       0.2028   5.52
     2704       0.2028   5.52
     2705       0.2035   5.52
     2706       0.2030   5.53
     2707       0.2038   5.53
     2708       0.2030   5.52
     2709       0.2032   5.52
     2710       0.2033   5.52
     2711       0.2028   5.52
     2712       0.2036   5.52
     2713       0.2028   5.53
     2714       0.2034   5.53
     2715       0.2029   5.53
     2716       0.2028   5.53
     2717       0.2036   5.53
     2718       0.2029   5.53
     2719       0.2037   5.53
     2720       0.2029   5.53
     2721       0.2029   5.53
     2722       0.2127   5.53
     2723       0.2029   5.53
     2724       0.2037   5.53
     2725       0.2029   5.53
     2726       0.2029   5.53
     2727       0.2034   5.53
     2728       0.2029   5.53
     2729       0.2034   5.53
     2730       0.2028   5.53
     2731       0.2030   5.53
     2732       0.2032   5.53
     2733       0.2028   5.53
     2734       0.2034   5.53
     2735       0.2028   5.53
     2736       0.2034   5.53
     2737       0.2028   5.53
     2738       0.2028   5.53
     2739       0.2035   5.53
     2740       0.2030   5.53
     2741       0.2037   5.53
     2742       0.2028   5.52
     2743       0.2028   5.52
     2744       0.2035   5.52
     2745       0.2028   5.53
     2746       0.2035   5.53
     2747       0.2029   5.53
     2748       0.2028   5.53
     2749       0.2034   5.53
     2750       0.2030   5.53
     2751       0.2036   5.53
     2752       0.2028   5.52
     2753       0.2029   5.52
     2754       0.2034   5.52
     2755       0.2029   5.53
     2756       0.2036   5.53
     2757       0.2031   5.52
     2758       0.2038   5.52
     2759       0.2029   5.52
     2760       0.2028   5.52
     2761       0.2034   5.52
     2762       0.2028   5.53
     2763       0.2035   5.53
     2764       0.2027   5.53
     2765       0.2028   5.53
     2766       0.2036   5.53
     2767       0.2029   5.53
     2768       0.2036   5.53
     2769       0.2029   5.53
     2770       0.2028   5.53
     2771       0.2035   5.53
     2772       0.2028   5.53
     2773       0.2035   5.53
     2774       0.2029   5.53
     2775       0.2027   5.53
     2776       0.2036   5.53
     2777       0.2028   5.53
     2778       0.2036   5.53
     2779       0.2029   5.53
     2780       0.2028   5.53
     2781       0.2035   5.53
     2782       0.2027   5.53
     2783       0.2033   5.53
     2784       0.2028   5.53
     2785       0.2034   5.53
     2786       0.2028   5.53
     2787       0.2029   5.53
     2788       0.2035   5.53
     2789       0.2027   5.53
     2790       0.2034   5.53
     2791       0.2029   5.53
     2792       0.2028   5.53
     2793       0.2034   5.53
     2794       0.2027   5.53
     2795       0.2034   5.53
     2796       0.2028   5.53
     2797       0.2028   5.53
     2798       0.2034   5.53
     2799       0.2028   5.53
     2800       0.2034   5.53
     2801       0.2029   5.53
     2802       0.2030   5.53
     2803       0.2037   5.53
     2804       0.2030   5.52
     2805       0.2037   5.52
     2806       0.2027   5.52
     2807       0.2034   5.52
     2808       0.2028   5.53
     2809       0.2028   5.53
     2810       0.2034   5.53
     2811       0.2028   5.53
     2812       0.2034   5.53
     2813       0.2027   5.53
     2814       0.2029   5.53
     2815       0.2035   5.53
     2816       0.2029   5.53
     2817       0.2036   5.53
     2818       0.2028   5.53
     2819       0.2029   5.53
     2820       0.2035   5.53
     2821       0.2028   5.53
     2822       0.2036   5.53
     2823       0.2030   5.53
     2824       0.2029   5.53
     2825       0.2035   5.53
     2826       0.2030   5.53
     2827       0.2037   5.53
     2828       0.2030   5.52
     2829       0.2031   5.52
     2830       0.2035   5.52
     2831       0.2028   5.52
     2832       0.2034   5.52
     2833       0.2029   5.53
     2834       0.2035   5.53
     2835       0.2029   5.53
     2836       0.2030   5.53
     2837       0.2039   5.53
     2838       0.2028   5.53
     2839       0.2038   5.53
     2840       0.2029   5.53
     2841       0.2029   5.53
     2842       0.2034   5.53
     2843       0.2029   5.53
     2844       0.2034   5.53
     2845       0.2029   5.53
     2846       0.2029   5.53
     2847       0.2035   5.53
     2848       0.2028   5.53
     2849       0.2034   5.53
     2850       0.2028   5.53
     2851       0.2028   5.53
     2852       0.2034   5.53
     2853       0.2028   5.53
     2854       0.2033   5.53
     2855       0.2029   5.53
     2856       0.2044   5.53
     2857       0.2028   5.53
     2858       0.2028   5.53
     2859       0.2034   5.53
     2860       0.2029   5.53
     2861       0.2034   5.53
     2862       0.2027   5.53
     2863       0.2028   5.53
     2864       0.2033   5.53
     2865       0.2030   5.53
     2866       0.2038   5.53
     2867       0.2030   5.52
     2868       0.2031   5.52
     2869       0.2035   5.52
     2870       0.2028   5.52
     2871       0.2035   5.52
     2872       0.2029   5.53
     2873       0.2028   5.53
     2874       0.2032   5.53
     2875       0.2028   5.53
     2876       0.2034   5.53
     2877       0.2029   5.53
     2878       0.2029   5.53
     2879       0.2035   5.53
     2880       0.2028   5.53
     2881       0.2034   5.53
     2882       0.2029   5.53
     2883       0.2035   5.53
     2884       0.2029   5.53
     2885       0.2028   5.53
     2886       0.2033   5.53
     2887       0.2028   5.53
     2888       0.2037   5.53
     2889       0.2027   5.53
     2890       0.2028   5.53
     2891       0.2033   5.53
     2892       0.2029   5.53
     2893       0.2036   5.53
     2894       0.2029   5.53
     2895       0.2029   5.53
     2896       0.2036   5.53
     2897       0.2029   5.53
     2898       0.2037   5.53
     2899       0.2031   5.52
     2900       0.2031   5.52
     2901       0.2036   5.52
     2902       0.2028   5.52
     2903       0.2034   5.52
     2904       0.2029   5.53
     2905       0.2034   5.53
     2906       0.2028   5.53
     2907       0.2028   5.53
     2908       0.2033   5.53
     2909       0.2029   5.53
     2910       0.2035   5.53
     2911       0.2030   5.53
     2912       0.2029   5.53
     2913       0.2035   5.53
     2914       0.2028   5.53
     2915       0.2034   5.53
     2916       0.2030   5.53
     2917       0.2028   5.53
     2918       0.2034   5.53
     2919       0.2029   5.53
     2920       0.2034   5.53
     2921       0.2029   5.53
     2922       0.2028   5.53
     2923       0.2034   5.53
     2924       0.2030   5.53
     2925       0.2035   5.53
     2926       0.2029   5.53
     2927       0.2031   5.53
     2928       0.2036   5.53
     2929       0.2030   5.52
     2930       0.2037   5.52
     2931       0.2028   5.52
     2932       0.2034   5.52
     2933       0.2028   5.53
     2934       0.2028   5.53
     2935       0.2034   5.53
     2936       0.2028   5.53
     2937       0.2035   5.53
     2938       0.2029   5.53
     2939       0.2029   5.53
     2940       0.2035   5.53
     2941       0.2028   5.53
     2942       0.2035   5.53
     2943       0.2029   5.53
     2944       0.2028   5.53
     2945       0.2034   5.53
     2946       0.2029   5.53
     2947       0.2037   5.53
     2948       0.2028   5.53
     2949       0.2028   5.53
     2950       0.2034   5.53
     2951       0.2029   5.53
     2952       0.2034   5.53
     2953       0.2029   5.53
     2954       0.2030   5.53
     2955       0.2033   5.53
     2956       0.2029   5.53
     2957       0.2035   5.53
     2958       0.2029   5.53
     2959       0.2037   5.53
     2960       0.2029   5.53
     2961       0.2028   5.53
     2962       0.2034   5.53
     2963       0.2028   5.53
     2964       0.2035   5.53
     2965       0.2027   5.53
     2966       0.2028   5.53
     2967       0.2032   5.53
     2968       0.2030   5.53
     2969       0.2036   5.53
     2970       0.2029   5.52
     2971       0.2028   5.52
     2972       0.2034   5.52
     2973       0.2027   5.53
     2974       0.2034   5.53
     2975       0.2029   5.53
     2976       0.2030   5.53
     2977       0.2036   5.53
     2978       0.2027   5.52
     2979       0.2034   5.52
     2980       0.2028   5.53
     2981       0.2034   5.53
     2982       0.2028   5.53
     2983       0.2027   5.53
     2984       0.2035   5.53
     2985       0.2029   5.53
     2986       0.2035   5.53
     2987       0.2030   5.52
     2988       0.2027   5.52
     2989       0.2034   5.52
     2990       0.2028   5.53
     2991       0.2035   5.53
     2992       0.2028   5.53
     2993       0.2028   5.53
     2994       0.2041   5.53
     2995       0.2029   5.53
     2996       0.2036   5.53
     2997       0.2029   5.53
     2998       0.2028   5.53
     2999       0.2035   5.53
     3000       0.2028   5.53
     3001       0.2033   5.53
     3002       0.2028   5.53
     3003       0.2030   5.53
     3004       0.2032   5.53
     3005       0.2029   5.53
     3006       0.2034   5.53
     3007       0.2028   5.53
     3008       0.2036   5.53
     3009       0.2027   5.53
     3010       0.2030   5.53
     3011       0.2036   5.53
     3012       0.2029   5.53
     3013       0.2095   5.53
     3014       0.2029   5.53
     3015       0.2030   5.53
     3016       0.2036   5.53
     3017       0.2029   5.52
     3018       0.2036   5.52
     3019       0.2028   5.53
     3020       0.2029   5.53
     3021       0.2038   5.53
     3022       0.2029   5.53
     3023       0.2034   5.53
     3024       0.2028   5.53
     3025       0.2028   5.53
     3026       0.2033   5.53
     3027       0.2028   5.53
     3028       0.2033   5.53
     3029       0.2028   5.53
     3030       0.2034   5.53
     3031       0.2029   5.53
     3032       0.2028   5.53
     3033       0.2034   5.53
     3034       0.2027   5.53
     3035       0.2034   5.53
     3036       0.2028   5.53
     3037       0.2027   5.53
     3038       0.2034   5.53
     3039       0.2028   5.53
     3040       0.2034   5.53
     3041       0.2028   5.53
     3042       0.2028   5.53
     3043       0.2034   5.53
     3044       0.2028   5.53
     3045       0.2034   5.53
     3046       0.2028   5.53
     3047       0.2029   5.53
     3048       0.2034   5.53
     3049       0.2028   5.53
     3050       0.2034   5.53
     3051       0.2027   5.53
     3052       0.2029   5.53
     3053       0.2033   5.53
     3054       0.2028   5.53
     3055       0.2033   5.53
     3056       0.2029   5.53
     3057       0.2036   5.53
     3058       0.2027   5.53
     3059       0.2030   5.53
     3060       0.2037   5.53
     3061       0.2028   5.53
     3062       0.2034   5.53
     3063       0.2028   5.53
     3064       0.2028   5.53
     3065       0.2035   5.53
     3066       0.2028   5.53
     3067       0.2036   5.53
     3068       0.2028   5.53
     3069       0.2028   5.53
     3070       0.2034   5.53
     3071       0.2030   5.53
     3072       0.2036   5.53
     3073       0.2029   5.53
     3074       0.2028   5.53
     3075       0.2036   5.53
     3076       0.2030   5.53
     3077       0.2037   5.53
     3078       0.2029   5.53
     3079       0.2036   5.53
     3080       0.2029   5.53
     3081       0.2029   5.53
     3082       0.2034   5.53
     3083       0.2028   5.53
     3084       0.2035   5.53
     3085       0.2029   5.53
     3086       0.2028   5.53
     3087       0.2035   5.53
     3088       0.2028   5.53
     3089       0.2034   5.53
     3090       0.2028   5.53
     3091       0.2028   5.53
     3092       0.2035   5.53
     3093       0.2028   5.53
     3094       0.2034   5.53
     3095       0.2029   5.53
     3096       0.2028   5.53
     3097       0.2035   5.53
     3098       0.2030   5.53
     3099       0.2036   5.53
     3100       0.2029   5.53
     3101       0.2030   5.53
     3102       0.2033   5.53
     3103       0.2029   5.53
     3104       0.2034   5.53
     3105       0.2028   5.53
     3106       0.2036   5.53
     3107       0.2029   5.53
     3108       0.2029   5.53
     3109       0.2034   5.53
     3110       0.2028   5.53
     3111       0.2034   5.53
     3112       0.2029   5.53
     3113       0.2028   5.53
     3114       0.2034   5.53
     3115       0.2029   5.53
     3116       0.2035   5.53
     3117       0.2028   5.53
     3118       0.2029   5.53
     3119       0.2034   5.53
     3120       0.2028   5.53
     3121       0.2035   5.53
     3122       0.2029   5.53
     3123       0.2028   5.53
     3124       0.2034   5.53
     3125       0.2028   5.53
     3126       0.2035   5.53
     3127       0.2029   5.53
     3128       0.2036   5.53
     3129       0.2028   5.53
     3130       0.2028   5.53
     3131       0.2035   5.53
     3132       0.2028   5.53
     3133       0.2034   5.53
     3134       0.2027   5.53
     3135       0.2027   5.53
     3136       0.2034   5.53
     3137       0.2028   5.53
     3138       0.2036   5.53
     3139       0.2027   5.53
     3140       0.2029   5.53
     3141       0.2035   5.53
     3142       0.2029   5.53
     3143       0.2034   5.53
     3144       0.2028   5.53
     3145       0.2029   5.53
     3146       0.2035   5.53
     3147       0.2029   5.53
     3148       0.2034   5.53
     3149       0.2029   5.53
     3150       0.2030   5.53
     3151       0.2035   5.53
     3152       0.2028   5.53
     3153       0.2034   5.53
     3154       0.2028   5.53
     3155       0.2034   5.53
     3156       0.2029   5.53
     3157       0.2029   5.53
     3158       0.2034   5.53
     3159       0.2029   5.53
     3160       0.2037   5.53
     3161       0.2031   5.53
     3162       0.2031   5.53
     3163       0.2037   5.53
     3164       0.2029   5.52
     3165       0.2033   5.52
     3166       0.2027   5.53
     3167       0.2028   5.53
     3168       0.2034   5.53
     3169       0.2028   5.53
     3170       0.2070   5.53
     3171       0.2028   5.53
     3172       0.2028   5.53
     3173       0.2034   5.53
     3174       0.2029   5.53
     3175       0.2036   5.53
     3176       0.2028   5.53
     3177       0.2036   5.53
     3178       0.2027   5.53
     3179       0.2029   5.53
     3180       0.2035   5.53
     3181       0.2030   5.53
     3182       0.2034   5.53
     3183       0.2029   5.53
     3184       0.2029   5.53
     3185       0.2035   5.53
     3186       0.2029   5.53
     3187       0.2036   5.53
     3188       0.2028   5.53
     3189       0.2028   5.53
     3190       0.2034   5.53
     3191       0.2028   5.53
     3192       0.2035   5.53
     3193       0.2028   5.53
     3194       0.2028   5.53
     3195       0.2035   5.53
     3196       0.2028   5.53
     3197       0.2037   5.53
     3198       0.2028   5.53
     3199       0.2030   5.53
     3200       0.2033   5.53
     3201       0.2028   5.53
     3202       0.2033   5.53
     3203       0.2028   5.53
     3204       0.2034   5.53
     3205       0.2029   5.53
     3206       0.2028   5.53
     3207       0.2034   5.53
     3208       0.2029   5.53
     3209       0.2034   5.53
     3210       0.2028   5.53
     3211       0.2028   5.53
     3212       0.2127   5.53
     3213       0.2029   5.53
     3214       0.2036   5.53
     3215       0.2028   5.53
     3216       0.2028   5.53
     3217       0.2034   5.53
     3218       0.2029   5.53
     3219       0.2034   5.53
     3220       0.2029   5.53
     3221       0.2029   5.53
     3222       0.2034   5.53
     3223       0.2029   5.53
     3224       0.2034   5.53
     3225       0.2028   5.53
     3226       0.2036   5.53
     3227       0.2029   5.53
     3228       0.2029   5.53
     3229       0.2035   5.53
     3230       0.2029   5.53
     3231       0.2035   5.53
     3232       0.2030   5.53
     3233       0.2027   5.53
     3234       0.2035   5.53
     3235       0.2028   5.53
     3236       0.2034   5.53
     3237       0.2027   5.53
     3238       0.2028   5.53
     3239       0.2035   5.53
     3240       0.2029   5.53
     3241       0.2037   5.53
     3242       0.2031   5.53
     3243       0.2027   5.53
     3244       0.2034   5.53
     3245       0.2028   5.52
     3246       0.2034   5.52
     3247       0.2027   5.53
     3248       0.2038   5.53
     3249       0.2030   5.53
     3250       0.2029   5.53
     3251       0.2034   5.53
     3252       0.2029   5.53
     3253       0.2034   5.53
     3254       0.2028   5.53
     3255       0.2028   5.53
     3256       0.2035   5.53
     3257       0.2028   5.53
     3258       0.2037   5.53
     3259       0.2030   5.53
     3260       0.2029   5.53
     3261       0.2034   5.53
     3262       0.2029   5.52
     3263       0.2035   5.52
     3264       0.2029   5.53
     3265       0.2028   5.53
     3266       0.2035   5.53
     3267       0.2028   5.53
     3268       0.2034   5.53
     3269       0.2028   5.53
     3270       0.2028   5.53
     3271       0.2034   5.53
     3272       0.2028   5.53
     3273       0.2036   5.53
     3274       0.2029   5.53
     3275       0.2033   5.53
     3276       0.2028   5.53
     3277       0.2028   5.53
     3278       0.2035   5.53
     3279       0.2028   5.53
     3280       0.2033   5.53
     3281       0.2029   5.53
     3282       0.2028   5.53
     3283       0.2034   5.53
     3284       0.2028   5.53
     3285       0.2036   5.53
     3286       0.2031   5.53
     3287       0.2031   5.53
     3288       0.2036   5.53
     3289       0.2029   5.52
     3290       0.2033   5.52
     3291       0.2029   5.52
     3292       0.2029   5.52
     3293       0.2034   5.52
     3294       0.2028   5.53
     3295       0.2036   5.53
     3296       0.2029   5.53
     3297       0.2036   5.53
     3298       0.2028   5.53
     3299       0.2029   5.53
     3300       0.2035   5.53
     3301       0.2029   5.53
     3302       0.2034   5.53
     3303       0.2027   5.53
     3304       0.2029   5.53
     3305       0.2035   5.53
     3306       0.2029   5.53
     3307       0.2035   5.53
     3308       0.2028   5.53
     3309       0.2027   5.53
     3310       0.2035   5.53
     3311       0.2028   5.53
     3312       0.2035   5.53
     3313       0.2029   5.53
     3314       0.2029   5.53
     3315       0.2035   5.53
     3316       0.2028   5.53
     3317       0.2035   5.53
     3318       0.2028   5.53
     3319       0.2028   5.53
     3320       0.2034   5.53
     3321       0.2028   5.53
     3322       0.2035   5.53
     3323       0.2029   5.53
     3324       0.2035   5.53
     3325       0.2028   5.53
     3326       0.2030   5.53
     3327       0.2051   5.53
     3328       0.2029   5.53
     3329       0.2035   5.53
     3330       0.2028   5.53
     3331       0.2030   5.53
     3332       0.2036   5.53
     3333       0.2030   5.53
     3334       0.2035   5.53
     3335       0.2028   5.53
     3336       0.2028   5.53
     3337       0.2034   5.53
     3338       0.2027   5.53
     3339       0.2033   5.53
     3340       0.2028   5.53
     3341       0.2028   5.53
     3342       0.2035   5.53
     3343       0.2028   5.53
     3344       0.2034   5.53
     3345       0.2027   5.53
     3346       0.2029   5.53
     3347       0.2033   5.53
     3348       0.2029   5.53
     3349       0.2036   5.53
     3350       0.2031   5.53
     3351       0.2036   5.53
     3352       0.2031   5.52
     3353       0.2028   5.52
     3354       0.2034   5.52
     3355       0.2029   5.52
     3356       0.2034   5.52
     3357       0.2028   5.53
     3358       0.2028   5.53
     3359       0.2035   5.53
     3360       0.2028   5.53
     3361       0.2034   5.53
     3362       0.2027   5.53
     3363       0.2028   5.53
     3364       0.2036   5.53
     3365       0.2028   5.53
     3366       0.2035   5.53
     3367       0.2029   5.53
     3368       0.2029   5.53
     3369       0.2036   5.53
     3370       0.2029   5.53
     3371       0.2036   5.53
     3372       0.2029   5.53
     3373       0.2035   5.53
     3374       0.2030   5.53
     3375       0.2030   5.53
     3376       0.2036   5.53
     3377       0.2030   5.53
     3378       0.2036   5.53
     3379       0.2029   5.53
     3380       0.2029   5.53
     3381       0.2035   5.53
     3382       0.2028   5.53
     3383       0.2033   5.53
     3384       0.2029   5.53
     3385       0.2029   5.53
     3386       0.2036   5.53
     3387       0.2030   5.53
     3388       0.2034   5.53
     3389       0.2027   5.52
     3390       0.2029   5.52
     3391       0.2037   5.52
     3392       0.2031   5.53
     3393       0.2036   5.53
     3394       0.2031   5.52
     3395       0.2030   5.52
     3396       0.2033   5.52
     3397       0.2028   5.52
     3398       0.2034   5.52
     3399       0.2028   5.53
     3400       0.2034   5.53
     3401       0.2029   5.53
     3402       0.2029   5.53
     3403       0.2036   5.53
     3404       0.2030   5.53
     3405       0.2035   5.53
     3406       0.2030   5.53
     3407       0.2029   5.53
     3408       0.2033   5.53
     3409       0.2029   5.53
     3410       0.2035   5.53
     3411       0.2029   5.53
     3412       0.2029   5.53
     3413       0.2035   5.53
     3414       0.2030   5.53
     3415       0.2035   5.53
     3416       0.2029   5.53
     3417       0.2028   5.53
     3418       0.2035   5.53
     3419       0.2029   5.53
     3420       0.2035   5.53
     3421       0.2028   5.53
     3422       0.2035   5.53
     3423       0.2029   5.53
     3424       0.2029   5.53
     3425       0.2034   5.53
     3426       0.2028   5.53
     3427       0.2037   5.53
     3428       0.2029   5.53
     3429       0.2030   5.53
     3430       0.2035   5.53
     3431       0.2029   5.53
     3432       0.2035   5.53
     3433       0.2029   5.53
     3434       0.2029   5.53
     3435       0.2035   5.53
     3436       0.2028   5.53
     3437       0.2035   5.53
     3438       0.2029   5.53
     3439       0.2028   5.53
     3440       0.2036   5.53
     3441       0.2028   5.53
     3442       0.2036   5.53
     3443       0.2029   5.53
     3444       0.2031   5.53
     3445       0.2032   5.53
     3446       0.2029   5.53
     3447       0.2034   5.53
     3448       0.2026   5.53
     3449       0.2035   5.53
     3450       0.2028   5.53
     3451       0.2027   5.53
     3452       0.2034   5.53
     3453       0.2029   5.53
     3454       0.2034   5.53
     3455       0.2027   5.53
     3456       0.2029   5.53
     3457       0.2035   5.53
     3458       0.2030   5.53
     3459       0.2033   5.53
     3460       0.2028   5.52
     3461       0.2029   5.52
     3462       0.2034   5.52
     3463       0.2028   5.53
     3464       0.2036   5.53
     3465       0.2030   5.53
     3466       0.2029   5.53
     3467       0.2034   5.53
     3468       0.2028   5.52
     3469       0.2034   5.52
     3470       0.2028   5.53
     3471       0.2034   5.53
     3472       0.2029   5.53
     3473       0.2029   5.53
     3474       0.2034   5.53
     3475       0.2028   5.53
     3476       0.2034   5.53
     3477       0.2028   5.53
     3478       0.2029   5.53
     3479       0.2035   5.53
     3480       0.2028   5.53
     3481       0.2034   5.53
     3482       0.2029   5.53
     3483       0.2028   5.53
     3484       0.2036   5.53
     3485       0.2028   5.53
     3486       0.2034   5.53
     3487       0.2028   5.53
     3488       0.2028   5.53
     3489       0.2035   5.53
     3490       0.2028   5.53
     3491       0.2036   5.53
     3492       0.2030   5.53
     3493       0.2031   5.53
     3494       0.2035   5.53
     3495       0.2031   5.52
     3496       0.2033   5.52
     3497       0.2029   5.52
     3498       0.2035   5.52
     3499       0.2027   5.53
     3500       0.2028   5.53
     3501       0.2035   5.53
     3502       0.2028   5.53
     3503       0.2035   5.53
     3504       0.2027   5.53
     3505       0.2027   5.53
     3506       0.2035   5.53
     3507       0.2029   5.53
     3508       0.2036   5.53
     3509       0.2028   5.53
     3510       0.2028   5.53
     3511       0.2036   5.53
     3512       0.2029   5.53
     3513       0.2035   5.53
     3514       0.2029   5.53
     3515       0.2028   5.53
     3516       0.2034   5.53
     3517       0.2028   5.53
     3518       0.2035   5.53
     3519       0.2028   5.53
     3520       0.2034   5.53
     3521       0.2029   5.53
     3522       0.2028   5.53
     3523       0.2034   5.53
     3524       0.2029   5.53
     3525       0.2033   5.53
     3526       0.2031   5.53
     3527       0.2030   5.53
     3528       0.2034   5.53
     3529       0.2029   5.52
     3530       0.2034   5.52
     3531       0.2027   5.53
     3532       0.2028   5.53
     3533       0.2035   5.53
     3534       0.2029   5.53
     3535       0.2034   5.53
     3536       0.2028   5.53
     3537       0.2029   5.53
     3538       0.2036   5.53
     3539       0.2029   5.53
     3540       0.2034   5.53
     3541       0.2028   5.53
     3542       0.2028   5.53
     3543       0.2034   5.53
     3544       0.2028   5.53
     3545       0.2034   5.53
     3546       0.2029   5.53
     3547       0.2036   5.53
     3548       0.2027   5.53
     3549       0.2028   5.53
     3550       0.2035   5.53
     3551       0.2027   5.53
     3552       0.2034   5.53
     3553       0.2029   5.53
     3554       0.2027   5.53
     3555       0.2033   5.53
     3556       0.2029   5.53
     3557       0.2036   5.53
     3558       0.2029   5.53
     3559       0.2029   5.53
     3560       0.2036   5.53
     3561       0.2029   5.53
     3562       0.2036   5.53
     3563       0.2031   5.53
     3564       0.2031   5.53
     3565       0.2037   5.53
     3566       0.2031   5.52
     3567       0.2034   5.52
     3568       0.2029   5.52
     3569       0.2034   5.52
     3570       0.2029   5.53
     3571       0.2028   5.53
     3572       0.2036   5.53
     3573       0.2029   5.53
     3574       0.2034   5.53
     3575       0.2029   5.53
     3576       0.2028   5.53
     3577       0.2036   5.53
     3578       0.2029   5.53
     3579       0.2035   5.53
     3580       0.2029   5.53
     3581       0.2028   5.53
     3582       0.2035   5.53
     3583       0.2029   5.53
     3584       0.2036   5.53
     3585       0.2030   5.53
     3586       0.2029   5.53
     3587       0.2035   5.53
     3588       0.2028   5.53
     3589       0.2036   5.53
     3590       0.2028   5.53
     3591       0.2029   5.53
     3592       0.2035   5.53
     3593       0.2028   5.53
     3594       0.2036   5.53
     3595       0.2031   5.53
     3596       0.2035   5.53
     3597       0.2028   5.52
     3598       0.2028   5.52
     3599       0.2035   5.52
     3600       0.2028   5.53
     3601       0.2034   5.53
     3602       0.2028   5.53
     3603       0.2029   5.53
     3604       0.2035   5.53
     3605       0.2028   5.53
     3606       0.2035   5.53
     3607       0.2029   5.53
     3608       0.2028   5.53
     3609       0.2036   5.53
     3610       0.2028   5.53
     3611       0.2034   5.53
     3612       0.2028   5.53
     3613       0.2028   5.53
     3614       0.2035   5.53
     3615       0.2028   5.53
     3616       0.2034   5.53
     3617       0.2027   5.53
     3618       0.2029   5.53
     3619       0.2033   5.53
     3620       0.2028   5.53
     3621       0.2036   5.53
     3622       0.2030   5.53
     3623       0.2037   5.53
     3624       0.2031   5.52
     3625       0.2031   5.52
     3626       0.2033   5.52
     3627       0.2028   5.52
     3628       0.2034   5.52
     3629       0.2028   5.53
     3630       0.2028   5.53
     3631       0.2035   5.53
     3632       0.2028   5.53
     3633       0.2033   5.53
     3634       0.2027   5.53
     3635       0.2028   5.53
     3636       0.2034   5.53
     3637       0.2029   5.53
     3638       0.2035   5.53
     3639       0.2027   5.53
     3640       0.2028   5.53
     3641       0.2034   5.53
     3642       0.2028   5.53
     3643       0.2033   5.53
     3644       0.2029   5.53
     3645       0.2035   5.53
     3646       0.2028   5.53
     3647       0.2028   5.53
     3648       0.2034   5.53
     3649       0.2031   5.53
     3650       0.2035   5.53
     3651       0.2027   5.52
     3652       0.2028   5.52
     3653       0.2036   5.52
     3654       0.2028   5.53
     3655       0.2034   5.53
     3656       0.2027   5.53
     3657       0.2028   5.53
     3658       0.2035   5.53
     3659       0.2028   5.53
     3660       0.2036   5.53
     3661       0.2029   5.53
     3662       0.2031   5.53
     3663       0.2037   5.53
     3664       0.2031   5.52
     3665       0.2034   5.52
     3666       0.2028   5.52
     3667       0.2030   5.52
     3668       0.2035   5.52
     3669       0.2028   5.53
     3670       0.2035   5.53
     3671       0.2029   5.53
     3672       0.2034   5.53
     3673       0.2029   5.53
     3674       0.2029   5.53
     3675       0.2036   5.53
     3676       0.2029   5.53
     3677       0.2037   5.53
     3678       0.2029   5.53
     3679       0.2029   5.53
     3680       0.2035   5.53
     3681       0.2028   5.53
     3682       0.2035   5.53
     3683       0.2030   5.53
     3684       0.2030   5.53
     3685       0.2035   5.53
     3686       0.2030   5.53
     3687       0.2035   5.53
     3688       0.2028   5.53
     3689       0.2029   5.53
     3690       0.2035   5.53
     3691       0.2028   5.53
     3692       0.2034   5.53
     3693       0.2030   5.53
     3694       0.2036   5.53
     3695       0.2029   5.52
     3696       0.2028   5.52
     3697       0.2035   5.52
     3698       0.2028   5.53
     3699       0.2034   5.53
     3700       0.2029   5.53
     3701       0.2031   5.53
     3702       0.2035   5.53
     3703       0.2030   5.52
     3704       0.2036   5.52
     3705       0.2028   5.52
     3706       0.2028   5.52
     3707       0.2034   5.52
     3708       0.2029   5.53
     3709       0.2037   5.53
     3710       0.2028   5.53
     3711       0.2029   5.53
     3712       0.2035   5.53
     3713       0.2029   5.53
     3714       0.2036   5.53
     3715       0.2029   5.53
     3716       0.2031   5.53
     3717       0.2034   5.53
     3718       0.2029   5.53
     3719       0.2035   5.53
     3720       0.2028   5.53
     3721       0.2034   5.53
     3722       0.2028   5.53
     3723       0.2029   5.53
     3724       0.2035   5.53
     3725       0.2031   5.53
     3726       0.2038   5.53
     3727       0.2030   5.52
     3728       0.2031   5.52
     3729       0.2034   5.52
     3730       0.2029   5.52
     3731       0.2034   5.52
     3732       0.2028   5.53
     3733       0.2028   5.53
     3734       0.2035   5.53
     3735       0.2028   5.53
     3736       0.2036   5.53
     3737       0.2028   5.53
     3738       0.2028   5.53
     3739       0.2037   5.53
     3740       0.2029   5.53
     3741       0.2035   5.53
     3742       0.2029   5.53
     3743       0.2129   5.53
     3744       0.2027   5.53
     3745       0.2027   5.53
     3746       0.2038   5.53
     3747       0.2029   5.53
     3748       0.2035   5.53
     3749       0.2028   5.53
     3750       0.2029   5.53
     3751       0.2033   5.53
     3752       0.2028   5.53
     3753       0.2034   5.53
     3754       0.2028   5.53
     3755       0.2028   5.53
     3756       0.2036   5.53
     3757       0.2029   5.53
     3758       0.2034   5.53
     3759       0.2028   5.53
     3760       0.2028   5.53
     3761       0.2034   5.53
     3762       0.2028   5.53
     3763       0.2034   5.53
     3764       0.2028   5.53
     3765       0.2035   5.53
     3766       0.2029   5.53
     3767       0.2028   5.53
     3768       0.2035   5.53
     3769       0.2028   5.53
     3770       0.2035   5.53
     3771       0.2029   5.53
     3772       0.2028   5.53
     3773       0.2035   5.53
     3774       0.2029   5.53
     3775       0.2034   5.53
     3776       0.2029   5.53
     3777       0.2029   5.53
     3778       0.2036   5.53
     3779       0.2029   5.53
     3780       0.2035   5.53
     3781       0.2030   5.53
     3782       0.2031   5.53
     3783       0.2035   5.53
     3784       0.2028   5.52
     3785       0.2034   5.52
     3786       0.2028   5.53
     3787       0.2029   5.53
     3788       0.2036   5.53
     3789       0.2028   5.53
     3790       0.2033   5.53
     3791       0.2029   5.53
     3792       0.2035   5.53
     3793       0.2029   5.53
     3794       0.2028   5.53
     3795       0.2038   5.53
     3796       0.2027   5.53
     3797       0.2039   5.53
     3798       0.2028   5.53
     3799       0.2028   5.53
     3800       0.2036   5.53
     3801       0.2028   5.53
     3802       0.2036   5.53
     3803       0.2028   5.53
     3804       0.2028   5.53
     3805       0.2036   5.53
     3806       0.2027   5.53
     3807       0.2039   5.53
     3808       0.2027   5.53
     3809       0.2028   5.53
     3810       0.2035   5.53
     3811       0.2027   5.53
     3812       0.2035   5.53
     3813       0.2028   5.53
     3814       0.2038   5.53
     3815       0.2027   5.53
     3816       0.2028   5.53
     3817       0.2037   5.53
     3818       0.2029   5.53
     3819       0.2036   5.53
     3820       0.2027   5.53
     3821       0.2028   5.53
     3822       0.2039   5.53
     3823       0.2030   5.53
     3824       0.2036   5.53
     3825       0.2028   5.52
     3826       0.2028   5.52
     3827       0.2036   5.52
     3828       0.2028   5.53
     3829       0.2034   5.53
     3830       0.2027   5.53
     3831       0.2028   5.53
     3832       0.2033   5.53
     3833       0.2028   5.53
     3834       0.2034   5.53
     3835       0.2027   5.53
     3836       0.2027   5.53
     3837       0.2036   5.53
     3838       0.2027   5.53
     3839       0.2036   5.53
     3840       0.2027   5.53
     3841       0.2034   5.53
     3842       0.2030   5.53
     3843       0.2030   5.53
     3844       0.2037   5.53
     3845       0.2031   5.52
     3846       0.2036   5.52
     3847       0.2028   5.52
     3848       0.2028   5.52
     3849       0.2035   5.52
     3850       0.2028   5.53
     3851       0.2036   5.53
     3852       0.2028   5.53
     3853       0.2028   5.53
     3854       0.2034   5.53
     3855       0.2028   5.53
     3856       0.2034   5.53
     3857       0.2028   5.53
     3858       0.2028   5.53
     3859       0.2034   5.53
     3860       0.2029   5.53
     3861       0.2034   5.53
     3862       0.2029   5.53
     3863       0.2030   5.53
     3864       0.2028   5.53
     3865       0.2028   5.53
     3866       0.2034   5.53
     3867       0.2028   5.53
     3868       0.2033   5.53
     3869       0.2028   5.53
     3870       0.2028   5.53
     3871       0.2034   5.53
     3872       0.2028   5.53
     3873       0.2034   5.53
     3874       0.2029   5.53
     3875       0.2028   5.53
     3876       0.2035   5.53
     3877       0.2030   5.53
     3878       0.2034   5.53
     3879       0.2027   5.52
     3880       0.2028   5.52
     3881       0.2034   5.52
     3882       0.2029   5.53
     3883       0.2035   5.53
     3884       0.2028   5.53
     3885       0.2028   5.53
     3886       0.2034   5.53
     3887       0.2029   5.53
     3888       0.2035   5.53
     3889       0.2028   5.53
     3890       0.2035   5.53
     3891       0.2028   5.53
     3892       0.2028   5.53
     3893       0.2035   5.53
     3894       0.2030   5.53
     3895       0.2037   5.53
     3896       0.2028   5.52
     3897       0.2029   5.52
     3898       0.2035   5.52
     3899       0.2028   5.53
     3900       0.2034   5.53
     3901       0.2029   5.53
     3902       0.2031   5.53
     3903       0.2035   5.53
     3904       0.2028   5.52
     3905       0.2035   5.52
     3906       0.2028   5.53
     3907       0.2028   5.53
     3908       0.2035   5.53
     3909       0.2028   5.53
     3910       0.2034   5.53
     3911       0.2028   5.53
     3912       0.2030   5.53
     3913       0.2032   5.53
     3914       0.2028   5.53
     3915       0.2035   5.53
     3916       0.2028   5.53
     3917       0.2034   5.53
     3918       0.2029   5.53
     3919       0.2028   5.53
     3920       0.2036   5.53
     3921       0.2029   5.53
     3922       0.2038   5.53
     3923       0.2031   5.52
     3924       0.2031   5.52
     3925       0.2035   5.52
     3926       0.2028   5.52
     3927       0.2034   5.52
     3928       0.2028   5.53
     3929       0.2028   5.53
     3930       0.2035   5.53
     3931       0.2029   5.53
     3932       0.2034   5.53
     3933       0.2029   5.53
     3934       0.2029   5.53
     3935       0.2037   5.53
     3936       0.2029   5.52
     3937       0.2035   5.52
     3938       0.2030   5.53
     3939       0.2034   5.53
     3940       0.2029   5.53
     3941       0.2028   5.53
     3942       0.2035   5.53
     3943       0.2030   5.53
     3944       0.2038   5.53
     3945       0.2028   5.52
     3946       0.2028   5.52
     3947       0.2036   5.52
     3948       0.2030   5.53
     3949       0.2036   5.53
     3950       0.2030   5.52
     3951       0.2030   5.52
     3952       0.2035   5.52
     3953       0.2029   5.52
     3954       0.2036   5.52
     3955       0.2029   5.53
     3956       0.2030   5.53
     3957       0.2035   5.53
     3958       0.2029   5.53
     3959       0.2036   5.53
     3960       0.2029   5.53
     3961       0.2031   5.53
     3962       0.2034   5.53
     3963       0.2029   5.53
     3964       0.2035   5.53
     3965       0.2029   5.53
     3966       0.2035   5.53
     3967       0.2028   5.53
     3968       0.2029   5.53
     3969       0.2035   5.53
     3970       0.2028   5.53
     3971       0.2034   5.53
     3972       0.2029   5.53
     3973       0.2029   5.53
     3974       0.2035   5.53
     3975       0.2031   5.53
     3976       0.2037   5.53
     3977       0.2027   5.52
     3978       0.2028   5.52
     3979       0.2034   5.52
     3980       0.2027   5.53
     3981       0.2033   5.53
     3982       0.2028   5.53
     3983       0.2029   5.53
     3984       0.2034   5.53
     3985       0.2028   5.53
     3986       0.2033   5.53
     3987       0.2029   5.53
     3988       0.2037   5.53
     3989       0.2029   5.52
     3990       0.2028   5.52
     3991       0.2035   5.52
     3992       0.2029   5.53
     3993       0.2034   5.53
     3994       0.2028   5.53
     3995       0.2027   5.53
     3996       0.2034   5.53
     3997       0.2028   5.53
     3998       0.2035   5.53
     3999       0.2029   5.53
     4000       0.2030   5.53
     4001       0.2035   5.53
     4002       0.2028   5.52
     4003       0.2035   5.52
     4004       0.2029   5.53
     4005       0.2030   5.53
     4006       0.2035   5.53
     4007       0.2028   5.52
     4008       0.2034   5.52
     4009       0.2028   5.53
     4010       0.2028   5.53
     4011       0.2033   5.53
     4012       0.2028   5.53
     4013       0.2034   5.53
     4014       0.2030   5.53
     4015       0.2036   5.53
     4016       0.2030   5.52
     4017       0.2030   5.52
     4018       0.2036   5.52
     4019       0.2028   5.52
     4020       0.2035   5.52
     4021       0.2028   5.53
     4022       0.2028   5.53
     4023       0.2034   5.53
     4024       0.2029   5.53
     4025       0.2034   5.53
     4026       0.2028   5.53
     4027       0.2029   5.53
     4028       0.2035   5.53
     4029       0.2028   5.53
     4030       0.2034   5.53
     4031       0.2029   5.53
     4032       0.2029   5.53
     4033       0.2037   5.53
     4034       0.2028   5.53
     4035       0.2034   5.53
     4036       0.2028   5.53
     4037       0.2036   5.53
     4038       0.2027   5.53
     4039       0.2028   5.53
     4040       0.2035   5.53
     4041       0.2029   5.53
     4042       0.2037   5.53
     4043       0.2029   5.52
     4044       0.2028   5.52
     4045       0.2033   5.52
     4046       0.2027   5.53
     4047       0.2034   5.53
     4048       0.2028   5.53
     4049       0.2028   5.53
     4050       0.2035   5.53
     4051       0.2029   5.53
     4052       0.2037   5.53
     4053       0.2028   5.52
     4054       0.2028   5.52
     4055       0.2033   5.52
     4056       0.2030   5.53
     4057       0.2036   5.53
     4058       0.2028   5.52
     4059       0.2028   5.52
     4060       0.2034   5.52
     4061       0.2028   5.53
     4062       0.2033   5.53
     4063       0.2029   5.53
     4064       0.2037   5.53
     4065       0.2030   5.52
     4066       0.2030   5.52
     4067       0.2036   5.52
     4068       0.2027   5.52
     4069       0.2035   5.52
     4070       0.2028   5.53
     4071       0.2028   5.53
     4072       0.2037   5.53
     4073       0.2029   5.53
     4074       0.2036   5.53
     4075       0.2028   5.53
     4076       0.2028   5.53
     4077       0.2035   5.53
     4078       0.2030   5.53
     4079       0.2035   5.53
     4080       0.2029   5.53
     4081       0.2029   5.53
     4082       0.2035   5.53
     4083       0.2028   5.53
     4084       0.2033   5.53
     4085       0.2027   5.53
     4086       0.2036   5.53
     4087       0.2027   5.53
     4088       0.2028   5.53
     4089       0.2034   5.53
     4090       0.2028   5.53
     4091       0.2037   5.53
     4092       0.2027   5.53
     4093       0.2028   5.53
     4094       0.2037   5.53
     4095       0.2030   5.53
     4096       0.2039   5.53
     4097       0.2030   5.52
     4098       0.2030   5.52
     4099       0.2037   5.52
     4100       0.2028   5.52
     4101       0.2035   5.52
     4102       0.2028   5.53
     4103       0.2027   5.53
     4104       0.2034   5.53
     4105       0.2028   5.53
     4106       0.2035   5.53
     4107       0.2029   5.53
     4108       0.2029   5.53
     4109       0.2034   5.53
     4110       0.2028   5.53
     4111       0.2050   5.53
     4112       0.2029   5.53
     4113       0.2033   5.53
     4114       0.2028   5.53
     4115       0.2029   5.53
     4116       0.2035   5.53
     4117       0.2029   5.53
     4118       0.2035   5.53
     4119       0.2028   5.53
     4120       0.2028   5.53
     4121       0.2034   5.53
     4122       0.2029   5.53
     4123       0.2034   5.53
     4124       0.2029   5.53
     4125       0.2028   5.53
     4126       0.2035   5.53
     4127       0.2030   5.53
     4128       0.2037   5.53
     4129       0.2031   5.52
     4130       0.2031   5.52
     4131       0.2036   5.52
     4132       0.2028   5.52
     4133       0.2033   5.52
     4134       0.2028   5.53
     4135       0.2034   5.53
     4136       0.2026   5.53
     4137       0.2029   5.53
     4138       0.2035   5.53
     4139       0.2030   5.53
     4140       0.2035   5.53
     4141       0.2028   5.53
     4142       0.2028   5.53
     4143       0.2034   5.53
     4144       0.2028   5.53
     4145       0.2035   5.53
     4146       0.2029   5.53
     4147       0.2029   5.53
     4148       0.2037   5.53
     4149       0.2029   5.53
     4150       0.2034   5.53
     4151       0.2028   5.53
     4152       0.2030   5.53
     4153       0.2034   5.53
     4154       0.2029   5.53
     4155       0.2034   5.53
     4156       0.2028   5.53
     4157       0.2028   5.53
     4158       0.2035   5.53
     4159       0.2030   5.53
     4160       0.2038   5.53
     4161       0.2028   5.53
     4162       0.2034   5.53
     4163       0.2030   5.53
     4164       0.2030   5.53
     4165       0.2037   5.53
     4166       0.2027   5.52
     4167       0.2034   5.52
     4168       0.2028   5.53
     4169       0.2028   5.53
     4170       0.2034   5.53
     4171       0.2029   5.53
     4172       0.2033   5.53
     4173       0.2028   5.53
     4174       0.2028   5.53
     4175       0.2034   5.53
     4176       0.2028   5.53
     4177       0.2033   5.53
     4178       0.2028   5.53
     4179       0.2030   5.53
     4180       0.2035   5.53
     4181       0.2027   5.53
     4182       0.2034   5.53
     4183       0.2027   5.53
     4184       0.2035   5.53
     4185       0.2028   5.53
     4186       0.2030   5.53
     4187       0.2036   5.53
     4188       0.2028   5.53
     4189       0.2034   5.53
     4190       0.2029   5.53
     4191       0.2029   5.53
     4192       0.2035   5.53
     4193       0.2030   5.52
     4194       0.2036   5.52
     4195       0.2029   5.52
     4196       0.2028   5.52
     4197       0.2035   5.52
     4198       0.2027   5.53
     4199       0.2034   5.53
     4200       0.2028   5.53
     4201       0.2028   5.53
     4202       0.2033   5.53
     4203       0.2028   5.53
     4204       0.2035   5.53
     4205       0.2028   5.53
     4206       0.2028   5.53
     4207       0.2035   5.53
     4208       0.2028   5.53
     4209       0.2034   5.53
     4210       0.2029   5.53
     4211       0.2035   5.53
     4212       0.2029   5.53
     4213       0.2028   5.53
     4214       0.2034   5.53
     4215       0.2029   5.53
     4216       0.2036   5.53
     4217       0.2027   5.53
     4218       0.2028   5.53
     4219       0.2035   5.53
     4220       0.2030   5.53
     4221       0.2037   5.53
     4222       0.2031   5.52
     4223       0.2031   5.52
     4224       0.2037   5.52
     4225       0.2027   5.52
     4226       0.2034   5.52
     4227       0.2028   5.53
     4228       0.2028   5.53
     4229       0.2034   5.53
     4230       0.2029   5.53
     4231       0.2034   5.53
     4232       0.2028   5.53
     4233       0.2128   5.53
     4234       0.2027   5.53
     4235       0.2028   5.53
     4236       0.2037   5.53
     4237       0.2028   5.53
     4238       0.2033   5.53
     4239       0.2027   5.53
     4240       0.2028   5.53
     4241       0.2033   5.53
     4242       0.2029   5.53
     4243       0.2035   5.53
     4244       0.2029   5.53
     4245       0.2029   5.53
     4246       0.2035   5.53
     4247       0.2029   5.53
     4248       0.2034   5.53
     4249       0.2029   5.53
     4250       0.2028   5.53
     4251       0.2035   5.53
     4252       0.2030   5.53
     4253       0.2037   5.53
     4254       0.2028   5.52
     4255       0.2030   5.52
     4256       0.2034   5.52
     4257       0.2027   5.53
     4258       0.2035   5.53
     4259       0.2028   5.53
     4260       0.2034   5.53
     4261       0.2028   5.53
     4262       0.2030   5.53
     4263       0.2056   5.53
     4264       0.2030   5.53
     4265       0.2036   5.53
     4266       0.2029   5.52
     4267       0.2028   5.52
     4268       0.2045   5.52
     4269       0.2029   5.53
     4270       0.2038   5.53
     4271       0.2034   5.53
     4272       0.2028   5.53
     4273       0.2043   5.53
     4274       0.2028   5.53
     4275       0.2036   5.53
     4276       0.2028   5.53
     4277       0.2029   5.53
     4278       0.2040   5.53
     4279       0.2029   5.53
     4280       0.2034   5.53
     4281       0.2028   5.53
     4282       0.2034   5.53
     4283       0.2028   5.53
     4284       0.2027   5.53
     4285       0.2034   5.53
     4286       0.2028   5.53
     4287       0.2033   5.53
     4288       0.2028   5.53
     4289       0.2028   5.53
     4290       0.2033   5.53
     4291       0.2027   5.53
     4292       0.2034   5.53
     4293       0.2028   5.53
     4294       0.2028   5.53
     4295       0.2034   5.53
     4296       0.2028   5.53
     4297       0.2034   5.53
     4298       0.2028   5.53
     4299       0.2028   5.53
     4300       0.2034   5.53
     4301       0.2028   5.53
     4302       0.2034   5.53
     4303       0.2028   5.53
     4304       0.2029   5.53
     4305       0.2028   5.53
     4306       0.2027   5.53
     4307       0.2034   5.53
     4308       0.2027   5.53
     4309       0.2034   5.53
     4310       0.2028   5.53
     4311       0.2028   5.53
     4312       0.2034   5.53
     4313       0.2028   5.53
     4314       0.2034   5.53
     4315       0.2028   5.53
     4316       0.2027   5.53
     4317       0.2034   5.53
     4318       0.2027   5.53
     4319       0.2033   5.53
     4320       0.2027   5.53
     4321       0.2028   5.53
     4322       0.2034   5.53
     4323       0.2028   5.53
     4324       0.2034   5.53
     4325       0.2028   5.53
     4326       0.2028   5.53
     4327       0.2036   5.53
     4328       0.2028   5.53
     4329       0.2034   5.53
     4330       0.2028   5.53
     4331       0.2035   5.53
     4332       0.2028   5.53
     4333       0.2028   5.53
     4334       0.2034   5.53
     4335       0.2027   5.53
     4336       0.2036   5.53
     4337       0.2028   5.53
     4338       0.2028   5.53
     4339       0.2034   5.53
     4340       0.2028   5.53
     4341       0.2034   5.53
     4342       0.2027   5.53
     4343       0.2028   5.53
     4344       0.2034   5.53
     4345       0.2028   5.53
     4346       0.2034   5.53
     4347       0.2029   5.53
     4348       0.2030   5.53
     4349       0.2035   5.53
     4350       0.2028   5.52
     4351       0.2033   5.52
     4352       0.2028   5.53
     4353       0.2029   5.53
     4354       0.2032   5.53
     4355       0.2028   5.53
     4356       0.2035   5.53
     4357       0.2028   5.53
     4358       0.2035   5.53
     4359       0.2028   5.53
     4360       0.2029   5.53
     4361       0.2034   5.53
     4362       0.2028   5.53
     4363       0.2034   5.53
     4364       0.2028   5.53
     4365       0.2029   5.53
     4366       0.2034   5.53
     4367       0.2028   5.53
     4368       0.2035   5.53
     4369       0.2028   5.53
     4370       0.2028   5.53
     4371       0.2035   5.53
     4372       0.2028   5.53
     4373       0.2034   5.53
     4374       0.2028   5.53
     4375       0.2028   5.53
     4376       0.2035   5.53
     4377       0.2028   5.53
     4378       0.2035   5.53
     4379       0.2028   5.53
     4380       0.2034   5.53
     4381       0.2028   5.53
     4382       0.2028   5.53
     4383       0.2034   5.53
     4384       0.2029   5.53
     4385       0.2034   5.53
     4386       0.2028   5.53
     4387       0.2028   5.53
     4388       0.2036   5.53
     4389       0.2028   5.53
     4390       0.2035   5.53
     4391       0.2028   5.53
     4392       0.2028   5.53
     4393       0.2035   5.53
     4394       0.2028   5.53
     4395       0.2035   5.53
     4396       0.2029   5.53
     4397       0.2028   5.53
     4398       0.2035   5.53
     4399       0.2028   5.53
     4400       0.2035   5.53
     4401       0.2028   5.53
     4402       0.2028   5.53
     4403       0.2034   5.53
     4404       0.2028   5.53
     4405       0.2035   5.53
     4406       0.2029   5.53
     4407       0.2033   5.53
     4408       0.2028   5.53
     4409       0.2028   5.53
     4410       0.2035   5.53
     4411       0.2028   5.53
     4412       0.2034   5.53
     4413       0.2028   5.53
     4414       0.2027   5.53
     4415       0.2033   5.53
     4416       0.2028   5.53
     4417       0.2034   5.53
     4418       0.2028   5.53
     4419       0.2028   5.53
     4420       0.2035   5.53
     4421       0.2028   5.53
     4422       0.2034   5.53
     4423       0.2028   5.53
     4424       0.2028   5.53
     4425       0.2034   5.53
     4426       0.2027   5.53
     4427       0.2033   5.53
     4428       0.2029   5.53
     4429       0.2028   5.53
     4430       0.2032   5.53
     4431       0.2027   5.53
     4432       0.2033   5.53
     4433       0.2028   5.53
     4434       0.2035   5.53
     4435       0.2028   5.53
     4436       0.2027   5.53
     4437       0.2035   5.53
     4438       0.2028   5.53
     4439       0.2035   5.53
     4440       0.2028   5.53
     4441       0.2027   5.53
     4442       0.2033   5.53
     4443       0.2027   5.53
     4444       0.2034   5.53
     4445       0.2028   5.53
     4446       0.2029   5.53
     4447       0.2038   5.53
     4448       0.2028   5.53
     4449       0.2035   5.53
     4450       0.2028   5.53
     4451       0.2029   5.53
     4452       0.2035   5.53
     4453       0.2028   5.53
     4454       0.2034   5.53
     4455       0.2027   5.53
     4456       0.2035   5.53
     4457       0.2027   5.53
     4458       0.2027   5.53
     4459       0.2034   5.53
     4460       0.2028   5.53
     4461       0.2034   5.53
     4462       0.2029   5.53
     4463       0.2028   5.53
     4464       0.2033   5.53
     4465       0.2028   5.53
     4466       0.2033   5.53
     4467       0.2028   5.53
     4468       0.2028   5.53
     4469       0.2035   5.53
     4470       0.2029   5.53
     4471       0.2034   5.53
     4472       0.2028   5.53
     4473       0.2028   5.53
     4474       0.2034   5.53
     4475       0.2028   5.53
     4476       0.2034   5.53
     4477       0.2028   5.53
     4478       0.2027   5.53
     4479       0.2034   5.53
     4480       0.2027   5.53
     4481       0.2034   5.53
     4482       0.2028   5.53
     4483       0.2034   5.53
     4484       0.2028   5.53
     4485       0.2028   5.53
     4486       0.2034   5.53
     4487       0.2028   5.53
     4488       0.2034   5.53
     4489       0.2028   5.53
     4490       0.2028   5.53
     4491       0.2034   5.53
     4492       0.2028   5.53
     4493       0.2034   5.53
     4494       0.2028   5.53
     4495       0.2028   5.53
     4496       0.2033   5.53
     4497       0.2027   5.53
     4498       0.2035   5.53
     4499       0.2028   5.53
     4500       0.2027   5.53
     4501       0.2034   5.53
     4502       0.2028   5.53
     4503       0.2034   5.53
     4504       0.2027   5.53
     4505       0.2030   5.53
     4506       0.2033   5.53
     4507       0.2027   5.53
     4508       0.2035   5.53
     4509       0.2027   5.53
     4510       0.2033   5.53
     4511       0.2028   5.53
     4512       0.2027   5.53
     4513       0.2034   5.53
     4514       0.2028   5.53
     4515       0.2034   5.53
     4516       0.2028   5.53
     4517       0.2028   5.53
     4518       0.2035   5.53
     4519       0.2028   5.53
     4520       0.2034   5.53
     4521       0.2028   5.53
     4522       0.2028   5.53
     4523       0.2033   5.53
     4524       0.2028   5.53
     4525       0.2033   5.53
     4526       0.2028   5.53
     4527       0.2028   5.53
     4528       0.2034   5.53
     4529       0.2027   5.53
     4530       0.2034   5.53
     4531       0.2027   5.53
     4532       0.2034   5.53
     4533       0.2028   5.53
     4534       0.2028   5.53
     4535       0.2034   5.53
     4536       0.2028   5.53
     4537       0.2034   5.53
     4538       0.2027   5.53
     4539       0.2028   5.53
     4540       0.2033   5.53
     4541       0.2028   5.53
     4542       0.2034   5.53
     4543       0.2028   5.53
     4544       0.2028   5.53
     4545       0.2034   5.53
     4546       0.2028   5.53
     4547       0.2034   5.53
     4548       0.2029   5.53
     4549       0.2029   5.53
     4550       0.2035   5.53
     4551       0.2028   5.53
     4552       0.2034   5.53
     4553       0.2029   5.53
     4554       0.2028   5.53
     4555       0.2034   5.53
     4556       0.2029   5.53
     4557       0.2034   5.53
     4558       0.2027   5.53
     4559       0.2034   5.53
     4560       0.2027   5.53
     4561       0.2028   5.53
     4562       0.2035   5.53
     4563       0.2029   5.53
     4564       0.2035   5.53
     4565       0.2028   5.53
     4566       0.2027   5.53
     4567       0.2035   5.53
     4568       0.2028   5.53
     4569       0.2034   5.53
     4570       0.2028   5.53
     4571       0.2028   5.53
     4572       0.2034   5.53
     4573       0.2028   5.53
     4574       0.2033   5.53
     4575       0.2027   5.53
     4576       0.2028   5.53
     4577       0.2034   5.53
     4578       0.2028   5.53
     4579       0.2036   5.53
     4580       0.2028   5.53
     4581       0.2034   5.53
     4582       0.2028   5.53
     4583       0.2028   5.53
     4584       0.2033   5.53
     4585       0.2028   5.53
     4586       0.2034   5.53
     4587       0.2028   5.53
     4588       0.2028   5.53
     4589       0.2035   5.53
     4590       0.2029   5.53
     4591       0.2034   5.53
     4592       0.2027   5.53
     4593       0.2029   5.53
     4594       0.2034   5.53
     4595       0.2028   5.53
     4596       0.2034   5.53
     4597       0.2027   5.53
     4598       0.2027   5.53
     4599       0.2033   5.53
     4600       0.2028   5.53
     4601       0.2037   5.53
     4602       0.2028   5.53
     4603       0.2028   5.53
     4604       0.2037   5.53
     4605       0.2029   5.53
     4606       0.2035   5.53
     4607       0.2029   5.53
     4608       0.2035   5.53
     4609       0.2028   5.53
     4610       0.2028   5.53
     4611       0.2034   5.53
     4612       0.2027   5.53
     4613       0.2034   5.53
     4614       0.2028   5.53
     4615       0.2028   5.53
     4616       0.2034   5.53
     4617       0.2029   5.53
     4618       0.2035   5.53
     4619       0.2027   5.53
     4620       0.2028   5.53
     4621       0.2035   5.53
     4622       0.2028   5.53
     4623       0.2033   5.53
     4624       0.2028   5.53
     4625       0.2027   5.53
     4626       0.2034   5.53
     4627       0.2027   5.53
     4628       0.2034   5.53
     4629       0.2027   5.53
     4630       0.2029   5.53
     4631       0.2032   5.53
     4632       0.2028   5.53
     4633       0.2032   5.53
     4634       0.2027   5.53
     4635       0.2034   5.53
     4636       0.2027   5.53
     4637       0.2028   5.53
     4638       0.2034   5.53
     4639       0.2027   5.53
     4640       0.2035   5.53
     4641       0.2029   5.53
     4642       0.2028   5.53
     4643       0.2033   5.53
     4644       0.2028   5.53
     4645       0.2036   5.53
     4646       0.2029   5.53
     4647       0.2028   5.53
     4648       0.2035   5.53
     4649       0.2029   5.53
     4650       0.2035   5.53
     4651       0.2028   5.53
     4652       0.2029   5.53
     4653       0.2033   5.53
     4654       0.2028   5.53
     4655       0.2035   5.53
     4656       0.2028   5.53
     4657       0.2034   5.53
     4658       0.2029   5.53
     4659       0.2029   5.53
     4660       0.2034   5.53
     4661       0.2027   5.53
     4662       0.2033   5.53
     4663       0.2027   5.53
     4664       0.2027   5.53
     4665       0.2034   5.53
     4666       0.2027   5.53
     4667       0.2034   5.53
     4668       0.2029   5.53
     4669       0.2027   5.53
     4670       0.2033   5.53
     4671       0.2028   5.53
     4672       0.2033   5.53
     4673       0.2028   5.53
     4674       0.2027   5.53
     4675       0.2034   5.53
     4676       0.2029   5.53
     4677       0.2034   5.53
     4678       0.2028   5.53
     4679       0.2028   5.53
     4680       0.2035   5.53
     4681       0.2029   5.53
     4682       0.2034   5.53
     4683       0.2029   5.53
     4684       0.2033   5.53
     4685       0.2027   5.53
     4686       0.2028   5.53
     4687       0.2035   5.53
     4688       0.2028   5.53
     4689       0.2034   5.53
     4690       0.2029   5.53
     4691       0.2028   5.53
     4692       0.2033   5.53
     4693       0.2028   5.53
     4694       0.2034   5.53
     4695       0.2028   5.53
     4696       0.2027   5.53
     4697       0.2036   5.53
     4698       0.2028   5.53
     4699       0.2035   5.53
     4700       0.2029   5.53
     4701       0.2027   5.53
     4702       0.2034   5.53
     4703       0.2028   5.53
     4704       0.2035   5.53
     4705       0.2028   5.53
     4706       0.2030   5.53
     4707       0.2033   5.53
     4708       0.2028   5.53
     4709       0.2034   5.53
     4710       0.2028   5.53
     4711       0.2034   5.53
     4712       0.2028   5.53
     4713       0.2029   5.53
     4714       0.2035   5.53
     4715       0.2029   5.53
     4716       0.2034   5.53
     4717       0.2028   5.53
     4718       0.2027   5.53
     4719       0.2035   5.53
     4720       0.2029   5.53
     4721       0.2034   5.53
     4722       0.2028   5.53
     4723       0.2029   5.53
     4724       0.2034   5.53
     4725       0.2029   5.53
     4726       0.2035   5.53
     4727       0.2028   5.53
     4728       0.2028   5.53
     4729       0.2034   5.53
     4730       0.2029   5.53
     4731       0.2033   5.53
     4732       0.2028   5.53
     4733       0.2034   5.53
     4734       0.2028   5.53
     4735       0.2028   5.53
     4736       0.2035   5.53
     4737       0.2027   5.53
     4738       0.2036   5.53
     4739       0.2027   5.53
     4740       0.2028   5.53
     4741       0.2033   5.53
     4742       0.2029   5.53
     4743       0.2034   5.53
     4744       0.2027   5.53
     4745       0.2027   5.53
     4746       0.2033   5.53
     4747       0.2027   5.53
     4748       0.2036   5.53
     4749       0.2029   5.53
     4750       0.2028   5.53
     4751       0.2034   5.53
     4752       0.2029   5.53
     4753       0.2034   5.53
     4754       0.2028   5.53
     4755       0.2028   5.53
     4756       0.2034   5.53
     4757       0.2028   5.53
     4758       0.2035   5.53
     4759       0.2027   5.53
     4760       0.2034   5.53
     4761       0.2029   5.53
     4762       0.2028   5.53
     4763       0.2131   5.53
     4764       0.2028   5.53
     4765       0.2036   5.53
     4766       0.2027   5.53
     4767       0.2027   5.53
     4768       0.2034   5.53
     4769       0.2028   5.53
     4770       0.2034   5.53
     4771       0.2028   5.53
     4772       0.2028   5.53
     4773       0.2034   5.53
     4774       0.2028   5.53
     4775       0.2034   5.53
     4776       0.2028   5.53
     4777       0.2028   5.53
     4778       0.2034   5.53
     4779       0.2028   5.53
     4780       0.2034   5.53
     4781       0.2028   5.53
     4782       0.2033   5.53
     4783       0.2028   5.53
     4784       0.2027   5.53
     4785       0.2034   5.53
     4786       0.2028   5.53
     4787       0.2035   5.53
     4788       0.2028   5.53
     4789       0.2029   5.53
     4790       0.2033   5.53
     4791       0.2028   5.53
     4792       0.2035   5.53
     4793       0.2028   5.53
     4794       0.2028   5.53
     4795       0.2034   5.53
     4796       0.2027   5.53
     4797       0.2035   5.53
     4798       0.2028   5.53
     4799       0.2028   5.53
     4800       0.2034   5.53
     4801       0.2028   5.53
     4802       0.2034   5.53
     4803       0.2028   5.53
     4804       0.2030   5.53
     4805       0.2033   5.53
     4806       0.2027   5.53
     4807       0.2036   5.53
     4808       0.2028   5.53
     4809       0.2034   5.53
     4810       0.2027   5.53
     4811       0.2028   5.53
     4812       0.2035   5.53
     4813       0.2028   5.53
     4814       0.2035   5.53
     4815       0.2029   5.53
     4816       0.2029   5.53
     4817       0.2035   5.53
     4818       0.2027   5.53
     4819       0.2034   5.53
     4820       0.2027   5.53
     4821       0.2028   5.53
     4822       0.2035   5.53
     4823       0.2028   5.53
     4824       0.2033   5.53
     4825       0.2028   5.53
     4826       0.2028   5.53
     4827       0.2033   5.53
     4828       0.2028   5.53
     4829       0.2034   5.53
     4830       0.2028   5.53
     4831       0.2035   5.53
     4832       0.2028   5.53
     4833       0.2028   5.53
     4834       0.2035   5.53
     4835       0.2028   5.53
     4836       0.2034   5.53
     4837       0.2030   5.53
     4838       0.2031   5.53
     4839       0.2033   5.53
     4840       0.2029   5.52
     4841       0.2034   5.52
     4842       0.2027   5.53
     4843       0.2028   5.53
     4844       0.2035   5.53
     4845       0.2028   5.53
     4846       0.2034   5.53
     4847       0.2027   5.53
     4848       0.2028   5.53
     4849       0.2033   5.53
     4850       0.2028   5.53
     4851       0.2034   5.53
     4852       0.2029   5.53
     4853       0.2028   5.53
     4854       0.2035   5.53
     4855       0.2028   5.53
     4856       0.2034   5.53
     4857       0.2029   5.53
     4858       0.2037   5.53
     4859       0.2030   5.53
     4860       0.2031   5.53
     4861       0.2033   5.53
     4862       0.2028   5.52
     4863       0.2035   5.52
     4864       0.2029   5.53
     4865       0.2028   5.53
     4866       0.2034   5.53
     4867       0.2029   5.53
     4868       0.2035   5.53
     4869       0.2028   5.53
     4870       0.2028   5.53
     4871       0.2033   5.53
     4872       0.2027   5.53
     4873       0.2036   5.53
     4874       0.2028   5.53
     4875       0.2029   5.53
     4876       0.2034   5.53
     4877       0.2028   5.53
     4878       0.2033   5.53
     4879       0.2028   5.53
     4880       0.2029   5.53
     4881       0.2028   5.53
     4882       0.2029   5.53
     4883       0.2034   5.53
     4884       0.2029   5.53
     4885       0.2034   5.53
     4886       0.2027   5.53
     4887       0.2029   5.53
     4888       0.2034   5.53
     4889       0.2029   5.53
     4890       0.2035   5.53
     4891       0.2028   5.53
     4892       0.2028   5.53
     4893       0.2034   5.53
     4894       0.2028   5.53
     4895       0.2034   5.53
     4896       0.2028   5.53
     4897       0.2028   5.53
     4898       0.2033   5.53
     4899       0.2028   5.53
     4900       0.2035   5.53
     4901       0.2029   5.53
     4902       0.2028   5.53
     4903       0.2035   5.53
     4904       0.2029   5.53
     4905       0.2034   5.53
     4906       0.2029   5.53
     4907       0.2034   5.53
     4908       0.2028   5.53
     4909       0.2028   5.53
     4910       0.2035   5.53
     4911       0.2028   5.53
     4912       0.2035   5.53
     4913       0.2028   5.53
     4914       0.2029   5.53
     4915       0.2034   5.53
     4916       0.2029   5.53
     4917       0.2035   5.53
     4918       0.2028   5.53
     4919       0.2028   5.53
     4920       0.2035   5.53
     4921       0.2029   5.53
     4922       0.2035   5.53
     4923       0.2028   5.53
     4924       0.2028   5.53
     4925       0.2035   5.53
     4926       0.2027   5.53
     4927       0.2035   5.53
     4928       0.2028   5.53
     4929       0.2029   5.53
     4930       0.2033   5.53
     4931       0.2029   5.53
     4932       0.2035   5.53
     4933       0.2028   5.53
     4934       0.2033   5.53
     4935       0.2028   5.53
     4936       0.2026   5.53
     4937       0.2033   5.53
     4938       0.2028   5.53
     4939       0.2034   5.53
     4940       0.2027   5.53
     4941       0.2028   5.53
     4942       0.2035   5.53
     4943       0.2028   5.53
     4944       0.2034   5.53
     4945       0.2028   5.53
     4946       0.2028   5.53
     4947       0.2034   5.53
     4948       0.2028   5.53
     4949       0.2034   5.53
     4950       0.2029   5.53
     4951       0.2029   5.53
     4952       0.2036   5.53
     4953       0.2029   5.53
     4954       0.2035   5.53
     4955       0.2028   5.53
     4956       0.2034   5.53
     4957       0.2028   5.53
     4958       0.2028   5.53
     4959       0.2035   5.53
     4960       0.2028   5.53
     4961       0.2035   5.53
     4962       0.2028   5.53
     4963       0.2028   5.53
     4964       0.2035   5.53
     4965       0.2028   5.53
     4966       0.2033   5.53
     4967       0.2027   5.53
     4968       0.2028   5.53
     4969       0.2034   5.53
     4970       0.2028   5.53
     4971       0.2034   5.53
     4972       0.2028   5.53
     4973       0.2029   5.53
     4974       0.2034   5.53
     4975       0.2027   5.53
     4976       0.2034   5.53
     4977       0.2029   5.53
     4978       0.2029   5.53
     4979       0.2035   5.53
     4980       0.2028   5.53
     4981       0.2034   5.53
     4982       0.2028   5.53
     4983       0.2034   5.53
     4984       0.2030   5.53
     4985       0.2029   5.53
     4986       0.2034   5.53
     4987       0.2029   5.53
     4988       0.2036   5.53
     4989       0.2027   5.53
     4990       0.2028   5.53
     4991       0.2035   5.53
     4992       0.2028   5.53
     4993       0.2034   5.53
     4994       0.2028   5.53
     4995       0.2028   5.53
     4996       0.2033   5.53
     4997       0.2028   5.53
     4998       0.2035   5.53
     4999       0.2028   5.53
     5000       0.2028   5.53
     5001       0.2035   5.53
     5002       0.2028   5.53
     5003       0.2034   5.53
     5004       0.2028   5.53
     5005       0.2030   5.53
     5006       0.2029   5.53
     5007       0.2029   5.53
     5008       0.2034   5.53
     5009       0.2028   5.53
     5010       0.2035   5.53
     5011       0.2029   5.53
     5012       0.2031   5.53
     5013       0.2034   5.53
     5014       0.2028   5.52
     5015       0.2034   5.52
     5016       0.2029   5.53
     5017       0.2029   5.53
     5018       0.2034   5.53
     5019       0.2029   5.53
     5020       0.2034   5.53
     5021       0.2028   5.53
     5022       0.2028   5.53
     5023       0.2033   5.53
     5024       0.2028   5.53
     5025       0.2033   5.53
     5026       0.2028   5.53
     5027       0.2028   5.53
     5028       0.2034   5.53
     5029       0.2028   5.53
     5030       0.2034   5.53
     5031       0.2029   5.53
     5032       0.2034   5.53
     5033       0.2028   5.53
     5034       0.2028   5.53
     5035       0.2034   5.53
     5036       0.2027   5.53
     5037       0.2035   5.53
     5038       0.2028   5.53
     5039       0.2029   5.53
     5040       0.2034   5.53
     5041       0.2029   5.53
     5042       0.2034   5.53
     5043       0.2028   5.53
     5044       0.2027   5.53
     5045       0.2033   5.53
     5046       0.2028   5.53
     5047       0.2035   5.53
     5048       0.2028   5.53
     5049       0.2028   5.53
     5050       0.2034   5.53
     5051       0.2028   5.53
     5052       0.2034   5.53
     5053       0.2029   5.53
     5054       0.2028   5.53
     5055       0.2032   5.53
     5056       0.2028   5.53
     5057       0.2035   5.53
     5058       0.2028   5.53
     5059       0.2034   5.53
     5060       0.2028   5.53
     5061       0.2028   5.53
     5062       0.2034   5.53
     5063       0.2029   5.53
     5064       0.2035   5.53
     5065       0.2028   5.53
     5066       0.2028   5.53
     5067       0.2035   5.53
     5068       0.2028   5.53
     5069       0.2034   5.53
     5070       0.2029   5.53
     5071       0.2028   5.53
     5072       0.2035   5.53
     5073       0.2029   5.53
     5074       0.2034   5.53
     5075       0.2028   5.53
     5076       0.2028   5.53
     5077       0.2034   5.53
     5078       0.2028   5.53
     5079       0.2035   5.53
     5080       0.2027   5.53
     5081       0.2034   5.53
     5082       0.2028   5.53
     5083       0.2028   5.53
     5084       0.2034   5.53
     5085       0.2028   5.53
     5086       0.2034   5.53
     5087       0.2029   5.53
     5088       0.2027   5.53
     5089       0.2034   5.53
     5090       0.2028   5.53
     5091       0.2033   5.53
     5092       0.2028   5.53
     5093       0.2028   5.53
     5094       0.2034   5.53
     5095       0.2028   5.53
     5096       0.2034   5.53
     5097       0.2029   5.53
     5098       0.2029   5.53
     5099       0.2035   5.53
     5100       0.2028   5.53
     5101       0.2035   5.53
     5102       0.2028   5.53
     5103       0.2028   5.53
     5104       0.2033   5.53
     5105       0.2028   5.53
     5106       0.2034   5.53
     5107       0.2029   5.53
     5108       0.2036   5.53
     5109       0.2028   5.53
     5110       0.2028   5.53
     5111       0.2037   5.53
     5112       0.2028   5.53
     5113       0.2036   5.53
     5114       0.2027   5.53
     5115       0.2027   5.53
     5116       0.2033   5.53
     5117       0.2029   5.53
     5118       0.2036   5.53
     5119       0.2028   5.53
     5120       0.2028   5.53
     5121       0.2035   5.53
     5122       0.2028   5.53
     5123       0.2034   5.53
     5124       0.2028   5.53
     5125       0.2028   5.53
     5126       0.2035   5.53
     5127       0.2028   5.53
     5128       0.2034   5.53
     5129       0.2028   5.53
     5130       0.2031   5.53
     5131       0.2032   5.53
     5132       0.2027   5.53
     5133       0.2034   5.53
     5134       0.2028   5.53
     5135       0.2034   5.53
     5136       0.2028   5.53
     5137       0.2029   5.53
     5138       0.2035   5.53
     5139       0.2028   5.53
     5140       0.2035   5.53
     5141       0.2028   5.53
     5142       0.2028   5.53
     5143       0.2034   5.53
     5144       0.2028   5.53
     5145       0.2034   5.53
     5146       0.2028   5.53
     5147       0.2028   5.53
     5148       0.2034   5.53
     5149       0.2028   5.53
     5150       0.2036   5.53
     5151       0.2028   5.53
     5152       0.2028   5.53
     5153       0.2033   5.53
     5154       0.2027   5.53
     5155       0.2033   5.53
     5156       0.2028   5.53
     5157       0.2035   5.53
     5158       0.2028   5.53
     5159       0.2028   5.53
     5160       0.2035   5.53
     5161       0.2029   5.53
     5162       0.2034   5.53
     5163       0.2028   5.53
     5164       0.2029   5.53
     5165       0.2035   5.53
     5166       0.2029   5.53
     5167       0.2035   5.53
     5168       0.2028   5.53
     5169       0.2028   5.53
     5170       0.2035   5.53
     5171       0.2029   5.53
     5172       0.2034   5.53
     5173       0.2029   5.53
     5174       0.2028   5.53
     5175       0.2034   5.53
     5176       0.2028   5.53
     5177       0.2036   5.53
     5178       0.2028   5.53
     5179       0.2028   5.53
     5180       0.2035   5.53
     5181       0.2028   5.53
     5182       0.2034   5.53
     5183       0.2029   5.53
     5184       0.2033   5.53
     5185       0.2028   5.53
     5186       0.2027   5.53
     5187       0.2033   5.53
     5188       0.2029   5.53
     5189       0.2035   5.53
     5190       0.2027   5.53
     5191       0.2029   5.53
     5192       0.2034   5.53
     5193       0.2028   5.53
     5194       0.2033   5.53
     5195       0.2028   5.53
     5196       0.2028   5.53
     5197       0.2035   5.53
     5198       0.2028   5.53
     5199       0.2034   5.53
     5200       0.2028   5.53
     5201       0.2028   5.53
     5202       0.2033   5.53
     5203       0.2027   5.53
     5204       0.2034   5.53
     5205       0.2029   5.53
     5206       0.2034   5.53
     5207       0.2028   5.53
     5208       0.2028   5.53
     5209       0.2034   5.53
     5210       0.2028   5.53
     5211       0.2034   5.53
     5212       0.2028   5.53
     5213       0.2028   5.53
     5214       0.2033   5.53
     5215       0.2027   5.53
     5216       0.2033   5.53
     5217       0.2028   5.53
     5218       0.2028   5.53
     5219       0.2034   5.53
     5220       0.2027   5.53
     5221       0.2034   5.53
     5222       0.2028   5.53
     5223       0.2028   5.53
     5224       0.2034   5.53
     5225       0.2028   5.53
     5226       0.2034   5.53
     5227       0.2028   5.53
     5228       0.2028   5.53
     5229       0.2036   5.53
     5230       0.2028   5.53
     5231       0.2034   5.53
     5232       0.2028   5.53
     5233       0.2034   5.53
     5234       0.2029   5.53
     5235       0.2028   5.53
     5236       0.2035   5.53
     5237       0.2028   5.53
     5238       0.2035   5.53
     5239       0.2027   5.53
     5240       0.2028   5.53
     5241       0.2035   5.53
     5242       0.2029   5.53
     5243       0.2035   5.53
     5244       0.2028   5.53
     5245       0.2028   5.53
     5246       0.2034   5.53
     5247       0.2028   5.53
     5248       0.2035   5.53
     5249       0.2028   5.53
     5250       0.2028   5.53
     5251       0.2034   5.53
     5252       0.2028   5.53
     5253       0.2035   5.53
     5254       0.2028   5.53
     5255       0.2029   5.53
     5256       0.2034   5.53
     5257       0.2028   5.53
     5258       0.2035   5.53
     5259       0.2027   5.53
     5260       0.2032   5.53
     5261       0.2029   5.53
     5262       0.2029   5.53
     5263       0.2034   5.53
     5264       0.2028   5.53
     5265       0.2033   5.53
     5266       0.2027   5.53
     5267       0.2028   5.53
     5268       0.2034   5.53
     5269       0.2028   5.53
     5270       0.2034   5.53
     5271       0.2027   5.53
     5272       0.2028   5.53
     5273       0.2033   5.53
     5274       0.2028   5.53
     5275       0.2034   5.53
     5276       0.2028   5.53
     5277       0.2028   5.53
     5278       0.2035   5.53
     5279       0.2028   5.53
     5280       0.2033   5.53
     5281       0.2028   5.53
     5282       0.2034   5.53
     5283       0.2027   5.53
     5284       0.2028   5.53
     5285       0.2035   5.53
     5286       0.2027   5.53
     5287       0.2035   5.53
     5288       0.2027   5.53
     5289       0.2028   5.53
     5290       0.2034   5.53
     5291       0.2028   5.53
     5292       0.2033   5.53
     5293       0.2029   5.53
     5294       0.2029   5.53
     5295       0.2034   5.53
     5296       0.2028   5.53
     5297       0.2035   5.53
     5298       0.2027   5.53
     5299       0.2028   5.53
     5300       0.2035   5.53
     5301       0.2028   5.53
     5302       0.2034   5.53
     5303       0.2028   5.53
     5304       0.2028   5.53
     5305       0.2034   5.53
     5306       0.2027   5.53
     5307       0.2038   5.53
     5308       0.2028   5.53
     5309       0.2035   5.53
     5310       0.2028   5.53
     5311       0.2028   5.53
     5312       0.2034   5.53
     5313       0.2027   5.53
     5314       0.2034   5.53
     5315       0.2027   5.53
     5316       0.2028   5.53
     5317       0.2033   5.53
     5318       0.2028   5.53
     5319       0.2033   5.53
     5320       0.2028   5.53
     5321       0.2028   5.53
     5322       0.2034   5.53
     5323       0.2028   5.53
     5324       0.2034   5.53
     5325       0.2029   5.53
     5326       0.2028   5.53
     5327       0.2035   5.53
     5328       0.2028   5.53
     5329       0.2034   5.53
     5330       0.2029   5.53
     5331       0.2030   5.53
     5332       0.2033   5.53
     5333       0.2029   5.53
     5334       0.2034   5.53
     5335       0.2028   5.53
     5336       0.2035   5.53
     5337       0.2029   5.53
     5338       0.2027   5.53
     5339       0.2035   5.53
     5340       0.2028   5.53
     5341       0.2035   5.53
     5342       0.2029   5.53
     5343       0.2028   5.53
     5344       0.2034   5.53
     5345       0.2029   5.53
     5346       0.2035   5.53
     5347       0.2028   5.53
     5348       0.2028   5.53
     5349       0.2035   5.53
     5350       0.2028   5.53
     5351       0.2034   5.53
     5352       0.2028   5.53
     5353       0.2028   5.53
     5354       0.2034   5.53
     5355       0.2028   5.53
     5356       0.2034   5.53
     5357       0.2028   5.53
     5358       0.2034   5.53
     5359       0.2028   5.53
     5360       0.2027   5.53
     5361       0.2033   5.53
     5362       0.2028   5.53
     5363       0.2034   5.53
     5364       0.2029   5.53
     5365       0.2029   5.53
     5366       0.2035   5.53
     5367       0.2027   5.53
     5368       0.2033   5.53
     5369       0.2027   5.53
     5370       0.2028   5.53
     5371       0.2033   5.53
     5372       0.2027   5.53
     5373       0.2033   5.53
     5374       0.2028   5.53
     5375       0.2028   5.53
     5376       0.2033   5.53
     5377       0.2027   5.53
     5378       0.2032   5.53
     5379       0.2027   5.53
     5380       0.2027   5.53
     5381       0.2035   5.53
     5382       0.2028   5.53
     5383       0.2034   5.53
     5384       0.2028   5.53
     5385       0.2035   5.53
     5386       0.2028   5.53
     5387       0.2028   5.53
     5388       0.2034   5.53
     5389       0.2028   5.53
     5390       0.2033   5.53
     5391       0.2027   5.53
     5392       0.2027   5.53
     5393       0.2034   5.53
     5394       0.2028   5.53
     5395       0.2033   5.53
     5396       0.2028   5.53
     5397       0.2028   5.53
     5398       0.2034   5.53
     5399       0.2027   5.53
     5400       0.2034   5.53
     5401       0.2027   5.53
     5402       0.2028   5.53
     5403       0.2033   5.53
     5404       0.2028   5.53
     5405       0.2033   5.53
     5406       0.2027   5.53
     5407       0.2029   5.53
     5408       0.2033   5.53
     5409       0.2027   5.53
     5410       0.2034   5.53
     5411       0.2029   5.53
     5412       0.2034   5.53
     5413       0.2028   5.53
     5414       0.2028   5.53
     5415       0.2034   5.53
     5416       0.2028   5.53
     5417       0.2034   5.53
     5418       0.2028   5.53
     5419       0.2029   5.53
     5420       0.2034   5.53
     5421       0.2028   5.53
     5422       0.2033   5.53
     5423       0.2028   5.53
     5424       0.2029   5.53
     5425       0.2034   5.53
     5426       0.2027   5.53
     5427       0.2033   5.53
     5428       0.2027   5.53
     5429       0.2028   5.53
     5430       0.2033   5.53
     5431       0.2027   5.53
     5432       0.2034   5.53
     5433       0.2028   5.53
     5434       0.2034   5.53
     5435       0.2027   5.53
     5436       0.2028   5.53
     5437       0.2033   5.53
     5438       0.2028   5.53
     5439       0.2035   5.53
     5440       0.2029   5.53
     5441       0.2028   5.53
     5442       0.2034   5.53
     5443       0.2028   5.53
     5444       0.2034   5.53
     5445       0.2027   5.53
     5446       0.2027   5.53
     5447       0.2034   5.53
     5448       0.2028   5.53
     5449       0.2033   5.53
     5450       0.2027   5.53
     5451       0.2028   5.53
     5452       0.2032   5.53
     5453       0.2028   5.53
     5454       0.2033   5.53
     5455       0.2027   5.53
     5456       0.2028   5.53
     5457       0.2035   5.53
     5458       0.2028   5.53
     5459       0.2033   5.53
     5460       0.2028   5.53
     5461       0.2034   5.53
     5462       0.2027   5.53
     5463       0.2028   5.53
     5464       0.2033   5.53
     5465       0.2029   5.53
     5466       0.2035   5.53
     5467       0.2028   5.53
     5468       0.2028   5.53
     5469       0.2035   5.53
     5470       0.2028   5.53
     5471       0.2034   5.53
     5472       0.2027   5.53
     5473       0.2028   5.53
     5474       0.2034   5.53
     5475       0.2028   5.53
     5476       0.2034   5.53
     5477       0.2028   5.53
     5478       0.2028   5.53
     5479       0.2033   5.53
     5480       0.2027   5.53
     5481       0.2034   5.53
     5482       0.2028   5.53
     5483       0.2030   5.53
     5484       0.2033   5.53
     5485       0.2028   5.53
     5486       0.2034   5.53
     5487       0.2028   5.53
     5488       0.2034   5.53
     5489       0.2028   5.53
     5490       0.2028   5.53
     5491       0.2035   5.53
     5492       0.2028   5.53
     5493       0.2033   5.53
     5494       0.2028   5.53
     5495       0.2027   5.53
     5496       0.2033   5.53
     5497       0.2028   5.53
     5498       0.2034   5.53
     5499       0.2028   5.53
     5500       0.2027   5.53
     5501       0.2034   5.53
     5502       0.2028   5.53
     5503       0.2035   5.53
     5504       0.2027   5.53
     5505       0.2028   5.53
     5506       0.2034   5.53
     5507       0.2029   5.53
     5508       0.2032   5.53
     5509       0.2027   5.53
     5510       0.2034   5.53
     5511       0.2027   5.53
     5512       0.2028   5.53
     5513       0.2034   5.53
     5514       0.2028   5.53
     5515       0.2033   5.53
     5516       0.2028   5.53
     5517       0.2028   5.53
     5518       0.2036   5.53
     5519       0.2028   5.53
     5520       0.2035   5.53
     5521       0.2028   5.53
     5522       0.2028   5.53
     5523       0.2093   5.53
     5524       0.2028   5.53
     5525       0.2033   5.53
     5526       0.2028   5.53
     5527       0.2027   5.53
     5528       0.2034   5.53
     5529       0.2026   5.53
     5530       0.2034   5.53
     5531       0.2028   5.53
     5532       0.2030   5.53
     5533       0.2033   5.53
     5534       0.2028   5.53
     5535       0.2035   5.53
     5536       0.2028   5.53
     5537       0.2036   5.53
     5538       0.2028   5.53
     5539       0.2028   5.53
     5540       0.2034   5.53
     5541       0.2028   5.53
     5542       0.2034   5.53
     5543       0.2029   5.53
     5544       0.2028   5.53
     5545       0.2033   5.53
     5546       0.2028   5.53
     5547       0.2033   5.53
     5548       0.2028   5.53
     5549       0.2027   5.53
     5550       0.2034   5.53
     5551       0.2028   5.53
     5552       0.2034   5.53
     5553       0.2028   5.53
     5554       0.2028   5.53
     5555       0.2033   5.53
     5556       0.2029   5.53
     5557       0.2034   5.53
     5558       0.2028   5.53
     5559       0.2034   5.53
     5560       0.2027   5.53
     5561       0.2027   5.53
     5562       0.2033   5.53
     5563       0.2027   5.53
     5564       0.2034   5.53
     5565       0.2028   5.53
     5566       0.2029   5.53
     5567       0.2034   5.53
     5568       0.2027   5.53
     5569       0.2034   5.53
     5570       0.2028   5.53
     5571       0.2029   5.53
     5572       0.2036   5.53
     5573       0.2027   5.53
     5574       0.2032   5.53
     5575       0.2028   5.53
     5576       0.2027   5.53
     5577       0.2034   5.53
     5578       0.2028   5.53
     5579       0.2035   5.53
     5580       0.2028   5.53
     5581       0.2028   5.53
     5582       0.2035   5.53
     5583       0.2027   5.53
     5584       0.2032   5.53
     5585       0.2027   5.53
     5586       0.2035   5.53
     5587       0.2027   5.53
     5588       0.2027   5.53
     5589       0.2034   5.53
     5590       0.2029   5.53
     5591       0.2034   5.53
     5592       0.2027   5.53
     5593       0.2028   5.53
     5594       0.2034   5.53
     5595       0.2028   5.53
     5596       0.2036   5.53
     5597       0.2028   5.53
     5598       0.2028   5.53
     5599       0.2035   5.53
     5600       0.2027   5.53
     5601       0.2034   5.53
     5602       0.2029   5.53
     5603       0.2028   5.53
     5604       0.2035   5.53
     5605       0.2027   5.53
     5606       0.2033   5.53
     5607       0.2028   5.53
     5608       0.2030   5.53
     5609       0.2033   5.53
     5610       0.2028   5.53
     5611       0.2033   5.53
     5612       0.2027   5.53
     5613       0.2033   5.53
     5614       0.2028   5.53
     5615       0.2028   5.53
     5616       0.2035   5.53
     5617       0.2028   5.53
     5618       0.2034   5.53
     5619       0.2028   5.53
     5620       0.2028   5.53
     5621       0.2035   5.53
     5622       0.2027   5.53
     5623       0.2035   5.53
     5624       0.2028   5.53
     5625       0.2027   5.53
     5626       0.2033   5.53
     5627       0.2028   5.53
     5628       0.2034   5.53
     5629       0.2028   5.53
     5630       0.2028   5.53
     5631       0.2034   5.53
     5632       0.2028   5.53
     5633       0.2033   5.53
     5634       0.2029   5.53
     5635       0.2033   5.53
     5636       0.2028   5.53
     5637       0.2029   5.53
     5638       0.2035   5.53
     5639       0.2029   5.53
     5640       0.2035   5.53
     5641       0.2027   5.53
     5642       0.2028   5.53
     5643       0.2033   5.53
     5644       0.2027   5.53
     5645       0.2034   5.53
     5646       0.2027   5.53
     5647       0.2029   5.53
     5648       0.2036   5.53
     5649       0.2028   5.53
     5650       0.2034   5.53
     5651       0.2028   5.53
     5652       0.2027   5.53
     5653       0.2033   5.53
     5654       0.2027   5.53
     5655       0.2034   5.53
     5656       0.2028   5.53
     5657       0.2027   5.53
     5658       0.2035   5.53
     5659       0.2028   5.53
     5660       0.2035   5.53
     5661       0.2027   5.53
     5662       0.2035   5.53
     5663       0.2028   5.53
     5664       0.2028   5.53
     5665       0.2034   5.53
     5666       0.2029   5.53
     5667       0.2034   5.53
     5668       0.2028   5.53
     5669       0.2028   5.53
     5670       0.2034   5.53
     5671       0.2028   5.53
     5672       0.2033   5.53
     5673       0.2028   5.53
     5674       0.2028   5.53
     5675       0.2034   5.53
     5676       0.2028   5.53
     5677       0.2034   5.53
     5678       0.2028   5.53
     5679       0.2029   5.53
     5680       0.2033   5.53
     5681       0.2028   5.53
     5682       0.2035   5.53
     5683       0.2029   5.53
     5684       0.2034   5.53
     5685       0.2028   5.53
     5686       0.2028   5.53
     5687       0.2035   5.53
     5688       0.2028   5.53
     5689       0.2035   5.53
     5690       0.2028   5.53
     5691       0.2028   5.53
     5692       0.2034   5.53
     5693       0.2028   5.53
     5694       0.2035   5.53
     5695       0.2028   5.53
     5696       0.2027   5.53
     5697       0.2035   5.53
     5698       0.2028   5.53
     5699       0.2034   5.53
     5700       0.2028   5.53
     5701       0.2028   5.53
     5702       0.2033   5.53
     5703       0.2029   5.53
     5704       0.2034   5.53
     5705       0.2028   5.53
     5706       0.2028   5.53
     5707       0.2035   5.53
     5708       0.2028   5.53
     5709       0.2034   5.53
     5710       0.2028   5.53
     5711       0.2034   5.53
     5712       0.2028   5.53
     5713       0.2028   5.53
     5714       0.2034   5.53
     5715       0.2029   5.53
     5716       0.2036   5.53
     5717       0.2029   5.53
     5718       0.2028   5.53
     5719       0.2035   5.53
     5720       0.2028   5.53
     5721       0.2034   5.53
     5722       0.2027   5.53
     5723       0.2028   5.53
     5724       0.2033   5.53
     5725       0.2027   5.53
     5726       0.2034   5.53
     5727       0.2029   5.53
     5728       0.2028   5.53
     5729       0.2034   5.53
     5730       0.2029   5.53
     5731       0.2034   5.53
     5732       0.2028   5.53
     5733       0.2030   5.53
     5734       0.2033   5.53
     5735       0.2029   5.53
     5736       0.2034   5.53
     5737       0.2029   5.53
     5738       0.2034   5.53
     5739       0.2028   5.53
     5740       0.2028   5.53
     5741       0.2034   5.53
     5742       0.2028   5.53
     5743       0.2034   5.53
     5744       0.2027   5.53
     5745       0.2028   5.53
     5746       0.2034   5.53
     5747       0.2029   5.53
     5748       0.2034   5.53
     5749       0.2028   5.53
     5750       0.2028   5.53
     5751       0.2033   5.53
     5752       0.2028   5.53
     5753       0.2033   5.53
     5754       0.2028   5.53
     5755       0.2028   5.53
     5756       0.2034   5.53
     5757       0.2028   5.53
     5758       0.2035   5.53
     5759       0.2028   5.53
     5760       0.2034   5.53
     5761       0.2028   5.53
     5762       0.2028   5.53
     5763       0.2035   5.53
     5764       0.2028   5.53
     5765       0.2033   5.53
     5766       0.2027   5.53
     5767       0.2028   5.53
     5768       0.2034   5.53
     5769       0.2028   5.53
     5770       0.2034   5.53
     5771       0.2028   5.53
     5772       0.2028   5.53
     5773       0.2035   5.53
     5774       0.2029   5.53
     5775       0.2034   5.53
     5776       0.2028   5.53
     5777       0.2028   5.53
     5778       0.2035   5.53
     5779       0.2028   5.53
     5780       0.2034   5.53
     5781       0.2027   5.53
     5782       0.2028   5.53
     5783       0.2035   5.53
     5784       0.2028   5.53
     5785       0.2081   5.53
     5786       0.2027   5.53
     5787       0.2036   5.53
     5788       0.2028   5.53
     5789       0.2029   5.53
     5790       0.2034   5.53
     5791       0.2029   5.53
     5792       0.2035   5.53
     5793       0.2028   5.53
     5794       0.2028   5.53
     5795       0.2034   5.53
     5796       0.2029   5.53
     5797       0.2034   5.53
     5798       0.2028   5.53
     5799       0.2028   5.53
     5800       0.2035   5.53
     5801       0.2027   5.53
     5802       0.2035   5.53
     5803       0.2028   5.53
     5804       0.2028   5.53
     5805       0.2034   5.53
     5806       0.2029   5.53
     5807       0.2034   5.53
     5808       0.2027   5.53
     5809       0.2033   5.53
     5810       0.2028   5.53
     5811       0.2027   5.53
     5812       0.2033   5.53
     5813       0.2029   5.53
     5814       0.2034   5.53
     5815       0.2027   5.53
     5816       0.2027   5.53
     5817       0.2034   5.53
     5818       0.2027   5.53
     5819       0.2033   5.53
     5820       0.2027   5.53
     5821       0.2028   5.53
     5822       0.2035   5.53
     5823       0.2027   5.53
     5824       0.2034   5.53
     5825       0.2029   5.53
     5826       0.2028   5.53
     5827       0.2037   5.53
     5828       0.2029   5.53
     5829       0.2034   5.53
     5830       0.2028   5.53
     5831       0.2028   5.53
     5832       0.2034   5.53
     5833       0.2026   5.53
     5834       0.2033   5.53
     5835       0.2028   5.53
     5836       0.2075   5.53
     5837       0.2027   5.53
     5838       0.2027   5.53
     5839       0.2033   5.53
     5840       0.2028   5.53
     5841       0.2034   5.53
     5842       0.2027   5.53
     5843       0.2027   5.53
     5844       0.2034   5.53
     5845       0.2028   5.53
     5846       0.2034   5.53
     5847       0.2028   5.53
     5848       0.2029   5.53
     5849       0.2033   5.53
     5850       0.2028   5.53
     5851       0.2034   5.53
     5852       0.2028   5.53
     5853       0.2028   5.53
     5854       0.2034   5.53
     5855       0.2028   5.53
     5856       0.2033   5.53
     5857       0.2029   5.53
     5858       0.2030   5.53
     5859       0.2028   5.53
     5860       0.2028   5.53
     5861       0.2034   5.53
     5862       0.2028   5.53
     5863       0.2035   5.53
     5864       0.2028   5.53
     5865       0.2028   5.53
     5866       0.2035   5.53
     5867       0.2028   5.53
     5868       0.2032   5.53
     5869       0.2028   5.53
     5870       0.2028   5.53
     5871       0.2034   5.53
     5872       0.2028   5.53
     5873       0.2033   5.53
     5874       0.2027   5.53
     5875       0.2028   5.53
     5876       0.2034   5.53
     5877       0.2028   5.53
     5878       0.2034   5.53
     5879       0.2027   5.53
     5880       0.2029   5.53
     5881       0.2033   5.53
     5882       0.2027   5.53
     5883       0.2035   5.53
     5884       0.2029   5.53
     5885       0.2034   5.53
     5886       0.2028   5.53
     5887       0.2028   5.53
     5888       0.2035   5.53
     5889       0.2029   5.53
     5890       0.2035   5.53
     5891       0.2027   5.53
     5892       0.2027   5.53
     5893       0.2033   5.53
     5894       0.2028   5.53
     5895       0.2034   5.53
     5896       0.2028   5.53
     5897       0.2027   5.53
     5898       0.2035   5.53
     5899       0.2028   5.53
     5900       0.2036   5.53
     5901       0.2028   5.53
     5902       0.2027   5.53
     5903       0.2035   5.53
     5904       0.2029   5.53
     5905       0.2033   5.53
     5906       0.2027   5.53
     5907       0.2029   5.53
     5908       0.2033   5.53
     5909       0.2028   5.53
     5910       0.2034   5.53
     5911       0.2029   5.53
     5912       0.2034   5.53
     5913       0.2027   5.53
     5914       0.2027   5.53
     5915       0.2034   5.53
     5916       0.2028   5.53
     5917       0.2034   5.53
     5918       0.2028   5.53
     5919       0.2028   5.53
     5920       0.2034   5.53
     5921       0.2028   5.53
     5922       0.2034   5.53
     5923       0.2028   5.53
     5924       0.2027   5.53
     5925       0.2035   5.53
     5926       0.2028   5.53
     5927       0.2033   5.53
     5928       0.2028   5.53
     5929       0.2028   5.53
     5930       0.2033   5.53
     5931       0.2027   5.53
     5932       0.2034   5.53
     5933       0.2027   5.53
     5934       0.2034   5.53
     5935       0.2027   5.53
     5936       0.2027   5.53
     5937       0.2034   5.53
     5938       0.2028   5.53
     5939       0.2033   5.53
     5940       0.2027   5.53
     5941       0.2027   5.53
     5942       0.2034   5.53
     5943       0.2029   5.53
     5944       0.2034   5.53
     5945       0.2028   5.53
     5946       0.2029   5.53
     5947       0.2035   5.53
     5948       0.2028   5.53
     5949       0.2035   5.53
     5950       0.2028   5.53
     5951       0.2028   5.53
     5952       0.2034   5.53
     5953       0.2029   5.53
     5954       0.2036   5.53
     5955       0.2028   5.53
     5956       0.2028   5.53
     5957       0.2034   5.53
     5958       0.2027   5.53
     5959       0.2035   5.53
     5960       0.2028   5.53
     5961       0.2033   5.53
     5962       0.2028   5.53
     5963       0.2028   5.53
     5964       0.2034   5.53
     5965       0.2028   5.53
     5966       0.2034   5.53
     5967       0.2029   5.53
     5968       0.2029   5.53
     5969       0.2034   5.53
     5970       0.2028   5.53
     5971       0.2033   5.53
     5972       0.2028   5.53
     5973       0.2028   5.53
     5974       0.2035   5.53
     5975       0.2028   5.53
     5976       0.2035   5.53
     5977       0.2028   5.53
     5978       0.2029   5.53
     5979       0.2034   5.53
     5980       0.2028   5.53
     5981       0.2033   5.53
     5982       0.2028   5.53
     5983       0.2030   5.53
     5984       0.2032   5.53
     5985       0.2028   5.53
     5986       0.2034   5.53
     5987       0.2028   5.53
     5988       0.2034   5.53
     5989       0.2028   5.53
     5990       0.2029   5.53
     5991       0.2033   5.53
     5992       0.2028   5.53
     5993       0.2034   5.53
     5994       0.2027   5.53
     5995       0.2028   5.53
     5996       0.2034   5.53
     5997       0.2029   5.53
     5998       0.2034   5.53
     5999       0.2027   5.53
     6000       0.2027   5.53
     6001       0.2034   5.53
     6002       0.2028   5.53
     6003       0.2034   5.53
     6004       0.2028   5.53
     6005       0.2027   5.53
     6006       0.2033   5.53
     6007       0.2028   5.53
     6008       0.2035   5.53
     6009       0.2028   5.53
     6010       0.2034   5.53
     6011       0.2027   5.53
     6012       0.2028   5.53
     6013       0.2034   5.53
     6014       0.2028   5.53
     6015       0.2034   5.53
     6016       0.2028   5.53
     6017       0.2028   5.53
     6018       0.2034   5.53
     6019       0.2027   5.53
     6020       0.2034   5.53
     6021       0.2027   5.53
     6022       0.2029   5.53
     6023       0.2034   5.53
     6024       0.2028   5.53
     6025       0.2033   5.53
     6026       0.2028   5.53
     6027       0.2028   5.53
     6028       0.2033   5.53
     6029       0.2027   5.53
     6030       0.2033   5.53
     6031       0.2026   5.53
     6032       0.2028   5.53
     6033       0.2034   5.53
     6034       0.2028   5.53
     6035       0.2034   5.53
     6036       0.2028   5.53
     6037       0.2035   5.53
     6038       0.2027   5.53
     6039       0.2028   5.53
     6040       0.2034   5.53
     6041       0.2029   5.53
     6042       0.2034   5.53
     6043       0.2028   5.53
     6044       0.2028   5.53
     6045       0.2033   5.53
     6046       0.2028   5.53
     6047       0.2034   5.53
     6048       0.2028   5.53
     6049       0.2028   5.53
     6050       0.2033   5.53
     6051       0.2027   5.53
     6052       0.2034   5.53
     6053       0.2028   5.53
     6054       0.2028   5.53
     6055       0.2033   5.53
     6056       0.2028   5.53
     6057       0.2035   5.53
     6058       0.2028   5.53
     6059       0.2029   5.53
     6060       0.2033   5.53
     6061       0.2028   5.53
     6062       0.2034   5.53
     6063       0.2028   5.53
     6064       0.2034   5.53
     6065       0.2028   5.53
     6066       0.2027   5.53
     6067       0.2034   5.53
     6068       0.2028   5.53
     6069       0.2035   5.53
     6070       0.2028   5.53
     6071       0.2028   5.53
     6072       0.2034   5.53
     6073       0.2028   5.53
     6074       0.2035   5.53
     6075       0.2027   5.53
     6076       0.2028   5.53
     6077       0.2035   5.53
     6078       0.2027   5.53
     6079       0.2035   5.53
     6080       0.2028   5.53
     6081       0.2028   5.53
     6082       0.2035   5.53
     6083       0.2029   5.53
     6084       0.2032   5.53
     6085       0.2028   5.53
     6086       0.2034   5.53
     6087       0.2028   5.53
     6088       0.2028   5.53
     6089       0.2034   5.53
     6090       0.2028   5.53
     6091       0.2034   5.53
     6092       0.2028   5.53
     6093       0.2028   5.53
     6094       0.2035   5.53
     6095       0.2028   5.53
     6096       0.2034   5.53
     6097       0.2027   5.53
     6098       0.2027   5.53
     6099       0.2034   5.53
     6100       0.2027   5.53
     6101       0.2034   5.53
     6102       0.2028   5.53
     6103       0.2028   5.53
     6104       0.2033   5.53
     6105       0.2027   5.53
     6106       0.2034   5.53
     6107       0.2029   5.53
     6108       0.2029   5.53
     6109       0.2035   5.53
     6110       0.2027   5.53
     6111       0.2034   5.53
     6112       0.2027   5.53
     6113       0.2033   5.53
     6114       0.2028   5.53
     6115       0.2028   5.53
     6116       0.2033   5.53
     6117       0.2027   5.53
     6118       0.2035   5.53
     6119       0.2027   5.53
     6120       0.2027   5.53
     6121       0.2035   5.53
     6122       0.2028   5.53
     6123       0.2034   5.53
     6124       0.2027   5.53
     6125       0.2028   5.53
     6126       0.2035   5.53
     6127       0.2029   5.53
     6128       0.2035   5.53
     6129       0.2028   5.53
     6130       0.2027   5.53
     6131       0.2035   5.53
     6132       0.2027   5.53
     6133       0.2036   5.53
     6134       0.2028   5.53
     6135       0.2030   5.53
     6136       0.2032   5.53
     6137       0.2027   5.53
     6138       0.2034   5.53
     6139       0.2027   5.53
     6140       0.2033   5.53
     6141       0.2027   5.53
     6142       0.2028   5.53
     6143       0.2033   5.53
     6144       0.2028   5.53
     6145       0.2034   5.53
     6146       0.2028   5.53
     6147       0.2027   5.53
     6148       0.2035   5.53
     6149       0.2029   5.53
     6150       0.2033   5.53
     6151       0.2027   5.53
     6152       0.2028   5.53
     6153       0.2033   5.53
     6154       0.2028   5.53
     6155       0.2034   5.53
     6156       0.2027   5.53
     6157       0.2028   5.53
     6158       0.2034   5.53
     6159       0.2027   5.53
     6160       0.2034   5.53
     6161       0.2028   5.53
     6162       0.2032   5.53
     6163       0.2029   5.53
     6164       0.2028   5.53
     6165       0.2034   5.53
     6166       0.2027   5.53
     6167       0.2034   5.53
     6168       0.2028   5.53
     6169       0.2028   5.53
     6170       0.2034   5.53
     6171       0.2028   5.53
     6172       0.2033   5.53
     6173       0.2028   5.53
     6174       0.2028   5.53
     6175       0.2034   5.53
     6176       0.2029   5.53
     6177       0.2034   5.53
     6178       0.2028   5.53
     6179       0.2028   5.53
     6180       0.2035   5.53
     6181       0.2029   5.53
     6182       0.2035   5.53
     6183       0.2028   5.53
     6184       0.2028   5.53
     6185       0.2034   5.53
     6186       0.2027   5.53
     6187       0.2035   5.53
     6188       0.2028   5.53
     6189       0.2035   5.53
     6190       0.2028   5.53
     6191       0.2028   5.53
     6192       0.2034   5.53
     6193       0.2028   5.53
     6194       0.2033   5.53
     6195       0.2028   5.53
     6196       0.2028   5.53
     6197       0.2036   5.53
     6198       0.2028   5.53
     6199       0.2035   5.53
     6200       0.2028   5.53
     6201       0.2028   5.53
     6202       0.2033   5.53
     6203       0.2027   5.53
     6204       0.2034   5.53
     6205       0.2027   5.53
     6206       0.2028   5.53
     6207       0.2034   5.53
     6208       0.2027   5.53
     6209       0.2033   5.53
     6210       0.2029   5.53
     6211       0.2030   5.53
     6212       0.2032   5.53
     6213       0.2028   5.53
     6214       0.2034   5.53
     6215       0.2027   5.53
     6216       0.2033   5.53
     6217       0.2028   5.53
     6218       0.2028   5.53
     6219       0.2034   5.53
     6220       0.2027   5.53
     6221       0.2034   5.53
     6222       0.2027   5.53
     6223       0.2027   5.53
     6224       0.2032   5.53
     6225       0.2027   5.53
     6226       0.2034   5.53
     6227       0.2028   5.53
     6228       0.2028   5.53
     6229       0.2035   5.53
     6230       0.2027   5.53
     6231       0.2033   5.53
     6232       0.2028   5.53
     6233       0.2028   5.53
     6234       0.2034   5.53
     6235       0.2028   5.53
     6236       0.2033   5.53
     6237       0.2027   5.53
     6238       0.2035   5.53
     6239       0.2028   5.53
     6240       0.2028   5.53
     6241       0.2034   5.53
     6242       0.2027   5.53
     6243       0.2034   5.53
     6244       0.2028   5.53
     6245       0.2027   5.53
     6246       0.2037   5.53
     6247       0.2029   5.53
     6248       0.2035   5.53
     6249       0.2028   5.53
     6250       0.2028   5.53
     6251       0.2035   5.53
     6252       0.2028   5.53
     6253       0.2034   5.53
     6254       0.2027   5.53
     6255       0.2028   5.53
     6256       0.2034   5.53
     6257       0.2028   5.53
     6258       0.2035   5.53
     6259       0.2028   5.53
     6260       0.2029   5.53
     6261       0.2035   5.53
     6262       0.2028   5.53
     6263       0.2035   5.53
     6264       0.2028   5.53
     6265       0.2033   5.53
     6266       0.2028   5.53
     6267       0.2029   5.53
     6268       0.2035   5.53
     6269       0.2028   5.53
     6270       0.2034   5.53
     6271       0.2028   5.53
     6272       0.2029   5.53
     6273       0.2034   5.53
     6274       0.2028   5.53
     6275       0.2128   5.53
     6276       0.2028   5.53
     6277       0.2028   5.53
     6278       0.2036   5.53
     6279       0.2029   5.53
     6280       0.2033   5.53
     6281       0.2027   5.53
     6282       0.2027   5.53
     6283       0.2033   5.53
     6284       0.2028   5.53
     6285       0.2034   5.53
     6286       0.2028   5.53
     6287       0.2035   5.53
     6288       0.2028   5.53
     6289       0.2028   5.53
     6290       0.2034   5.53
     6291       0.2027   5.53
     6292       0.2034   5.53
     6293       0.2028   5.53
     6294       0.2029   5.53
     6295       0.2033   5.53
     6296       0.2028   5.53
     6297       0.2034   5.53
     6298       0.2027   5.53
     6299       0.2027   5.53
     6300       0.2035   5.53
     6301       0.2028   5.53
     6302       0.2034   5.53
     6303       0.2028   5.53
     6304       0.2028   5.53
     6305       0.2034   5.53
     6306       0.2028   5.53
     6307       0.2035   5.53
     6308       0.2028   5.53
     6309       0.2029   5.53
     6310       0.2032   5.53
     6311       0.2028   5.53
     6312       0.2034   5.53
     6313       0.2028   5.53
     6314       0.2034   5.53
     6315       0.2028   5.53
     6316       0.2028   5.53
     6317       0.2035   5.53
     6318       0.2028   5.53
     6319       0.2034   5.53
     6320       0.2028   5.53
     6321       0.2028   5.53
     6322       0.2034   5.53
     6323       0.2027   5.53
     6324       0.2034   5.53
     6325       0.2028   5.53
     6326       0.2029   5.53
     6327       0.2034   5.53
     6328       0.2028   5.53
     6329       0.2035   5.53
     6330       0.2027   5.53
     6331       0.2029   5.53
     6332       0.2034   5.53
     6333       0.2028   5.53
     6334       0.2034   5.53
     6335       0.2028   5.53
     6336       0.2034   5.53
     6337       0.2027   5.53
     6338       0.2028   5.53
     6339       0.2033   5.53
     6340       0.2027   5.53
     6341       0.2034   5.53
     6342       0.2028   5.53
     6343       0.2028   5.53
     6344       0.2034   5.53
     6345       0.2028   5.53
     6346       0.2034   5.53
     6347       0.2029   5.53
     6348       0.2028   5.53
     6349       0.2033   5.53
     6350       0.2027   5.53
     6351       0.2034   5.53
     6352       0.2027   5.53
     6353       0.2028   5.53
     6354       0.2034   5.53
     6355       0.2028   5.53
     6356       0.2034   5.53
     6357       0.2028   5.53
     6358       0.2028   5.53
     6359       0.2035   5.53
     6360       0.2027   5.53
     6361       0.2035   5.53
     6362       0.2028   5.53
     6363       0.2034   5.53
     6364       0.2028   5.53
     6365       0.2028   5.53
     6366       0.2034   5.53
     6367       0.2027   5.53
     6368       0.2035   5.53
     6369       0.2027   5.53
     6370       0.2028   5.53
     6371       0.2034   5.53
     6372       0.2029   5.53
     6373       0.2035   5.53
     6374       0.2028   5.53
     6375       0.2028   5.53
     6376       0.2035   5.53
     6377       0.2028   5.53
     6378       0.2035   5.53
     6379       0.2028   5.53
     6380       0.2027   5.53
     6381       0.2035   5.53
     6382       0.2028   5.53
     6383       0.2035   5.53
     6384       0.2027   5.53
     6385       0.2030   5.53
     6386       0.2032   5.53
     6387       0.2028   5.53
     6388       0.2034   5.53
     6389       0.2027   5.53
     6390       0.2033   5.53
     6391       0.2027   5.53
     6392       0.2028   5.53
     6393       0.2034   5.53
     6394       0.2027   5.53
     6395       0.2034   5.53
     6396       0.2028   5.53
     6397       0.2027   5.53
     6398       0.2033   5.53
     6399       0.2027   5.53
     6400       0.2033   5.53
     6401       0.2027   5.53
     6402       0.2028   5.53
     6403       0.2033   5.53
     6404       0.2028   5.53
     6405       0.2033   5.53
     6406       0.2027   5.53
     6407       0.2028   5.53
     6408       0.2034   5.53
     6409       0.2027   5.53
     6410       0.2034   5.53
     6411       0.2029   5.53
     6412       0.2034   5.53
     6413       0.2028   5.53
     6414       0.2028   5.53
     6415       0.2033   5.53
     6416       0.2027   5.53
     6417       0.2036   5.53
     6418       0.2028   5.53
     6419       0.2028   5.53
     6420       0.2034   5.53
     6421       0.2028   5.53
     6422       0.2034   5.53
     6423       0.2028   5.53
     6424       0.2028   5.53
     6425       0.2034   5.53
     6426       0.2029   5.53
     6427       0.2036   5.53
     6428       0.2028   5.53
     6429       0.2028   5.53
     6430       0.2033   5.53
     6431       0.2027   5.53
     6432       0.2035   5.53
     6433       0.2028   5.53
     6434       0.2028   5.53
     6435       0.2034   5.53
     6436       0.2027   5.53
     6437       0.2035   5.53
     6438       0.2028   5.53
     6439       0.2035   5.53
     6440       0.2028   5.53
     6441       0.2028   5.53
     6442       0.2034   5.53
     6443       0.2028   5.53
     6444       0.2034   5.53
     6445       0.2028   5.53
     6446       0.2027   5.53
     6447       0.2034   5.53
     6448       0.2028   5.53
     6449       0.2033   5.53
     6450       0.2028   5.53
     6451       0.2028   5.53
     6452       0.2035   5.53
     6453       0.2028   5.53
     6454       0.2035   5.53
     6455       0.2028   5.53
     6456       0.2028   5.53
     6457       0.2033   5.53
     6458       0.2028   5.53
     6459       0.2034   5.53
     6460       0.2028   5.53
     6461       0.2030   5.53
     6462       0.2032   5.53
     6463       0.2028   5.53
     6464       0.2034   5.53
     6465       0.2028   5.53
     6466       0.2032   5.53
     6467       0.2029   5.53
     6468       0.2028   5.53
     6469       0.2034   5.53
     6470       0.2027   5.53
     6471       0.2034   5.53
     6472       0.2028   5.53
     6473       0.2027   5.53
     6474       0.2033   5.53
     6475       0.2028   5.53
     6476       0.2034   5.53
     6477       0.2028   5.53
     6478       0.2028   5.53
     6479       0.2034   5.53
     6480       0.2027   5.53
     6481       0.2033   5.53
     6482       0.2028   5.53
     6483       0.2028   5.53
     6484       0.2033   5.53
     6485       0.2028   5.53
     6486       0.2033   5.53
     6487       0.2028   5.53
     6488       0.2035   5.53
     6489       0.2026   5.53
     6490       0.2027   5.53
     6491       0.2034   5.53
     6492       0.2027   5.53
     6493       0.2034   5.53
     6494       0.2028   5.53
     6495       0.2028   5.53
     6496       0.2034   5.53
     6497       0.2027   5.53
     6498       0.2035   5.53
     6499       0.2027   5.53
     6500       0.2028   5.53
     6501       0.2035   5.53
     6502       0.2028   5.53
     6503       0.2034   5.53
     6504       0.2027   5.53
     6505       0.2028   5.53
     6506       0.2034   5.53
     6507       0.2027   5.53
     6508       0.2033   5.53
     6509       0.2029   5.53
     6510       0.2028   5.53
     6511       0.2034   5.53
     6512       0.2027   5.53
     6513       0.2034   5.53
     6514       0.2028   5.53
     6515       0.2034   5.53
     6516       0.2027   5.53
     6517       0.2027   5.53
     6518       0.2033   5.53
     6519       0.2028   5.53
     6520       0.2033   5.53
     6521       0.2028   5.53
     6522       0.2027   5.53
     6523       0.2034   5.53
     6524       0.2027   5.53
     6525       0.2034   5.53
     6526       0.2028   5.53
     6527       0.2028   5.53
     6528       0.2033   5.53
     6529       0.2028   5.53
     6530       0.2035   5.53
     6531       0.2027   5.53
     6532       0.2028   5.53
     6533       0.2034   5.53
     6534       0.2028   5.53
     6535       0.2033   5.53
     6536       0.2029   5.53
     6537       0.2029   5.53
     6538       0.2033   5.53
     6539       0.2028   5.53
     6540       0.2035   5.53
     6541       0.2029   5.53
     6542       0.2038   5.53
     6543       0.2027   5.53
     6544       0.2028   5.53
     6545       0.2036   5.53
     6546       0.2027   5.53
     6547       0.2036   5.53
     6548       0.2026   5.53
     6549       0.2028   5.53
     6550       0.2034   5.53
     6551       0.2029   5.53
     6552       0.2035   5.53
     6553       0.2028   5.53
     6554       0.2029   5.53
     6555       0.2034   5.53
     6556       0.2028   5.53
     6557       0.2035   5.53
     6558       0.2027   5.53
     6559       0.2028   5.53
     6560       0.2035   5.53
     6561       0.2028   5.53
     6562       0.2034   5.53
     6563       0.2028   5.53
     6564       0.2035   5.53
     6565       0.2028   5.53
     6566       0.2029   5.53
     6567       0.2035   5.53
     6568       0.2028   5.53
     6569       0.2034   5.53
     6570       0.2028   5.53
     6571       0.2028   5.53
     6572       0.2035   5.53
     6573       0.2028   5.53
     6574       0.2034   5.53
     6575       0.2028   5.53
     6576       0.2028   5.53
     6577       0.2034   5.53
     6578       0.2028   5.53
     6579       0.2034   5.53
     6580       0.2027   5.53
     6581       0.2028   5.53
     6582       0.2034   5.53
     6583       0.2028   5.53
     6584       0.2033   5.53
     6585       0.2029   5.53
     6586       0.2029   5.53
     6587       0.2035   5.53
     6588       0.2028   5.53
     6589       0.2033   5.53
     6590       0.2029   5.53
     6591       0.2034   5.53
     6592       0.2028   5.53
     6593       0.2028   5.53
     6594       0.2033   5.53
     6595       0.2028   5.53
     6596       0.2034   5.53
     6597       0.2028   5.53
     6598       0.2027   5.53
     6599       0.2033   5.53
     6600       0.2028   5.53
     6601       0.2034   5.53
     6602       0.2027   5.53
     6603       0.2028   5.53
     6604       0.2036   5.53
     6605       0.2028   5.53
     6606       0.2035   5.53
     6607       0.2027   5.53
     6608       0.2028   5.53
     6609       0.2035   5.53
     6610       0.2029   5.53
     6611       0.2034   5.53
     6612       0.2027   5.53
     6613       0.2029   5.53
     6614       0.2028   5.53
     6615       0.2028   5.53
     6616       0.2034   5.53
     6617       0.2028   5.53
     6618       0.2036   5.53
     6619       0.2027   5.53
     6620       0.2028   5.53
     6621       0.2034   5.53
     6622       0.2028   5.53
     6623       0.2034   5.53
     6624       0.2027   5.53
     6625       0.2028   5.53
     6626       0.2033   5.53
     6627       0.2028   5.53
     6628       0.2034   5.53
     6629       0.2028   5.53
     6630       0.2028   5.53
     6631       0.2033   5.53
     6632       0.2027   5.53
     6633       0.2033   5.53
     6634       0.2027   5.53
     6635       0.2027   5.53
     6636       0.2034   5.53
     6637       0.2028   5.53
     6638       0.2034   5.53
     6639       0.2028   5.53
     6640       0.2037   5.53
     6641       0.2028   5.53
     6642       0.2028   5.53
     6643       0.2036   5.53
     6644       0.2028   5.53
     6645       0.2035   5.53
     6646       0.2028   5.53
     6647       0.2027   5.53
     6648       0.2034   5.53
     6649       0.2028   5.53
     6650       0.2034   5.53
     6651       0.2027   5.53
     6652       0.2027   5.53
     6653       0.2034   5.53
     6654       0.2028   5.53
     6655       0.2033   5.53
     6656       0.2027   5.53
     6657       0.2027   5.53
     6658       0.2034   5.53
     6659       0.2028   5.53
     6660       0.2034   5.53
     6661       0.2028   5.53
     6662       0.2027   5.53
     6663       0.2034   5.53
     6664       0.2028   5.53
     6665       0.2033   5.53
     6666       0.2027   5.53
     6667       0.2036   5.53
     6668       0.2027   5.53
     6669       0.2029   5.53
     6670       0.2034   5.53
     6671       0.2028   5.53
     6672       0.2033   5.53
     6673       0.2027   5.53
     6674       0.2027   5.53
     6675       0.2034   5.53
     6676       0.2027   5.53
     6677       0.2035   5.53
     6678       0.2027   5.53
     6679       0.2027   5.53
     6680       0.2033   5.53
     6681       0.2028   5.53
     6682       0.2033   5.53
     6683       0.2028   5.53
     6684       0.2028   5.53
     6685       0.2036   5.53
     6686       0.2028   5.53
     6687       0.2033   5.53
     6688       0.2028   5.53
     6689       0.2034   5.53
     6690       0.2028   5.53
     6691       0.2028   5.53
     6692       0.2033   5.53
     6693       0.2028   5.53
     6694       0.2034   5.53
     6695       0.2027   5.53
     6696       0.2028   5.53
     6697       0.2034   5.53
     6698       0.2028   5.53
     6699       0.2033   5.53
     6700       0.2027   5.53
     6701       0.2027   5.53
     6702       0.2033   5.53
     6703       0.2028   5.53
     6704       0.2034   5.53
     6705       0.2028   5.53
     6706       0.2027   5.53
     6707       0.2034   5.53
     6708       0.2027   5.53
     6709       0.2033   5.53
     6710       0.2028   5.53
     6711       0.2028   5.53
     6712       0.2035   5.53
     6713       0.2028   5.53
     6714       0.2032   5.53
     6715       0.2027   5.53
     6716       0.2034   5.53
     6717       0.2028   5.53
     6718       0.2028   5.53
     6719       0.2034   5.53
     6720       0.2028   5.53
     6721       0.2035   5.53
     6722       0.2026   5.53
     6723       0.2027   5.53
     6724       0.2033   5.53
     6725       0.2027   5.53
     6726       0.2035   5.53
     6727       0.2027   5.53
     6728       0.2027   5.53
     6729       0.2034   5.53
     6730       0.2028   5.53
     6731       0.2033   5.53
     6732       0.2026   5.53
     6733       0.2028   5.53
     6734       0.2034   5.53
     6735       0.2027   5.53
     6736       0.2033   5.53
     6737       0.2028   5.53
     6738       0.2028   5.53
     6739       0.2035   5.53
     6740       0.2028   5.53
     6741       0.2034   5.53
     6742       0.2028   5.53
     6743       0.2034   5.53
     6744       0.2028   5.53
     6745       0.2027   5.53
     6746       0.2034   5.53
     6747       0.2027   5.53
     6748       0.2035   5.53
     6749       0.2028   5.53
     6750       0.2029   5.53
     6751       0.2033   5.53
     6752       0.2027   5.53
     6753       0.2034   5.53
     6754       0.2027   5.53
     6755       0.2027   5.53
     6756       0.2034   5.53
     6757       0.2028   5.53
     6758       0.2034   5.53
     6759       0.2029   5.53
     6760       0.2028   5.53
     6761       0.2033   5.53
     6762       0.2028   5.53
     6763       0.2034   5.53
     6764       0.2028   5.53
     6765       0.2029   5.53
     6766       0.2028   5.53
     6767       0.2027   5.53
     6768       0.2033   5.53
     6769       0.2027   5.53
     6770       0.2034   5.53
     6771       0.2027   5.53
     6772       0.2028   5.53
     6773       0.2034   5.53
     6774       0.2028   5.53
     6775       0.2033   5.53
     6776       0.2027   5.53
     6777       0.2028   5.53
     6778       0.2035   5.53
     6779       0.2028   5.53
     6780       0.2034   5.53
     6781       0.2028   5.53
     6782       0.2028   5.53
     6783       0.2033   5.53
     6784       0.2028   5.53
     6785       0.2033   5.53
     6786       0.2028   5.53
     6787       0.2027   5.53
     6788       0.2035   5.53
     6789       0.2028   5.53
     6790       0.2033   5.53
     6791       0.2028   5.53
     6792       0.2035   5.53
     6793       0.2029   5.53
     6794       0.2028   5.53
     6795       0.2034   5.53
     6796       0.2027   5.53
     6797       0.2035   5.53
     6798       0.2027   5.53
     6799       0.2028   5.53
     6800       0.2035   5.53
     6801       0.2028   5.53
     6802       0.2033   5.53
     6803       0.2028   5.53
     6804       0.2027   5.53
     6805       0.2033   5.53
     6806       0.2028   5.53
     6807       0.2127   5.53
     6808       0.2027   5.53
     6809       0.2028   5.53
     6810       0.2035   5.53
     6811       0.2027   5.53
     6812       0.2034   5.53
     6813       0.2028   5.53
     6814       0.2034   5.53
     6815       0.2029   5.53
     6816       0.2028   5.53
     6817       0.2034   5.53
     6818       0.2028   5.53
     6819       0.2033   5.53
     6820       0.2028   5.53
     6821       0.2028   5.53
     6822       0.2035   5.53
     6823       0.2029   5.53
     6824       0.2035   5.53
     6825       0.2028   5.53
     6826       0.2029   5.53
     6827       0.2034   5.53
     6828       0.2028   5.53
     6829       0.2035   5.53
     6830       0.2029   5.53
     6831       0.2028   5.53
     6832       0.2034   5.53
     6833       0.2027   5.53
     6834       0.2033   5.53
     6835       0.2028   5.53
     6836       0.2028   5.53
     6837       0.2035   5.53
     6838       0.2028   5.53
     6839       0.2035   5.53
     6840       0.2028   5.53
     6841       0.2034   5.53
     6842       0.2028   5.53
     6843       0.2027   5.53
     6844       0.2034   5.53
     6845       0.2028   5.53
     6846       0.2035   5.53
     6847       0.2026   5.53
     6848       0.2028   5.53
     6849       0.2033   5.53
     6850       0.2028   5.53
     6851       0.2034   5.53
     6852       0.2028   5.53
     6853       0.2028   5.53
     6854       0.2035   5.53
     6855       0.2028   5.53
     6856       0.2035   5.53
     6857       0.2027   5.53
     6858       0.2027   5.53
     6859       0.2034   5.53
     6860       0.2028   5.53
     6861       0.2034   5.53
     6862       0.2028   5.53
     6863       0.2030   5.53
     6864       0.2033   5.53
     6865       0.2028   5.53
     6866       0.2035   5.53
     6867       0.2028   5.53
     6868       0.2033   5.53
     6869       0.2028   5.53
     6870       0.2028   5.53
     6871       0.2034   5.53
     6872       0.2028   5.53
     6873       0.2034   5.53
     6874       0.2027   5.53
     6875       0.2028   5.53
     6876       0.2034   5.53
     6877       0.2028   5.53
     6878       0.2033   5.53
     6879       0.2028   5.53
     6880       0.2029   5.53
     6881       0.2035   5.53
     6882       0.2028   5.53
     6883       0.2035   5.53
     6884       0.2028   5.53
     6885       0.2028   5.53
     6886       0.2034   5.53
     6887       0.2029   5.53
     6888       0.2034   5.53
     6889       0.2027   5.53
     6890       0.2034   5.53
     6891       0.2028   5.53
     6892       0.2029   5.53
     6893       0.2034   5.53
     6894       0.2028   5.53
     6895       0.2035   5.53
     6896       0.2028   5.53
     6897       0.2028   5.53
     6898       0.2035   5.53
     6899       0.2027   5.53
     6900       0.2034   5.53
     6901       0.2028   5.53
     6902       0.2027   5.53
     6903       0.2033   5.53
     6904       0.2028   5.53
     6905       0.2033   5.53
     6906       0.2028   5.53
     6907       0.2028   5.53
     6908       0.2034   5.53
     6909       0.2028   5.53
     6910       0.2035   5.53
     6911       0.2028   5.53
     6912       0.2027   5.53
     6913       0.2034   5.53
     6914       0.2028   5.53
     6915       0.2034   5.53
     6916       0.2028   5.53
     6917       0.2034   5.53
     6918       0.2027   5.53
     6919       0.2028   5.53
     6920       0.2034   5.53
     6921       0.2029   5.53
     6922       0.2033   5.53
     6923       0.2027   5.53
     6924       0.2027   5.53
     6925       0.2033   5.53
     6926       0.2028   5.53
     6927       0.2032   5.53
     6928       0.2028   5.53
     6929       0.2028   5.53
     6930       0.2033   5.53
     6931       0.2027   5.53
     6932       0.2035   5.53
     6933       0.2028   5.53
     6934       0.2028   5.53
     6935       0.2034   5.53
     6936       0.2029   5.53
     6937       0.2033   5.53
     6938       0.2027   5.53
     6939       0.2030   5.53
     6940       0.2032   5.53
     6941       0.2029   5.53
     6942       0.2035   5.53
     6943       0.2029   5.53
     6944       0.2034   5.53
     6945       0.2028   5.53
     6946       0.2027   5.53
     6947       0.2034   5.53
     6948       0.2028   5.53
     6949       0.2034   5.53
     6950       0.2028   5.53
     6951       0.2028   5.53
     6952       0.2035   5.53
     6953       0.2028   5.53
     6954       0.2033   5.53
     6955       0.2028   5.53
     6956       0.2028   5.53
     6957       0.2035   5.53
     6958       0.2027   5.53
     6959       0.2033   5.53
     6960       0.2029   5.53
     6961       0.2028   5.53
     6962       0.2035   5.53
     6963       0.2028   5.53
     6964       0.2034   5.53
     6965       0.2027   5.53
     6966       0.2035   5.53
     6967       0.2028   5.53
     6968       0.2028   5.53
     6969       0.2034   5.53
     6970       0.2027   5.53
     6971       0.2034   5.53
     6972       0.2027   5.53
     6973       0.2028   5.53
     6974       0.2033   5.53
     6975       0.2027   5.53
     6976       0.2034   5.53
     6977       0.2028   5.53
     6978       0.2028   5.53
     6979       0.2033   5.53
     6980       0.2027   5.53
     6981       0.2034   5.53
     6982       0.2028   5.53
     6983       0.2028   5.53
     6984       0.2034   5.53
     6985       0.2028   5.53
     6986       0.2033   5.53
     6987       0.2027   5.53
     6988       0.2027   5.53
     6989       0.2034   5.53
     6990       0.2029   5.53
     6991       0.2034   5.53
     6992       0.2028   5.53
     6993       0.2033   5.53
     6994       0.2028   5.53
     6995       0.2028   5.53
     6996       0.2034   5.53
     6997       0.2029   5.53
     6998       0.2033   5.53
     6999       0.2027   5.53
     7000       0.2027   5.53
     7001       0.2033   5.53
     7002       0.2028   5.53
     7003       0.2035   5.53
     7004       0.2028   5.53
     7005       0.2028   5.53
     7006       0.2035   5.53
     7007       0.2028   5.53
     7008       0.2033   5.53
     7009       0.2027   5.53
     7010       0.2027   5.53
     7011       0.2034   5.53
     7012       0.2027   5.53
     7013       0.2034   5.53
     7014       0.2028   5.53
     7015       0.2029   5.53
     7016       0.2032   5.53
     7017       0.2029   5.53
     7018       0.2034   5.53
     7019       0.2028   5.53
     7020       0.2034   5.53
     7021       0.2028   5.53
     7022       0.2028   5.53
     7023       0.2034   5.53
     7024       0.2028   5.53
     7025       0.2032   5.53
     7026       0.2028   5.53
     7027       0.2028   5.53
     7028       0.2036   5.53
     7029       0.2028   5.53
     7030       0.2034   5.53
     7031       0.2028   5.53
     7032       0.2028   5.53
     7033       0.2034   5.53
     7034       0.2027   5.53
     7035       0.2035   5.53
     7036       0.2028   5.53
     7037       0.2027   5.53
     7038       0.2035   5.53
     7039       0.2027   5.53
     7040       0.2034   5.53
     7041       0.2028   5.53
     7042       0.2035   5.53
     7043       0.2029   5.53
     7044       0.2028   5.53
     7045       0.2032   5.53
     7046       0.2028   5.53
     7047       0.2034   5.53
     7048       0.2027   5.53
     7049       0.2028   5.53
     7050       0.2035   5.53
     7051       0.2028   5.53
     7052       0.2035   5.53
     7053       0.2028   5.53
     7054       0.2028   5.53
     7055       0.2033   5.53
     7056       0.2027   5.53
     7057       0.2034   5.53
     7058       0.2028   5.53
     7059       0.2028   5.53
     7060       0.2033   5.53
     7061       0.2027   5.53
     7062       0.2034   5.53
     7063       0.2028   5.53
     7064       0.2028   5.53
     7065       0.2034   5.53
     7066       0.2028   5.53
     7067       0.2034   5.53
     7068       0.2029   5.53
     7069       0.2034   5.53
     7070       0.2028   5.53
     7071       0.2029   5.53
     7072       0.2035   5.53
     7073       0.2028   5.53
     7074       0.2033   5.53
     7075       0.2028   5.53
     7076       0.2027   5.53
     7077       0.2033   5.53
     7078       0.2028   5.53
     7079       0.2035   5.53
     7080       0.2027   5.53
     7081       0.2028   5.53
     7082       0.2033   5.53
     7083       0.2027   5.53
     7084       0.2032   5.53
     7085       0.2028   5.53
     7086       0.2028   5.53
     7087       0.2033   5.53
     7088       0.2027   5.53
     7089       0.2033   5.53
     7090       0.2028   5.53
     7091       0.2030   5.53
     7092       0.2040   5.53
     7093       0.2028   5.53
     7094       0.2035   5.53
     7095       0.2028   5.53
     7096       0.2036   5.53
     7097       0.2028   5.53
     7098       0.2029   5.53
     7099       0.2035   5.53
     7100       0.2028   5.53
     7101       0.2034   5.53
     7102       0.2029   5.53
     7103       0.2028   5.53
     7104       0.2032   5.53
     7105       0.2028   5.53
     7106       0.2033   5.53
     7107       0.2028   5.53
     7108       0.2029   5.53
     7109       0.2035   5.53
     7110       0.2029   5.53
     7111       0.2034   5.53
     7112       0.2027   5.53
     7113       0.2028   5.53
     7114       0.2034   5.53
     7115       0.2028   5.53
     7116       0.2034   5.53
     7117       0.2028   5.53
     7118       0.2034   5.53
     7119       0.2028   5.53
     7120       0.2028   5.53
     7121       0.2034   5.53
     7122       0.2028   5.53
     7123       0.2035   5.53
     7124       0.2027   5.53
     7125       0.2028   5.53
     7126       0.2033   5.53
     7127       0.2027   5.53
     7128       0.2034   5.53
     7129       0.2027   5.53
     7130       0.2028   5.53
     7131       0.2034   5.53
     7132       0.2028   5.53
     7133       0.2035   5.53
     7134       0.2030   5.53
     7135       0.2026   5.53
     7136       0.2032   5.53
     7137       0.2028   5.53
     7138       0.2035   5.53
     7139       0.2028   5.53
     7140       0.2028   5.53
     7141       0.2033   5.53
     7142       0.2028   5.53
     7143       0.2033   5.53
     7144       0.2028   5.53
     7145       0.2034   5.53
     7146       0.2028   5.53
     7147       0.2028   5.53
     7148       0.2035   5.53
     7149       0.2028   5.53
     7150       0.2037   5.53
     7151       0.2027   5.53
     7152       0.2027   5.53
     7153       0.2037   5.53
     7154       0.2028   5.53
     7155       0.2034   5.53
     7156       0.2028   5.53
     7157       0.2028   5.53
     7158       0.2035   5.53
     7159       0.2028   5.53
     7160       0.2035   5.53
     7161       0.2029   5.53
     7162       0.2028   5.53
     7163       0.2032   5.53
     7164       0.2028   5.53
     7165       0.2034   5.53
     7166       0.2028   5.53
     7167       0.2033   5.53
     7168       0.2027   5.53
     7169       0.2028   5.53
     7170       0.2034   5.53
     7171       0.2028   5.53
     7172       0.2034   5.53
     7173       0.2028   5.53
     7174       0.2029   5.53
     7175       0.2036   5.53
     7176       0.2029   5.53
     7177       0.2034   5.53
     7178       0.2028   5.53
     7179       0.2029   5.53
     7180       0.2034   5.53
     7181       0.2028   5.53
     7182       0.2034   5.53
     7183       0.2028   5.53
     7184       0.2028   5.53
     7185       0.2034   5.53
     7186       0.2028   5.53
     7187       0.2034   5.53
     7188       0.2028   5.53
     7189       0.2028   5.53
     7190       0.2035   5.53
     7191       0.2028   5.53
     7192       0.2034   5.53
     7193       0.2027   5.53
     7194       0.2034   5.53
     7195       0.2027   5.53
     7196       0.2028   5.53
     7197       0.2035   5.53
     7198       0.2027   5.53
     7199       0.2034   5.53
     7200       0.2027   5.53
     7201       0.2027   5.53
     7202       0.2033   5.53
     7203       0.2028   5.53
     7204       0.2034   5.53
     7205       0.2028   5.53
     7206       0.2028   5.53
     7207       0.2035   5.53
     7208       0.2028   5.53
     7209       0.2033   5.53
     7210       0.2028   5.53
     7211       0.2028   5.53
     7212       0.2034   5.53
     7213       0.2028   5.53
     7214       0.2034   5.53
     7215       0.2029   5.53
     7216       0.2030   5.53
     7217       0.2032   5.53
     7218       0.2027   5.53
     7219       0.2034   5.53
     7220       0.2027   5.53
     7221       0.2033   5.53
     7222       0.2028   5.53
     7223       0.2029   5.53
     7224       0.2034   5.53
     7225       0.2028   5.53
     7226       0.2034   5.53
     7227       0.2028   5.53
     7228       0.2027   5.53
     7229       0.2033   5.53
     7230       0.2027   5.53
     7231       0.2033   5.53
     7232       0.2027   5.53
     7233       0.2028   5.53
     7234       0.2034   5.53
     7235       0.2028   5.53
     7236       0.2034   5.53
     7237       0.2028   5.53
     7238       0.2028   5.53
     7239       0.2034   5.53
     7240       0.2028   5.53
     7241       0.2033   5.53
     7242       0.2027   5.53
     7243       0.2034   5.53
     7244       0.2029   5.53
     7245       0.2027   5.53
     7246       0.2034   5.53
     7247       0.2028   5.53
     7248       0.2034   5.53
     7249       0.2028   5.53
     7250       0.2028   5.53
     7251       0.2034   5.53
     7252       0.2028   5.53
     7253       0.2035   5.53
     7254       0.2027   5.53
     7255       0.2028   5.53
     7256       0.2033   5.53
     7257       0.2028   5.53
     7258       0.2035   5.53
     7259       0.2027   5.53
     7260       0.2028   5.53
     7261       0.2032   5.53
     7262       0.2027   5.53
     7263       0.2034   5.53
     7264       0.2028   5.53
     7265       0.2027   5.53
     7266       0.2034   5.53
     7267       0.2029   5.53
     7268       0.2035   5.53
     7269       0.2028   5.53
     7270       0.2033   5.53
     7271       0.2029   5.53
     7272       0.2028   5.53
     7273       0.2035   5.53
     7274       0.2029   5.53
     7275       0.2034   5.53
     7276       0.2028   5.53
     7277       0.2028   5.53
     7278       0.2036   5.53
     7279       0.2028   5.53
     7280       0.2034   5.53
     7281       0.2028   5.53
     7282       0.2028   5.53
     7283       0.2034   5.53
     7284       0.2027   5.53
     7285       0.2033   5.53
     7286       0.2028   5.53
     7287       0.2027   5.53
     7288       0.2034   5.53
     7289       0.2028   5.53
     7290       0.2034   5.53
     7291       0.2028   5.53
     7292       0.2029   5.53
     7293       0.2031   5.53
     7294       0.2027   5.53
     7295       0.2035   5.53
     7296       0.2028   5.53
     7297       0.2129   5.53
     7298       0.2027   5.53
     7299       0.2027   5.53
     7300       0.2037   5.53
     7301       0.2028   5.53
     7302       0.2034   5.53
     7303       0.2028   5.53
     7304       0.2028   5.53
     7305       0.2034   5.53
     7306       0.2028   5.53
     7307       0.2035   5.53
     7308       0.2028   5.53
     7309       0.2028   5.53
     7310       0.2034   5.53
     7311       0.2027   5.53
     7312       0.2034   5.53
     7313       0.2029   5.53
     7314       0.2029   5.53
     7315       0.2034   5.53
     7316       0.2027   5.53
     7317       0.2036   5.53
     7318       0.2029   5.53
     7319       0.2034   5.53
     7320       0.2028   5.53
     7321       0.2028   5.53
     7322       0.2034   5.53
     7323       0.2028   5.53
     7324       0.2033   5.53
     7325       0.2028   5.53
     7326       0.2027   5.53
     7327       0.2036   5.53
     7328       0.2027   5.53
     7329       0.2034   5.53
     7330       0.2028   5.53
     7331       0.2028   5.53
     7332       0.2035   5.53
     7333       0.2028   5.53
     7334       0.2034   5.53
     7335       0.2028   5.53
     7336       0.2029   5.53
     7337       0.2035   5.53
     7338       0.2028   5.53
     7339       0.2036   5.53
     7340       0.2031   5.53
     7341       0.2035   5.53
     7342       0.2028   5.52
     7343       0.2028   5.52
     7344       0.2036   5.52
     7345       0.2028   5.53
     7346       0.2034   5.53
     7347       0.2028   5.53
     7348       0.2029   5.53
     7349       0.2033   5.53
     7350       0.2027   5.53
     7351       0.2034   5.53
     7352       0.2027   5.53
     7353       0.2028   5.53
     7354       0.2035   5.53
     7355       0.2028   5.53
     7356       0.2034   5.53
     7357       0.2027   5.53
     7358       0.2027   5.53
     7359       0.2034   5.53
     7360       0.2028   5.53
     7361       0.2034   5.53
     7362       0.2028   5.53
     7363       0.2028   5.53
     7364       0.2034   5.53
     7365       0.2028   5.53
     7366       0.2034   5.53
     7367       0.2028   5.53
     7368       0.2034   5.53
     7369       0.2028   5.53
     7370       0.2028   5.53
     7371       0.2034   5.53
     7372       0.2028   5.53
     7373       0.2033   5.53
     7374       0.2027   5.53
     7375       0.2027   5.53
     7376       0.2033   5.53
     7377       0.2027   5.53
     7378       0.2035   5.53
     7379       0.2027   5.53
     7380       0.2028   5.53
     7381       0.2034   5.53
     7382       0.2028   5.53
     7383       0.2034   5.53
     7384       0.2029   5.53
     7385       0.2028   5.53
     7386       0.2033   5.53
     7387       0.2028   5.53
     7388       0.2034   5.53
     7389       0.2027   5.53
     7390       0.2029   5.53
     7391       0.2033   5.53
     7392       0.2028   5.53
     7393       0.2034   5.53
     7394       0.2028   5.53
     7395       0.2034   5.53
     7396       0.2028   5.53
     7397       0.2028   5.53
     7398       0.2035   5.53
     7399       0.2028   5.53
     7400       0.2035   5.53
     7401       0.2028   5.53
     7402       0.2028   5.53
     7403       0.2034   5.53
     7404       0.2028   5.53
     7405       0.2034   5.53
     7406       0.2028   5.53
     7407       0.2027   5.53
     7408       0.2033   5.53
     7409       0.2029   5.53
     7410       0.2034   5.53
     7411       0.2028   5.53
     7412       0.2027   5.53
     7413       0.2033   5.53
     7414       0.2028   5.53
     7415       0.2034   5.53
     7416       0.2027   5.53
     7417       0.2035   5.53
     7418       0.2028   5.53
     7419       0.2028   5.53
     7420       0.2034   5.53
     7421       0.2028   5.53
     7422       0.2034   5.53
     7423       0.2029   5.53
     7424       0.2028   5.53
     7425       0.2034   5.53
     7426       0.2028   5.53
     7427       0.2033   5.53
     7428       0.2027   5.53
     7429       0.2028   5.53
     7430       0.2033   5.53
     7431       0.2028   5.53
     7432       0.2034   5.53
     7433       0.2028   5.53
     7434       0.2029   5.53
     7435       0.2035   5.53
     7436       0.2029   5.53
     7437       0.2035   5.53
     7438       0.2028   5.53
     7439       0.2029   5.53
     7440       0.2035   5.53
     7441       0.2028   5.53
     7442       0.2034   5.53
     7443       0.2029   5.53
     7444       0.2035   5.53
     7445       0.2028   5.53
     7446       0.2029   5.53
     7447       0.2035   5.53
     7448       0.2028   5.53
     7449       0.2035   5.53
     7450       0.2028   5.53
     7451       0.2028   5.53
     7452       0.2034   5.53
     7453       0.2028   5.53
     7454       0.2034   5.53
     7455       0.2028   5.53
     7456       0.2028   5.53
     7457       0.2035   5.53
     7458       0.2028   5.53
     7459       0.2035   5.53
     7460       0.2028   5.53
     7461       0.2027   5.53
     7462       0.2034   5.53
     7463       0.2028   5.53
     7464       0.2035   5.53
     7465       0.2028   5.53
     7466       0.2030   5.53
     7467       0.2032   5.53
     7468       0.2028   5.53
     7469       0.2034   5.53
     7470       0.2028   5.53
     7471       0.2034   5.53
     7472       0.2028   5.53
     7473       0.2029   5.53
     7474       0.2034   5.53
     7475       0.2028   5.53
     7476       0.2034   5.53
     7477       0.2027   5.53
     7478       0.2028   5.53
     7479       0.2034   5.53
     7480       0.2028   5.53
     7481       0.2034   5.53
     7482       0.2028   5.53
     7483       0.2028   5.53
     7484       0.2034   5.53
     7485       0.2028   5.53
     7486       0.2033   5.53
     7487       0.2028   5.53
     7488       0.2028   5.53
     7489       0.2034   5.53
     7490       0.2028   5.53
     7491       0.2034   5.53
     7492       0.2028   5.53
     7493       0.2034   5.53
     7494       0.2028   5.53
     7495       0.2028   5.53
     7496       0.2033   5.53
     7497       0.2028   5.53
     7498       0.2036   5.53
     7499       0.2028   5.53
     7500       0.2028   5.53
     7501       0.2034   5.53
     7502       0.2028   5.53
     7503       0.2033   5.53
     7504       0.2028   5.53
     7505       0.2028   5.53
     7506       0.2034   5.53
     7507       0.2028   5.53
     7508       0.2036   5.53
     7509       0.2027   5.53
     7510       0.2028   5.53
     7511       0.2034   5.53
     7512       0.2028   5.53
     7513       0.2035   5.53
     7514       0.2029   5.53
     7515       0.2028   5.53
     7516       0.2033   5.53
     7517       0.2028   5.53
     7518       0.2035   5.53
     7519       0.2028   5.53
     7520       0.2035   5.53
     7521       0.2027   5.53
     7522       0.2027   5.53
     7523       0.2034   5.53
     7524       0.2028   5.53
     7525       0.2033   5.53
     7526       0.2028   5.53
     7527       0.2028   5.53
     7528       0.2034   5.53
     7529       0.2028   5.53
     7530       0.2034   5.53
     7531       0.2028   5.53
     7532       0.2027   5.53
     7533       0.2034   5.53
     7534       0.2029   5.53
     7535       0.2033   5.53
     7536       0.2027   5.53
     7537       0.2029   5.53
     7538       0.2034   5.53
     7539       0.2027   5.53
     7540       0.2033   5.53
     7541       0.2027   5.53
     7542       0.2030   5.53
     7543       0.2028   5.53
     7544       0.2028   5.53
     7545       0.2034   5.53
     7546       0.2028   5.53
     7547       0.2033   5.53
     7548       0.2029   5.53
     7549       0.2029   5.53
     7550       0.2033   5.53
     7551       0.2028   5.53
     7552       0.2033   5.53
     7553       0.2028   5.53
     7554       0.2027   5.53
     7555       0.2033   5.53
     7556       0.2028   5.53
     7557       0.2035   5.53
     7558       0.2027   5.53
     7559       0.2028   5.53
     7560       0.2034   5.53
     7561       0.2028   5.53
     7562       0.2034   5.53
     7563       0.2029   5.53
     7564       0.2029   5.53
     7565       0.2034   5.53
     7566       0.2028   5.53
     7567       0.2036   5.53
     7568       0.2028   5.53
     7569       0.2034   5.53
     7570       0.2028   5.53
     7571       0.2027   5.53
     7572       0.2034   5.53
     7573       0.2027   5.53
     7574       0.2033   5.53
     7575       0.2028   5.53
     7576       0.2028   5.53
     7577       0.2035   5.53
     7578       0.2028   5.53
     7579       0.2035   5.53
     7580       0.2028   5.53
     7581       0.2028   5.53
     7582       0.2033   5.53
     7583       0.2028   5.53
     7584       0.2033   5.53
     7585       0.2028   5.53
     7586       0.2028   5.53
     7587       0.2034   5.53
     7588       0.2028   5.53
     7589       0.2035   5.53
     7590       0.2027   5.53
     7591       0.2028   5.53
     7592       0.2034   5.53
     7593       0.2027   5.53
     7594       0.2034   5.53
     7595       0.2028   5.53
     7596       0.2034   5.53
     7597       0.2028   5.53
     7598       0.2029   5.53
     7599       0.2034   5.53
     7600       0.2028   5.53
     7601       0.2035   5.53
     7602       0.2027   5.53
     7603       0.2027   5.53
     7604       0.2034   5.53
     7605       0.2028   5.53
     7606       0.2034   5.53
     7607       0.2029   5.53
     7608       0.2028   5.53
     7609       0.2034   5.53
     7610       0.2028   5.53
     7611       0.2033   5.53
     7612       0.2028   5.53
     7613       0.2029   5.53
     7614       0.2033   5.53
     7615       0.2028   5.53
     7616       0.2034   5.53
     7617       0.2028   5.53
     7618       0.2035   5.53
     7619       0.2026   5.53
     7620       0.2028   5.53
     7621       0.2035   5.53
     7622       0.2028   5.53
     7623       0.2035   5.53
     7624       0.2028   5.53
     7625       0.2028   5.53
     7626       0.2033   5.53
     7627       0.2028   5.53
     7628       0.2036   5.53
     7629       0.2028   5.53
     7630       0.2028   5.53
     7631       0.2034   5.53
     7632       0.2028   5.53
     7633       0.2034   5.53
     7634       0.2027   5.53
     7635       0.2029   5.53
     7636       0.2034   5.53
     7637       0.2029   5.53
     7638       0.2035   5.53
     7639       0.2027   5.53
     7640       0.2028   5.53
     7641       0.2035   5.53
     7642       0.2027   5.53
     7643       0.2033   5.53
     7644       0.2028   5.53
     7645       0.2035   5.53
     7646       0.2028   5.53
     7647       0.2027   5.53
     7648       0.2034   5.53
     7649       0.2028   5.53
     7650       0.2035   5.53
     7651       0.2028   5.53
     7652       0.2028   5.53
     7653       0.2035   5.53
     7654       0.2029   5.53
     7655       0.2035   5.53
     7656       0.2028   5.53
     7657       0.2028   5.53
     7658       0.2034   5.53
     7659       0.2028   5.53
     7660       0.2036   5.53
     7661       0.2028   5.53
     7662       0.2028   5.53
     7663       0.2035   5.53
     7664       0.2028   5.53
     7665       0.2034   5.53
     7666       0.2028   5.53
     7667       0.2030   5.53
     7668       0.2032   5.53
     7669       0.2028   5.53
     7670       0.2034   5.53
     7671       0.2027   5.53
     7672       0.2033   5.53
     7673       0.2028   5.53
     7674       0.2028   5.53
     7675       0.2035   5.53
     7676       0.2028   5.53
     7677       0.2035   5.53
     7678       0.2028   5.53
     7679       0.2028   5.53
     7680       0.2034   5.53
     7681       0.2028   5.53
     7682       0.2034   5.53
     7683       0.2028   5.53
     7684       0.2027   5.53
     7685       0.2033   5.53
     7686       0.2028   5.53
     7687       0.2035   5.53
     7688       0.2027   5.53
     7689       0.2028   5.53
     7690       0.2034   5.53
     7691       0.2028   5.53
     7692       0.2034   5.53
     7693       0.2028   5.53
     7694       0.2034   5.53
     7695       0.2029   5.53
     7696       0.2028   5.53
     7697       0.2036   5.53
     7698       0.2028   5.53
     7699       0.2035   5.53
     7700       0.2027   5.53
     7701       0.2028   5.53
     7702       0.2034   5.53
     7703       0.2028   5.53
     7704       0.2035   5.53
     7705       0.2028   5.53
     7706       0.2028   5.53
     7707       0.2033   5.53
     7708       0.2028   5.53
     7709       0.2034   5.53
     7710       0.2029   5.53
     7711       0.2028   5.53
     7712       0.2033   5.53
     7713       0.2028   5.53
     7714       0.2034   5.53
     7715       0.2028   5.53
     7716       0.2028   5.53
     7717       0.2033   5.53
     7718       0.2027   5.53
     7719       0.2043   5.53
     7720       0.2028   5.53
     7721       0.2033   5.53
     7722       0.2028   5.53
     7723       0.2027   5.53
     7724       0.2034   5.53
     7725       0.2027   5.53
     7726       0.2034   5.53
     7727       0.2028   5.53
     7728       0.2028   5.53
     7729       0.2033   5.53
     7730       0.2028   5.53
     7731       0.2033   5.53
     7732       0.2027   5.53
     7733       0.2028   5.53
     7734       0.2033   5.53
     7735       0.2027   5.53
     7736       0.2034   5.53
     7737       0.2028   5.53
     7738       0.2027   5.53
     7739       0.2035   5.53
     7740       0.2028   5.53
     7741       0.2034   5.53
     7742       0.2027   5.53
     7743       0.2029   5.53
     7744       0.2032   5.53
     7745       0.2028   5.53
     7746       0.2034   5.53
     7747       0.2028   5.53
     7748       0.2036   5.53
     7749       0.2027   5.53
     7750       0.2027   5.53
     7751       0.2033   5.53
     7752       0.2028   5.53
     7753       0.2034   5.53
     7754       0.2028   5.53
     7755       0.2028   5.53
     7756       0.2034   5.53
     7757       0.2027   5.53
     7758       0.2035   5.53
     7759       0.2027   5.53
     7760       0.2029   5.53
     7761       0.2034   5.53
     7762       0.2028   5.53
     7763       0.2035   5.53
     7764       0.2028   5.53
     7765       0.2028   5.53
     7766       0.2034   5.53
     7767       0.2028   5.53
     7768       0.2034   5.53
     7769       0.2027   5.53
     7770       0.2034   5.53
     7771       0.2028   5.53
     7772       0.2028   5.53
     7773       0.2033   5.53
     7774       0.2029   5.53
     7775       0.2034   5.53
     7776       0.2027   5.53
     7777       0.2027   5.53
     7778       0.2036   5.53
     7779       0.2028   5.53
     7780       0.2037   5.53
     7781       0.2028   5.53
     7782       0.2028   5.53
     7783       0.2035   5.53
     7784       0.2028   5.53
     7785       0.2034   5.53
     7786       0.2028   5.53
     7787       0.2028   5.53
     7788       0.2130   5.53
     7789       0.2028   5.53
     7790       0.2035   5.53
     7791       0.2028   5.53
     7792       0.2033   5.53
     7793       0.2028   5.53
     7794       0.2027   5.53
     7795       0.2034   5.53
     7796       0.2027   5.53
     7797       0.2035   5.53
     7798       0.2028   5.53
     7799       0.2027   5.53
     7800       0.2035   5.53
     7801       0.2028   5.53
     7802       0.2035   5.53
     7803       0.2027   5.53
     7804       0.2028   5.53
     7805       0.2035   5.53
     7806       0.2028   5.53
     7807       0.2036   5.53
     7808       0.2028   5.53
     7809       0.2028   5.53
     7810       0.2033   5.53
     7811       0.2029   5.53
     7812       0.2035   5.53
     7813       0.2028   5.53
     7814       0.2028   5.53
     7815       0.2035   5.53
     7816       0.2028   5.53
     7817       0.2035   5.53
     7818       0.2029   5.53
     7819       0.2034   5.53
     7820       0.2027   5.53
     7821       0.2028   5.53
     7822       0.2034   5.53
     7823       0.2027   5.53
     7824       0.2033   5.53
     7825       0.2028   5.53
     7826       0.2028   5.53
     7827       0.2033   5.53
     7828       0.2028   5.53
     7829       0.2034   5.53
     7830       0.2028   5.53
     7831       0.2028   5.53
     7832       0.2034   5.53
     7833       0.2027   5.53
     7834       0.2034   5.53
     7835       0.2028   5.53
     7836       0.2027   5.53
     7837       0.2035   5.53
     7838       0.2028   5.53
     7839       0.2034   5.53
     7840       0.2027   5.53
     7841       0.2030   5.53
     7842       0.2031   5.53
     7843       0.2028   5.53
     7844       0.2034   5.53
     7845       0.2028   5.53
     7846       0.2034   5.53
     7847       0.2028   5.53
     7848       0.2027   5.53
     7849       0.2033   5.53
     7850       0.2027   5.53
     7851       0.2034   5.53
     7852       0.2028   5.53
     7853       0.2028   5.53
     7854       0.2034   5.53
     7855       0.2028   5.53
     7856       0.2034   5.53
     7857       0.2027   5.53
     7858       0.2027   5.53
     7859       0.2035   5.53
     7860       0.2029   5.53
     7861       0.2038   5.53
     7862       0.2028   5.53
     7863       0.2028   5.53
     7864       0.2034   5.53
     7865       0.2027   5.53
     7866       0.2033   5.53
     7867       0.2028   5.53
     7868       0.2034   5.53
     7869       0.2029   5.53
     7870       0.2027   5.53
     7871       0.2035   5.53
     7872       0.2027   5.53
     7873       0.2034   5.53
     7874       0.2029   5.53
     7875       0.2028   5.53
     7876       0.2045   5.53
     7877       0.2028   5.53
     7878       0.2033   5.53
     7879       0.2028   5.53
     7880       0.2028   5.53
     7881       0.2034   5.53
     7882       0.2028   5.53
     7883       0.2034   5.53
     7884       0.2028   5.53
     7885       0.2028   5.53
     7886       0.2034   5.53
     7887       0.2028   5.53
     7888       0.2034   5.53
     7889       0.2028   5.53
     7890       0.2028   5.53
     7891       0.2033   5.53
     7892       0.2027   5.53
     7893       0.2034   5.53
     7894       0.2028   5.53
     7895       0.2034   5.53
     7896       0.2028   5.53
     7897       0.2028   5.53
     7898       0.2034   5.53
     7899       0.2028   5.53
     7900       0.2034   5.53
     7901       0.2027   5.53
     7902       0.2028   5.53
     7903       0.2034   5.53
     7904       0.2028   5.53
     7905       0.2034   5.53
     7906       0.2027   5.53
     7907       0.2027   5.53
     7908       0.2032   5.53
     7909       0.2028   5.53
     7910       0.2035   5.53
     7911       0.2028   5.53
     7912       0.2028   5.53
     7913       0.2034   5.53
     7914       0.2028   5.53
     7915       0.2034   5.53
     7916       0.2028   5.53
     7917       0.2030   5.53
     7918       0.2027   5.53
     7919       0.2028   5.53
     7920       0.2034   5.53
     7921       0.2029   5.53
     7922       0.2034   5.53
     7923       0.2029   5.53
     7924       0.2029   5.53
     7925       0.2035   5.53
     7926       0.2028   5.53
     7927       0.2035   5.53
     7928       0.2029   5.53
     7929       0.2031   5.53
     7930       0.2036   5.53
     7931       0.2028   5.52
     7932       0.2034   5.52
     7933       0.2027   5.53
     7934       0.2028   5.53
     7935       0.2034   5.53
     7936       0.2029   5.53
     7937       0.2034   5.53
     7938       0.2028   5.53
     7939       0.2028   5.53
     7940       0.2034   5.53
     7941       0.2028   5.53
     7942       0.2033   5.53
     7943       0.2028   5.53
     7944       0.2035   5.53
     7945       0.2029   5.53
     7946       0.2028   5.53
     7947       0.2034   5.53
     7948       0.2029   5.53
     7949       0.2034   5.53
     7950       0.2027   5.53
     7951       0.2028   5.53
     7952       0.2033   5.53
     7953       0.2028   5.53
     7954       0.2034   5.53
     7955       0.2029   5.53
     7956       0.2028   5.53
     7957       0.2035   5.53
     7958       0.2028   5.53
     7959       0.2033   5.53
     7960       0.2027   5.53
     7961       0.2029   5.53
     7962       0.2035   5.53
     7963       0.2028   5.53
     7964       0.2034   5.53
     7965       0.2027   5.53
     7966       0.2027   5.53
     7967       0.2032   5.53
     7968       0.2028   5.53
     7969       0.2034   5.53
     7970       0.2028   5.53
     7971       0.2036   5.53
     7972       0.2028   5.53
     7973       0.2027   5.53
     7974       0.2034   5.53
     7975       0.2028   5.53
     7976       0.2033   5.53
     7977       0.2026   5.53
     7978       0.2028   5.53
     7979       0.2036   5.53
     7980       0.2028   5.53
     7981       0.2034   5.53
     7982       0.2028   5.53
     7983       0.2028   5.53
     7984       0.2034   5.53
     7985       0.2027   5.53
     7986       0.2034   5.53
     7987       0.2029   5.53
     7988       0.2028   5.53
     7989       0.2035   5.53
     7990       0.2028   5.53
     7991       0.2035   5.53
     7992       0.2027   5.53
     7993       0.2034   5.53
     7994       0.2029   5.53
     7995       0.2028   5.53
     7996       0.2033   5.53
     7997       0.2028   5.53
     7998       0.2036   5.53
     7999       0.2027   5.53
     8000       0.2029   5.53
     8001       0.2034   5.53
     8002       0.2028   5.53
     8003       0.2035   5.53
     8004       0.2028   5.53
     8005       0.2028   5.53
     8006       0.2034   5.53
     8007       0.2027   5.53
     8008       0.2033   5.53
     8009       0.2027   5.53
     8010       0.2028   5.53
     8011       0.2033   5.53
     8012       0.2028   5.53
     8013       0.2033   5.53
     8014       0.2028   5.53
     8015       0.2028   5.53
     8016       0.2034   5.53
     8017       0.2029   5.53
     8018       0.2034   5.53
     8019       0.2028   5.53
     8020       0.2033   5.53
     8021       0.2026   5.53
     8022       0.2028   5.53
     8023       0.2034   5.53
     8024       0.2028   5.53
     8025       0.2033   5.53
     8026       0.2028   5.53
     8027       0.2027   5.53
     8028       0.2034   5.53
     8029       0.2028   5.53
     8030       0.2035   5.53
     8031       0.2028   5.53
     8032       0.2028   5.53
     8033       0.2091   5.53
     8034       0.2028   5.53
     8035       0.2035   5.53
     8036       0.2028   5.53
     8037       0.2029   5.53
     8038       0.2035   5.53
     8039       0.2026   5.53
     8040       0.2034   5.53
     8041       0.2028   5.53
     8042       0.2034   5.53
     8043       0.2028   5.53
     8044       0.2028   5.53
     8045       0.2033   5.53
     8046       0.2028   5.53
     8047       0.2035   5.53
     8048       0.2027   5.53
     8049       0.2028   5.53
     8050       0.2034   5.53
     8051       0.2028   5.53
     8052       0.2035   5.53
     8053       0.2027   5.53
     8054       0.2028   5.53
     8055       0.2032   5.53
     8056       0.2027   5.53
     8057       0.2035   5.53
     8058       0.2027   5.53
     8059       0.2028   5.53
     8060       0.2035   5.53
     8061       0.2028   5.53
     8062       0.2034   5.53
     8063       0.2028   5.53
     8064       0.2028   5.53
     8065       0.2033   5.53
     8066       0.2027   5.53
     8067       0.2034   5.53
     8068       0.2027   5.53
     8069       0.2035   5.53
     8070       0.2028   5.53
     8071       0.2028   5.53
     8072       0.2034   5.53
     8073       0.2028   5.53
     8074       0.2034   5.53
     8075       0.2028   5.53
     8076       0.2028   5.53
     8077       0.2034   5.53
     8078       0.2028   5.53
     8079       0.2034   5.53
     8080       0.2029   5.53
     8081       0.2028   5.53
     8082       0.2034   5.53
     8083       0.2027   5.53
     8084       0.2032   5.53
     8085       0.2027   5.53
     8086       0.2027   5.53
     8087       0.2034   5.53
     8088       0.2028   5.53
     8089       0.2034   5.53
     8090       0.2028   5.53
     8091       0.2028   5.53
     8092       0.2032   5.53
     8093       0.2029   5.53
     8094       0.2034   5.53
     8095       0.2028   5.53
     8096       0.2035   5.53
     8097       0.2027   5.53
     8098       0.2028   5.53
     8099       0.2035   5.53
     8100       0.2028   5.53
     8101       0.2035   5.53
     8102       0.2027   5.53
     8103       0.2027   5.53
     8104       0.2034   5.53
     8105       0.2028   5.53
     8106       0.2034   5.53
     8107       0.2028   5.53
     8108       0.2028   5.53
     8109       0.2035   5.53
     8110       0.2028   5.53
     8111       0.2034   5.53
     8112       0.2028   5.53
     8113       0.2028   5.53
     8114       0.2034   5.53
     8115       0.2028   5.53
     8116       0.2035   5.53
     8117       0.2028   5.53
     8118       0.2036   5.53
     8119       0.2028   5.53
     8120       0.2028   5.53
     8121       0.2035   5.53
     8122       0.2028   5.53
     8123       0.2035   5.53
     8124       0.2027   5.53
     8125       0.2027   5.53
     8126       0.2033   5.53
     8127       0.2028   5.53
     8128       0.2034   5.53
     8129       0.2028   5.53
     8130       0.2027   5.53
     8131       0.2034   5.53
     8132       0.2028   5.53
     8133       0.2034   5.53
     8134       0.2027   5.53
     8135       0.2028   5.53
     8136       0.2034   5.53
     8137       0.2027   5.53
     8138       0.2033   5.53
     8139       0.2028   5.53
     8140       0.2028   5.53
     8141       0.2034   5.53
     8142       0.2027   5.53
     8143       0.2033   5.53
     8144       0.2028   5.53
     8145       0.2034   5.53
     8146       0.2028   5.53
     8147       0.2028   5.53
     8148       0.2034   5.53
     8149       0.2027   5.53
     8150       0.2033   5.53
     8151       0.2028   5.53
     8152       0.2027   5.53
     8153       0.2034   5.53
     8154       0.2028   5.53
     8155       0.2034   5.53
     8156       0.2027   5.53
     8157       0.2027   5.53
     8158       0.2033   5.53
     8159       0.2027   5.53
     8160       0.2034   5.53
     8161       0.2028   5.53
     8162       0.2027   5.53
     8163       0.2033   5.53
     8164       0.2028   5.53
     8165       0.2034   5.53
     8166       0.2028   5.53
     8167       0.2028   5.53
     8168       0.2033   5.53
     8169       0.2028   5.53
     8170       0.2036   5.53
     8171       0.2026   5.53
     8172       0.2035   5.53
     8173       0.2028   5.53
     8174       0.2028   5.53
     8175       0.2034   5.53
     8176       0.2027   5.53
     8177       0.2036   5.53
     8178       0.2027   5.53
     8179       0.2028   5.53
     8180       0.2034   5.53
     8181       0.2027   5.53
     8182       0.2034   5.53
     8183       0.2028   5.53
     8184       0.2028   5.53
     8185       0.2033   5.53
     8186       0.2029   5.53
     8187       0.2034   5.53
     8188       0.2028   5.53
     8189       0.2028   5.53
     8190       0.2070   5.53
     8191       0.2029   5.53
     8192       0.2034   5.53
     8193       0.2028   5.53
     8194       0.2034   5.53
     8195       0.2027   5.53
     8196       0.2028   5.53
     8197       0.2034   5.53
     8198       0.2027   5.53
     8199       0.2035   5.53
     8200       0.2028   5.53
     8201       0.2027   5.53
     8202       0.2033   5.53
     8203       0.2028   5.53
     8204       0.2034   5.53
     8205       0.2028   5.53
     8206       0.2029   5.53
     8207       0.2034   5.53
     8208       0.2028   5.53
     8209       0.2035   5.53
     8210       0.2028   5.53
     8211       0.2028   5.53
     8212       0.2034   5.53
     8213       0.2028   5.53
     8214       0.2034   5.53
     8215       0.2029   5.53
     8216       0.2028   5.53
     8217       0.2034   5.53
     8218       0.2028   5.53
     8219       0.2034   5.53
     8220       0.2028   5.53
     8221       0.2033   5.53
     8222       0.2028   5.53
     8223       0.2028   5.53
     8224       0.2034   5.53
     8225       0.2027   5.53
     8226       0.2036   5.53
     8227       0.2027   5.53
     8228       0.2028   5.53
     8229       0.2035   5.53
     8230       0.2028   5.53
     8231       0.2034   5.53
     8232       0.2027   5.53
     8233       0.2027   5.53
     8234       0.2033   5.53
     8235       0.2027   5.53
     8236       0.2035   5.53
     8237       0.2027   5.53
     8238       0.2028   5.53
     8239       0.2035   5.53
     8240       0.2029   5.53
     8241       0.2034   5.53
     8242       0.2028   5.53
     8243       0.2034   5.53
     8244       0.2028   5.53
     8245       0.2028   5.53
     8246       0.2034   5.53
     8247       0.2028   5.53
     8248       0.2033   5.53
     8249       0.2027   5.53
     8250       0.2028   5.53
     8251       0.2034   5.53
     8252       0.2027   5.53
     8253       0.2034   5.53
     8254       0.2027   5.53
     8255       0.2028   5.53
     8256       0.2034   5.53
     8257       0.2028   5.53
     8258       0.2033   5.53
     8259       0.2028   5.53
     8260       0.2028   5.53
     8261       0.2032   5.53
     8262       0.2028   5.53
     8263       0.2034   5.53
     8264       0.2028   5.53
     8265       0.2028   5.53
     8266       0.2033   5.53
     8267       0.2028   5.53
     8268       0.2033   5.53
     8269       0.2027   5.53
     8270       0.2035   5.53
     8271       0.2029   5.53
     8272       0.2028   5.53
     8273       0.2034   5.53
     8274       0.2028   5.53
     8275       0.2034   5.53
     8276       0.2027   5.53
     8277       0.2028   5.53
     8278       0.2035   5.53
     8279       0.2028   5.53
     8280       0.2033   5.53
     8281       0.2027   5.53
     8282       0.2028   5.53
     8283       0.2034   5.53
     8284       0.2027   5.53
     8285       0.2035   5.53
     8286       0.2027   5.53
     8287       0.2028   5.53
     8288       0.2035   5.53
     8289       0.2028   5.53
     8290       0.2033   5.53
     8291       0.2028   5.53
     8292       0.2028   5.53
     8293       0.2035   5.53
     8294       0.2027   5.53
     8295       0.2033   5.53
     8296       0.2027   5.53
     8297       0.2036   5.53
     8298       0.2027   5.53
     8299       0.2028   5.53
     8300       0.2035   5.53
     8301       0.2028   5.53
     8302       0.2034   5.53
     8303       0.2027   5.53
     8304       0.2027   5.53
     8305       0.2034   5.53
     8306       0.2028   5.53
     8307       0.2034   5.53
     8308       0.2028   5.53
     8309       0.2028   5.53
     8310       0.2034   5.53
     8311       0.2028   5.53
     8312       0.2035   5.53
     8313       0.2028   5.53
     8314       0.2027   5.53
     8315       0.2034   5.53
     8316       0.2027   5.53
     8317       0.2130   5.53
     8318       0.2027   5.53
     8319       0.2036   5.53
     8320       0.2027   5.53
     8321       0.2028   5.53
     8322       0.2034   5.53
     8323       0.2028   5.53
     8324       0.2035   5.53
     8325       0.2028   5.53
     8326       0.2028   5.53
     8327       0.2033   5.53
     8328       0.2027   5.53
     8329       0.2034   5.53
     8330       0.2027   5.53
     8331       0.2028   5.53
     8332       0.2034   5.53
     8333       0.2027   5.53
     8334       0.2035   5.53
     8335       0.2027   5.53
     8336       0.2028   5.53
     8337       0.2035   5.53
     8338       0.2028   5.53
     8339       0.2034   5.53
     8340       0.2028   5.53
     8341       0.2030   5.53
     8342       0.2034   5.53
     8343       0.2028   5.53
     8344       0.2034   5.53
     8345       0.2028   5.53
     8346       0.2037   5.53
     8347       0.2027   5.53
     8348       0.2029   5.53
     8349       0.2033   5.53
     8350       0.2028   5.53
     8351       0.2034   5.53
     8352       0.2028   5.53
     8353       0.2028   5.53
     8354       0.2034   5.53
     8355       0.2028   5.53
     8356       0.2035   5.53
     8357       0.2028   5.53
     8358       0.2028   5.53
     8359       0.2035   5.53
     8360       0.2027   5.53
     8361       0.2033   5.53
     8362       0.2027   5.53
     8363       0.2028   5.53
     8364       0.2034   5.53
     8365       0.2027   5.53
     8366       0.2034   5.53
     8367       0.2027   5.53
     8368       0.2034   5.53
     8369       0.2027   5.53
     8370       0.2028   5.53
     8371       0.2034   5.53
     8372       0.2028   5.53
     8373       0.2034   5.53
     8374       0.2028   5.53
     8375       0.2028   5.53
     8376       0.2034   5.53
     8377       0.2028   5.53
     8378       0.2034   5.53
     8379       0.2028   5.53
     8380       0.2028   5.53
     8381       0.2034   5.53
     8382       0.2029   5.53
     8383       0.2034   5.53
     8384       0.2028   5.53
     8385       0.2028   5.53
     8386       0.2033   5.53
     8387       0.2027   5.53
     8388       0.2034   5.53
     8389       0.2027   5.53
     8390       0.2028   5.53
     8391       0.2033   5.53
     8392       0.2027   5.53
     8393       0.2034   5.53
     8394       0.2028   5.53
     8395       0.2034   5.53
     8396       0.2027   5.53
     8397       0.2028   5.53
     8398       0.2034   5.53
     8399       0.2028   5.53
     8400       0.2034   5.53
     8401       0.2027   5.53
     8402       0.2028   5.53
     8403       0.2034   5.53
     8404       0.2028   5.53
     8405       0.2034   5.53
     8406       0.2028   5.53
     8407       0.2028   5.53
     8408       0.2034   5.53
     8409       0.2028   5.53
     8410       0.2035   5.53
     8411       0.2027   5.53
     8412       0.2028   5.53
     8413       0.2034   5.53
     8414       0.2028   5.53
     8415       0.2034   5.53
     8416       0.2027   5.53
     8417       0.2033   5.53
     8418       0.2028   5.53
     8419       0.2028   5.53
     8420       0.2034   5.53
     8421       0.2028   5.53
     8422       0.2034   5.53
     8423       0.2027   5.53
     8424       0.2027   5.53
     8425       0.2035   5.53
     8426       0.2027   5.53
     8427       0.2034   5.53
     8428       0.2028   5.53
     8429       0.2028   5.53
     8430       0.2033   5.53
     8431       0.2028   5.53
     8432       0.2034   5.53
     8433       0.2029   5.53
     8434       0.2028   5.53
     8435       0.2033   5.53
     8436       0.2028   5.53
     8437       0.2034   5.53
     8438       0.2028   5.53
     8439       0.2029   5.53
     8440       0.2033   5.53
     8441       0.2027   5.53
     8442       0.2034   5.53
     8443       0.2027   5.53
     8444       0.2034   5.53
     8445       0.2027   5.53
     8446       0.2027   5.53
     8447       0.2034   5.53
     8448       0.2027   5.53
     8449       0.2034   5.53
     8450       0.2028   5.53
     8451       0.2027   5.53
     8452       0.2034   5.53
     8453       0.2028   5.53
     8454       0.2034   5.53
     8455       0.2028   5.53
     8456       0.2028   5.53
     8457       0.2033   5.53
     8458       0.2028   5.53
     8459       0.2034   5.53
     8460       0.2027   5.53
     8461       0.2027   5.53
     8462       0.2034   5.53
     8463       0.2028   5.53
     8464       0.2034   5.53
     8465       0.2029   5.53
     8466       0.2028   5.53
     8467       0.2034   5.53
     8468       0.2028   5.53
     8469       0.2035   5.53
     8470       0.2028   5.53
     8471       0.2034   5.53
     8472       0.2028   5.53
     8473       0.2028   5.53
     8474       0.2034   5.53
     8475       0.2028   5.53
     8476       0.2034   5.53
     8477       0.2028   5.53
     8478       0.2028   5.53
     8479       0.2034   5.53
     8480       0.2027   5.53
     8481       0.2033   5.53
     8482       0.2027   5.53
     8483       0.2027   5.53
     8484       0.2034   5.53
     8485       0.2027   5.53
     8486       0.2033   5.53
     8487       0.2028   5.53
     8488       0.2028   5.53
     8489       0.2034   5.53
     8490       0.2028   5.53
     8491       0.2033   5.53
     8492       0.2027   5.53
     8493       0.2034   5.53
     8494       0.2028   5.53
     8495       0.2028   5.53
     8496       0.2033   5.53
     8497       0.2028   5.53
     8498       0.2033   5.53
     8499       0.2027   5.53
     8500       0.2027   5.53
     8501       0.2033   5.53
     8502       0.2028   5.53
     8503       0.2033   5.53
     8504       0.2028   5.53
     8505       0.2028   5.53
     8506       0.2033   5.53
     8507       0.2027   5.53
     8508       0.2034   5.53
     8509       0.2028   5.53
     8510       0.2028   5.53
     8511       0.2035   5.53
     8512       0.2027   5.53
     8513       0.2033   5.53
     8514       0.2027   5.53
     8515       0.2028   5.53
     8516       0.2032   5.53
     8517       0.2028   5.53
     8518       0.2034   5.53
     8519       0.2028   5.53
     8520       0.2035   5.53
     8521       0.2028   5.53
     8522       0.2028   5.53
     8523       0.2034   5.53
     8524       0.2028   5.53
     8525       0.2032   5.53
     8526       0.2026   5.53
     8527       0.2027   5.53
     8528       0.2035   5.53
     8529       0.2027   5.53
     8530       0.2034   5.53
     8531       0.2028   5.53
     8532       0.2027   5.53
     8533       0.2034   5.53
     8534       0.2027   5.53
     8535       0.2034   5.53
     8536       0.2027   5.53
     8537       0.2028   5.53
     8538       0.2034   5.53
     8539       0.2027   5.53
     8540       0.2034   5.53
     8541       0.2027   5.53
     8542       0.2028   5.53
     8543       0.2034   5.53
     8544       0.2029   5.53
     8545       0.2034   5.53
     8546       0.2029   5.53
     8547       0.2034   5.53
     8548       0.2028   5.53
     8549       0.2027   5.53
     8550       0.2034   5.53
     8551       0.2028   5.53
     8552       0.2034   5.53
     8553       0.2029   5.53
     8554       0.2028   5.53
     8555       0.2034   5.53
     8556       0.2028   5.53
     8557       0.2033   5.53
     8558       0.2028   5.53
     8559       0.2027   5.53
     8560       0.2033   5.53
     8561       0.2028   5.53
     8562       0.2034   5.53
     8563       0.2027   5.53
     8564       0.2027   5.53
     8565       0.2033   5.53
     8566       0.2028   5.53
     8567       0.2034   5.53
     8568       0.2027   5.53
     8569       0.2029   5.53
     8570       0.2032   5.53
     8571       0.2027   5.53
     8572       0.2033   5.53
     8573       0.2027   5.53
     8574       0.2035   5.53
     8575       0.2028   5.53
     8576       0.2027   5.53
     8577       0.2034   5.53
     8578       0.2028   5.53
     8579       0.2036   5.53
     8580       0.2027   5.53
     8581       0.2028   5.53
     8582       0.2034   5.53
     8583       0.2027   5.53
     8584       0.2033   5.53
     8585       0.2027   5.53
     8586       0.2027   5.53
     8587       0.2035   5.53
     8588       0.2028   5.53
     8589       0.2034   5.53
     8590       0.2029   5.53
     8591       0.2029   5.53
     8592       0.2034   5.53
     8593       0.2027   5.53
     8594       0.2034   5.53
     8595       0.2028   5.53
     8596       0.2036   5.53
     8597       0.2027   5.53
     8598       0.2028   5.53
     8599       0.2035   5.53
     8600       0.2027   5.53
     8601       0.2034   5.53
     8602       0.2027   5.53
     8603       0.2028   5.53
     8604       0.2035   5.53
     8605       0.2028   5.53
     8606       0.2034   5.53
     8607       0.2028   5.53
     8608       0.2027   5.53
     8609       0.2034   5.53
     8610       0.2028   5.53
     8611       0.2034   5.53
     8612       0.2028   5.53
     8613       0.2029   5.53
     8614       0.2033   5.53
     8615       0.2028   5.53
     8616       0.2034   5.53
     8617       0.2029   5.53
     8618       0.2028   5.53
     8619       0.2033   5.53
     8620       0.2027   5.53
     8621       0.2034   5.53
     8622       0.2028   5.53
     8623       0.2034   5.53
     8624       0.2028   5.53
     8625       0.2028   5.53
     8626       0.2034   5.53
     8627       0.2028   5.53
     8628       0.2035   5.53
     8629       0.2028   5.53
     8630       0.2028   5.53
     8631       0.2034   5.53
     8632       0.2028   5.53
     8633       0.2034   5.53
     8634       0.2028   5.53
     8635       0.2027   5.53
     8636       0.2035   5.53
     8637       0.2028   5.53
     8638       0.2035   5.53
     8639       0.2028   5.53
     8640       0.2028   5.53
     8641       0.2035   5.53
     8642       0.2028   5.53
     8643       0.2033   5.53
     8644       0.2028   5.53
     8645       0.2029   5.53
     8646       0.2028   5.53
     8647       0.2029   5.53
     8648       0.2034   5.53
     8649       0.2027   5.53
     8650       0.2033   5.53
     8651       0.2029   5.53
     8652       0.2029   5.53
     8653       0.2034   5.53
     8654       0.2028   5.53
     8655       0.2032   5.53
     8656       0.2026   5.53
     8657       0.2028   5.53
     8658       0.2035   5.53
     8659       0.2028   5.53
     8660       0.2034   5.53
     8661       0.2028   5.53
     8662       0.2027   5.53
     8663       0.2033   5.53
     8664       0.2028   5.53
     8665       0.2033   5.53
     8666       0.2028   5.53
     8667       0.2027   5.53
     8668       0.2034   5.53
     8669       0.2028   5.53
     8670       0.2034   5.53
     8671       0.2028   5.53
     8672       0.2034   5.53
     8673       0.2027   5.53
     8674       0.2027   5.53
     8675       0.2033   5.53
     8676       0.2027   5.53
     8677       0.2033   5.53
     8678       0.2027   5.53
     8679       0.2027   5.53
     8680       0.2036   5.53
     8681       0.2028   5.53
     8682       0.2036   5.53
     8683       0.2027   5.53
     8684       0.2029   5.53
     8685       0.2035   5.53
     8686       0.2028   5.53
     8687       0.2034   5.53
     8688       0.2028   5.53
     8689       0.2029   5.53
     8690       0.2033   5.53
     8691       0.2028   5.53
     8692       0.2034   5.53
     8693       0.2029   5.53
     8694       0.2029   5.53
     8695       0.2034   5.53
     8696       0.2028   5.53
     8697       0.2035   5.53
     8698       0.2028   5.53
     8699       0.2035   5.53
     8700       0.2027   5.53
     8701       0.2028   5.53
     8702       0.2033   5.53
     8703       0.2027   5.53
     8704       0.2034   5.53
     8705       0.2027   5.53
     8706       0.2028   5.53
     8707       0.2035   5.53
     8708       0.2027   5.53
     8709       0.2034   5.53
     8710       0.2028   5.53
     8711       0.2028   5.53
     8712       0.2034   5.53
     8713       0.2028   5.53
     8714       0.2034   5.53
     8715       0.2029   5.53
     8716       0.2028   5.53
     8717       0.2035   5.53
     8718       0.2027   5.53
     8719       0.2035   5.53
     8720       0.2029   5.53
     8721       0.2035   5.53
     8722       0.2027   5.53
     8723       0.2028   5.53
     8724       0.2034   5.53
     8725       0.2028   5.53
     8726       0.2034   5.53
     8727       0.2028   5.53
     8728       0.2027   5.53
     8729       0.2034   5.53
     8730       0.2027   5.53
     8731       0.2033   5.53
     8732       0.2028   5.53
     8733       0.2029   5.53
     8734       0.2036   5.53
     8735       0.2028   5.53
     8736       0.2033   5.53
     8737       0.2028   5.53
     8738       0.2027   5.53
     8739       0.2034   5.53
     8740       0.2027   5.53
     8741       0.2033   5.53
     8742       0.2028   5.53
     8743       0.2028   5.53
     8744       0.2033   5.53
     8745       0.2028   5.53
     8746       0.2034   5.53
     8747       0.2027   5.53
     8748       0.2034   5.53
     8749       0.2028   5.53
     8750       0.2028   5.53
     8751       0.2033   5.53
     8752       0.2028   5.53
     8753       0.2033   5.53
     8754       0.2029   5.53
     8755       0.2028   5.53
     8756       0.2034   5.53
     8757       0.2027   5.53
     8758       0.2035   5.53
     8759       0.2027   5.53
     8760       0.2028   5.53
     8761       0.2034   5.53
     8762       0.2029   5.53
     8763       0.2034   5.53
     8764       0.2028   5.53
     8765       0.2028   5.53
     8766       0.2034   5.53
     8767       0.2028   5.53
     8768       0.2035   5.53
     8769       0.2028   5.53
     8770       0.2029   5.53
     8771       0.2033   5.53
     8772       0.2028   5.53
     8773       0.2034   5.53
     8774       0.2029   5.53
     8775       0.2033   5.53
     8776       0.2028   5.53
     8777       0.2029   5.53
     8778       0.2035   5.53
     8779       0.2027   5.53
     8780       0.2034   5.53
     8781       0.2027   5.53
     8782       0.2027   5.53
     8783       0.2033   5.53
     8784       0.2028   5.53
     8785       0.2033   5.53
     8786       0.2027   5.53
     8787       0.2028   5.53
     8788       0.2034   5.53
     8789       0.2028   5.53
     8790       0.2034   5.53
     8791       0.2028   5.53
     8792       0.2028   5.53
     8793       0.2034   5.53
     8794       0.2029   5.53
     8795       0.2034   5.53
     8796       0.2028   5.53
     8797       0.2033   5.53
     8798       0.2027   5.53
     8799       0.2028   5.53
     8800       0.2034   5.53
     8801       0.2028   5.53
     8802       0.2035   5.53
     8803       0.2028   5.53
     8804       0.2028   5.53
     8805       0.2034   5.53
     8806       0.2028   5.53
     8807       0.2034   5.53
     8808       0.2028   5.53
     8809       0.2028   5.53
     8810       0.2035   5.53
     8811       0.2029   5.53
     8812       0.2035   5.53
     8813       0.2027   5.53
     8814       0.2028   5.53
     8815       0.2035   5.53
     8816       0.2028   5.53
     8817       0.2054   5.53
     8818       0.2026   5.53
     8819       0.2028   5.53
     8820       0.2033   5.53
     8821       0.2028   5.53
     8822       0.2034   5.53
     8823       0.2028   5.53
     8824       0.2033   5.53
     8825       0.2028   5.53
     8826       0.2028   5.53
     8827       0.2036   5.53
     8828       0.2028   5.53
     8829       0.2034   5.53
     8830       0.2027   5.53
     8831       0.2028   5.53
     8832       0.2033   5.53
     8833       0.2028   5.53
     8834       0.2035   5.53
     8835       0.2028   5.53
     8836       0.2028   5.53
     8837       0.2036   5.53
     8838       0.2029   5.53
     8839       0.2034   5.53
     8840       0.2028   5.53
     8841       0.2027   5.53
     8842       0.2034   5.53
     8843       0.2028   5.53
     8844       0.2034   5.53
     8845       0.2027   5.53
     8846       0.2029   5.53
     8847       0.2031   5.53
     8848       0.2027   5.53
     8849       0.2033   5.53
     8850       0.2028   5.53
     8851       0.2034   5.53
     8852       0.2028   5.53
     8853       0.2028   5.53
     8854       0.2034   5.53
     8855       0.2028   5.53
     8856       0.2033   5.53
     8857       0.2026   5.53
     8858       0.2027   5.53
     8859       0.2034   5.53
     8860       0.2028   5.53
     8861       0.2034   5.53
     8862       0.2026   5.53
     8863       0.2027   5.53
     8864       0.2034   5.53
     8865       0.2027   5.53
     8866       0.2034   5.53
     8867       0.2028   5.53
     8868       0.2027   5.53
     8869       0.2033   5.53
     8870       0.2028   5.53
     8871       0.2033   5.53
     8872       0.2028   5.53
     8873       0.2034   5.53
     8874       0.2028   5.53
     8875       0.2028   5.53
     8876       0.2034   5.53
     8877       0.2028   5.53
     8878       0.2034   5.53
     8879       0.2027   5.53
     8880       0.2028   5.53
     8881       0.2035   5.53
     8882       0.2028   5.53
     8883       0.2033   5.53
     8884       0.2028   5.53
     8885       0.2027   5.53
     8886       0.2034   5.53
     8887       0.2028   5.53
     8888       0.2037   5.53
     8889       0.2027   5.53
     8890       0.2028   5.53
     8891       0.2034   5.53
     8892       0.2027   5.53
     8893       0.2034   5.53
     8894       0.2028   5.53
     8895       0.2027   5.53
     8896       0.2033   5.53
     8897       0.2028   5.53
     8898       0.2035   5.53
     8899       0.2027   5.53
     8900       0.2034   5.53
     8901       0.2029   5.53
     8902       0.2028   5.53
     8903       0.2035   5.53
     8904       0.2028   5.53
     8905       0.2034   5.53
     8906       0.2027   5.53
     8907       0.2027   5.53
     8908       0.2033   5.53
     8909       0.2027   5.53
     8910       0.2033   5.53
     8911       0.2028   5.53
     8912       0.2028   5.53
     8913       0.2034   5.53
     8914       0.2028   5.53
     8915       0.2036   5.53
     8916       0.2028   5.53
     8917       0.2028   5.53
     8918       0.2034   5.53
     8919       0.2028   5.53
     8920       0.2033   5.53
     8921       0.2028   5.53
     8922       0.2029   5.53
     8923       0.2033   5.53
     8924       0.2028   5.53
     8925       0.2034   5.53
     8926       0.2027   5.53
     8927       0.2032   5.53
     8928       0.2028   5.53
     8929       0.2028   5.53
     8930       0.2034   5.53
     8931       0.2027   5.53
     8932       0.2035   5.53
     8933       0.2027   5.53
     8934       0.2028   5.53
     8935       0.2035   5.53
     8936       0.2028   5.53
     8937       0.2034   5.53
     8938       0.2028   5.53
     8939       0.2028   5.53
     8940       0.2033   5.53
     8941       0.2028   5.53
     8942       0.2034   5.53
     8943       0.2028   5.53
     8944       0.2027   5.53
     8945       0.2033   5.53
     8946       0.2027   5.53
     8947       0.2035   5.53
     8948       0.2026   5.53
     8949       0.2033   5.53
     8950       0.2027   5.53
     8951       0.2028   5.53
     8952       0.2034   5.53
     8953       0.2028   5.53
     8954       0.2033   5.53
     8955       0.2027   5.53
     8956       0.2028   5.53
     8957       0.2035   5.53
     8958       0.2028   5.53
     8959       0.2034   5.53
     8960       0.2028   5.53
     8961       0.2028   5.53
     8962       0.2034   5.53
     8963       0.2028   5.53
     8964       0.2034   5.53
     8965       0.2028   5.53
     8966       0.2027   5.53
     8967       0.2033   5.53
     8968       0.2027   5.53
     8969       0.2034   5.53
     8970       0.2028   5.53
     8971       0.2027   5.53
     8972       0.2034   5.53
     8973       0.2027   5.53
     8974       0.2041   5.53
     8975       0.2027   5.53
     8976       0.2033   5.53
     8977       0.2028   5.53
     8978       0.2028   5.53
     8979       0.2034   5.53
     8980       0.2028   5.53
     8981       0.2034   5.53
     8982       0.2028   5.53
     8983       0.2028   5.53
     8984       0.2034   5.53
     8985       0.2028   5.53
     8986       0.2033   5.53
     8987       0.2028   5.53
     8988       0.2028   5.53
     8989       0.2034   5.53
     8990       0.2027   5.53
     8991       0.2033   5.53
     8992       0.2027   5.53
     8993       0.2027   5.53
     8994       0.2033   5.53
     8995       0.2028   5.53
     8996       0.2031   5.53
     8997       0.2028   5.53
     8998       0.2029   5.53
     8999       0.2033   5.53
     9000       0.2028   5.53
     9001       0.2034   5.53
     9002       0.2027   5.53
     9003       0.2034   5.53
     9004       0.2029   5.53
     9005       0.2028   5.53
     9006       0.2034   5.53
     9007       0.2027   5.53
     9008       0.2034   5.53
     9009       0.2026   5.53
     9010       0.2028   5.53
     9011       0.2034   5.53
     9012       0.2027   5.53
     9013       0.2038   5.53
     9014       0.2028   5.53
     9015       0.2027   5.53
     9016       0.2036   5.53
     9017       0.2028   5.53
     9018       0.2036   5.53
     9019       0.2028   5.53
     9020       0.2027   5.53
     9021       0.2035   5.53
     9022       0.2028   5.53
     9023       0.2035   5.53
     9024       0.2028   5.53
     9025       0.2034   5.53
     9026       0.2028   5.53
     9027       0.2028   5.53
     9028       0.2033   5.53
     9029       0.2028   5.53
     9030       0.2034   5.53
     9031       0.2028   5.53
     9032       0.2028   5.53
     9033       0.2033   5.53
     9034       0.2027   5.53
     9035       0.2033   5.53
     9036       0.2028   5.53
     9037       0.2028   5.53
     9038       0.2034   5.53
     9039       0.2028   5.53
     9040       0.2034   5.53
     9041       0.2027   5.53
     9042       0.2028   5.53
     9043       0.2035   5.53
     9044       0.2027   5.53
     9045       0.2032   5.53
     9046       0.2028   5.53
     9047       0.2028   5.53
     9048       0.2035   5.53
     9049       0.2027   5.53
     9050       0.2033   5.53
     9051       0.2027   5.53
     9052       0.2034   5.53
     9053       0.2028   5.53
     9054       0.2028   5.53
     9055       0.2032   5.53
     9056       0.2027   5.53
     9057       0.2035   5.53
     9058       0.2028   5.53
     9059       0.2028   5.53
     9060       0.2033   5.53
     9061       0.2028   5.53
     9062       0.2034   5.53
     9063       0.2027   5.53
     9064       0.2028   5.53
     9065       0.2034   5.53
     9066       0.2027   5.53
     9067       0.2035   5.53
     9068       0.2027   5.53
     9069       0.2028   5.53
     9070       0.2034   5.53
     9071       0.2028   5.53
     9072       0.2034   5.53
     9073       0.2028   5.53
     9074       0.2029   5.53
     9075       0.2032   5.53
     9076       0.2028   5.53
     9077       0.2035   5.53
     9078       0.2028   5.53
     9079       0.2036   5.53
     9080       0.2027   5.53
     9081       0.2027   5.53
     9082       0.2033   5.53
     9083       0.2027   5.53
     9084       0.2032   5.53
     9085       0.2027   5.53
     9086       0.2027   5.53
     9087       0.2034   5.53
     9088       0.2028   5.53
     9089       0.2033   5.53
     9090       0.2028   5.53
     9091       0.2028   5.53
     9092       0.2035   5.53
     9093       0.2028   5.53
     9094       0.2034   5.53
     9095       0.2028   5.53
     9096       0.2028   5.53
     9097       0.2034   5.53
     9098       0.2028   5.53
     9099       0.2034   5.53
     9100       0.2027   5.53
     9101       0.2034   5.53
     9102       0.2028   5.53
     9103       0.2029   5.53
     9104       0.2034   5.53
     9105       0.2028   5.53
     9106       0.2034   5.53
     9107       0.2028   5.53
     9108       0.2028   5.53
     9109       0.2034   5.53
     9110       0.2028   5.53
     9111       0.2034   5.53
     9112       0.2027   5.53
     9113       0.2028   5.53
     9114       0.2033   5.53
     9115       0.2028   5.53
     9116       0.2035   5.53
     9117       0.2028   5.53
     9118       0.2028   5.53
     9119       0.2034   5.53
     9120       0.2028   5.53
     9121       0.2034   5.53
     9122       0.2028   5.53
     9123       0.2028   5.53
     9124       0.2035   5.53
     9125       0.2027   5.53
     9126       0.2034   5.53
     9127       0.2027   5.53
     9128       0.2036   5.53
     9129       0.2027   5.53
     9130       0.2028   5.53
     9131       0.2044   5.53
     9132       0.2029   5.53
     9133       0.2034   5.53
     9134       0.2029   5.53
     9135       0.2028   5.53
     9136       0.2034   5.53
     9137       0.2028   5.53
     9138       0.2036   5.53
     9139       0.2028   5.53
     9140       0.2027   5.53
     9141       0.2034   5.53
     9142       0.2028   5.53
     9143       0.2033   5.53
     9144       0.2028   5.53
     9145       0.2029   5.53
     9146       0.2034   5.53
     9147       0.2028   5.53
     9148       0.2034   5.53
     9149       0.2029   5.53
     9150       0.2036   5.53
     9151       0.2029   5.52
     9152       0.2027   5.52
     9153       0.2034   5.52
     9154       0.2027   5.53
     9155       0.2034   5.53
     9156       0.2028   5.53
     9157       0.2028   5.53
     9158       0.2033   5.53
     9159       0.2028   5.53
     9160       0.2034   5.53
     9161       0.2028   5.53
     9162       0.2028   5.53
     9163       0.2033   5.53
     9164       0.2027   5.53
     9165       0.2033   5.53
     9166       0.2027   5.53
     9167       0.2028   5.53
     9168       0.2034   5.53
     9169       0.2028   5.53
     9170       0.2034   5.53
     9171       0.2028   5.53
     9172       0.2029   5.53
     9173       0.2033   5.53
     9174       0.2028   5.53
     9175       0.2034   5.53
     9176       0.2028   5.53
     9177       0.2035   5.53
     9178       0.2027   5.53
     9179       0.2029   5.53
     9180       0.2034   5.53
     9181       0.2028   5.53
     9182       0.2034   5.53
     9183       0.2028   5.53
     9184       0.2027   5.53
     9185       0.2035   5.53
     9186       0.2028   5.53
     9187       0.2036   5.53
     9188       0.2028   5.53
     9189       0.2028   5.53
     9190       0.2036   5.53
     9191       0.2028   5.53
     9192       0.2038   5.53
     9193       0.2027   5.53
     9194       0.2027   5.53
     9195       0.2034   5.53
     9196       0.2028   5.53
     9197       0.2036   5.53
     9198       0.2028   5.53
     9199       0.2027   5.53
     9200       0.2034   5.53
     9201       0.2029   5.53
     9202       0.2033   5.53
     9203       0.2028   5.53
     9204       0.2033   5.53
     9205       0.2027   5.53
     9206       0.2028   5.53
     9207       0.2034   5.53
     9208       0.2028   5.53
     9209       0.2035   5.53
     9210       0.2028   5.53
     9211       0.2028   5.53
     9212       0.2034   5.53
     9213       0.2028   5.53
     9214       0.2035   5.53
     9215       0.2028   5.53
     9216       0.2027   5.53
     9217       0.2033   5.53
     9218       0.2027   5.53
     9219       0.2033   5.53
     9220       0.2028   5.53
     9221       0.2028   5.53
     9222       0.2033   5.53
     9223       0.2028   5.53
     9224       0.2033   5.53
     9225       0.2027   5.53
     9226       0.2034   5.53
     9227       0.2027   5.53
     9228       0.2028   5.53
     9229       0.2033   5.53
     9230       0.2028   5.53
     9231       0.2033   5.53
     9232       0.2028   5.53
     9233       0.2028   5.53
     9234       0.2033   5.53
     9235       0.2027   5.53
     9236       0.2034   5.53
     9237       0.2028   5.53
     9238       0.2028   5.53
     9239       0.2034   5.53
     9240       0.2028   5.53
     9241       0.2033   5.53
     9242       0.2028   5.53
     9243       0.2029   5.53
     9244       0.2034   5.53
     9245       0.2028   5.53
     9246       0.2033   5.53
     9247       0.2028   5.53
     9248       0.2030   5.53
     9249       0.2037   5.53
     9250       0.2028   5.53
     9251       0.2034   5.53
     9252       0.2028   5.53
     9253       0.2034   5.53
     9254       0.2027   5.53
     9255       0.2026   5.53
     9256       0.2034   5.53
     9257       0.2027   5.53
     9258       0.2035   5.53
     9259       0.2027   5.53
     9260       0.2029   5.53
     9261       0.2035   5.53
     9262       0.2028   5.53
     9263       0.2033   5.53
     9264       0.2027   5.53
     9265       0.2027   5.53
     9266       0.2033   5.53
     9267       0.2027   5.53
     9268       0.2034   5.53
     9269       0.2027   5.53
     9270       0.2029   5.53
     9271       0.2033   5.53
     9272       0.2028   5.53
     9273       0.2033   5.53
     9274       0.2028   5.53
     9275       0.2028   5.53
     9276       0.2032   5.53
     9277       0.2028   5.53
     9278       0.2034   5.53
     9279       0.2028   5.53
     9280       0.2034   5.53
     9281       0.2028   5.53
     9282       0.2027   5.53
     9283       0.2034   5.53
     9284       0.2027   5.53
     9285       0.2034   5.53
     9286       0.2028   5.53
     9287       0.2028   5.53
     9288       0.2048   5.53
     9289       0.2027   5.53
     9290       0.2034   5.53
     9291       0.2028   5.53
     9292       0.2028   5.53
     9293       0.2034   5.53
     9294       0.2027   5.53
     9295       0.2033   5.53
     9296       0.2028   5.53
     9297       0.2026   5.53
     9298       0.2033   5.53
     9299       0.2028   5.53
     9300       0.2035   5.53
     9301       0.2028   5.53
     9302       0.2034   5.53
     9303       0.2028   5.53
     9304       0.2028   5.53
     9305       0.2034   5.53
     9306       0.2027   5.53
     9307       0.2036   5.53
     9308       0.2028   5.53
     9309       0.2029   5.53
     9310       0.2037   5.53
     9311       0.2028   5.53
     9312       0.2034   5.53
     9313       0.2027   5.53
     9314       0.2028   5.53
     9315       0.2034   5.53
     9316       0.2028   5.53
     9317       0.2034   5.53
     9318       0.2028   5.53
     9319       0.2028   5.53
     9320       0.2034   5.53
     9321       0.2028   5.53
     9322       0.2034   5.53
     9323       0.2028   5.53
     9324       0.2027   5.53
     9325       0.2034   5.53
     9326       0.2028   5.53
     9327       0.2034   5.53
     9328       0.2028   5.53
     9329       0.2034   5.53
     9330       0.2027   5.53
     9331       0.2028   5.53
     9332       0.2033   5.53
     9333       0.2028   5.53
     9334       0.2034   5.53
     9335       0.2029   5.53
     9336       0.2028   5.53
     9337       0.2034   5.53
     9338       0.2027   5.53
     9339       0.2123   5.53
     9340       0.2028   5.53
     9341       0.2027   5.53
     9342       0.2035   5.53
     9343       0.2028   5.53
     9344       0.2034   5.53
     9345       0.2027   5.53
     9346       0.2028   5.53
     9347       0.2034   5.53
     9348       0.2027   5.53
     9349       0.2032   5.53
     9350       0.2027   5.53
     9351       0.2034   5.53
     9352       0.2028   5.53
     9353       0.2028   5.53
     9354       0.2034   5.53
     9355       0.2028   5.53
     9356       0.2033   5.53
     9357       0.2028   5.53
     9358       0.2028   5.53
     9359       0.2035   5.53
     9360       0.2028   5.53
     9361       0.2033   5.53
     9362       0.2027   5.53
     9363       0.2028   5.53
     9364       0.2035   5.53
     9365       0.2029   5.53
     9366       0.2033   5.53
     9367       0.2027   5.53
     9368       0.2027   5.53
     9369       0.2035   5.53
     9370       0.2027   5.53
     9371       0.2034   5.53
     9372       0.2028   5.53
     9373       0.2028   5.53
     9374       0.2034   5.53
     9375       0.2028   5.53
     9376       0.2034   5.53
     9377       0.2028   5.53
     9378       0.2035   5.53
     9379       0.2027   5.53
     9380       0.2028   5.53
     9381       0.2035   5.53
     9382       0.2028   5.53
     9383       0.2035   5.53
     9384       0.2028   5.53
     9385       0.2028   5.53
     9386       0.2034   5.53
     9387       0.2028   5.53
     9388       0.2035   5.53
     9389       0.2028   5.53
     9390       0.2028   5.53
     9391       0.2034   5.53
     9392       0.2028   5.53
     9393       0.2034   5.53
     9394       0.2028   5.53
     9395       0.2029   5.53
     9396       0.2034   5.53
     9397       0.2028   5.53
     9398       0.2034   5.53
     9399       0.2027   5.53
     9400       0.2034   5.53
     9401       0.2027   5.53
     9402       0.2028   5.53
     9403       0.2035   5.53
     9404       0.2029   5.53
     9405       0.2034   5.53
     9406       0.2027   5.53
     9407       0.2028   5.53
     9408       0.2032   5.53
     9409       0.2029   5.53
     9410       0.2034   5.53
     9411       0.2028   5.53
     9412       0.2028   5.53
     9413       0.2034   5.53
     9414       0.2028   5.53
     9415       0.2034   5.53
     9416       0.2027   5.53
     9417       0.2028   5.53
     9418       0.2034   5.53
     9419       0.2028   5.53
     9420       0.2034   5.53
     9421       0.2028   5.53
     9422       0.2028   5.53
     9423       0.2035   5.53
     9424       0.2028   5.53
     9425       0.2034   5.53
     9426       0.2029   5.53
     9427       0.2036   5.53
     9428       0.2028   5.53
     9429       0.2028   5.53
     9430       0.2034   5.53
     9431       0.2028   5.53
     9432       0.2034   5.53
     9433       0.2028   5.53
     9434       0.2028   5.53
     9435       0.2033   5.53
     9436       0.2028   5.53
     9437       0.2035   5.53
     9438       0.2027   5.53
     9439       0.2028   5.53
     9440       0.2034   5.53
     9441       0.2027   5.53
     9442       0.2033   5.53
     9443       0.2028   5.53
     9444       0.2027   5.53
     9445       0.2038   5.53
     9446       0.2028   5.53
     9447       0.2033   5.53
     9448       0.2028   5.53
     9449       0.2028   5.53
     9450       0.2032   5.53
     9451       0.2028   5.53
     9452       0.2034   5.53
     9453       0.2028   5.53
     9454       0.2034   5.53
     9455       0.2027   5.53
     9456       0.2028   5.53
     9457       0.2034   5.53
     9458       0.2029   5.53
     9459       0.2035   5.53
     9460       0.2028   5.53
     9461       0.2028   5.53
     9462       0.2034   5.53
     9463       0.2028   5.53
     9464       0.2035   5.53
     9465       0.2028   5.53
     9466       0.2029   5.53
     9467       0.2034   5.53
     9468       0.2028   5.53
     9469       0.2033   5.53
     9470       0.2027   5.53
     9471       0.2028   5.53
     9472       0.2034   5.53
     9473       0.2029   5.53
     9474       0.2034   5.53
     9475       0.2028   5.53
     9476       0.2034   5.53
     9477       0.2028   5.53
     9478       0.2028   5.53
     9479       0.2034   5.53
     9480       0.2028   5.53
     9481       0.2034   5.53
     9482       0.2028   5.53
     9483       0.2027   5.53
     9484       0.2035   5.53
     9485       0.2028   5.53
     9486       0.2033   5.53
     9487       0.2027   5.53
     9488       0.2028   5.53
     9489       0.2035   5.53
     9490       0.2027   5.53
     9491       0.2035   5.53
     9492       0.2028   5.53
     9493       0.2029   5.53
     9494       0.2034   5.53
     9495       0.2027   5.53
     9496       0.2034   5.53
     9497       0.2027   5.53
     9498       0.2028   5.53
     9499       0.2036   5.53
     9500       0.2029   5.53
     9501       0.2035   5.53
     9502       0.2028   5.53
     9503       0.2033   5.53
     9504       0.2028   5.53
     9505       0.2028   5.53
     9506       0.2035   5.53
     9507       0.2029   5.53
     9508       0.2034   5.53
     9509       0.2029   5.53
     9510       0.2028   5.53
     9511       0.2034   5.53
     9512       0.2028   5.53
     9513       0.2034   5.53
     9514       0.2027   5.53
     9515       0.2028   5.53
     9516       0.2034   5.53
     9517       0.2028   5.53
     9518       0.2034   5.53
     9519       0.2027   5.53
     9520       0.2027   5.53
     9521       0.2033   5.53
     9522       0.2027   5.53
     9523       0.2034   5.53
     9524       0.2027   5.53
     9525       0.2029   5.53
     9526       0.2032   5.53
     9527       0.2027   5.53
     9528       0.2033   5.53
     9529       0.2028   5.53
     9530       0.2034   5.53
     9531       0.2029   5.53
     9532       0.2027   5.53
     9533       0.2033   5.53
     9534       0.2028   5.53
     9535       0.2034   5.53
     9536       0.2028   5.53
     9537       0.2028   5.53
     9538       0.2033   5.53
     9539       0.2028   5.53
     9540       0.2034   5.53
     9541       0.2028   5.53
     9542       0.2027   5.53
     9543       0.2034   5.53
     9544       0.2028   5.53
     9545       0.2033   5.53
     9546       0.2027   5.53
     9547       0.2028   5.53
     9548       0.2034   5.53
     9549       0.2028   5.53
     9550       0.2034   5.53
     9551       0.2027   5.53
     9552       0.2034   5.53
     9553       0.2028   5.53
     9554       0.2027   5.53
     9555       0.2033   5.53
     9556       0.2027   5.53
     9557       0.2034   5.53
     9558       0.2026   5.53
     9559       0.2027   5.53
     9560       0.2036   5.53
     9561       0.2029   5.53
     9562       0.2033   5.53
     9563       0.2027   5.53
     9564       0.2028   5.53
     9565       0.2034   5.53
     9566       0.2029   5.53
     9567       0.2034   5.53
     9568       0.2027   5.53
     9569       0.2028   5.53
     9570       0.2034   5.53
     9571       0.2027   5.53
     9572       0.2034   5.53
     9573       0.2027   5.53
     9574       0.2028   5.53
     9575       0.2034   5.53
     9576       0.2028   5.53
     9577       0.2034   5.53
     9578       0.2028   5.53
     9579       0.2034   5.53
     9580       0.2028   5.53
     9581       0.2029   5.53
     9582       0.2035   5.53
     9583       0.2027   5.53
     9584       0.2033   5.53
     9585       0.2028   5.53
     9586       0.2027   5.53
     9587       0.2034   5.53
     9588       0.2028   5.53
     9589       0.2034   5.53
     9590       0.2028   5.53
     9591       0.2028   5.53
     9592       0.2034   5.53
     9593       0.2028   5.53
     9594       0.2033   5.53
     9595       0.2028   5.53
     9596       0.2027   5.53
     9597       0.2034   5.53
     9598       0.2027   5.53
     9599       0.2034   5.53
     9600       0.2028   5.53
     9601       0.2029   5.53
     9602       0.2033   5.53
     9603       0.2028   5.53
     9604       0.2033   5.53
     9605       0.2027   5.53
     9606       0.2035   5.53
     9607       0.2027   5.53
     9608       0.2028   5.53
     9609       0.2035   5.53
     9610       0.2029   5.53
     9611       0.2034   5.53
     9612       0.2028   5.53
     9613       0.2028   5.53
     9614       0.2034   5.53
     9615       0.2028   5.53
     9616       0.2035   5.53
     9617       0.2028   5.53
     9618       0.2028   5.53
     9619       0.2034   5.53
     9620       0.2028   5.53
     9621       0.2034   5.53
     9622       0.2028   5.53
     9623       0.2029   5.53
     9624       0.2033   5.53
     9625       0.2028   5.53
     9626       0.2035   5.53
     9627       0.2027   5.53
     9628       0.2034   5.53
     9629       0.2028   5.53
     9630       0.2027   5.53
     9631       0.2034   5.53
     9632       0.2028   5.53
     9633       0.2033   5.53
     9634       0.2029   5.53
     9635       0.2028   5.53
     9636       0.2034   5.53
     9637       0.2028   5.53
     9638       0.2034   5.53
     9639       0.2028   5.53
     9640       0.2027   5.53
     9641       0.2034   5.53
     9642       0.2028   5.53
     9643       0.2034   5.53
     9644       0.2028   5.53
     9645       0.2028   5.53
     9646       0.2033   5.53
     9647       0.2028   5.53
     9648       0.2034   5.53
     9649       0.2028   5.53
     9650       0.2028   5.53
     9651       0.2034   5.53
     9652       0.2028   5.53
     9653       0.2034   5.53
     9654       0.2028   5.53
     9655       0.2033   5.53
     9656       0.2027   5.53
     9657       0.2027   5.53
     9658       0.2033   5.53
     9659       0.2026   5.53
     9660       0.2036   5.53
     9661       0.2028   5.53
     9662       0.2028   5.53
     9663       0.2033   5.53
     9664       0.2027   5.53
     9665       0.2033   5.53
     9666       0.2027   5.53
     9667       0.2028   5.53
     9668       0.2035   5.53
     9669       0.2028   5.53
     9670       0.2034   5.53
     9671       0.2026   5.53
     9672       0.2027   5.53
     9673       0.2034   5.53
     9674       0.2028   5.53
     9675       0.2034   5.53
     9676       0.2028   5.53
     9677       0.2030   5.53
     9678       0.2034   5.53
     9679       0.2028   5.53
     9680       0.2035   5.53
     9681       0.2027   5.53
     9682       0.2034   5.53
     9683       0.2027   5.53
     9684       0.2027   5.53
     9685       0.2033   5.53
     9686       0.2029   5.53
     9687       0.2033   5.53
     9688       0.2027   5.53
     9689       0.2028   5.53
     9690       0.2033   5.53
     9691       0.2027   5.53
     9692       0.2034   5.53
     9693       0.2029   5.53
     9694       0.2029   5.53
     9695       0.2034   5.53
     9696       0.2029   5.53
     9697       0.2035   5.53
     9698       0.2028   5.53
     9699       0.2028   5.53
     9700       0.2036   5.53
     9701       0.2029   5.53
     9702       0.2036   5.53
     9703       0.2027   5.53
     9704       0.2034   5.53
     9705       0.2027   5.53
     9706       0.2028   5.53
     9707       0.2033   5.53
     9708       0.2028   5.53
     9709       0.2032   5.53
     9710       0.2026   5.53
     9711       0.2027   5.53
     9712       0.2034   5.53
     9713       0.2028   5.53
     9714       0.2035   5.53
     9715       0.2028   5.53
     9716       0.2028   5.53
     9717       0.2034   5.53
     9718       0.2028   5.53
     9719       0.2034   5.53
     9720       0.2028   5.53
     9721       0.2028   5.53
     9722       0.2034   5.53
     9723       0.2028   5.53
     9724       0.2034   5.53
     9725       0.2028   5.53
     9726       0.2028   5.53
     9727       0.2036   5.53
     9728       0.2029   5.53
     9729       0.2035   5.53
     9730       0.2028   5.53
     9731       0.2034   5.53
     9732       0.2028   5.53
     9733       0.2028   5.53
     9734       0.2034   5.53
     9735       0.2028   5.53
     9736       0.2036   5.53
     9737       0.2027   5.53
     9738       0.2028   5.53
     9739       0.2035   5.53
     9740       0.2028   5.53
     9741       0.2033   5.53
     9742       0.2028   5.53
     9743       0.2027   5.53
     9744       0.2035   5.53
     9745       0.2028   5.53
     9746       0.2034   5.53
     9747       0.2029   5.53
     9748       0.2027   5.53
     9749       0.2034   5.53
     9750       0.2028   5.53
     9751       0.2034   5.53
     9752       0.2028   5.53
     9753       0.2029   5.53
     9754       0.2028   5.53
     9755       0.2029   5.53
     9756       0.2033   5.53
     9757       0.2028   5.53
     9758       0.2034   5.53
     9759       0.2028   5.53
     9760       0.2028   5.53
     9761       0.2034   5.53
     9762       0.2027   5.53
     9763       0.2034   5.53
     9764       0.2028   5.53
     9765       0.2027   5.53
     9766       0.2034   5.53
     9767       0.2028   5.53
     9768       0.2034   5.53
     9769       0.2029   5.53
     9770       0.2028   5.53
     9771       0.2034   5.53
     9772       0.2028   5.53
     9773       0.2034   5.53
     9774       0.2028   5.53
     9775       0.2027   5.53
     9776       0.2033   5.53
     9777       0.2028   5.53
     9778       0.2034   5.53
     9779       0.2027   5.53
     9780       0.2034   5.53
     9781       0.2029   5.53
     9782       0.2028   5.53
     9783       0.2034   5.53
     9784       0.2028   5.53
     9785       0.2034   5.53
     9786       0.2028   5.53
     9787       0.2028   5.53
     9788       0.2035   5.53
     9789       0.2027   5.53
     9790       0.2034   5.53
     9791       0.2028   5.53
     9792       0.2028   5.53
     9793       0.2035   5.53
     9794       0.2028   5.53
     9795       0.2034   5.53
     9796       0.2027   5.53
     9797       0.2028   5.53
     9798       0.2035   5.53
     9799       0.2027   5.53
     9800       0.2035   5.53
     9801       0.2028   5.53
     9802       0.2028   5.53
     9803       0.2033   5.53
     9804       0.2028   5.53
     9805       0.2034   5.53
     9806       0.2028   5.53
     9807       0.2033   5.53
     9808       0.2028   5.53
     9809       0.2028   5.53
     9810       0.2033   5.53
     9811       0.2028   5.53
     9812       0.2034   5.53
     9813       0.2027   5.53
     9814       0.2028   5.53
     9815       0.2035   5.53
     9816       0.2027   5.53
     9817       0.2035   5.53
     9818       0.2028   5.53
     9819       0.2028   5.53
     9820       0.2034   5.53
     9821       0.2029   5.53
     9822       0.2034   5.53
     9823       0.2028   5.53
     9824       0.2028   5.53
     9825       0.2035   5.53
     9826       0.2028   5.53
     9827       0.2034   5.53
     9828       0.2028   5.53
     9829       0.2126   5.53
     9830       0.2027   5.53
     9831       0.2027   5.53
     9832       0.2035   5.53
     9833       0.2027   5.53
     9834       0.2034   5.53
     9835       0.2028   5.53
     9836       0.2029   5.53
     9837       0.2035   5.53
     9838       0.2027   5.53
     9839       0.2034   5.53
     9840       0.2027   5.53
     9841       0.2028   5.53
     9842       0.2033   5.53
     9843       0.2027   5.53
     9844       0.2033   5.53
     9845       0.2027   5.53
     9846       0.2028   5.53
     9847       0.2035   5.53
     9848       0.2027   5.53
     9849       0.2034   5.53
     9850       0.2028   5.53
     9851       0.2029   5.53
     9852       0.2031   5.53
     9853       0.2027   5.53
     9854       0.2033   5.53
     9855       0.2028   5.53
     9856       0.2035   5.53
     9857       0.2027   5.53
     9858       0.2028   5.53
     9859       0.2035   5.53
     9860       0.2028   5.53
     9861       0.2034   5.53
     9862       0.2028   5.53
     9863       0.2028   5.53
     9864       0.2034   5.53
     9865       0.2027   5.53
     9866       0.2035   5.53
     9867       0.2027   5.53
     9868       0.2027   5.53
     9869       0.2035   5.53
     9870       0.2028   5.53
     9871       0.2034   5.53
     9872       0.2028   5.53
     9873       0.2027   5.53
     9874       0.2034   5.53
     9875       0.2028   5.53
     9876       0.2034   5.53
     9877       0.2027   5.53
     9878       0.2033   5.53
     9879       0.2027   5.53
     9880       0.2028   5.53
     9881       0.2034   5.53
     9882       0.2029   5.53
     9883       0.2033   5.53
     9884       0.2028   5.53
     9885       0.2028   5.53
     9886       0.2033   5.53
     9887       0.2028   5.53
     9888       0.2033   5.53
     9889       0.2027   5.53
     9890       0.2028   5.53
     9891       0.2033   5.53
     9892       0.2028   5.53
     9893       0.2034   5.53
     9894       0.2027   5.53
     9895       0.2028   5.53
     9896       0.2034   5.53
     9897       0.2027   5.53
     9898       0.2034   5.53
     9899       0.2027   5.53
     9900       0.2028   5.53
     9901       0.2034   5.53
     9902       0.2028   5.53
     9903       0.2033   5.53
     9904       0.2027   5.53
     9905       0.2033   5.53
     9906       0.2028   5.53
     9907       0.2027   5.53
     9908       0.2034   5.53
     9909       0.2027   5.53
     9910       0.2034   5.53
     9911       0.2027   5.53
     9912       0.2028   5.53
     9913       0.2034   5.53
     9914       0.2028   5.53
     9915       0.2033   5.53
     9916       0.2028   5.53
     9917       0.2027   5.53
     9918       0.2033   5.53
     9919       0.2027   5.53
     9920       0.2034   5.53
     9921       0.2028   5.53
     9922       0.2028   5.53
     9923       0.2034   5.53
     9924       0.2028   5.53
     9925       0.2033   5.53
     9926       0.2028   5.53
     9927       0.2029   5.53
     9928       0.2032   5.53
     9929       0.2028   5.53
     9930       0.2034   5.53
     9931       0.2028   5.53
     9932       0.2035   5.53
     9933       0.2028   5.53
     9934       0.2027   5.53
     9935       0.2034   5.53
     9936       0.2028   5.53
     9937       0.2034   5.53
     9938       0.2028   5.53
     9939       0.2028   5.53
     9940       0.2035   5.53
     9941       0.2028   5.53
     9942       0.2034   5.53
     9943       0.2028   5.53
     9944       0.2029   5.53
     9945       0.2034   5.53
     9946       0.2028   5.53
     9947       0.2034   5.53
     9948       0.2028   5.53
     9949       0.2028   5.53
     9950       0.2033   5.53
     9951       0.2027   5.53
     9952       0.2034   5.53
     9953       0.2027   5.53
     9954       0.2033   5.53
     9955       0.2027   5.53
     9956       0.2027   5.53
     9957       0.2034   5.53
     9958       0.2028   5.53
     9959       0.2034   5.53
     9960       0.2028   5.53
     9961       0.2028   5.53
     9962       0.2033   5.53
     9963       0.2028   5.53
     9964       0.2034   5.53
     9965       0.2028   5.53
     9966       0.2028   5.53
     9967       0.2035   5.53
     9968       0.2028   5.53
     9969       0.2035   5.53
     9970       0.2027   5.53
     9971       0.2028   5.53
     9972       0.2034   5.53
     9973       0.2027   5.53
     9974       0.2034   5.53
     9975       0.2028   5.53
     9976       0.2028   5.53
     9977       0.2035   5.53
     9978       0.2027   5.53
     9979       0.2035   5.53
     9980       0.2027   5.53
     9981       0.2034   5.53
     9982       0.2027   5.53
     9983       0.2028   5.53
     9984       0.2035   5.53
     9985       0.2028   5.53
     9986       0.2034   5.53
     9987       0.2028   5.53
     9988       0.2028   5.53
     9989       0.2033   5.53
     9990       0.2027   5.53
     9991       0.2034   5.53
     9992       0.2028   5.53
     9993       0.2028   5.53
     9994       0.2034   5.53
     9995       0.2028   5.53
     9996       0.2034   5.53
     9997       0.2028   5.53
     9998       0.2028   5.53
     9999       0.2037   5.53
    10000       0.2031   5.53
    10001       0.2036   5.53
    10002       0.2031   5.52
    10003       0.2032   5.52
    10004       0.2032   5.52
    10005       0.2027   5.52
    10006       0.2035   5.52
    10007       0.2028   5.53
    10008       0.2034   5.53
    10009       0.2028   5.53
    10010       0.2028   5.53
    10011       0.2035   5.53
    10012       0.2028   5.53
    10013       0.2034   5.53
    10014       0.2028   5.53
    10015       0.2028   5.53
    10016       0.2034   5.53
    10017       0.2027   5.53
    10018       0.2034   5.53
    10019       0.2027   5.53
    10020       0.2027   5.53
    10021       0.2034   5.53
    10022       0.2029   5.53
    10023       0.2034   5.53
    10024       0.2028   5.53
    10025       0.2028   5.53
    10026       0.2035   5.53
    10027       0.2028   5.53
    10028       0.2035   5.53
    10029       0.2028   5.53
    10030       0.2034   5.53
    10031       0.2027   5.53
    10032       0.2027   5.53
    10033       0.2034   5.53
    10034       0.2028   5.53
    10035       0.2035   5.53
    10036       0.2028   5.53
    10037       0.2028   5.53
    10038       0.2035   5.53
    10039       0.2027   5.53
    10040       0.2034   5.53
    10041       0.2028   5.53
    10042       0.2028   5.53
    10043       0.2033   5.53
    10044       0.2027   5.53
    10045       0.2033   5.53
    10046       0.2028   5.53
    10047       0.2027   5.53
    10048       0.2033   5.53
    10049       0.2028   5.53
    10050       0.2034   5.53
    10051       0.2027   5.53
    10052       0.2028   5.53
    10053       0.2033   5.53
    10054       0.2028   5.53
    10055       0.2034   5.53
    10056       0.2027   5.53
    10057       0.2035   5.53
    10058       0.2027   5.53
    10059       0.2027   5.53
    10060       0.2034   5.53
    10061       0.2028   5.53
    10062       0.2034   5.53
    10063       0.2028   5.53
    10064       0.2028   5.53
    10065       0.2034   5.53
    10066       0.2028   5.53
    10067       0.2034   5.53
    10068       0.2028   5.53
    10069       0.2027   5.53
    10070       0.2034   5.53
    10071       0.2028   5.53
    10072       0.2034   5.53
    10073       0.2028   5.53
    10074       0.2028   5.53
    10075       0.2033   5.53
    10076       0.2028   5.53
    10077       0.2036   5.53
    10078       0.2029   5.53
    10079       0.2030   5.53
    10080       0.2027   5.53
    10081       0.2028   5.53
    10082       0.2034   5.53
    10083       0.2028   5.53
    10084       0.2033   5.53
    10085       0.2028   5.53
    10086       0.2027   5.53
    10087       0.2035   5.53
    10088       0.2027   5.53
    10089       0.2034   5.53
    10090       0.2028   5.53
    10091       0.2028   5.53
    10092       0.2034   5.53
    10093       0.2027   5.53
    10094       0.2034   5.53
    10095       0.2028   5.53
    10096       0.2029   5.53
    10097       0.2036   5.53
    10098       0.2028   5.53
    10099       0.2035   5.53
    10100       0.2028   5.53
    10101       0.2028   5.53
    10102       0.2034   5.53
    10103       0.2028   5.53
    10104       0.2034   5.53
    10105       0.2027   5.53
    10106       0.2033   5.53
    10107       0.2027   5.53
    10108       0.2027   5.53
    10109       0.2033   5.53
    10110       0.2027   5.53
    10111       0.2034   5.53
    10112       0.2028   5.53
    10113       0.2027   5.53
    10114       0.2034   5.53
    10115       0.2028   5.53
    10116       0.2034   5.53
    10117       0.2028   5.53
    10118       0.2028   5.53
    10119       0.2034   5.53
    10120       0.2027   5.53
    10121       0.2034   5.53
    10122       0.2028   5.53
    10123       0.2028   5.53
    10124       0.2035   5.53
    10125       0.2028   5.53
    10126       0.2033   5.53
    10127       0.2027   5.53
    10128       0.2027   5.53
    10129       0.2034   5.53
    10130       0.2028   5.53
    10131       0.2034   5.53
    10132       0.2028   5.53
    10133       0.2034   5.53
    10134       0.2028   5.53
    10135       0.2028   5.53
    10136       0.2033   5.53
    10137       0.2028   5.53
    10138       0.2035   5.53
    10139       0.2027   5.53
    10140       0.2027   5.53
    10141       0.2034   5.53
    10142       0.2027   5.53
    10143       0.2034   5.53
    10144       0.2028   5.53
    10145       0.2027   5.53
    10146       0.2033   5.53
    10147       0.2028   5.53
    10148       0.2035   5.53
    10149       0.2027   5.53
    10150       0.2028   5.53
    10151       0.2034   5.53
    10152       0.2029   5.53
    10153       0.2034   5.53
    10154       0.2028   5.53
    10155       0.2034   5.53
    10156       0.2027   5.53
    10157       0.2028   5.53
    10158       0.2035   5.53
    10159       0.2027   5.53
    10160       0.2035   5.53
    10161       0.2027   5.53
    10162       0.2028   5.53
    10163       0.2033   5.53
    10164       0.2028   5.53
    10165       0.2033   5.53
    10166       0.2028   5.53
    10167       0.2028   5.53
    10168       0.2033   5.53
    10169       0.2027   5.53
    10170       0.2033   5.53
    10171       0.2027   5.53
    10172       0.2028   5.53
    10173       0.2034   5.53
    10174       0.2028   5.53
    10175       0.2035   5.53
    10176       0.2028   5.53
    10177       0.2029   5.53
    10178       0.2034   5.53
    10179       0.2029   5.53
    10180       0.2034   5.53
    10181       0.2027   5.53
    10182       0.2035   5.53
    10183       0.2026   5.53
    10184       0.2027   5.53
    10185       0.2033   5.53
    10186       0.2027   5.53
    10187       0.2034   5.53
    10188       0.2028   5.53
    10189       0.2028   5.53
    10190       0.2034   5.53
    10191       0.2028   5.53
    10192       0.2033   5.53
    10193       0.2028   5.53
    10194       0.2027   5.53
    10195       0.2034   5.53
    10196       0.2028   5.53
    10197       0.2036   5.53
    10198       0.2028   5.53
    10199       0.2028   5.53
    10200       0.2035   5.53
    10201       0.2027   5.53
    10202       0.2034   5.53
    10203       0.2027   5.53
    10204       0.2027   5.53
    10205       0.2034   5.53
    10206       0.2028   5.53
    10207       0.2035   5.53
    10208       0.2027   5.53
    10209       0.2036   5.53
    10210       0.2027   5.53
    10211       0.2028   5.53
    10212       0.2036   5.53
    10213       0.2029   5.53
    10214       0.2033   5.53
    10215       0.2028   5.53
    10216       0.2027   5.53
    10217       0.2036   5.53
    10218       0.2028   5.53
    10219       0.2035   5.53
    10220       0.2028   5.53
    10221       0.2028   5.53
    10222       0.2034   5.53
    10223       0.2027   5.53
    10224       0.2034   5.53
    10225       0.2027   5.53
    10226       0.2027   5.53
    10227       0.2034   5.53
    10228       0.2027   5.53
    10229       0.2033   5.53
    10230       0.2028   5.53
    10231       0.2034   5.53
    10232       0.2028   5.53
    10233       0.2028   5.53
    10234       0.2034   5.53
    10235       0.2029   5.53
    10236       0.2034   5.53
    10237       0.2028   5.53
    10238       0.2028   5.53
    10239       0.2035   5.53
    10240       0.2028   5.53
    10241       0.2034   5.53
    10242       0.2028   5.53
    10243       0.2028   5.53
    10244       0.2034   5.53
    10245       0.2028   5.53
    10246       0.2034   5.53
    10247       0.2028   5.53
    10248       0.2028   5.53
    10249       0.2037   5.53
    10250       0.2027   5.53
    10251       0.2036   5.53
    10252       0.2028   5.53
    10253       0.2028   5.53
    10254       0.2034   5.53
    10255       0.2029   5.53
    10256       0.2034   5.53
    10257       0.2028   5.53
    10258       0.2036   5.53
    10259       0.2027   5.53
    10260       0.2027   5.53
    10261       0.2034   5.53
    10262       0.2029   5.53
    10263       0.2035   5.53
    10264       0.2028   5.53
    10265       0.2028   5.53
    10266       0.2034   5.53
    10267       0.2028   5.53
    10268       0.2035   5.53
    10269       0.2028   5.53
    10270       0.2028   5.53
    10271       0.2034   5.53
    10272       0.2028   5.53
    10273       0.2035   5.53
    10274       0.2028   5.53
    10275       0.2028   5.53
    10276       0.2035   5.53
    10277       0.2028   5.53
    10278       0.2038   5.53
    10279       0.2028   5.53
    10280       0.2030   5.53
    10281       0.2034   5.53
    10282       0.2028   5.53
    10283       0.2034   5.53
    10284       0.2029   5.53
    10285       0.2036   5.53
    10286       0.2029   5.53
    10287       0.2028   5.53
    10288       0.2035   5.53
    10289       0.2028   5.53
    10290       0.2035   5.53
    10291       0.2028   5.53
    10292       0.2028   5.53
    10293       0.2034   5.53
    10294       0.2028   5.53
    10295       0.2034   5.53
    10296       0.2028   5.53
    10297       0.2029   5.53
    10298       0.2034   5.53
    10299       0.2028   5.53
    10300       0.2033   5.53
    10301       0.2027   5.53
    10302       0.2028   5.53
    10303       0.2034   5.53
    10304       0.2028   5.53
    10305       0.2035   5.53
    10306       0.2028   5.53
    10307       0.2035   5.53
    10308       0.2028   5.53
    10309       0.2028   5.53
    10310       0.2035   5.53
    10311       0.2028   5.53
    10312       0.2034   5.53
    10313       0.2026   5.53
    10314       0.2029   5.53
    10315       0.2034   5.53
    10316       0.2028   5.53
    10317       0.2036   5.53
    10318       0.2029   5.53
    10319       0.2027   5.53
    10320       0.2035   5.53
    10321       0.2028   5.53
    10322       0.2034   5.53
    10323       0.2028   5.53
    10324       0.2028   5.53
    10325       0.2035   5.53
    10326       0.2028   5.53
    10327       0.2036   5.53
    10328       0.2028   5.53
    10329       0.2029   5.53
    10330       0.2034   5.53
    10331       0.2028   5.53
    10332       0.2035   5.53
    10333       0.2027   5.53
    10334       0.2034   5.53
    10335       0.2028   5.53
    10336       0.2028   5.53
    10337       0.2035   5.53
    10338       0.2028   5.53
    10339       0.2034   5.53
    10340       0.2029   5.53
    10341       0.2029   5.53
    10342       0.2035   5.53
    10343       0.2028   5.53
    10344       0.2035   5.53
    10345       0.2028   5.53
    10346       0.2027   5.53
    10347       0.2035   5.53
    10348       0.2028   5.53
    10349       0.2035   5.53
    10350       0.2028   5.53
    10351       0.2027   5.53
    10352       0.2034   5.53
    10353       0.2028   5.53
    10354       0.2034   5.53
    10355       0.2028   5.53
    10356       0.2034   5.53
    10357       0.2028   5.53
    10358       0.2028   5.53
    10359       0.2035   5.53
    10360       0.2028   5.53
    10361       0.2128   5.53
    10362       0.2027   5.53
    10363       0.2028   5.53
    10364       0.2035   5.53
    10365       0.2028   5.53
    10366       0.2035   5.53
    10367       0.2028   5.53
    10368       0.2028   5.53
    10369       0.2034   5.53
    10370       0.2028   5.53
    10371       0.2033   5.53
    10372       0.2028   5.53
    10373       0.2029   5.53
    10374       0.2034   5.53
    10375       0.2027   5.53
    10376       0.2034   5.53
    10377       0.2027   5.53
    10378       0.2029   5.53
    10379       0.2028   5.53
    10380       0.2027   5.53
    10381       0.2034   5.53
    10382       0.2027   5.53
    10383       0.2035   5.53
    10384       0.2027   5.53
    10385       0.2028   5.53
    10386       0.2034   5.53
    10387       0.2028   5.53
    10388       0.2036   5.53
    10389       0.2028   5.53
    10390       0.2029   5.53
    10391       0.2034   5.53
    10392       0.2028   5.53
    10393       0.2035   5.53
    10394       0.2028   5.53
    10395       0.2028   5.53
    10396       0.2035   5.53
    10397       0.2027   5.53
    10398       0.2034   5.53
    10399       0.2029   5.53
    10400       0.2028   5.53
    10401       0.2035   5.53
    10402       0.2028   5.53
    10403       0.2035   5.53
    10404       0.2029   5.53
    10405       0.2035   5.53
    10406       0.2028   5.53
    10407       0.2029   5.53
    10408       0.2035   5.53
    10409       0.2028   5.53
    10410       0.2035   5.53
    10411       0.2027   5.53
    10412       0.2028   5.53
    10413       0.2034   5.53
    10414       0.2028   5.53
    10415       0.2034   5.53
    10416       0.2028   5.53
    10417       0.2028   5.53
    10418       0.2035   5.53
    10419       0.2028   5.53
    10420       0.2034   5.53
    10421       0.2028   5.53
    10422       0.2028   5.53
    10423       0.2035   5.53
    10424       0.2029   5.53
    10425       0.2035   5.53
    10426       0.2028   5.53
    10427       0.2030   5.53
    10428       0.2033   5.53
    10429       0.2029   5.53
    10430       0.2035   5.53
    10431       0.2028   5.53
    10432       0.2035   5.53
    10433       0.2027   5.53
    10434       0.2028   5.53
    10435       0.2035   5.53
    10436       0.2028   5.53
    10437       0.2036   5.53
    10438       0.2028   5.53
    10439       0.2028   5.53
    10440       0.2034   5.53
    10441       0.2029   5.53
    10442       0.2035   5.53
    10443       0.2028   5.53
    10444       0.2029   5.53
    10445       0.2035   5.53
    10446       0.2027   5.53
    10447       0.2036   5.53
    10448       0.2028   5.53
    10449       0.2027   5.53
    10450       0.2035   5.53
    10451       0.2028   5.53
    10452       0.2035   5.53
    10453       0.2028   5.53
    10454       0.2035   5.53
    10455       0.2028   5.53
    10456       0.2028   5.53
    10457       0.2035   5.53
    10458       0.2028   5.53
    10459       0.2036   5.53
    10460       0.2028   5.53
    10461       0.2028   5.53
    10462       0.2035   5.53
    10463       0.2028   5.53
    10464       0.2034   5.53
    10465       0.2028   5.53
    10466       0.2028   5.53
    10467       0.2034   5.53
    10468       0.2029   5.53
    10469       0.2035   5.53
    10470       0.2028   5.53
    10471       0.2028   5.53
    10472       0.2034   5.53
    10473       0.2029   5.53
    10474       0.2034   5.53
    10475       0.2029   5.53
    10476       0.2027   5.53
    10477       0.2034   5.53
    10478       0.2028   5.53
    10479       0.2034   5.53
    10480       0.2029   5.53
    10481       0.2034   5.53
    10482       0.2029   5.53
    10483       0.2028   5.53
    10484       0.2035   5.53
    10485       0.2028   5.53
    10486       0.2033   5.53
    10487       0.2027   5.53
    10488       0.2028   5.53
    10489       0.2034   5.53
    10490       0.2028   5.53
    10491       0.2035   5.53
    10492       0.2028   5.53
    10493       0.2028   5.53
    10494       0.2035   5.53
    10495       0.2028   5.53
    10496       0.2034   5.53
    10497       0.2028   5.53
    10498       0.2029   5.53
    10499       0.2036   5.53
    10500       0.2027   5.53
    10501       0.2035   5.53
    10502       0.2027   5.53
    10503       0.2034   5.53
    10504       0.2028   5.53
    10505       0.2029   5.53
    10506       0.2035   5.53
    10507       0.2028   5.53
    10508       0.2036   5.53
    10509       0.2028   5.53
    10510       0.2029   5.53
    10511       0.2037   5.53
    10512       0.2028   5.53
    10513       0.2035   5.53
    10514       0.2029   5.53
    10515       0.2028   5.53
    10516       0.2034   5.53
    10517       0.2029   5.53
    10518       0.2035   5.53
    10519       0.2028   5.53
    10520       0.2028   5.53
    10521       0.2034   5.53
    10522       0.2028   5.53
    10523       0.2034   5.53
    10524       0.2029   5.53
    10525       0.2029   5.53
    10526       0.2034   5.53
    10527       0.2028   5.53
    10528       0.2035   5.53
    10529       0.2028   5.53
    10530       0.2034   5.53
    10531       0.2029   5.53
    10532       0.2029   5.53
    10533       0.2035   5.53
    10534       0.2027   5.53
    10535       0.2034   5.53
    10536       0.2029   5.53
    10537       0.2029   5.53
    10538       0.2034   5.53
    10539       0.2028   5.53
    10540       0.2034   5.53
    10541       0.2028   5.53
    10542       0.2029   5.53
    10543       0.2096   5.53
    10544       0.2028   5.53
    10545       0.2035   5.53
    10546       0.2028   5.53
    10547       0.2028   5.53
    10548       0.2034   5.53
    10549       0.2028   5.53
    10550       0.2034   5.53
    10551       0.2027   5.53
    10552       0.2035   5.53
    10553       0.2028   5.53
    10554       0.2028   5.53
    10555       0.2034   5.53
    10556       0.2028   5.53
    10557       0.2035   5.53
    10558       0.2027   5.53
    10559       0.2028   5.53
    10560       0.2035   5.53
    10561       0.2028   5.53
    10562       0.2034   5.53
    10563       0.2029   5.53
    10564       0.2028   5.53
    10565       0.2035   5.53
    10566       0.2028   5.53
    10567       0.2036   5.53
    10568       0.2028   5.53
    10569       0.2028   5.53
    10570       0.2036   5.53
    10571       0.2029   5.53
    10572       0.2035   5.53
    10573       0.2028   5.53
    10574       0.2027   5.53
    10575       0.2034   5.53
    10576       0.2029   5.53
    10577       0.2033   5.53
    10578       0.2029   5.53
    10579       0.2036   5.53
    10580       0.2029   5.53
    10581       0.2028   5.53
    10582       0.2035   5.53
    10583       0.2028   5.53
    10584       0.2035   5.53
    10585       0.2028   5.53
    10586       0.2028   5.53
    10587       0.2035   5.53
    10588       0.2028   5.53
    10589       0.2034   5.53
    10590       0.2028   5.53
    10591       0.2029   5.53
    10592       0.2035   5.53
    10593       0.2028   5.53
    10594       0.2034   5.53
    10595       0.2028   5.53
    10596       0.2028   5.53
    10597       0.2035   5.53
    10598       0.2028   5.53
    10599       0.2034   5.53
    10600       0.2028   5.53
    10601       0.2034   5.53
    10602       0.2029   5.53
    10603       0.2028   5.53
    10604       0.2035   5.53
    10605       0.2029   5.53
    10606       0.2035   5.53
    10607       0.2028   5.53
    10608       0.2029   5.53
    10609       0.2034   5.53
    10610       0.2028   5.53
    10611       0.2035   5.53
    10612       0.2028   5.53
    10613       0.2030   5.53
    10614       0.2037   5.53
    10615       0.2028   5.52
    10616       0.2034   5.52
    10617       0.2028   5.53
    10618       0.2027   5.53
    10619       0.2034   5.53
    10620       0.2028   5.53
    10621       0.2035   5.53
    10622       0.2028   5.53
    10623       0.2029   5.53
    10624       0.2035   5.53
    10625       0.2029   5.53
    10626       0.2034   5.53
    10627       0.2028   5.53
    10628       0.2036   5.53
    10629       0.2029   5.53
    10630       0.2028   5.53
    10631       0.2035   5.53
    10632       0.2029   5.53
    10633       0.2035   5.53
    10634       0.2028   5.53
    10635       0.2029   5.53
    10636       0.2034   5.53
    10637       0.2027   5.53
    10638       0.2034   5.53
    10639       0.2028   5.53
    10640       0.2028   5.53
    10641       0.2035   5.53
    10642       0.2028   5.53
    10643       0.2035   5.53
    10644       0.2028   5.53
    10645       0.2027   5.53
    10646       0.2034   5.53
    10647       0.2028   5.53
    10648       0.2033   5.53
    10649       0.2028   5.53
    10650       0.2029   5.53
    10651       0.2033   5.53
    10652       0.2029   5.53
    10653       0.2034   5.53
    10654       0.2028   5.53
    10655       0.2035   5.53
    10656       0.2027   5.53
    10657       0.2028   5.53
    10658       0.2035   5.53
    10659       0.2029   5.53
    10660       0.2034   5.53
    10661       0.2028   5.53
    10662       0.2029   5.53
    10663       0.2035   5.53
    10664       0.2028   5.53
    10665       0.2034   5.53
    10666       0.2028   5.53
    10667       0.2029   5.53
    10668       0.2036   5.53
    10669       0.2028   5.53
    10670       0.2035   5.53
    10671       0.2028   5.53
    10672       0.2028   5.53
    10673       0.2035   5.53
    10674       0.2028   5.53
    10675       0.2034   5.53
    10676       0.2029   5.53
    10677       0.2036   5.53
    10678       0.2028   5.53
    10679       0.2028   5.53
    10680       0.2037   5.53
    10681       0.2028   5.53
    10682       0.2035   5.53
    10683       0.2028   5.53
    10684       0.2029   5.53
    10685       0.2034   5.53
    10686       0.2028   5.53
    10687       0.2037   5.53
    10688       0.2028   5.53
    10689       0.2028   5.53
    10690       0.2036   5.53
    10691       0.2030   5.53
    10692       0.2035   5.53
    10693       0.2028   5.53
    10694       0.2029   5.53
    10695       0.2034   5.53
    10696       0.2028   5.53
    10697       0.2035   5.53
    10698       0.2029   5.53
    10699       0.2029   5.53
    10700       0.2048   5.53
    10701       0.2028   5.53
    10702       0.2035   5.53
    10703       0.2028   5.53
    10704       0.2035   5.53
    10705       0.2028   5.53
    10706       0.2028   5.53
    10707       0.2035   5.53
    10708       0.2028   5.53
    10709       0.2035   5.53
    10710       0.2027   5.53
    10711       0.2027   5.53
    10712       0.2035   5.53
    10713       0.2028   5.53
    10714       0.2035   5.53
    10715       0.2029   5.53
    10716       0.2029   5.53
    10717       0.2034   5.53
    10718       0.2029   5.53
    10719       0.2036   5.53
    10720       0.2028   5.53
    10721       0.2028   5.53
    10722       0.2038   5.53
    10723       0.2028   5.53
    10724       0.2035   5.53
    10725       0.2028   5.53
    10726       0.2034   5.53
    10727       0.2027   5.53
    10728       0.2029   5.53
    10729       0.2035   5.53
    10730       0.2029   5.53
    10731       0.2035   5.53
    10732       0.2029   5.53
    10733       0.2028   5.53
    10734       0.2035   5.53
    10735       0.2028   5.53
    10736       0.2035   5.53
    10737       0.2029   5.53
    10738       0.2028   5.53
    10739       0.2036   5.53
    10740       0.2029   5.53
    10741       0.2036   5.53
    10742       0.2029   5.53
    10743       0.2029   5.53
    10744       0.2035   5.53
    10745       0.2028   5.53
    10746       0.2034   5.53
    10747       0.2028   5.53
    10748       0.2030   5.53
    10749       0.2036   5.53
    10750       0.2028   5.53
    10751       0.2034   5.53
    10752       0.2028   5.53
    10753       0.2034   5.53
    10754       0.2028   5.53
    10755       0.2028   5.53
    10756       0.2033   5.53
    10757       0.2028   5.53
    10758       0.2033   5.53
    10759       0.2028   5.53
    10760       0.2029   5.53
    10761       0.2034   5.53
    10762       0.2028   5.53
    10763       0.2037   5.53
    10764       0.2030   5.53
    10765       0.2027   5.53
    10766       0.2034   5.53
    10767       0.2028   5.53
    10768       0.2034   5.53
    10769       0.2028   5.53
    10770       0.2027   5.53
    10771       0.2034   5.53
    10772       0.2028   5.53
    10773       0.2034   5.53
    10774       0.2029   5.53
    10775       0.2036   5.53
    10776       0.2030   5.53
    10777       0.2028   5.53
    10778       0.2035   5.53
    10779       0.2029   5.53
    10780       0.2035   5.53
    10781       0.2029   5.53
    10782       0.2029   5.53
    10783       0.2034   5.53
    10784       0.2028   5.53
    10785       0.2035   5.53
    10786       0.2029   5.53
    10787       0.2027   5.53
    10788       0.2034   5.53
    10789       0.2028   5.53
    10790       0.2034   5.53
    10791       0.2028   5.53
    10792       0.2028   5.53
    10793       0.2034   5.53
    10794       0.2028   5.53
    10795       0.2034   5.53
    10796       0.2029   5.53
    10797       0.2028   5.53
    10798       0.2035   5.53
    10799       0.2029   5.53
    10800       0.2035   5.53
    10801       0.2029   5.53
    10802       0.2036   5.53
    10803       0.2031   5.53
    10804       0.2027   5.53
    10805       0.2034   5.53
    10806       0.2027   5.53
    10807       0.2036   5.53
    10808       0.2028   5.53
    10809       0.2028   5.53
    10810       0.2032   5.53
    10811       0.2028   5.53
    10812       0.2034   5.53
    10813       0.2029   5.53
    10814       0.2027   5.53
    10815       0.2034   5.53
    10816       0.2027   5.53
    10817       0.2035   5.53
    10818       0.2027   5.53
    10819       0.2028   5.53
    10820       0.2033   5.53
    10821       0.2027   5.53
    10822       0.2034   5.53
    10823       0.2027   5.53
    10824       0.2034   5.53
    10825       0.2029   5.53
    10826       0.2028   5.53
    10827       0.2034   5.53
    10828       0.2028   5.53
    10829       0.2034   5.53
    10830       0.2029   5.53
    10831       0.2028   5.53
    10832       0.2034   5.53
    10833       0.2028   5.53
    10834       0.2034   5.53
    10835       0.2028   5.53
    10836       0.2029   5.53
    10837       0.2035   5.53
    10838       0.2028   5.53
    10839       0.2034   5.53
    10840       0.2028   5.53
    10841       0.2028   5.53
    10842       0.2034   5.53
    10843       0.2028   5.53
    10844       0.2034   5.53
    10845       0.2029   5.53
    10846       0.2028   5.53
    10847       0.2034   5.53
    10848       0.2029   5.53
    10849       0.2032   5.53
    10850       0.2028   5.53
    10851       0.2128   5.53
    10852       0.2027   5.53
    10853       0.2028   5.53
    10854       0.2035   5.53
    10855       0.2028   5.53
    10856       0.2033   5.53
    10857       0.2027   5.53
    10858       0.2027   5.53
    10859       0.2034   5.53
    10860       0.2028   5.53
    10861       0.2034   5.53
    10862       0.2028   5.53
    10863       0.2028   5.53
    10864       0.2034   5.53
    10865       0.2027   5.53
    10866       0.2034   5.53
    10867       0.2027   5.53
    10868       0.2028   5.53
    10869       0.2036   5.53
    10870       0.2029   5.53
    10871       0.2035   5.53
    10872       0.2027   5.53
    10873       0.2035   5.53
    10874       0.2028   5.53
    10875       0.2027   5.53
    10876       0.2033   5.53
    10877       0.2028   5.53
    10878       0.2033   5.53
    10879       0.2027   5.53
    10880       0.2028   5.53
    10881       0.2034   5.53
    10882       0.2029   5.53
    10883       0.2034   5.53
    10884       0.2028   5.53
    10885       0.2028   5.53
    10886       0.2034   5.53
    10887       0.2028   5.53
    10888       0.2035   5.53
    10889       0.2027   5.53
    10890       0.2027   5.53
    10891       0.2034   5.53
    10892       0.2027   5.53
    10893       0.2034   5.53
    10894       0.2027   5.53
    10895       0.2028   5.53
    10896       0.2036   5.53
    10897       0.2029   5.53
    10898       0.2034   5.53
    10899       0.2028   5.53
    10900       0.2034   5.53
    10901       0.2027   5.53
    10902       0.2028   5.53
    10903       0.2036   5.53
    10904       0.2028   5.53
    10905       0.2036   5.53
    10906       0.2030   5.53
    10907       0.2028   5.53
    10908       0.2033   5.53
    10909       0.2029   5.53
    10910       0.2033   5.53
    10911       0.2028   5.53
    10912       0.2028   5.53
    10913       0.2034   5.53
    10914       0.2028   5.53
    10915       0.2035   5.53
    10916       0.2028   5.53
    10917       0.2027   5.53
    10918       0.2034   5.53
    10919       0.2027   5.53
    10920       0.2035   5.53
    10921       0.2028   5.53
    10922       0.2029   5.53
    10923       0.2028   5.53
    10924       0.2027   5.53
    10925       0.2034   5.53
    10926       0.2028   5.53
    10927       0.2036   5.53
    10928       0.2029   5.53
    10929       0.2028   5.53
    10930       0.2035   5.53
    10931       0.2028   5.53
    10932       0.2034   5.53
    10933       0.2028   5.53
    10934       0.2028   5.53
    10935       0.2034   5.53
    10936       0.2028   5.53
    10937       0.2033   5.53
    10938       0.2028   5.53
    10939       0.2028   5.53
    10940       0.2034   5.53
    10941       0.2029   5.53
    10942       0.2034   5.53
    10943       0.2028   5.53
    10944       0.2027   5.53
    10945       0.2033   5.53
    10946       0.2028   5.53
    10947       0.2034   5.53
    10948       0.2028   5.53
    10949       0.2034   5.53
    10950       0.2028   5.53
    10951       0.2028   5.53
    10952       0.2033   5.53
    10953       0.2027   5.53
    10954       0.2034   5.53
    10955       0.2028   5.53
    10956       0.2029   5.53
    10957       0.2034   5.53
    10958       0.2029   5.53
    10959       0.2034   5.53
    10960       0.2028   5.53
    10961       0.2028   5.53
    10962       0.2034   5.53
    10963       0.2028   5.53
    10964       0.2033   5.53
    10965       0.2027   5.53
    10966       0.2027   5.53
    10967       0.2034   5.53
    10968       0.2028   5.53
    10969       0.2034   5.53
    10970       0.2027   5.53
    10971       0.2028   5.53
    10972       0.2034   5.53
    10973       0.2028   5.53
    10974       0.2034   5.53
    10975       0.2028   5.53
    10976       0.2033   5.53
    10977       0.2028   5.53
    10978       0.2028   5.53
    10979       0.2035   5.53
    10980       0.2028   5.53
    10981       0.2035   5.53
    10982       0.2028   5.53
    10983       0.2028   5.53
    10984       0.2034   5.53
    10985       0.2029   5.53
    10986       0.2034   5.53
    10987       0.2028   5.53
    10988       0.2028   5.53
    10989       0.2034   5.53
    10990       0.2028   5.53
    10991       0.2034   5.53
    10992       0.2027   5.53
    10993       0.2028   5.53
    10994       0.2034   5.53
    10995       0.2028   5.53
    10996       0.2033   5.53
    10997       0.2027   5.53
    10998       0.2036   5.53
    10999       0.2026   5.53
    11000       0.2028   5.53
    11001       0.2036   5.53
    11002       0.2031   5.53
    11003       0.2034   5.53
    11004       0.2028   5.53
    11005       0.2028   5.53
    11006       0.2035   5.53
    11007       0.2028   5.53
    11008       0.2035   5.53
    11009       0.2027   5.53
    11010       0.2028   5.53
    11011       0.2034   5.53
    11012       0.2028   5.53
    11013       0.2037   5.53
    11014       0.2027   5.53
    11015       0.2028   5.53
    11016       0.2034   5.53
    11017       0.2028   5.53
    11018       0.2034   5.53
    11019       0.2028   5.53
    11020       0.2028   5.53
    11021       0.2034   5.53
    11022       0.2028   5.53
    11023       0.2034   5.53
    11024       0.2028   5.53
    11025       0.2033   5.53
    11026       0.2029   5.53
    11027       0.2028   5.53
    11028       0.2034   5.53
    11029       0.2028   5.53
    11030       0.2034   5.53
    11031       0.2028   5.53
    11032       0.2028   5.53
    11033       0.2034   5.53
    11034       0.2029   5.53
    11035       0.2034   5.53
    11036       0.2028   5.53
    11037       0.2028   5.53
    11038       0.2035   5.53
    11039       0.2028   5.53
    11040       0.2034   5.53
    11041       0.2028   5.53
    11042       0.2029   5.53
    11043       0.2035   5.53
    11044       0.2028   5.53
    11045       0.2035   5.53
    11046       0.2030   5.53
    11047       0.2030   5.53
    11048       0.2034   5.53
    11049       0.2029   5.52
    11050       0.2037   5.52
    11051       0.2030   5.53
    11052       0.2033   5.53
    11053       0.2028   5.52
    11054       0.2028   5.52
    11055       0.2034   5.52
    11056       0.2029   5.53
    11057       0.2036   5.53
    11058       0.2028   5.53
    11059       0.2028   5.53
    11060       0.2034   5.53
    11061       0.2028   5.53
    11062       0.2033   5.53
    11063       0.2028   5.53
    11064       0.2028   5.53
    11065       0.2034   5.53
    11066       0.2028   5.53
    11067       0.2034   5.53
    11068       0.2028   5.53
    11069       0.2028   5.53
    11070       0.2033   5.53
    11071       0.2028   5.53
    11072       0.2034   5.53
    11073       0.2028   5.53
    11074       0.2034   5.53
    11075       0.2029   5.53
    11076       0.2028   5.53
    11077       0.2033   5.53
    11078       0.2028   5.53
    11079       0.2035   5.53
    11080       0.2028   5.53
    11081       0.2028   5.53
    11082       0.2034   5.53
    11083       0.2027   5.53
    11084       0.2033   5.53
    11085       0.2028   5.53
    11086       0.2027   5.53
    11087       0.2034   5.53
    11088       0.2028   5.53
    11089       0.2033   5.53
    11090       0.2028   5.53
    11091       0.2028   5.53
    11092       0.2034   5.53
    11093       0.2028   5.53
    11094       0.2034   5.53
    11095       0.2027   5.53
    11096       0.2027   5.53
    11097       0.2035   5.53
    11098       0.2028   5.53
    11099       0.2035   5.53
    11100       0.2028   5.53
    11101       0.2034   5.53
    11102       0.2027   5.53
    11103       0.2028   5.53
    11104       0.2033   5.53
    11105       0.2028   5.53
    11106       0.2036   5.53
    11107       0.2027   5.53
    11108       0.2029   5.53
    11109       0.2035   5.53
    11110       0.2030   5.53
    11111       0.2034   5.53
    11112       0.2028   5.53
    11113       0.2028   5.53
    11114       0.2033   5.53
    11115       0.2027   5.53
    11116       0.2035   5.53
    11117       0.2028   5.53
    11118       0.2028   5.53
    11119       0.2034   5.53
    11120       0.2029   5.53
    11121       0.2035   5.53
    11122       0.2028   5.53
    11123       0.2029   5.53
    11124       0.2032   5.53
    11125       0.2028   5.53
    11126       0.2033   5.53
    11127       0.2028   5.53
    11128       0.2034   5.53
    11129       0.2028   5.53
    11130       0.2027   5.53
    11131       0.2034   5.53
    11132       0.2028   5.53
    11133       0.2034   5.53
    11134       0.2028   5.53
    11135       0.2028   5.53
    11136       0.2038   5.53
    11137       0.2028   5.53
    11138       0.2034   5.53
    11139       0.2028   5.53
    11140       0.2029   5.53
    11141       0.2033   5.53
    11142       0.2028   5.53
    11143       0.2034   5.53
    11144       0.2028   5.53
    11145       0.2029   5.53
    11146       0.2036   5.53
    11147       0.2030   5.53
    11148       0.2034   5.53
    11149       0.2028   5.52
    11150       0.2034   5.52
    11151       0.2028   5.53
    11152       0.2028   5.53
    11153       0.2035   5.53
    11154       0.2030   5.53
    11155       0.2036   5.53
    11156       0.2030   5.52
    11157       0.2030   5.52
    11158       0.2034   5.52
    11159       0.2028   5.52
    11160       0.2034   5.52
    11161       0.2028   5.53
    11162       0.2028   5.53
    11163       0.2034   5.53
    11164       0.2028   5.53
    11165       0.2034   5.53
    11166       0.2028   5.53
    11167       0.2028   5.53
    11168       0.2035   5.53
    11169       0.2027   5.53
    11170       0.2050   5.53
    11171       0.2027   5.53
    11172       0.2030   5.53
    11173       0.2032   5.53
    11174       0.2028   5.53
    11175       0.2033   5.53
    11176       0.2029   5.53
    11177       0.2035   5.53
    11178       0.2028   5.53
    11179       0.2028   5.53
    11180       0.2035   5.53
    11181       0.2029   5.53
    11182       0.2035   5.53
    11183       0.2028   5.53
    11184       0.2028   5.53
    11185       0.2034   5.53
    11186       0.2028   5.53
    11187       0.2033   5.53
    11188       0.2028   5.53
    11189       0.2028   5.53
    11190       0.2034   5.53
    11191       0.2027   5.53
    11192       0.2033   5.53
    11193       0.2027   5.53
    11194       0.2027   5.53
    11195       0.2034   5.53
    11196       0.2027   5.53
    11197       0.2034   5.53
    11198       0.2028   5.53
    11199       0.2034   5.53
    11200       0.2028   5.53
    11201       0.2028   5.53
    11202       0.2034   5.53
    11203       0.2028   5.53
    11204       0.2035   5.53
    11205       0.2027   5.53
    11206       0.2028   5.53
    11207       0.2034   5.53
    11208       0.2028   5.53
    11209       0.2034   5.53
    11210       0.2028   5.53
    11211       0.2027   5.53
    11212       0.2032   5.53
    11213       0.2027   5.53
    11214       0.2033   5.53
    11215       0.2027   5.53
    11216       0.2027   5.53
    11217       0.2035   5.53
    11218       0.2028   5.53
    11219       0.2034   5.53
    11220       0.2027   5.53
    11221       0.2028   5.53
    11222       0.2034   5.53
    11223       0.2028   5.53
    11224       0.2033   5.53
    11225       0.2028   5.53
    11226       0.2035   5.53
    11227       0.2027   5.53
    11228       0.2028   5.53
    11229       0.2035   5.53
    11230       0.2029   5.53
    11231       0.2036   5.53
    11232       0.2028   5.53
    11233       0.2028   5.53
    11234       0.2034   5.53
    11235       0.2029   5.53
    11236       0.2036   5.53
    11237       0.2028   5.53
    11238       0.2028   5.53
    11239       0.2035   5.53
    11240       0.2028   5.53
    11241       0.2035   5.53
    11242       0.2027   5.53
    11243       0.2028   5.53
    11244       0.2033   5.53
    11245       0.2028   5.53
    11246       0.2034   5.53
    11247       0.2028   5.53
    11248       0.2029   5.53
    11249       0.2032   5.53
    11250       0.2028   5.53
    11251       0.2034   5.53
    11252       0.2027   5.53
    11253       0.2033   5.53
    11254       0.2028   5.53
    11255       0.2027   5.53
    11256       0.2034   5.53
    11257       0.2028   5.53
    11258       0.2034   5.53
    11259       0.2027   5.53
    11260       0.2027   5.53
    11261       0.2033   5.53
    11262       0.2028   5.53
    11263       0.2034   5.53
    11264       0.2027   5.53
    11265       0.2027   5.53
    11266       0.2034   5.53
    11267       0.2028   5.53
    11268       0.2034   5.53
    11269       0.2028   5.53
    11270       0.2028   5.53
    11271       0.2035   5.53
    11272       0.2028   5.53
    11273       0.2034   5.53
    11274       0.2027   5.53
    11275       0.2034   5.53
    11276       0.2028   5.53
    11277       0.2028   5.53
    11278       0.2034   5.53
    11279       0.2028   5.53
    11280       0.2033   5.53
    11281       0.2028   5.53
    11282       0.2028   5.53
    11283       0.2034   5.53
    11284       0.2028   5.53
    11285       0.2035   5.53
    11286       0.2028   5.53
    11287       0.2028   5.53
    11288       0.2034   5.53
    11289       0.2028   5.53
    11290       0.2033   5.53
    11291       0.2028   5.53
    11292       0.2029   5.53
    11293       0.2034   5.53
    11294       0.2027   5.53
    11295       0.2035   5.53
    11296       0.2028   5.53
    11297       0.2028   5.53
    11298       0.2038   5.53
    11299       0.2031   5.53
    11300       0.2035   5.53
    11301       0.2027   5.52
    11302       0.2035   5.52
    11303       0.2030   5.53
    11304       0.2030   5.53
    11305       0.2034   5.53
    11306       0.2028   5.52
    11307       0.2034   5.52
    11308       0.2028   5.53
    11309       0.2028   5.53
    11310       0.2034   5.53
    11311       0.2028   5.53
    11312       0.2034   5.53
    11313       0.2028   5.53
    11314       0.2028   5.53
    11315       0.2035   5.53
    11316       0.2029   5.53
    11317       0.2034   5.53
    11318       0.2028   5.53
    11319       0.2028   5.53
    11320       0.2033   5.53
    11321       0.2028   5.53
    11322       0.2035   5.53
    11323       0.2027   5.53
    11324       0.2030   5.53
    11325       0.2028   5.53
    11326       0.2028   5.53
    11327       0.2034   5.53
    11328       0.2028   5.53
    11329       0.2034   5.53
    11330       0.2028   5.53
    11331       0.2029   5.53
    11332       0.2034   5.53
    11333       0.2028   5.53
    11334       0.2034   5.53
    11335       0.2027   5.53
    11336       0.2028   5.53
    11337       0.2034   5.53
    11338       0.2028   5.53
    11339       0.2034   5.53
    11340       0.2029   5.53
    11341       0.2028   5.53
    11342       0.2034   5.53
    11343       0.2028   5.53
    11344       0.2034   5.53
    11345       0.2028   5.53
    11346       0.2028   5.53
    11347       0.2035   5.53
    11348       0.2029   5.53
    11349       0.2033   5.53
    11350       0.2028   5.53
    11351       0.2034   5.53
    11352       0.2028   5.53
    11353       0.2028   5.53
    11354       0.2034   5.53
    11355       0.2027   5.53
    11356       0.2036   5.53
    11357       0.2027   5.53
    11358       0.2028   5.53
    11359       0.2037   5.53
    11360       0.2029   5.53
    11361       0.2034   5.53
    11362       0.2028   5.53
    11363       0.2028   5.53
    11364       0.2034   5.53
    11365       0.2029   5.53
    11366       0.2034   5.53
    11367       0.2028   5.53
    11368       0.2028   5.53
    11369       0.2033   5.53
    11370       0.2028   5.53
    11371       0.2034   5.53
    11372       0.2028   5.53
    11373       0.2028   5.53
    11374       0.2033   5.53
    11375       0.2028   5.53
    11376       0.2035   5.53
    11377       0.2028   5.53
    11378       0.2034   5.53
    11379       0.2028   5.53
    11380       0.2028   5.53
    11381       0.2037   5.53
    11382       0.2029   5.53
    11383       0.2035   5.53
    11384       0.2029   5.53
    11385       0.2029   5.53
    11386       0.2034   5.53
    11387       0.2029   5.53
    11388       0.2034   5.53
    11389       0.2028   5.53
    11390       0.2029   5.53
    11391       0.2035   5.53
    11392       0.2028   5.53
    11393       0.2034   5.53
    11394       0.2028   5.53
    11395       0.2028   5.53
    11396       0.2035   5.53
    11397       0.2027   5.53
    11398       0.2035   5.53
    11399       0.2028   5.53
    11400       0.2034   5.53
    11401       0.2028   5.53
    11402       0.2028   5.53
    11403       0.2035   5.53
    11404       0.2028   5.53
    11405       0.2034   5.53
    11406       0.2028   5.53
    11407       0.2028   5.53
    11408       0.2036   5.53
    11409       0.2029   5.53
    11410       0.2034   5.53
    11411       0.2028   5.53
    11412       0.2028   5.53
    11413       0.2034   5.53
    11414       0.2029   5.53
    11415       0.2034   5.53
    11416       0.2028   5.53
    11417       0.2028   5.53
    11418       0.2034   5.53
    11419       0.2028   5.53
    11420       0.2034   5.53
    11421       0.2028   5.53
    11422       0.2028   5.53
    11423       0.2034   5.53
    11424       0.2028   5.53
    11425       0.2035   5.53
    11426       0.2028   5.53
    11427       0.2034   5.53
    11428       0.2028   5.53
    11429       0.2027   5.53
    11430       0.2033   5.53
    11431       0.2028   5.53
    11432       0.2034   5.53
    11433       0.2028   5.53
    11434       0.2028   5.53
    11435       0.2034   5.53
    11436       0.2028   5.53
    11437       0.2033   5.53
    11438       0.2028   5.53
    11439       0.2028   5.53
    11440       0.2035   5.53
    11441       0.2028   5.53
    11442       0.2035   5.53
    11443       0.2029   5.53
    11444       0.2028   5.53
    11445       0.2034   5.53
    11446       0.2027   5.53
    11447       0.2034   5.53
    11448       0.2028   5.53
    11449       0.2030   5.53
    11450       0.2033   5.53
    11451       0.2028   5.53
    11452       0.2034   5.53
    11453       0.2028   5.53
    11454       0.2033   5.53
    11455       0.2028   5.53
    11456       0.2028   5.53
    11457       0.2035   5.53
    11458       0.2028   5.53
    11459       0.2035   5.53
    11460       0.2028   5.53
    11461       0.2028   5.53
    11462       0.2034   5.53
    11463       0.2028   5.53
    11464       0.2034   5.53
    11465       0.2028   5.53
    11466       0.2028   5.53
    11467       0.2034   5.53
    11468       0.2028   5.53
    11469       0.2035   5.53
    11470       0.2027   5.53
    11471       0.2027   5.53
    11472       0.2034   5.53
    11473       0.2028   5.53
    11474       0.2034   5.53
    11475       0.2029   5.53
    11476       0.2034   5.53
    11477       0.2028   5.53
    11478       0.2028   5.53
    11479       0.2035   5.53
    11480       0.2029   5.53
    11481       0.2034   5.53
    11482       0.2029   5.53
    11483       0.2028   5.53
    11484       0.2037   5.53
    11485       0.2028   5.53
    11486       0.2036   5.53
    11487       0.2028   5.53
    11488       0.2028   5.53
    11489       0.2034   5.53
    11490       0.2027   5.53
    11491       0.2034   5.53
    11492       0.2028   5.53
    11493       0.2029   5.53
    11494       0.2033   5.53
    11495       0.2028   5.53
    11496       0.2033   5.53
    11497       0.2027   5.53
    11498       0.2027   5.53
    11499       0.2034   5.53
    11500       0.2028   5.53
    11501       0.2033   5.53
    11502       0.2027   5.53
    11503       0.2035   5.53
    11504       0.2029   5.53
    11505       0.2028   5.53
    11506       0.2034   5.53
    11507       0.2028   5.53
    11508       0.2035   5.53
    11509       0.2028   5.53
    11510       0.2028   5.53
    11511       0.2034   5.53
    11512       0.2029   5.53
    11513       0.2036   5.53
    11514       0.2028   5.53
    11515       0.2028   5.53
    11516       0.2034   5.53
    11517       0.2028   5.53
    11518       0.2035   5.53
    11519       0.2028   5.53
    11520       0.2027   5.53
    11521       0.2035   5.53
    11522       0.2030   5.53
    11523       0.2035   5.53
    11524       0.2028   5.52
    11525       0.2032   5.52
    11526       0.2028   5.53
    11527       0.2027   5.53
    11528       0.2036   5.53
    11529       0.2028   5.53
    11530       0.2034   5.53
    11531       0.2028   5.53
    11532       0.2028   5.53
    11533       0.2034   5.53
    11534       0.2028   5.53
    11535       0.2035   5.53
    11536       0.2029   5.53
    11537       0.2028   5.53
    11538       0.2034   5.53
    11539       0.2028   5.53
    11540       0.2036   5.53
    11541       0.2028   5.53
    11542       0.2027   5.53
    11543       0.2034   5.53
    11544       0.2029   5.53
    11545       0.2036   5.53
    11546       0.2027   5.52
    11547       0.2028   5.52
    11548       0.2034   5.52
    11549       0.2028   5.53
    11550       0.2034   5.53
    11551       0.2028   5.53
    11552       0.2034   5.53
    11553       0.2029   5.53
    11554       0.2028   5.53
    11555       0.2033   5.53
    11556       0.2029   5.53
    11557       0.2034   5.53
    11558       0.2027   5.53
    11559       0.2028   5.53
    11560       0.2034   5.53
    11561       0.2028   5.53
    11562       0.2034   5.53
    11563       0.2028   5.53
    11564       0.2027   5.53
    11565       0.2034   5.53
    11566       0.2028   5.53
    11567       0.2034   5.53
    11568       0.2028   5.53
    11569       0.2028   5.53
    11570       0.2034   5.53
    11571       0.2028   5.53
    11572       0.2034   5.53
    11573       0.2027   5.53
    11574       0.2030   5.53
    11575       0.2032   5.53
    11576       0.2027   5.53
    11577       0.2034   5.53
    11578       0.2028   5.53
    11579       0.2034   5.53
    11580       0.2028   5.53
    11581       0.2028   5.53
    11582       0.2036   5.53
    11583       0.2028   5.53
    11584       0.2034   5.53
    11585       0.2028   5.53
    11586       0.2028   5.53
    11587       0.2035   5.53
    11588       0.2028   5.53
    11589       0.2034   5.53
    11590       0.2028   5.53
    11591       0.2028   5.53
    11592       0.2035   5.53
    11593       0.2028   5.53
    11594       0.2034   5.53
    11595       0.2029   5.53
    11596       0.2028   5.53
    11597       0.2035   5.53
    11598       0.2029   5.53
    11599       0.2035   5.53
    11600       0.2029   5.53
    11601       0.2034   5.53
    11602       0.2029   5.53
    11603       0.2029   5.53
    11604       0.2034   5.53
    11605       0.2028   5.53
    11606       0.2034   5.53
    11607       0.2029   5.53
    11608       0.2030   5.53
    11609       0.2035   5.53
    11610       0.2027   5.52
    11611       0.2035   5.52
    11612       0.2028   5.53
    11613       0.2028   5.53
    11614       0.2033   5.53
    11615       0.2028   5.53
    11616       0.2034   5.53
    11617       0.2029   5.53
    11618       0.2027   5.53
    11619       0.2035   5.53
    11620       0.2030   5.53
    11621       0.2037   5.53
    11622       0.2027   5.52
    11623       0.2028   5.52
    11624       0.2035   5.52
    11625       0.2028   5.53
    11626       0.2034   5.53
    11627       0.2028   5.53
    11628       0.2034   5.53
    11629       0.2028   5.53
    11630       0.2028   5.53
    11631       0.2035   5.53
    11632       0.2028   5.53
    11633       0.2034   5.53
    11634       0.2028   5.53
    11635       0.2028   5.53
    11636       0.2035   5.53
    11637       0.2028   5.53
    11638       0.2035   5.53
    11639       0.2028   5.53
    11640       0.2028   5.53
    11641       0.2035   5.53
    11642       0.2028   5.53
    11643       0.2034   5.53
    11644       0.2029   5.53
    11645       0.2028   5.53
    11646       0.2034   5.53
    11647       0.2028   5.53
    11648       0.2035   5.53
    11649       0.2028   5.53
    11650       0.2030   5.53
    11651       0.2030   5.53
    11652       0.2030   5.53
    11653       0.2036   5.53
    11654       0.2028   5.52
    11655       0.2035   5.52
    11656       0.2028   5.53
    11657       0.2029   5.53
    11658       0.2036   5.53
    11659       0.2028   5.53
    11660       0.2036   5.53
    11661       0.2028   5.53
    11662       0.2028   5.53
    11663       0.2035   5.53
    11664       0.2027   5.53
    11665       0.2034   5.53
    11666       0.2028   5.53
    11667       0.2028   5.53
    11668       0.2035   5.53
    11669       0.2028   5.53
    11670       0.2033   5.53
    11671       0.2028   5.53
    11672       0.2027   5.53
    11673       0.2033   5.53
    11674       0.2028   5.53
    11675       0.2035   5.53
    11676       0.2029   5.53
    11677       0.2037   5.53
    11678       0.2028   5.52
    11679       0.2028   5.52
    11680       0.2034   5.52
    11681       0.2028   5.53
    11682       0.2034   5.53
    11683       0.2028   5.53
    11684       0.2028   5.53
    11685       0.2035   5.53
    11686       0.2028   5.53
    11687       0.2035   5.53
    11688       0.2028   5.53
    11689       0.2028   5.53
    11690       0.2034   5.53
    11691       0.2028   5.53
    11692       0.2033   5.53
    11693       0.2028   5.53
    11694       0.2028   5.53
    11695       0.2035   5.53
    11696       0.2028   5.53
    11697       0.2035   5.53
    11698       0.2028   5.53
    11699       0.2029   5.53
    11700       0.2033   5.53
    11701       0.2028   5.53
    11702       0.2033   5.53
    11703       0.2027   5.53
    11704       0.2034   5.53
    11705       0.2029   5.53
    11706       0.2030   5.53
    11707       0.2038   5.53
    11708       0.2027   5.52
    11709       0.2035   5.52
    11710       0.2028   5.53
    11711       0.2029   5.53
    11712       0.2034   5.53
    11713       0.2028   5.53
    11714       0.2035   5.53
    11715       0.2028   5.53
    11716       0.2029   5.53
    11717       0.2034   5.53
    11718       0.2029   5.53
    11719       0.2035   5.53
    11720       0.2028   5.53
    11721       0.2027   5.53
    11722       0.2035   5.53
    11723       0.2028   5.53
    11724       0.2034   5.53
    11725       0.2028   5.53
    11726       0.2034   5.53
    11727       0.2029   5.53
    11728       0.2028   5.53
    11729       0.2034   5.53
    11730       0.2028   5.53
    11731       0.2034   5.53
    11732       0.2027   5.53
    11733       0.2028   5.53
    11734       0.2034   5.53
    11735       0.2027   5.53
    11736       0.2033   5.53
    11737       0.2028   5.53
    11738       0.2029   5.53
    11739       0.2036   5.53
    11740       0.2028   5.53
    11741       0.2036   5.53
    11742       0.2028   5.53
    11743       0.2028   5.53
    11744       0.2034   5.53
    11745       0.2027   5.53
    11746       0.2034   5.53
    11747       0.2028   5.53
    11748       0.2028   5.53
    11749       0.2036   5.53
    11750       0.2028   5.53
    11751       0.2033   5.53
    11752       0.2028   5.53
    11753       0.2035   5.53
    11754       0.2028   5.53
    11755       0.2028   5.53
    11756       0.2034   5.53
    11757       0.2029   5.53
    11758       0.2035   5.53
    11759       0.2027   5.53
    11760       0.2028   5.53
    11761       0.2034   5.53
    11762       0.2030   5.53
    11763       0.2037   5.53
    11764       0.2028   5.52
    11765       0.2028   5.52
    11766       0.2034   5.52
    11767       0.2028   5.53
    11768       0.2035   5.53
    11769       0.2028   5.53
    11770       0.2028   5.53
    11771       0.2034   5.53
    11772       0.2027   5.53
    11773       0.2032   5.53
    11774       0.2028   5.53
    11775       0.2035   5.53
    11776       0.2028   5.53
    11777       0.2028   5.53
    11778       0.2036   5.53
    11779       0.2027   5.53
    11780       0.2034   5.53
    11781       0.2028   5.53
    11782       0.2029   5.53
    11783       0.2034   5.53
    11784       0.2027   5.53
    11785       0.2034   5.53
    11786       0.2028   5.53
    11787       0.2028   5.53
    11788       0.2035   5.53
    11789       0.2028   5.53
    11790       0.2033   5.53
    11791       0.2028   5.53
    11792       0.2028   5.53
    11793       0.2035   5.53
    11794       0.2029   5.53
    11795       0.2033   5.53
    11796       0.2028   5.53
    11797       0.2028   5.53
    11798       0.2034   5.53
    11799       0.2028   5.53
    11800       0.2033   5.53
    11801       0.2028   5.53
    11802       0.2034   5.53
    11803       0.2027   5.53
    11804       0.2027   5.53
    11805       0.2033   5.53
    11806       0.2029   5.53
    11807       0.2034   5.53
    11808       0.2028   5.53
    11809       0.2027   5.53
    11810       0.2034   5.53
    11811       0.2028   5.53
    11812       0.2034   5.53
    11813       0.2028   5.53
    11814       0.2029   5.53
    11815       0.2033   5.53
    11816       0.2028   5.53
    11817       0.2035   5.53
    11818       0.2028   5.53
    11819       0.2027   5.53
    11820       0.2034   5.53
    11821       0.2028   5.53
    11822       0.2036   5.53
    11823       0.2029   5.53
    11824       0.2028   5.53
    11825       0.2031   5.53
    11826       0.2028   5.53
    11827       0.2036   5.53
    11828       0.2027   5.53
    11829       0.2034   5.53
    11830       0.2028   5.53
    11831       0.2028   5.53
    11832       0.2033   5.53
    11833       0.2027   5.53
    11834       0.2034   5.53
    11835       0.2028   5.53
    11836       0.2028   5.53
    11837       0.2034   5.53
    11838       0.2029   5.53
    11839       0.2035   5.53
    11840       0.2029   5.53
    11841       0.2028   5.53
    11842       0.2035   5.53
    11843       0.2028   5.53
    11844       0.2033   5.53
    11845       0.2028   5.53
    11846       0.2029   5.53
    11847       0.2034   5.53
    11848       0.2028   5.53
    11849       0.2033   5.53
    11850       0.2028   5.53
    11851       0.2035   5.53
    11852       0.2029   5.53
    11853       0.2028   5.53
    11854       0.2034   5.53
    11855       0.2028   5.53
    11856       0.2034   5.53
    11857       0.2028   5.53
    11858       0.2028   5.53
    11859       0.2034   5.53
    11860       0.2028   5.53
    11861       0.2034   5.53
    11862       0.2028   5.53
    11863       0.2027   5.53
    11864       0.2034   5.53
    11865       0.2027   5.53
    11866       0.2033   5.53
    11867       0.2028   5.53
    11868       0.2028   5.53
    11869       0.2033   5.53
    11870       0.2027   5.53
    11871       0.2131   5.53
    11872       0.2028   5.53
    11873       0.2030   5.53
    11874       0.2034   5.53
    11875       0.2028   5.53
    11876       0.2034   5.53
    11877       0.2028   5.53
    11878       0.2035   5.53
    11879       0.2029   5.53
    11880       0.2028   5.53
    11881       0.2035   5.53
    11882       0.2028   5.53
    11883       0.2035   5.53
    11884       0.2028   5.53
    11885       0.2029   5.53
    11886       0.2035   5.53
    11887       0.2029   5.53
    11888       0.2037   5.53
    11889       0.2028   5.53
    11890       0.2028   5.53
    11891       0.2034   5.53
    11892       0.2028   5.53
    11893       0.2034   5.53
    11894       0.2028   5.53
    11895       0.2029   5.53
    11896       0.2034   5.53
    11897       0.2028   5.53
    11898       0.2036   5.53
    11899       0.2027   5.53
    11900       0.2035   5.53
    11901       0.2028   5.53
    11902       0.2029   5.53
    11903       0.2035   5.53
    11904       0.2028   5.53
    11905       0.2034   5.53
    11906       0.2028   5.53
    11907       0.2028   5.53
    11908       0.2035   5.53
    11909       0.2029   5.53
    11910       0.2035   5.53
    11911       0.2028   5.53
    11912       0.2029   5.53
    11913       0.2035   5.53
    11914       0.2028   5.53
    11915       0.2033   5.53
    11916       0.2028   5.53
    11917       0.2028   5.53
    11918       0.2035   5.53
    11919       0.2029   5.53
    11920       0.2033   5.53
    11921       0.2029   5.53
    11922       0.2031   5.53
    11923       0.2033   5.53
    11924       0.2028   5.53
    11925       0.2034   5.53
    11926       0.2029   5.53
    11927       0.2033   5.53
    11928       0.2028   5.53
    11929       0.2028   5.53
    11930       0.2035   5.53
    11931       0.2028   5.53
    11932       0.2035   5.53
    11933       0.2028   5.53
    11934       0.2028   5.53
    11935       0.2034   5.53
    11936       0.2029   5.53
    11937       0.2035   5.53
    11938       0.2028   5.53
    11939       0.2029   5.53
    11940       0.2034   5.53
    11941       0.2028   5.53
    11942       0.2034   5.53
    11943       0.2029   5.53
    11944       0.2028   5.53
    11945       0.2035   5.53
    11946       0.2028   5.53
    11947       0.2036   5.53
    11948       0.2028   5.53
    11949       0.2034   5.53
    11950       0.2028   5.53
    11951       0.2028   5.53
    11952       0.2034   5.53
    11953       0.2028   5.53
    11954       0.2037   5.53
    11955       0.2028   5.53
    11956       0.2029   5.53
    11957       0.2035   5.53
    11958       0.2028   5.53
    11959       0.2035   5.53
    11960       0.2029   5.53
    11961       0.2028   5.53
    11962       0.2035   5.53
    11963       0.2028   5.53
    11964       0.2034   5.53
    11965       0.2028   5.53
    11966       0.2028   5.53
    11967       0.2033   5.53
    11968       0.2028   5.53
    11969       0.2034   5.53
    11970       0.2028   5.53
    11971       0.2028   5.53
    11972       0.2034   5.53
    11973       0.2029   5.53
    11974       0.2034   5.53
    11975       0.2028   5.53
    11976       0.2036   5.53
    11977       0.2029   5.53
    11978       0.2028   5.53
    11979       0.2034   5.53
    11980       0.2028   5.53
    11981       0.2033   5.53
    11982       0.2028   5.53
    11983       0.2028   5.53
    11984       0.2034   5.53
    11985       0.2028   5.53
    11986       0.2034   5.53
    11987       0.2028   5.53
    11988       0.2028   5.53
    11989       0.2034   5.53
    11990       0.2028   5.53
    11991       0.2034   5.53
    11992       0.2029   5.53
    11993       0.2030   5.53
    11994       0.2037   5.53
    11995       0.2028   5.52
    11996       0.2034   5.52
    11997       0.2029   5.53
    11998       0.2031   5.53
    11999       0.2030   5.53
    12000       0.2031   5.53
    12001       0.2038   5.53
    12002       0.2029   5.52
    12003       0.2034   5.52
    12004       0.2029   5.53
    12005       0.2029   5.53
    12006       0.2034   5.53
    12007       0.2028   5.53
    12008       0.2035   5.53
    12009       0.2029   5.53
    12010       0.2028   5.53
    12011       0.2034   5.53
    12012       0.2028   5.53
    12013       0.2034   5.53
    12014       0.2029   5.53
    12015       0.2030   5.53
    12016       0.2037   5.53
    12017       0.2028   5.52
    12018       0.2035   5.52
    12019       0.2027   5.53
    12020       0.2028   5.53
    12021       0.2035   5.53
    12022       0.2029   5.53
    12023       0.2035   5.53
    12024       0.2029   5.53
    12025       0.2034   5.53
    12026       0.2029   5.53
    12027       0.2028   5.53
    12028       0.2035   5.53
    12029       0.2029   5.53
    12030       0.2035   5.53
    12031       0.2028   5.53
    12032       0.2028   5.53
    12033       0.2033   5.53
    12034       0.2029   5.53
    12035       0.2035   5.53
    12036       0.2028   5.53
    12037       0.2028   5.53
    12038       0.2034   5.53
    12039       0.2029   5.53
    12040       0.2034   5.53
    12041       0.2028   5.53
    12042       0.2028   5.53
    12043       0.2033   5.53
    12044       0.2029   5.53
    12045       0.2033   5.53
    12046       0.2028   5.53
    12047       0.2029   5.53
    12048       0.2032   5.53
    12049       0.2029   5.53
    12050       0.2036   5.53
    12051       0.2030   5.53
    12052       0.2034   5.53
    12053       0.2029   5.53
    12054       0.2028   5.53
    12055       0.2033   5.53
    12056       0.2028   5.53
    12057       0.2036   5.53
    12058       0.2027   5.53
    12059       0.2028   5.53
    12060       0.2035   5.53
    12061       0.2030   5.53
    12062       0.2035   5.53
    12063       0.2028   5.53
    12064       0.2029   5.53
    12065       0.2033   5.53
    12066       0.2029   5.53
    12067       0.2036   5.53
    12068       0.2028   5.53
    12069       0.2029   5.53
    12070       0.2034   5.53
    12071       0.2029   5.53
    12072       0.2036   5.53
    12073       0.2029   5.53
    12074       0.2034   5.53
    12075       0.2027   5.53
    12076       0.2028   5.53
    12077       0.2035   5.53
    12078       0.2027   5.53
    12079       0.2035   5.53
    12080       0.2029   5.53
    12081       0.2028   5.53
    12082       0.2034   5.53
    12083       0.2028   5.53
    12084       0.2034   5.53
    12085       0.2029   5.53
    12086       0.2029   5.53
    12087       0.2034   5.53
    12088       0.2028   5.53
    12089       0.2035   5.53
    12090       0.2028   5.53
    12091       0.2028   5.53
    12092       0.2035   5.53
    12093       0.2029   5.53
    12094       0.2034   5.53
    12095       0.2028   5.53
    12096       0.2027   5.53
    12097       0.2034   5.53
    12098       0.2027   5.53
    12099       0.2035   5.53
    12100       0.2028   5.53
    12101       0.2035   5.53
    12102       0.2029   5.53
    12103       0.2028   5.53
    12104       0.2033   5.53
    12105       0.2028   5.53
    12106       0.2034   5.53
    12107       0.2027   5.53
    12108       0.2029   5.53
    12109       0.2034   5.53
    12110       0.2028   5.53
    12111       0.2041   5.53
    12112       0.2028   5.53
    12113       0.2027   5.53
    12114       0.2033   5.53
    12115       0.2028   5.53
    12116       0.2034   5.53
    12117       0.2028   5.53
    12118       0.2028   5.53
    12119       0.2034   5.53
    12120       0.2028   5.53
    12121       0.2035   5.53
    12122       0.2027   5.53
    12123       0.2034   5.53
    12124       0.2028   5.53
    12125       0.2028   5.53
    12126       0.2035   5.53
    12127       0.2029   5.53
    12128       0.2035   5.53
    12129       0.2027   5.53
    12130       0.2028   5.53
    12131       0.2035   5.53
    12132       0.2028   5.53
    12133       0.2034   5.53
    12134       0.2027   5.53
    12135       0.2028   5.53
    12136       0.2035   5.53
    12137       0.2028   5.53
    12138       0.2035   5.53
    12139       0.2028   5.53
    12140       0.2028   5.53
    12141       0.2036   5.53
    12142       0.2028   5.53
    12143       0.2033   5.53
    12144       0.2028   5.53
    12145       0.2028   5.53
    12146       0.2034   5.53
    12147       0.2028   5.53
    12148       0.2035   5.53
    12149       0.2028   5.53
    12150       0.2034   5.53
    12151       0.2029   5.53
    12152       0.2028   5.53
    12153       0.2034   5.53
    12154       0.2029   5.53
    12155       0.2034   5.53
    12156       0.2028   5.53
    12157       0.2028   5.53
    12158       0.2034   5.53
    12159       0.2027   5.53
    12160       0.2034   5.53
    12161       0.2027   5.53
    12162       0.2027   5.53
    12163       0.2033   5.53
    12164       0.2029   5.53
    12165       0.2034   5.53
    12166       0.2028   5.53
    12167       0.2028   5.53
    12168       0.2034   5.53
    12169       0.2028   5.53
    12170       0.2034   5.53
    12171       0.2028   5.53
    12172       0.2030   5.53
    12173       0.2032   5.53
    12174       0.2028   5.53
    12175       0.2035   5.53
    12176       0.2028   5.53
    12177       0.2036   5.53
    12178       0.2027   5.53
    12179       0.2028   5.53
    12180       0.2035   5.53
    12181       0.2028   5.53
    12182       0.2034   5.53
    12183       0.2028   5.53
    12184       0.2028   5.53
    12185       0.2034   5.53
    12186       0.2028   5.53
    12187       0.2035   5.53
    12188       0.2028   5.53
    12189       0.2028   5.53
    12190       0.2035   5.53
    12191       0.2028   5.53
    12192       0.2034   5.53
    12193       0.2028   5.53
    12194       0.2028   5.53
    12195       0.2034   5.53
    12196       0.2028   5.53
    12197       0.2036   5.53
    12198       0.2028   5.53
    12199       0.2035   5.53
    12200       0.2028   5.53
    12201       0.2027   5.53
    12202       0.2033   5.53
    12203       0.2029   5.53
    12204       0.2035   5.53
    12205       0.2029   5.53
    12206       0.2028   5.53
    12207       0.2035   5.53
    12208       0.2028   5.53
    12209       0.2034   5.53
    12210       0.2028   5.53
    12211       0.2028   5.53
    12212       0.2035   5.53
    12213       0.2027   5.53
    12214       0.2033   5.53
    12215       0.2027   5.53
    12216       0.2028   5.53
    12217       0.2033   5.53
    12218       0.2028   5.53
    12219       0.2035   5.53
    12220       0.2028   5.53
    12221       0.2028   5.53
    12222       0.2034   5.53
    12223       0.2028   5.53
    12224       0.2034   5.53
    12225       0.2029   5.53
    12226       0.2035   5.53
    12227       0.2028   5.53
    12228       0.2028   5.53
    12229       0.2034   5.53
    12230       0.2027   5.53
    12231       0.2034   5.53
    12232       0.2029   5.53
    12233       0.2028   5.53
    12234       0.2034   5.53
    12235       0.2028   5.53
    12236       0.2034   5.53
    12237       0.2028   5.53
    12238       0.2028   5.53
    12239       0.2034   5.53
    12240       0.2028   5.53
    12241       0.2035   5.53
    12242       0.2028   5.53
    12243       0.2029   5.53
    12244       0.2035   5.53
    12245       0.2027   5.53
    12246       0.2035   5.53
    12247       0.2028   5.53
    12248       0.2029   5.53
    12249       0.2036   5.53
    12250       0.2028   5.53
    12251       0.2036   5.53
    12252       0.2028   5.53
    12253       0.2034   5.53
    12254       0.2028   5.53
    12255       0.2028   5.53
    12256       0.2035   5.53
    12257       0.2028   5.53
    12258       0.2035   5.53
    12259       0.2027   5.53
    12260       0.2027   5.53
    12261       0.2034   5.53
    12262       0.2028   5.53
    12263       0.2034   5.53
    12264       0.2028   5.53
    12265       0.2028   5.53
    12266       0.2034   5.53
    12267       0.2028   5.53
    12268       0.2034   5.53
    12269       0.2028   5.53
    12270       0.2028   5.53
    12271       0.2034   5.53
    12272       0.2028   5.53
    12273       0.2034   5.53
    12274       0.2028   5.53
    12275       0.2034   5.53
    12276       0.2028   5.53
    12277       0.2028   5.53
    12278       0.2035   5.53
    12279       0.2028   5.53
    12280       0.2033   5.53
    12281       0.2028   5.53
    12282       0.2027   5.53
    12283       0.2033   5.53
    12284       0.2028   5.53
    12285       0.2035   5.53
    12286       0.2028   5.53
    12287       0.2028   5.53
    12288       0.2035   5.53
    12289       0.2029   5.53
    12290       0.2033   5.53
    12291       0.2028   5.53
    12292       0.2028   5.53
    12293       0.2035   5.53
    12294       0.2028   5.53
    12295       0.2033   5.53
    12296       0.2028   5.53
    12297       0.2029   5.53
    12298       0.2035   5.53
    12299       0.2028   5.53
    12300       0.2035   5.53
    12301       0.2028   5.53
    12302       0.2035   5.53
    12303       0.2028   5.53
    12304       0.2028   5.53
    12305       0.2035   5.53
    12306       0.2029   5.53
    12307       0.2035   5.53
    12308       0.2028   5.53
    12309       0.2027   5.53
    12310       0.2034   5.53
    12311       0.2028   5.53
    12312       0.2035   5.53
    12313       0.2027   5.53
    12314       0.2028   5.53
    12315       0.2034   5.53
    12316       0.2027   5.53
    12317       0.2035   5.53
    12318       0.2028   5.53
    12319       0.2029   5.53
    12320       0.2034   5.53
    12321       0.2028   5.53
    12322       0.2034   5.53
    12323       0.2028   5.53
    12324       0.2034   5.53
    12325       0.2029   5.53
    12326       0.2029   5.53
    12327       0.2034   5.53
    12328       0.2028   5.53
    12329       0.2035   5.53
    12330       0.2028   5.53
    12331       0.2028   5.53
    12332       0.2033   5.53
    12333       0.2028   5.53
    12334       0.2034   5.53
    12335       0.2029   5.53
    12336       0.2028   5.53
    12337       0.2035   5.53
    12338       0.2028   5.53
    12339       0.2033   5.53
    12340       0.2028   5.53
    12341       0.2028   5.53
    12342       0.2034   5.53
    12343       0.2028   5.53
    12344       0.2034   5.53
    12345       0.2027   5.53
    12346       0.2027   5.53
    12347       0.2034   5.53
    12348       0.2028   5.53
    12349       0.2033   5.53
    12350       0.2028   5.53
    12351       0.2034   5.53
    12352       0.2028   5.53
    12353       0.2028   5.53
    12354       0.2034   5.53
    12355       0.2028   5.53
    12356       0.2033   5.53
    12357       0.2028   5.53
    12358       0.2028   5.53
    12359       0.2034   5.53
    12360       0.2028   5.53
    12361       0.2035   5.53
    12362       0.2027   5.53
    12363       0.2028   5.53
    12364       0.2035   5.53
    12365       0.2029   5.53
    12366       0.2035   5.53
    12367       0.2028   5.53
    12368       0.2028   5.53
    12369       0.2035   5.53
    12370       0.2028   5.53
    12371       0.2034   5.53
    12372       0.2028   5.53
    12373       0.2030   5.53
    12374       0.2033   5.53
    12375       0.2027   5.53
    12376       0.2034   5.53
    12377       0.2027   5.53
    12378       0.2035   5.53
    12379       0.2028   5.53
    12380       0.2028   5.53
    12381       0.2034   5.53
    12382       0.2029   5.53
    12383       0.2034   5.53
    12384       0.2028   5.53
    12385       0.2028   5.53
    12386       0.2035   5.53
    12387       0.2029   5.53
    12388       0.2034   5.53
    12389       0.2028   5.53
    12390       0.2028   5.53
    12391       0.2034   5.53
    12392       0.2028   5.53
    12393       0.2035   5.53
    12394       0.2027   5.53
    12395       0.2028   5.53
    12396       0.2034   5.53
    12397       0.2028   5.53
    12398       0.2034   5.53
    12399       0.2028   5.53
    12400       0.2034   5.53
    12401       0.2027   5.53
    12402       0.2029   5.53
    12403       0.2128   5.53
    12404       0.2027   5.53
    12405       0.2036   5.53
    12406       0.2029   5.53
    12407       0.2028   5.53
    12408       0.2034   5.53
    12409       0.2028   5.53
    12410       0.2035   5.53
    12411       0.2027   5.53
    12412       0.2028   5.53
    12413       0.2034   5.53
    12414       0.2028   5.53
    12415       0.2033   5.53
    12416       0.2029   5.53
    12417       0.2028   5.53
    12418       0.2034   5.53
    12419       0.2027   5.53
    12420       0.2034   5.53
    12421       0.2028   5.53
    12422       0.2034   5.53
    12423       0.2029   5.53
    12424       0.2028   5.53
    12425       0.2034   5.53
    12426       0.2028   5.53
    12427       0.2036   5.53
    12428       0.2027   5.53
    12429       0.2029   5.53
    12430       0.2033   5.53
    12431       0.2027   5.53
    12432       0.2035   5.53
    12433       0.2028   5.53
    12434       0.2029   5.53
    12435       0.2034   5.53
    12436       0.2028   5.53
    12437       0.2034   5.53
    12438       0.2028   5.53
    12439       0.2028   5.53
    12440       0.2036   5.53
    12441       0.2028   5.53
    12442       0.2034   5.53
    12443       0.2027   5.53
    12444       0.2028   5.53
    12445       0.2033   5.53
    12446       0.2028   5.53
    12447       0.2033   5.53
    12448       0.2027   5.53
    12449       0.2034   5.53
    12450       0.2028   5.53
    12451       0.2027   5.53
    12452       0.2035   5.53
    12453       0.2029   5.53
    12454       0.2034   5.53
    12455       0.2028   5.53
    12456       0.2028   5.53
    12457       0.2034   5.53
    12458       0.2027   5.53
    12459       0.2034   5.53
    12460       0.2028   5.53
    12461       0.2029   5.53
    12462       0.2034   5.53
    12463       0.2028   5.53
    12464       0.2035   5.53
    12465       0.2028   5.53
    12466       0.2029   5.53
    12467       0.2033   5.53
    12468       0.2028   5.53
    12469       0.2034   5.53
    12470       0.2028   5.53
    12471       0.2029   5.53
    12472       0.2033   5.53
    12473       0.2028   5.53
    12474       0.2034   5.53
    12475       0.2028   5.53
    12476       0.2035   5.53
    12477       0.2030   5.53
    12478       0.2031   5.53
    12479       0.2034   5.53
    12480       0.2028   5.52
    12481       0.2035   5.52
    12482       0.2028   5.53
    12483       0.2027   5.53
    12484       0.2034   5.53
    12485       0.2028   5.53
    12486       0.2034   5.53
    12487       0.2028   5.53
    12488       0.2028   5.53
    12489       0.2037   5.53
    12490       0.2031   5.53
    12491       0.2035   5.53
    12492       0.2028   5.52
    12493       0.2028   5.52
    12494       0.2034   5.52
    12495       0.2029   5.53
    12496       0.2034   5.53
    12497       0.2029   5.53
    12498       0.2037   5.53
    12499       0.2028   5.53
    12500       0.2028   5.53
    12501       0.2035   5.53
    12502       0.2028   5.53
    12503       0.2034   5.53
    12504       0.2029   5.53
    12505       0.2028   5.53
    12506       0.2034   5.53
    12507       0.2029   5.53
    12508       0.2036   5.53
    12509       0.2029   5.53
    12510       0.2030   5.53
    12511       0.2034   5.53
    12512       0.2028   5.52
    12513       0.2035   5.52
    12514       0.2028   5.53
    12515       0.2028   5.53
    12516       0.2034   5.53
    12517       0.2029   5.53
    12518       0.2034   5.53
    12519       0.2029   5.53
    12520       0.2028   5.53
    12521       0.2035   5.53
    12522       0.2028   5.53
    12523       0.2034   5.53
    12524       0.2028   5.53
    12525       0.2034   5.53
    12526       0.2029   5.53
    12527       0.2029   5.53
    12528       0.2036   5.53
    12529       0.2031   5.53
    12530       0.2035   5.53
    12531       0.2028   5.52
    12532       0.2028   5.52
    12533       0.2034   5.52
    12534       0.2027   5.53
    12535       0.2035   5.53
    12536       0.2029   5.53
    12537       0.2029   5.53
    12538       0.2034   5.53
    12539       0.2028   5.53
    12540       0.2034   5.53
    12541       0.2028   5.53
    12542       0.2028   5.53
    12543       0.2034   5.53
    12544       0.2028   5.53
    12545       0.2034   5.53
    12546       0.2028   5.53
    12547       0.2036   5.53
    12548       0.2028   5.53
    12549       0.2028   5.53
    12550       0.2034   5.53
    12551       0.2028   5.53
    12552       0.2034   5.53
    12553       0.2029   5.53
    12554       0.2028   5.53
    12555       0.2032   5.53
    12556       0.2027   5.53
    12557       0.2035   5.53
    12558       0.2027   5.53
    12559       0.2027   5.53
    12560       0.2034   5.53
    12561       0.2028   5.53
    12562       0.2033   5.53
    12563       0.2028   5.53
    12564       0.2028   5.53
    12565       0.2035   5.53
    12566       0.2029   5.53
    12567       0.2034   5.53
    12568       0.2028   5.53
    12569       0.2029   5.53
    12570       0.2035   5.53
    12571       0.2027   5.53
    12572       0.2034   5.53
    12573       0.2028   5.53
    12574       0.2033   5.53
    12575       0.2028   5.53
    12576       0.2029   5.53
    12577       0.2034   5.53
    12578       0.2028   5.53
    12579       0.2034   5.53
    12580       0.2028   5.53
    12581       0.2028   5.53
    12582       0.2041   5.53
    12583       0.2028   5.53
    12584       0.2033   5.53
    12585       0.2028   5.53
    12586       0.2028   5.53
    12587       0.2034   5.53
    12588       0.2029   5.53
    12589       0.2036   5.53
    12590       0.2030   5.53
    12591       0.2030   5.53
    12592       0.2034   5.53
    12593       0.2029   5.52
    12594       0.2035   5.52
    12595       0.2028   5.53
    12596       0.2030   5.53
    12597       0.2033   5.53
    12598       0.2028   5.53
    12599       0.2034   5.53
    12600       0.2029   5.53
    12601       0.2034   5.53
    12602       0.2028   5.53
    12603       0.2029   5.53
    12604       0.2035   5.53
    12605       0.2029   5.53
    12606       0.2035   5.53
    12607       0.2027   5.53
    12608       0.2028   5.53
    12609       0.2035   5.53
    12610       0.2028   5.53
    12611       0.2034   5.53
    12612       0.2028   5.53
    12613       0.2029   5.53
    12614       0.2034   5.53
    12615       0.2027   5.53
    12616       0.2036   5.53
    12617       0.2029   5.53
    12618       0.2028   5.53
    12619       0.2035   5.53
    12620       0.2029   5.53
    12621       0.2034   5.53
    12622       0.2029   5.53
    12623       0.2034   5.53
    12624       0.2029   5.53
    12625       0.2028   5.53
    12626       0.2034   5.53
    12627       0.2028   5.53
    12628       0.2034   5.53
    12629       0.2028   5.53
    12630       0.2028   5.53
    12631       0.2034   5.53
    12632       0.2028   5.53
    12633       0.2033   5.53
    12634       0.2027   5.53
    12635       0.2028   5.53
    12636       0.2034   5.53
    12637       0.2028   5.53
    12638       0.2035   5.53
    12639       0.2028   5.53
    12640       0.2029   5.53
    12641       0.2034   5.53
    12642       0.2029   5.53
    12643       0.2034   5.53
    12644       0.2028   5.53
    12645       0.2028   5.53
    12646       0.2035   5.53
    12647       0.2028   5.53
    12648       0.2034   5.53
    12649       0.2029   5.53
    12650       0.2034   5.53
    12651       0.2029   5.53
    12652       0.2029   5.53
    12653       0.2034   5.53
    12654       0.2028   5.53
    12655       0.2035   5.53
    12656       0.2027   5.53
    12657       0.2027   5.53
    12658       0.2034   5.53
    12659       0.2027   5.53
    12660       0.2034   5.53
    12661       0.2028   5.53
    12662       0.2028   5.53
    12663       0.2034   5.53
    12664       0.2028   5.53
    12665       0.2033   5.53
    12666       0.2029   5.53
    12667       0.2027   5.53
    12668       0.2036   5.53
    12669       0.2028   5.53
    12670       0.2034   5.53
    12671       0.2028   5.53
    12672       0.2029   5.53
    12673       0.2028   5.53
    12674       0.2028   5.53
    12675       0.2036   5.53
    12676       0.2029   5.53
    12677       0.2038   5.53
    12678       0.2027   5.52
    12679       0.2028   5.52
    12680       0.2034   5.52
    12681       0.2028   5.53
    12682       0.2034   5.53
    12683       0.2028   5.53
    12684       0.2028   5.53
    12685       0.2034   5.53
    12686       0.2027   5.53
    12687       0.2034   5.53
    12688       0.2028   5.53
    12689       0.2027   5.53
    12690       0.2034   5.53
    12691       0.2028   5.53
    12692       0.2033   5.53
    12693       0.2027   5.53
    12694       0.2027   5.53
    12695       0.2034   5.53
    12696       0.2027   5.53
    12697       0.2035   5.53
    12698       0.2028   5.53
    12699       0.2034   5.53
    12700       0.2028   5.53
    12701       0.2027   5.53
    12702       0.2033   5.53
    12703       0.2028   5.53
    12704       0.2033   5.53
    12705       0.2029   5.53
    12706       0.2028   5.53
    12707       0.2034   5.53
    12708       0.2029   5.53
    12709       0.2035   5.53
    12710       0.2028   5.53
    12711       0.2028   5.53
    12712       0.2035   5.53
    12713       0.2028   5.53
    12714       0.2034   5.53
    12715       0.2029   5.53
    12716       0.2029   5.53
    12717       0.2035   5.53
    12718       0.2028   5.53
    12719       0.2038   5.53
    12720       0.2028   5.53
    12721       0.2028   5.53
    12722       0.2034   5.53
    12723       0.2028   5.53
    12724       0.2034   5.53
    12725       0.2029   5.53
    12726       0.2037   5.53
    12727       0.2027   5.53
    12728       0.2029   5.53
    12729       0.2034   5.53
    12730       0.2029   5.53
    12731       0.2033   5.53
    12732       0.2028   5.53
    12733       0.2029   5.53
    12734       0.2033   5.53
    12735       0.2027   5.53
    12736       0.2035   5.53
    12737       0.2028   5.53
    12738       0.2029   5.53
    12739       0.2045   5.53
    12740       0.2028   5.53
    12741       0.2034   5.53
    12742       0.2028   5.53
    12743       0.2027   5.53
    12744       0.2034   5.53
    12745       0.2028   5.53
    12746       0.2034   5.53
    12747       0.2027   5.53
    12748       0.2035   5.53
    12749       0.2028   5.53
    12750       0.2029   5.53
    12751       0.2033   5.53
    12752       0.2028   5.53
    12753       0.2033   5.53
    12754       0.2028   5.53
    12755       0.2028   5.53
    12756       0.2034   5.53
    12757       0.2028   5.53
    12758       0.2037   5.53
    12759       0.2028   5.53
    12760       0.2027   5.53
    12761       0.2035   5.53
    12762       0.2028   5.53
    12763       0.2035   5.53
    12764       0.2028   5.53
    12765       0.2028   5.53
    12766       0.2034   5.53
    12767       0.2028   5.53
    12768       0.2035   5.53
    12769       0.2028   5.53
    12770       0.2027   5.53
    12771       0.2035   5.53
    12772       0.2031   5.53
    12773       0.2035   5.53
    12774       0.2028   5.52
    12775       0.2034   5.52
    12776       0.2027   5.53
    12777       0.2027   5.53
    12778       0.2035   5.53
    12779       0.2028   5.53
    12780       0.2035   5.53
    12781       0.2028   5.53
    12782       0.2028   5.53
    12783       0.2035   5.53
    12784       0.2028   5.53
    12785       0.2035   5.53
    12786       0.2028   5.53
    12787       0.2027   5.53
    12788       0.2036   5.53
    12789       0.2028   5.53
    12790       0.2033   5.53
    12791       0.2029   5.53
    12792       0.2028   5.53
    12793       0.2035   5.53
    12794       0.2028   5.53
    12795       0.2034   5.53
    12796       0.2029   5.53
    12797       0.2030   5.53
    12798       0.2027   5.53
    12799       0.2028   5.53
    12800       0.2035   5.53
    12801       0.2028   5.53
    12802       0.2037   5.53
    12803       0.2027   5.53
    12804       0.2027   5.53
    12805       0.2035   5.53
    12806       0.2028   5.53
    12807       0.2033   5.53
    12808       0.2028   5.53
    12809       0.2028   5.53
    12810       0.2033   5.53
    12811       0.2028   5.53
    12812       0.2034   5.53
    12813       0.2027   5.53
    12814       0.2027   5.53
    12815       0.2034   5.53
    12816       0.2028   5.53
    12817       0.2034   5.53
    12818       0.2027   5.53
    12819       0.2028   5.53
    12820       0.2033   5.53
    12821       0.2028   5.53
    12822       0.2034   5.53
    12823       0.2028   5.53
    12824       0.2034   5.53
    12825       0.2028   5.53
    12826       0.2028   5.53
    12827       0.2034   5.53
    12828       0.2028   5.53
    12829       0.2034   5.53
    12830       0.2028   5.53
    12831       0.2027   5.53
    12832       0.2033   5.53
    12833       0.2029   5.53
    12834       0.2035   5.53
    12835       0.2028   5.53
    12836       0.2027   5.53
    12837       0.2035   5.53
    12838       0.2028   5.53
    12839       0.2035   5.53
    12840       0.2028   5.53
    12841       0.2028   5.53
    12842       0.2034   5.53
    12843       0.2028   5.53
    12844       0.2035   5.53
    12845       0.2029   5.53
    12846       0.2028   5.53
    12847       0.2033   5.53
    12848       0.2028   5.53
    12849       0.2034   5.53
    12850       0.2028   5.53
    12851       0.2034   5.53
    12852       0.2029   5.53
    12853       0.2029   5.53
    12854       0.2035   5.53
    12855       0.2028   5.53
    12856       0.2035   5.53
    12857       0.2027   5.53
    12858       0.2027   5.53
    12859       0.2034   5.53
    12860       0.2028   5.53
    12861       0.2034   5.53
    12862       0.2029   5.53
    12863       0.2029   5.53
    12864       0.2034   5.53
    12865       0.2028   5.53
    12866       0.2035   5.53
    12867       0.2028   5.53
    12868       0.2028   5.53
    12869       0.2034   5.53
    12870       0.2028   5.53
    12871       0.2034   5.53
    12872       0.2028   5.53
    12873       0.2034   5.53
    12874       0.2028   5.53
    12875       0.2028   5.53
    12876       0.2035   5.53
    12877       0.2028   5.53
    12878       0.2034   5.53
    12879       0.2027   5.53
    12880       0.2028   5.53
    12881       0.2033   5.53
    12882       0.2028   5.53
    12883       0.2034   5.53
    12884       0.2028   5.53
    12885       0.2027   5.53
    12886       0.2033   5.53
    12887       0.2027   5.53
    12888       0.2034   5.53
    12889       0.2028   5.53
    12890       0.2028   5.53
    12891       0.2033   5.53
    12892       0.2028   5.53
    12893       0.2035   5.53
    12894       0.2029   5.53
    12895       0.2028   5.53
    12896       0.2048   5.53
    12897       0.2028   5.53
    12898       0.2034   5.53
    12899       0.2028   5.53
    12900       0.2035   5.53
    12901       0.2028   5.53
    12902       0.2028   5.53
    12903       0.2035   5.53
    12904       0.2028   5.53
    12905       0.2034   5.53
    12906       0.2028   5.53
    12907       0.2028   5.53
    12908       0.2035   5.53
    12909       0.2028   5.53
    12910       0.2034   5.53
    12911       0.2028   5.53
    12912       0.2028   5.53
    12913       0.2033   5.53
    12914       0.2028   5.53
    12915       0.2034   5.53
    12916       0.2028   5.53
    12917       0.2027   5.53
    12918       0.2035   5.53
    12919       0.2028   5.53
    12920       0.2033   5.53
    12921       0.2028   5.53
    12922       0.2029   5.53
    12923       0.2033   5.53
    12924       0.2028   5.53
    12925       0.2035   5.53
    12926       0.2028   5.53
    12927       0.2032   5.53
    12928       0.2028   5.53
    12929       0.2028   5.53
    12930       0.2034   5.53
    12931       0.2028   5.53
    12932       0.2034   5.53
    12933       0.2027   5.53
    12934       0.2028   5.53
    12935       0.2034   5.53
    12936       0.2028   5.53
    12937       0.2034   5.53
    12938       0.2028   5.53
    12939       0.2028   5.53
    12940       0.2034   5.53
    12941       0.2028   5.53
    12942       0.2035   5.53
    12943       0.2027   5.53
    12944       0.2027   5.53
    12945       0.2033   5.53
    12946       0.2028   5.53
    12947       0.2034   5.53
    12948       0.2028   5.53
    12949       0.2035   5.53
    12950       0.2028   5.53
    12951       0.2029   5.53
    12952       0.2034   5.53
    12953       0.2029   5.53
    12954       0.2034   5.53
    12955       0.2029   5.53
    12956       0.2028   5.53
    12957       0.2034   5.53
    12958       0.2028   5.53
    12959       0.2035   5.53
    12960       0.2028   5.53
    12961       0.2028   5.53
    12962       0.2036   5.53
    12963       0.2027   5.53
    12964       0.2034   5.53
    12965       0.2027   5.53
    12966       0.2028   5.53
    12967       0.2036   5.53
    12968       0.2028   5.53
    12969       0.2035   5.53
    12970       0.2028   5.53
    12971       0.2028   5.53
    12972       0.2034   5.53
    12973       0.2028   5.53
    12974       0.2034   5.53
    12975       0.2028   5.53
    12976       0.2034   5.53
    12977       0.2028   5.53
    12978       0.2028   5.53
    12979       0.2033   5.53
    12980       0.2028   5.53
    12981       0.2033   5.53
    12982       0.2028   5.53
    12983       0.2027   5.53
    12984       0.2033   5.53
    12985       0.2028   5.53
    12986       0.2032   5.53
    12987       0.2028   5.53
    12988       0.2028   5.53
    12989       0.2033   5.53
    12990       0.2028   5.53
    12991       0.2034   5.53
    12992       0.2028   5.53
    12993       0.2028   5.53
    12994       0.2035   5.53
    12995       0.2028   5.53
    12996       0.2033   5.53
    12997       0.2030   5.53
    12998       0.2032   5.53
    12999       0.2029   5.52
    13000       0.2029   5.52
    13001       0.2034   5.52
    13002       0.2028   5.53
    13003       0.2035   5.53
    13004       0.2028   5.53
    13005       0.2028   5.53
    13006       0.2034   5.53
    13007       0.2028   5.53
    13008       0.2034   5.53
    13009       0.2029   5.53
    13010       0.2027   5.53
    13011       0.2034   5.53
    13012       0.2028   5.53
    13013       0.2034   5.53
    13014       0.2029   5.53
    13015       0.2028   5.53
    13016       0.2034   5.53
    13017       0.2028   5.53
    13018       0.2034   5.53
    13019       0.2028   5.53
    13020       0.2028   5.53
    13021       0.2035   5.53
    13022       0.2028   5.53
    13023       0.2034   5.53
    13024       0.2028   5.53
    13025       0.2035   5.53
    13026       0.2029   5.53
    13027       0.2028   5.53
    13028       0.2036   5.53
    13029       0.2028   5.53
    13030       0.2034   5.53
    13031       0.2029   5.53
    13032       0.2028   5.53
    13033       0.2035   5.53
    13034       0.2028   5.53
    13035       0.2034   5.53
    13036       0.2028   5.53
    13037       0.2028   5.53
    13038       0.2035   5.53
    13039       0.2028   5.53
    13040       0.2035   5.53
    13041       0.2029   5.53
    13042       0.2028   5.53
    13043       0.2035   5.53
    13044       0.2028   5.53
    13045       0.2033   5.53
    13046       0.2028   5.53
    13047       0.2028   5.53
    13048       0.2032   5.53
    13049       0.2028   5.53
    13050       0.2033   5.53
    13051       0.2028   5.53
    13052       0.2098   5.53
    13053       0.2030   5.53
    13054       0.2030   5.53
    13055       0.2036   5.53
    13056       0.2027   5.52
    13057       0.2035   5.52
    13058       0.2028   5.53
    13059       0.2028   5.53
    13060       0.2034   5.53
    13061       0.2028   5.53
    13062       0.2034   5.53
    13063       0.2029   5.53
    13064       0.2030   5.53
    13065       0.2035   5.53
    13066       0.2031   5.52
    13067       0.2036   5.52
    13068       0.2028   5.52
    13069       0.2029   5.52
    13070       0.2034   5.52
    13071       0.2028   5.53
    13072       0.2034   5.53
    13073       0.2028   5.53
    13074       0.2034   5.53
    13075       0.2028   5.53
    13076       0.2027   5.53
    13077       0.2034   5.53
    13078       0.2028   5.53
    13079       0.2034   5.53
    13080       0.2028   5.53
    13081       0.2028   5.53
    13082       0.2035   5.53
    13083       0.2028   5.53
    13084       0.2033   5.53
    13085       0.2028   5.53
    13086       0.2029   5.53
    13087       0.2035   5.53
    13088       0.2028   5.53
    13089       0.2033   5.53
    13090       0.2028   5.53
    13091       0.2030   5.53
    13092       0.2037   5.53
    13093       0.2027   5.53
    13094       0.2034   5.53
    13095       0.2028   5.53
    13096       0.2029   5.53
    13097       0.2034   5.53
    13098       0.2028   5.53
    13099       0.2034   5.53
    13100       0.2029   5.53
    13101       0.2035   5.53
    13102       0.2029   5.53
    13103       0.2030   5.53
    13104       0.2036   5.53
    13105       0.2031   5.52
    13106       0.2037   5.52
    13107       0.2029   5.52
    13108       0.2028   5.52
    13109       0.2033   5.52
    13110       0.2028   5.53
    13111       0.2034   5.53
    13112       0.2028   5.53
    13113       0.2028   5.53
    13114       0.2033   5.53
    13115       0.2028   5.53
    13116       0.2035   5.53
    13117       0.2029   5.53
    13118       0.2028   5.53
    13119       0.2033   5.53
    13120       0.2028   5.53
    13121       0.2033   5.53
    13122       0.2029   5.53
    13123       0.2034   5.53
    13124       0.2028   5.53
    13125       0.2029   5.53
    13126       0.2035   5.53
    13127       0.2028   5.53
    13128       0.2034   5.53
    13129       0.2028   5.53
    13130       0.2028   5.53
    13131       0.2034   5.53
    13132       0.2028   5.53
    13133       0.2034   5.53
    13134       0.2027   5.53
    13135       0.2028   5.53
    13136       0.2034   5.53
    13137       0.2028   5.53
    13138       0.2035   5.53
    13139       0.2028   5.53
    13140       0.2028   5.53
    13141       0.2034   5.53
    13142       0.2029   5.53
    13143       0.2036   5.53
    13144       0.2028   5.52
    13145       0.2028   5.52
    13146       0.2033   5.52
    13147       0.2030   5.53
    13148       0.2037   5.53
    13149       0.2028   5.52
    13150       0.2034   5.52
    13151       0.2028   5.53
    13152       0.2028   5.53
    13153       0.2035   5.53
    13154       0.2029   5.53
    13155       0.2034   5.53
    13156       0.2029   5.53
    13157       0.2028   5.53
    13158       0.2035   5.53
    13159       0.2028   5.53
    13160       0.2035   5.53
    13161       0.2029   5.53
    13162       0.2030   5.53
    13163       0.2036   5.53
    13164       0.2027   5.53
    13165       0.2035   5.53
    13166       0.2028   5.53
    13167       0.2028   5.53
    13168       0.2034   5.53
    13169       0.2029   5.53
    13170       0.2035   5.53
    13171       0.2028   5.53
    13172       0.2033   5.53
    13173       0.2028   5.53
    13174       0.2030   5.53
    13175       0.2037   5.53
    13176       0.2028   5.52
    13177       0.2035   5.52
    13178       0.2028   5.53
    13179       0.2027   5.53
    13180       0.2034   5.53
    13181       0.2028   5.53
    13182       0.2033   5.53
    13183       0.2028   5.53
    13184       0.2027   5.53
    13185       0.2032   5.53
    13186       0.2028   5.53
    13187       0.2035   5.53
    13188       0.2028   5.53
    13189       0.2029   5.53
    13190       0.2034   5.53
    13191       0.2028   5.53
    13192       0.2034   5.53
    13193       0.2029   5.53
    13194       0.2028   5.53
    13195       0.2034   5.53
    13196       0.2029   5.53
    13197       0.2037   5.53
    13198       0.2029   5.52
    13199       0.2034   5.52
    13200       0.2028   5.53
    13201       0.2028   5.53
    13202       0.2033   5.53
    13203       0.2028   5.53
    13204       0.2035   5.53
    13205       0.2029   5.53
    13206       0.2028   5.53
    13207       0.2036   5.53
    13208       0.2028   5.53
    13209       0.2039   5.53
    13210       0.2028   5.53
    13211       0.2027   5.53
    13212       0.2034   5.53
    13213       0.2027   5.53
    13214       0.2033   5.53
    13215       0.2029   5.53
    13216       0.2028   5.53
    13217       0.2035   5.53
    13218       0.2030   5.53
    13219       0.2038   5.53
    13220       0.2029   5.53
    13221       0.2033   5.53
    13222       0.2029   5.53
    13223       0.2028   5.53
    13224       0.2035   5.53
    13225       0.2028   5.53
    13226       0.2035   5.53
    13227       0.2029   5.53
    13228       0.2028   5.53
    13229       0.2034   5.53
    13230       0.2028   5.53
    13231       0.2034   5.53
    13232       0.2028   5.53
    13233       0.2028   5.53
    13234       0.2035   5.53
    13235       0.2029   5.53
    13236       0.2034   5.53
    13237       0.2028   5.53
    13238       0.2028   5.53
    13239       0.2034   5.53
    13240       0.2028   5.53
    13241       0.2035   5.53
    13242       0.2029   5.53
    13243       0.2029   5.53
    13244       0.2035   5.53
    13245       0.2028   5.53
    13246       0.2034   5.53
    13247       0.2028   5.53
    13248       0.2034   5.53
    13249       0.2028   5.53
    13250       0.2028   5.53
    13251       0.2034   5.53
    13252       0.2028   5.53
    13253       0.2034   5.53
    13254       0.2028   5.53
    13255       0.2028   5.53
    13256       0.2035   5.53
    13257       0.2028   5.53
    13258       0.2035   5.53
    13259       0.2027   5.53
    13260       0.2028   5.53
    13261       0.2035   5.53
    13262       0.2029   5.53
    13263       0.2034   5.53
    13264       0.2028   5.53
    13265       0.2027   5.53
    13266       0.2034   5.53
    13267       0.2028   5.53
    13268       0.2037   5.53
    13269       0.2029   5.53
    13270       0.2029   5.53
    13271       0.2035   5.53
    13272       0.2028   5.53
    13273       0.2034   5.53
    13274       0.2028   5.53
    13275       0.2034   5.53
    13276       0.2029   5.53
    13277       0.2028   5.53
    13278       0.2035   5.53
    13279       0.2028   5.53
    13280       0.2034   5.53
    13281       0.2029   5.53
    13282       0.2028   5.53
    13283       0.2034   5.53
    13284       0.2028   5.53
    13285       0.2034   5.53
    13286       0.2028   5.53
    13287       0.2028   5.53
    13288       0.2034   5.53
    13289       0.2028   5.53
    13290       0.2033   5.53
    13291       0.2027   5.53
    13292       0.2028   5.53
    13293       0.2033   5.53
    13294       0.2028   5.53
    13295       0.2034   5.53
    13296       0.2027   5.53
    13297       0.2034   5.53
    13298       0.2028   5.53
    13299       0.2028   5.53
    13300       0.2034   5.53
    13301       0.2029   5.53
    13302       0.2035   5.53
    13303       0.2028   5.53
    13304       0.2028   5.53
    13305       0.2033   5.53
    13306       0.2029   5.53
    13307       0.2035   5.53
    13308       0.2029   5.53
    13309       0.2028   5.53
    13310       0.2034   5.53
    13311       0.2028   5.53
    13312       0.2034   5.53
    13313       0.2029   5.53
    13314       0.2028   5.53
    13315       0.2034   5.53
    13316       0.2029   5.53
    13317       0.2035   5.53
    13318       0.2029   5.53
    13319       0.2028   5.53
    13320       0.2034   5.53
    13321       0.2030   5.53
    13322       0.2036   5.53
    13323       0.2028   5.53
    13324       0.2034   5.53
    13325       0.2028   5.53
    13326       0.2029   5.53
    13327       0.2036   5.53
    13328       0.2028   5.53
    13329       0.2034   5.53
    13330       0.2027   5.53
    13331       0.2028   5.53
    13332       0.2034   5.53
    13333       0.2028   5.53
    13334       0.2034   5.53
    13335       0.2028   5.53
    13336       0.2029   5.53
    13337       0.2036   5.53
    13338       0.2028   5.53
    13339       0.2034   5.53
    13340       0.2029   5.53
    13341       0.2029   5.53
    13342       0.2034   5.53
    13343       0.2028   5.53
    13344       0.2034   5.53
    13345       0.2028   5.53
    13346       0.2034   5.53
    13347       0.2027   5.53
    13348       0.2027   5.53
    13349       0.2032   5.53
    13350       0.2028   5.53
    13351       0.2034   5.53
    13352       0.2028   5.53
    13353       0.2028   5.53
    13354       0.2034   5.53
    13355       0.2029   5.53
    13356       0.2034   5.53
    13357       0.2028   5.53
    13358       0.2028   5.53
    13359       0.2034   5.53
    13360       0.2027   5.53
    13361       0.2034   5.53
    13362       0.2028   5.53
    13363       0.2028   5.53
    13364       0.2034   5.53
    13365       0.2028   5.53
    13366       0.2035   5.53
    13367       0.2028   5.53
    13368       0.2028   5.53
    13369       0.2034   5.53
    13370       0.2028   5.53
    13371       0.2033   5.53
    13372       0.2028   5.53
    13373       0.2034   5.53
    13374       0.2029   5.53
    13375       0.2028   5.53
    13376       0.2034   5.53
    13377       0.2028   5.53
    13378       0.2035   5.53
    13379       0.2028   5.53
    13380       0.2027   5.53
    13381       0.2033   5.53
    13382       0.2029   5.53
    13383       0.2034   5.53
    13384       0.2028   5.53
    13385       0.2028   5.53
    13386       0.2034   5.53
    13387       0.2029   5.53
    13388       0.2036   5.53
    13389       0.2028   5.53
    13390       0.2028   5.53
    13391       0.2035   5.53
    13392       0.2028   5.53
    13393       0.2034   5.53
    13394       0.2029   5.53
    13395       0.2028   5.53
    13396       0.2033   5.53
    13397       0.2028   5.53
    13398       0.2035   5.53
    13399       0.2029   5.53
    13400       0.2035   5.53
    13401       0.2028   5.53
    13402       0.2028   5.53
    13403       0.2034   5.53
    13404       0.2028   5.53
    13405       0.2034   5.53
    13406       0.2028   5.53
    13407       0.2028   5.53
    13408       0.2033   5.53
    13409       0.2028   5.53
    13410       0.2034   5.53
    13411       0.2029   5.53
    13412       0.2028   5.53
    13413       0.2035   5.53
    13414       0.2028   5.53
    13415       0.2034   5.53
    13416       0.2028   5.53
    13417       0.2029   5.53
    13418       0.2035   5.53
    13419       0.2027   5.53
    13420       0.2033   5.53
    13421       0.2028   5.53
    13422       0.2033   5.53
    13423       0.2028   5.53
    13424       0.2028   5.53
    13425       0.2127   5.53
    13426       0.2028   5.53
    13427       0.2037   5.53
    13428       0.2028   5.53
    13429       0.2028   5.53
    13430       0.2035   5.53
    13431       0.2028   5.53
    13432       0.2034   5.53
    13433       0.2028   5.53
    13434       0.2028   5.53
    13435       0.2034   5.53
    13436       0.2028   5.53
    13437       0.2034   5.53
    13438       0.2028   5.53
    13439       0.2028   5.53
    13440       0.2035   5.53
    13441       0.2027   5.53
    13442       0.2033   5.53
    13443       0.2027   5.53
    13444       0.2029   5.53
    13445       0.2028   5.53
    13446       0.2028   5.53
    13447       0.2037   5.53
    13448       0.2028   5.53
    13449       0.2034   5.53
    13450       0.2029   5.53
    13451       0.2029   5.53
    13452       0.2034   5.53
    13453       0.2029   5.53
    13454       0.2034   5.53
    13455       0.2028   5.53
    13456       0.2028   5.53
    13457       0.2035   5.53
    13458       0.2029   5.53
    13459       0.2035   5.53
    13460       0.2029   5.53
    13461       0.2027   5.53
    13462       0.2035   5.53
    13463       0.2028   5.53
    13464       0.2034   5.53
    13465       0.2028   5.53
    13466       0.2028   5.53
    13467       0.2033   5.53
    13468       0.2028   5.53
    13469       0.2034   5.53
    13470       0.2028   5.53
    13471       0.2035   5.53
    13472       0.2028   5.53
    13473       0.2028   5.53
    13474       0.2034   5.53
    13475       0.2029   5.53
    13476       0.2035   5.53
    13477       0.2028   5.53
    13478       0.2029   5.53
    13479       0.2034   5.53
    13480       0.2028   5.53
    13481       0.2034   5.53
    13482       0.2027   5.53
    13483       0.2029   5.53
    13484       0.2036   5.53
    13485       0.2030   5.53
    13486       0.2034   5.53
    13487       0.2028   5.52
    13488       0.2028   5.52
    13489       0.2034   5.52
    13490       0.2028   5.53
    13491       0.2035   5.53
    13492       0.2029   5.53
    13493       0.2031   5.53
    13494       0.2034   5.53
    13495       0.2029   5.53
    13496       0.2034   5.53
    13497       0.2028   5.53
    13498       0.2036   5.53
    13499       0.2027   5.53
    13500       0.2028   5.53
    13501       0.2034   5.53
    13502       0.2027   5.53
    13503       0.2034   5.53
    13504       0.2028   5.53
    13505       0.2029   5.53
    13506       0.2035   5.53
    13507       0.2028   5.53
    13508       0.2035   5.53
    13509       0.2028   5.53
    13510       0.2029   5.53
    13511       0.2035   5.53
    13512       0.2028   5.53
    13513       0.2034   5.53
    13514       0.2029   5.53
    13515       0.2028   5.53
    13516       0.2033   5.53
    13517       0.2029   5.53
    13518       0.2036   5.53
    13519       0.2028   5.53
    13520       0.2036   5.53
    13521       0.2028   5.53
    13522       0.2028   5.53
    13523       0.2034   5.53
    13524       0.2029   5.53
    13525       0.2033   5.53
    13526       0.2028   5.53
    13527       0.2028   5.53
    13528       0.2034   5.53
    13529       0.2028   5.53
    13530       0.2034   5.53
    13531       0.2030   5.53
    13532       0.2029   5.53
    13533       0.2034   5.53
    13534       0.2029   5.53
    13535       0.2034   5.53
    13536       0.2029   5.53
    13537       0.2028   5.53
    13538       0.2034   5.53
    13539       0.2028   5.53
    13540       0.2035   5.53
    13541       0.2029   5.53
    13542       0.2029   5.53
    13543       0.2037   5.53
    13544       0.2030   5.53
    13545       0.2035   5.53
    13546       0.2027   5.52
    13547       0.2036   5.52
    13548       0.2031   5.53
    13549       0.2030   5.53
    13550       0.2034   5.53
    13551       0.2028   5.52
    13552       0.2034   5.52
    13553       0.2029   5.53
    13554       0.2028   5.53
    13555       0.2033   5.53
    13556       0.2029   5.53
    13557       0.2037   5.53
    13558       0.2028   5.53
    13559       0.2029   5.53
    13560       0.2037   5.53
    13561       0.2030   5.53
    13562       0.2035   5.53
    13563       0.2028   5.52
    13564       0.2028   5.52
    13565       0.2035   5.52
    13566       0.2028   5.53
    13567       0.2035   5.53
    13568       0.2028   5.53
    13569       0.2034   5.53
    13570       0.2028   5.53
    13571       0.2028   5.53
    13572       0.2034   5.53
    13573       0.2028   5.53
    13574       0.2034   5.53
    13575       0.2028   5.53
    13576       0.2028   5.53
    13577       0.2035   5.53
    13578       0.2028   5.53
    13579       0.2035   5.53
    13580       0.2029   5.53
    13581       0.2029   5.53
    13582       0.2035   5.53
    13583       0.2028   5.53
    13584       0.2034   5.53
    13585       0.2028   5.53
    13586       0.2029   5.53
    13587       0.2034   5.53
    13588       0.2029   5.53
    13589       0.2035   5.53
    13590       0.2031   5.53
    13591       0.2029   5.53
    13592       0.2035   5.53
    13593       0.2028   5.52
    13594       0.2034   5.52
    13595       0.2029   5.53
    13596       0.2034   5.53
    13597       0.2028   5.53
    13598       0.2028   5.53
    13599       0.2036   5.53
    13600       0.2028   5.53
    13601       0.2036   5.53
    13602       0.2028   5.53
    13603       0.2029   5.53
    13604       0.2034   5.53
    13605       0.2028   5.53
    13606       0.2035   5.53
    13607       0.2027   5.53
    13608       0.2029   5.53
    13609       0.2039   5.53
    13610       0.2028   5.53
    13611       0.2035   5.53
    13612       0.2028   5.53
    13613       0.2028   5.53
    13614       0.2036   5.53
    13615       0.2028   5.53
    13616       0.2035   5.53
    13617       0.2028   5.53
    13618       0.2031   5.53
    13619       0.2027   5.53
    13620       0.2028   5.53
    13621       0.2036   5.53
    13622       0.2029   5.53
    13623       0.2037   5.53
    13624       0.2029   5.53
    13625       0.2028   5.53
    13626       0.2037   5.53
    13627       0.2028   5.53
    13628       0.2039   5.53
    13629       0.2028   5.53
    13630       0.2028   5.53
    13631       0.2037   5.53
    13632       0.2029   5.53
    13633       0.2036   5.53
    13634       0.2029   5.53
    13635       0.2028   5.53
    13636       0.2037   5.53
    13637       0.2028   5.53
    13638       0.2037   5.53
    13639       0.2028   5.53
    13640       0.2030   5.53
    13641       0.2040   5.53
    13642       0.2031   5.53
    13643       0.2034   5.53
    13644       0.2028   5.52
    13645       0.2034   5.52
    13646       0.2029   5.53
    13647       0.2029   5.53
    13648       0.2035   5.53
    13649       0.2029   5.53
    13650       0.2035   5.53
    13651       0.2028   5.53
    13652       0.2028   5.53
    13653       0.2034   5.53
    13654       0.2029   5.53
    13655       0.2035   5.53
    13656       0.2028   5.53
    13657       0.2029   5.53
    13658       0.2038   5.53
    13659       0.2030   5.53
    13660       0.2034   5.53
    13661       0.2028   5.52
    13662       0.2029   5.52
    13663       0.2035   5.52
    13664       0.2028   5.53
    13665       0.2034   5.53
    13666       0.2028   5.53
    13667       0.2034   5.53
    13668       0.2030   5.53
    13669       0.2030   5.53
    13670       0.2034   5.53
    13671       0.2028   5.52
    13672       0.2033   5.52
    13673       0.2029   5.53
    13674       0.2027   5.53
    13675       0.2036   5.53
    13676       0.2028   5.53
    13677       0.2035   5.53
    13678       0.2028   5.53
    13679       0.2028   5.53
    13680       0.2034   5.53
    13681       0.2028   5.53
    13682       0.2035   5.53
    13683       0.2028   5.53
    13684       0.2028   5.53
    13685       0.2035   5.53
    13686       0.2028   5.53
    13687       0.2035   5.53
    13688       0.2028   5.53
    13689       0.2028   5.53
    13690       0.2035   5.53
    13691       0.2029   5.53
    13692       0.2034   5.53
    13693       0.2028   5.53
    13694       0.2034   5.53
    13695       0.2029   5.53
    13696       0.2028   5.53
    13697       0.2037   5.53
    13698       0.2028   5.53
    13699       0.2035   5.53
    13700       0.2028   5.53
    13701       0.2028   5.53
    13702       0.2035   5.53
    13703       0.2031   5.53
    13704       0.2037   5.53
    13705       0.2032   5.52
    13706       0.2029   5.52
    13707       0.2034   5.52
    13708       0.2028   5.52
    13709       0.2034   5.52
    13710       0.2028   5.53
    13711       0.2029   5.53
    13712       0.2034   5.53
    13713       0.2029   5.53
    13714       0.2035   5.53
    13715       0.2028   5.53
    13716       0.2029   5.53
    13717       0.2033   5.53
    13718       0.2028   5.53
    13719       0.2035   5.53
    13720       0.2028   5.53
    13721       0.2034   5.53
    13722       0.2028   5.53
    13723       0.2028   5.53
    13724       0.2034   5.53
    13725       0.2028   5.53
    13726       0.2035   5.53
    13727       0.2028   5.53
    13728       0.2028   5.53
    13729       0.2034   5.53
    13730       0.2028   5.53
    13731       0.2033   5.53
    13732       0.2027   5.53
    13733       0.2028   5.53
    13734       0.2033   5.53
    13735       0.2026   5.53
    13736       0.2034   5.53
    13737       0.2029   5.53
    13738       0.2029   5.53
    13739       0.2035   5.53
    13740       0.2029   5.53
    13741       0.2035   5.53
    13742       0.2028   5.53
    13743       0.2035   5.53
    13744       0.2030   5.53
    13745       0.2031   5.53
    13746       0.2033   5.53
    13747       0.2028   5.52
    13748       0.2036   5.52
    13749       0.2027   5.53
    13750       0.2028   5.53
    13751       0.2034   5.53
    13752       0.2028   5.53
    13753       0.2034   5.53
    13754       0.2029   5.53
    13755       0.2029   5.53
    13756       0.2035   5.53
    13757       0.2028   5.53
    13758       0.2035   5.53
    13759       0.2028   5.53
    13760       0.2029   5.53
    13761       0.2034   5.53
    13762       0.2029   5.53
    13763       0.2034   5.53
    13764       0.2028   5.53
    13765       0.2029   5.53
    13766       0.2034   5.53
    13767       0.2028   5.53
    13768       0.2034   5.53
    13769       0.2028   5.53
    13770       0.2034   5.53
    13771       0.2028   5.53
    13772       0.2028   5.53
    13773       0.2034   5.53
    13774       0.2029   5.53
    13775       0.2034   5.53
    13776       0.2028   5.53
    13777       0.2028   5.53
    13778       0.2038   5.53
    13779       0.2029   5.53
    13780       0.2038   5.53
    13781       0.2030   5.53
    13782       0.2030   5.53
    13783       0.2033   5.53
    13784       0.2028   5.52
    13785       0.2035   5.52
    13786       0.2029   5.53
    13787       0.2028   5.53
    13788       0.2034   5.53
    13789       0.2028   5.53
    13790       0.2033   5.53
    13791       0.2027   5.53
    13792       0.2035   5.53
    13793       0.2029   5.53
    13794       0.2031   5.53
    13795       0.2034   5.53
    13796       0.2029   5.52
    13797       0.2036   5.52
    13798       0.2029   5.53
    13799       0.2028   5.53
    13800       0.2034   5.53
    13801       0.2029   5.53
    13802       0.2035   5.53
    13803       0.2029   5.53
    13804       0.2028   5.53
    13805       0.2035   5.53
    13806       0.2029   5.53
    13807       0.2036   5.53
    13808       0.2028   5.53
    13809       0.2028   5.53
    13810       0.2034   5.53
    13811       0.2028   5.53
    13812       0.2035   5.53
    13813       0.2028   5.53
    13814       0.2028   5.53
    13815       0.2034   5.53
    13816       0.2029   5.53
    13817       0.2035   5.53
    13818       0.2028   5.53
    13819       0.2034   5.53
    13820       0.2028   5.53
    13821       0.2028   5.53
    13822       0.2035   5.53
    13823       0.2028   5.53
    13824       0.2035   5.53
    13825       0.2029   5.53
    13826       0.2028   5.53
    13827       0.2034   5.53
    13828       0.2028   5.53
    13829       0.2035   5.53
    13830       0.2028   5.53
    13831       0.2029   5.53
    13832       0.2035   5.53
    13833       0.2028   5.53
    13834       0.2035   5.53
    13835       0.2028   5.53
    13836       0.2028   5.53
    13837       0.2043   5.53
    13838       0.2028   5.53
    13839       0.2035   5.53
    13840       0.2028   5.53
    13841       0.2034   5.53
    13842       0.2028   5.53
    13843       0.2028   5.53
    13844       0.2035   5.53
    13845       0.2028   5.53
    13846       0.2035   5.53
    13847       0.2028   5.53
    13848       0.2028   5.53
    13849       0.2033   5.53
    13850       0.2028   5.53
    13851       0.2034   5.53
    13852       0.2029   5.53
    13853       0.2028   5.53
    13854       0.2034   5.53
    13855       0.2029   5.53
    13856       0.2035   5.53
    13857       0.2028   5.53
    13858       0.2029   5.53
    13859       0.2035   5.53
    13860       0.2028   5.53
    13861       0.2035   5.53
    13862       0.2028   5.53
    13863       0.2028   5.53
    13864       0.2035   5.53
    13865       0.2028   5.53
    13866       0.2035   5.53
    13867       0.2031   5.53
    13868       0.2036   5.53
    13869       0.2027   5.52
    13870       0.2028   5.52
    13871       0.2036   5.52
    13872       0.2030   5.53
    13873       0.2034   5.53
    13874       0.2029   5.52
    13875       0.2028   5.52
    13876       0.2035   5.52
    13877       0.2028   5.53
    13878       0.2034   5.53
    13879       0.2028   5.53
    13880       0.2029   5.53
    13881       0.2036   5.53
    13882       0.2030   5.53
    13883       0.2035   5.53
    13884       0.2029   5.52
    13885       0.2028   5.52
    13886       0.2034   5.52
    13887       0.2029   5.53
    13888       0.2035   5.53
    13889       0.2028   5.53
    13890       0.2030   5.53
    13891       0.2032   5.53
    13892       0.2028   5.53
    13893       0.2034   5.53
    13894       0.2028   5.53
    13895       0.2034   5.53
    13896       0.2029   5.53
    13897       0.2028   5.53
    13898       0.2034   5.53
    13899       0.2027   5.53
    13900       0.2034   5.53
    13901       0.2028   5.53
    13902       0.2028   5.53
    13903       0.2034   5.53
    13904       0.2028   5.53
    13905       0.2035   5.53
    13906       0.2029   5.53
    13907       0.2027   5.53
    13908       0.2034   5.53
    13909       0.2028   5.53
    13910       0.2035   5.53
    13911       0.2029   5.53
    13912       0.2028   5.53
    13913       0.2034   5.53
    13914       0.2028   5.53
    13915       0.2127   5.53
    13916       0.2028   5.53
    13917       0.2037   5.53
    13918       0.2028   5.53
    13919       0.2028   5.53
    13920       0.2034   5.53
    13921       0.2028   5.53
    13922       0.2034   5.53
    13923       0.2029   5.53
    13924       0.2028   5.53
    13925       0.2035   5.53
    13926       0.2030   5.53
    13927       0.2036   5.53
    13928       0.2028   5.52
    13929       0.2028   5.52
    13930       0.2034   5.52
    13931       0.2027   5.53
    13932       0.2034   5.53
    13933       0.2029   5.53
    13934       0.2031   5.53
    13935       0.2033   5.53
    13936       0.2028   5.52
    13937       0.2034   5.52
    13938       0.2028   5.53
    13939       0.2034   5.53
    13940       0.2030   5.53
    13941       0.2031   5.53
    13942       0.2035   5.53
    13943       0.2029   5.52
    13944       0.2034   5.52
    13945       0.2029   5.53
    13946       0.2029   5.53
    13947       0.2035   5.53
    13948       0.2028   5.53
    13949       0.2033   5.53
    13950       0.2028   5.53
    13951       0.2027   5.53
    13952       0.2035   5.53
    13953       0.2029   5.53
    13954       0.2037   5.53
    13955       0.2028   5.53
    13956       0.2027   5.53
    13957       0.2036   5.53
    13958       0.2028   5.53
    13959       0.2034   5.53
    13960       0.2029   5.53
    13961       0.2028   5.53
    13962       0.2034   5.53
    13963       0.2028   5.53
    13964       0.2035   5.53
    13965       0.2028   5.53
    13966       0.2034   5.53
    13967       0.2028   5.53
    13968       0.2028   5.53
    13969       0.2033   5.53
    13970       0.2028   5.53
    13971       0.2034   5.53
    13972       0.2028   5.53
    13973       0.2028   5.53
    13974       0.2034   5.53
    13975       0.2029   5.53
    13976       0.2035   5.53
    13977       0.2029   5.53
    13978       0.2028   5.53
    13979       0.2034   5.53
    13980       0.2028   5.53
    13981       0.2035   5.53
    13982       0.2028   5.53
    13983       0.2029   5.53
    13984       0.2035   5.53
    13985       0.2028   5.53
    13986       0.2033   5.53
    13987       0.2029   5.53
    13988       0.2036   5.53
    13989       0.2028   5.53
    13990       0.2028   5.53
    13991       0.2036   5.53
    13992       0.2030   5.53
    13993       0.2037   5.53
    13994       0.2027   5.52
    13995       0.2028   5.52
    13996       0.2034   5.52
    13997       0.2028   5.53
    13998       0.2036   5.53
    13999       0.2029   5.53
    14000       0.2030   5.53
    14001       0.2035   5.53
    14002       0.2028   5.53
    14003       0.2034   5.53
    14004       0.2028   5.53
    14005       0.2028   5.53
    14006       0.2034   5.53
    14007       0.2028   5.53
    14008       0.2035   5.53
    14009       0.2028   5.53
    14010       0.2028   5.53
    14011       0.2034   5.53
    14012       0.2029   5.53
    14013       0.2035   5.53
    14014       0.2029   5.53
    14015       0.2035   5.53
    14016       0.2028   5.53
    14017       0.2029   5.53
    14018       0.2035   5.53
    14019       0.2029   5.53
    14020       0.2034   5.53
    14021       0.2028   5.53
    14022       0.2028   5.53
    14023       0.2034   5.53
    14024       0.2028   5.53
    14025       0.2033   5.53
    14026       0.2029   5.53
    14027       0.2029   5.53
    14028       0.2034   5.53
    14029       0.2028   5.53
    14030       0.2035   5.53
    14031       0.2028   5.53
    14032       0.2028   5.53
    14033       0.2034   5.53
    14034       0.2027   5.53
    14035       0.2033   5.53
    14036       0.2027   5.53
    14037       0.2030   5.53
    14038       0.2033   5.53
    14039       0.2028   5.53
    14040       0.2034   5.53
    14041       0.2029   5.53
    14042       0.2035   5.53
    14043       0.2029   5.53
    14044       0.2029   5.53
    14045       0.2034   5.53
    14046       0.2027   5.53
    14047       0.2035   5.53
    14048       0.2029   5.53
    14049       0.2028   5.53
    14050       0.2034   5.53
    14051       0.2028   5.53
    14052       0.2034   5.53
    14053       0.2028   5.53
    14054       0.2028   5.53
    14055       0.2033   5.53
    14056       0.2029   5.53
    14057       0.2036   5.53
    14058       0.2028   5.53
    14059       0.2028   5.53
    14060       0.2035   5.53
    14061       0.2028   5.53
    14062       0.2034   5.53
    14063       0.2027   5.53
    14064       0.2034   5.53
    14065       0.2028   5.53
    14066       0.2029   5.53
    14067       0.2042   5.53
    14068       0.2029   5.53
    14069       0.2036   5.53
    14070       0.2027   5.53
    14071       0.2028   5.53
    14072       0.2036   5.53
    14073       0.2027   5.53
    14074       0.2040   5.53
    14075       0.2027   5.53
    14076       0.2027   5.53
    14077       0.2044   5.53
    14078       0.2028   5.53
    14079       0.2037   5.53
    14080       0.2028   5.53
    14081       0.2028   5.53
    14082       0.2038   5.53
    14083       0.2028   5.53
    14084       0.2033   5.53
    14085       0.2028   5.53
    14086       0.2031   5.53
    14087       0.2033   5.53
    14088       0.2027   5.53
    14089       0.2034   5.53
    14090       0.2028   5.53
    14091       0.2034   5.53
    14092       0.2029   5.53
    14093       0.2029   5.53
    14094       0.2035   5.53
    14095       0.2028   5.53
    14096       0.2035   5.53
    14097       0.2028   5.53
    14098       0.2029   5.53
    14099       0.2035   5.53
    14100       0.2029   5.53
    14101       0.2035   5.53
    14102       0.2028   5.53
    14103       0.2028   5.53
    14104       0.2034   5.53
    14105       0.2027   5.53
    14106       0.2033   5.53
    14107       0.2029   5.53
    14108       0.2029   5.53
    14109       0.2035   5.53
    14110       0.2027   5.53
    14111       0.2034   5.53
    14112       0.2029   5.53
    14113       0.2034   5.53
    14114       0.2028   5.53
    14115       0.2028   5.53
    14116       0.2034   5.53
    14117       0.2028   5.53
    14118       0.2035   5.53
    14119       0.2027   5.53
    14120       0.2028   5.53
    14121       0.2034   5.53
    14122       0.2028   5.53
    14123       0.2034   5.53
    14124       0.2028   5.53
    14125       0.2028   5.53
    14126       0.2033   5.53
    14127       0.2029   5.53
    14128       0.2034   5.53
    14129       0.2028   5.53
    14130       0.2028   5.53
    14131       0.2034   5.53
    14132       0.2028   5.53
    14133       0.2034   5.53
    14134       0.2029   5.53
    14135       0.2028   5.53
    14136       0.2035   5.53
    14137       0.2028   5.53
    14138       0.2036   5.53
    14139       0.2028   5.53
    14140       0.2034   5.53
    14141       0.2028   5.53
    14142       0.2028   5.53
    14143       0.2033   5.53
    14144       0.2028   5.53
    14145       0.2034   5.53
    14146       0.2028   5.53
    14147       0.2028   5.53
    14148       0.2034   5.53
    14149       0.2028   5.53
    14150       0.2044   5.53
    14151       0.2028   5.53
    14152       0.2029   5.53
    14153       0.2035   5.53
    14154       0.2028   5.53
    14155       0.2034   5.53
    14156       0.2028   5.53
    14157       0.2028   5.53
    14158       0.2034   5.53
    14159       0.2028   5.53
    14160       0.2035   5.53
    14161       0.2029   5.53
    14162       0.2033   5.53
    14163       0.2028   5.53
    14164       0.2028   5.53
    14165       0.2034   5.53
    14166       0.2029   5.53
    14167       0.2038   5.53
    14168       0.2028   5.52
    14169       0.2028   5.52
    14170       0.2034   5.52
    14171       0.2028   5.53
    14172       0.2033   5.53
    14173       0.2028   5.53
    14174       0.2028   5.53
    14175       0.2034   5.53
    14176       0.2028   5.53
    14177       0.2036   5.53
    14178       0.2028   5.53
    14179       0.2028   5.53
    14180       0.2036   5.53
    14181       0.2029   5.53
    14182       0.2037   5.53
    14183       0.2028   5.52
    14184       0.2028   5.52
    14185       0.2035   5.52
    14186       0.2028   5.53
    14187       0.2034   5.53
    14188       0.2028   5.53
    14189       0.2035   5.53
    14190       0.2029   5.53
    14191       0.2028   5.53
    14192       0.2034   5.53
    14193       0.2028   5.53
    14194       0.2035   5.53
    14195       0.2028   5.53
    14196       0.2028   5.53
    14197       0.2034   5.53
    14198       0.2028   5.53
    14199       0.2034   5.53
    14200       0.2029   5.53
    14201       0.2028   5.53
    14202       0.2033   5.53
    14203       0.2027   5.53
    14204       0.2034   5.53
    14205       0.2028   5.53
    14206       0.2029   5.53
    14207       0.2034   5.53
    14208       0.2029   5.53
    14209       0.2035   5.53
    14210       0.2027   5.53
    14211       0.2029   5.53
    14212       0.2032   5.53
    14213       0.2027   5.53
    14214       0.2034   5.53
    14215       0.2027   5.53
    14216       0.2034   5.53
    14217       0.2028   5.53
    14218       0.2028   5.53
    14219       0.2035   5.53
    14220       0.2028   5.53
    14221       0.2033   5.53
    14222       0.2028   5.53
    14223       0.2028   5.53
    14224       0.2034   5.53
    14225       0.2028   5.53
    14226       0.2035   5.53
    14227       0.2028   5.53
    14228       0.2028   5.53
    14229       0.2036   5.53
    14230       0.2030   5.53
    14231       0.2035   5.53
    14232       0.2031   5.53
    14233       0.2030   5.53
    14234       0.2035   5.53
    14235       0.2027   5.52
    14236       0.2035   5.52
    14237       0.2028   5.53
    14238       0.2036   5.53
    14239       0.2027   5.53
    14240       0.2027   5.53
    14241       0.2034   5.53
    14242       0.2028   5.53
    14243       0.2034   5.53
    14244       0.2028   5.53
    14245       0.2028   5.53
    14246       0.2034   5.53
    14247       0.2028   5.53
    14248       0.2034   5.53
    14249       0.2027   5.53
    14250       0.2028   5.53
    14251       0.2034   5.53
    14252       0.2028   5.53
    14253       0.2033   5.53
    14254       0.2028   5.53
    14255       0.2028   5.53
    14256       0.2035   5.53
    14257       0.2029   5.53
    14258       0.2033   5.53
    14259       0.2028   5.53
    14260       0.2028   5.53
    14261       0.2033   5.53
    14262       0.2029   5.53
    14263       0.2034   5.53
    14264       0.2028   5.53
    14265       0.2033   5.53
    14266       0.2027   5.53
    14267       0.2028   5.53
    14268       0.2034   5.53
    14269       0.2029   5.53
    14270       0.2034   5.53
    14271       0.2028   5.53
    14272       0.2028   5.53
    14273       0.2034   5.53
    14274       0.2029   5.53
    14275       0.2035   5.53
    14276       0.2028   5.53
    14277       0.2028   5.53
    14278       0.2036   5.53
    14279       0.2027   5.53
    14280       0.2033   5.53
    14281       0.2029   5.53
    14282       0.2029   5.53
    14283       0.2034   5.53
    14284       0.2027   5.53
    14285       0.2033   5.53
    14286       0.2027   5.53
    14287       0.2030   5.53
    14288       0.2037   5.53
    14289       0.2028   5.53
    14290       0.2035   5.53
    14291       0.2028   5.53
    14292       0.2036   5.53
    14293       0.2029   5.53
    14294       0.2028   5.53
    14295       0.2034   5.53
    14296       0.2028   5.53
    14297       0.2036   5.53
    14298       0.2028   5.53
    14299       0.2029   5.53
    14300       0.2036   5.53
    14301       0.2028   5.53
    14302       0.2035   5.53
    14303       0.2028   5.53
    14304       0.2029   5.53
    14305       0.2034   5.53
    14306       0.2029   5.53
    14307       0.2035   5.53
    14308       0.2029   5.53
    14309       0.2028   5.53
    14310       0.2033   5.53
    14311       0.2028   5.53
    14312       0.2032   5.53
    14313       0.2028   5.53
    14314       0.2034   5.53
    14315       0.2028   5.53
    14316       0.2028   5.53
    14317       0.2035   5.53
    14318       0.2030   5.53
    14319       0.2036   5.53
    14320       0.2029   5.52
    14321       0.2028   5.52
    14322       0.2035   5.52
    14323       0.2028   5.53
    14324       0.2033   5.53
    14325       0.2029   5.53
    14326       0.2029   5.53
    14327       0.2034   5.53
    14328       0.2028   5.53
    14329       0.2034   5.53
    14330       0.2027   5.53
    14331       0.2028   5.53
    14332       0.2033   5.53
    14333       0.2028   5.53
    14334       0.2033   5.53
    14335       0.2028   5.53
    14336       0.2028   5.53
    14337       0.2034   5.53
    14338       0.2029   5.53
    14339       0.2034   5.53
    14340       0.2029   5.53
    14341       0.2034   5.53
    14342       0.2029   5.53
    14343       0.2029   5.53
    14344       0.2034   5.53
    14345       0.2027   5.53
    14346       0.2036   5.53
    14347       0.2027   5.53
    14348       0.2028   5.53
    14349       0.2033   5.53
    14350       0.2028   5.53
    14351       0.2034   5.53
    14352       0.2027   5.53
    14353       0.2028   5.53
    14354       0.2034   5.53
    14355       0.2028   5.53
    14356       0.2035   5.53
    14357       0.2029   5.53
    14358       0.2031   5.53
    14359       0.2037   5.53
    14360       0.2028   5.52
    14361       0.2033   5.52
    14362       0.2028   5.53
    14363       0.2033   5.53
    14364       0.2027   5.53
    14365       0.2030   5.53
    14366       0.2037   5.53
    14367       0.2028   5.53
    14368       0.2034   5.53
    14369       0.2028   5.53
    14370       0.2029   5.53
    14371       0.2033   5.53
    14372       0.2028   5.53
    14373       0.2034   5.53
    14374       0.2028   5.53
    14375       0.2028   5.53
    14376       0.2034   5.53
    14377       0.2028   5.53
    14378       0.2033   5.53
    14379       0.2028   5.53
    14380       0.2028   5.53
    14381       0.2035   5.53
    14382       0.2029   5.53
    14383       0.2034   5.53
    14384       0.2027   5.53
    14385       0.2028   5.53
    14386       0.2034   5.53
    14387       0.2027   5.53
    14388       0.2034   5.53
    14389       0.2028   5.53
    14390       0.2033   5.53
    14391       0.2028   5.53
    14392       0.2029   5.53
    14393       0.2034   5.53
    14394       0.2028   5.53
    14395       0.2033   5.53
    14396       0.2028   5.53
    14397       0.2029   5.53
    14398       0.2035   5.53
    14399       0.2029   5.53
    14400       0.2035   5.53
    14401       0.2028   5.53
    14402       0.2028   5.53
    14403       0.2034   5.53
    14404       0.2028   5.53
    14405       0.2034   5.53
    14406       0.2028   5.53
    14407       0.2028   5.53
    14408       0.2034   5.53
    14409       0.2029   5.53
    14410       0.2035   5.53
    14411       0.2028   5.53
    14412       0.2030   5.53
    14413       0.2034   5.53
    14414       0.2029   5.53
    14415       0.2034   5.53
    14416       0.2028   5.53
    14417       0.2035   5.53
    14418       0.2028   5.53
    14419       0.2028   5.53
    14420       0.2034   5.53
    14421       0.2028   5.53
    14422       0.2033   5.53
    14423       0.2028   5.53
    14424       0.2028   5.53
    14425       0.2034   5.53
    14426       0.2027   5.53
    14427       0.2034   5.53
    14428       0.2028   5.53
    14429       0.2028   5.53
    14430       0.2035   5.53
    14431       0.2028   5.53
    14432       0.2034   5.53
    14433       0.2029   5.53
    14434       0.2028   5.53
    14435       0.2034   5.53
    14436       0.2028   5.53
    14437       0.2033   5.53
    14438       0.2027   5.53
    14439       0.2034   5.53
    14440       0.2028   5.53
    14441       0.2027   5.53
    14442       0.2033   5.53
    14443       0.2028   5.53
    14444       0.2035   5.53
    14445       0.2028   5.53
    14446       0.2029   5.53
    14447       0.2129   5.53
    14448       0.2028   5.53
    14449       0.2036   5.53
    14450       0.2027   5.53
    14451       0.2028   5.53
    14452       0.2034   5.53
    14453       0.2028   5.53
    14454       0.2035   5.53
    14455       0.2028   5.53
    14456       0.2028   5.53
    14457       0.2035   5.53
    14458       0.2028   5.53
    14459       0.2034   5.53
    14460       0.2028   5.53
    14461       0.2035   5.53
    14462       0.2028   5.53
    14463       0.2028   5.53
    14464       0.2037   5.53
    14465       0.2028   5.53
    14466       0.2036   5.53
    14467       0.2029   5.53
    14468       0.2029   5.53
    14469       0.2035   5.53
    14470       0.2027   5.53
    14471       0.2035   5.53
    14472       0.2027   5.53
    14473       0.2029   5.53
    14474       0.2036   5.53
    14475       0.2029   5.53
    14476       0.2033   5.53
    14477       0.2028   5.53
    14478       0.2028   5.53
    14479       0.2035   5.53
    14480       0.2028   5.53
    14481       0.2034   5.53
    14482       0.2027   5.53
    14483       0.2028   5.53
    14484       0.2033   5.53
    14485       0.2029   5.53
    14486       0.2034   5.53
    14487       0.2027   5.53
    14488       0.2035   5.53
    14489       0.2027   5.53
    14490       0.2028   5.53
    14491       0.2033   5.53
    14492       0.2029   5.53
    14493       0.2034   5.53
    14494       0.2029   5.53
    14495       0.2028   5.53
    14496       0.2033   5.53
    14497       0.2028   5.53
    14498       0.2034   5.53
    14499       0.2029   5.53
    14500       0.2029   5.53
    14501       0.2035   5.53
    14502       0.2028   5.53
    14503       0.2035   5.53
    14504       0.2028   5.53
    14505       0.2028   5.53
    14506       0.2034   5.53
    14507       0.2027   5.53
    14508       0.2034   5.53
    14509       0.2028   5.53
    14510       0.2030   5.53
    14511       0.2033   5.53
    14512       0.2028   5.53
    14513       0.2034   5.53
    14514       0.2027   5.53
    14515       0.2033   5.53
    14516       0.2029   5.53
    14517       0.2028   5.53
    14518       0.2034   5.53
    14519       0.2027   5.53
    14520       0.2035   5.53
    14521       0.2029   5.53
    14522       0.2028   5.53
    14523       0.2034   5.53
    14524       0.2028   5.53
    14525       0.2034   5.53
    14526       0.2028   5.53
    14527       0.2029   5.53
    14528       0.2035   5.53
    14529       0.2028   5.53
    14530       0.2035   5.53
    14531       0.2029   5.53
    14532       0.2028   5.53
    14533       0.2034   5.53
    14534       0.2028   5.53
    14535       0.2035   5.53
    14536       0.2029   5.53
    14537       0.2036   5.53
    14538       0.2028   5.53
    14539       0.2028   5.53
    14540       0.2034   5.53
    14541       0.2029   5.53
    14542       0.2035   5.53
    14543       0.2028   5.53
    14544       0.2029   5.53
    14545       0.2035   5.53
    14546       0.2028   5.53
    14547       0.2034   5.53
    14548       0.2028   5.53
    14549       0.2029   5.53
    14550       0.2037   5.53
    14551       0.2031   5.53
    14552       0.2037   5.53
    14553       0.2030   5.52
    14554       0.2027   5.52
    14555       0.2033   5.52
    14556       0.2029   5.53
    14557       0.2034   5.53
    14558       0.2028   5.53
    14559       0.2030   5.53
    14560       0.2032   5.53
    14561       0.2029   5.53
    14562       0.2035   5.53
    14563       0.2028   5.53
    14564       0.2034   5.53
    14565       0.2029   5.53
    14566       0.2028   5.53
    14567       0.2035   5.53
    14568       0.2028   5.53
    14569       0.2034   5.53
    14570       0.2028   5.53
    14571       0.2030   5.53
    14572       0.2036   5.53
    14573       0.2029   5.53
    14574       0.2033   5.53
    14575       0.2028   5.53
    14576       0.2027   5.53
    14577       0.2034   5.53
    14578       0.2028   5.53
    14579       0.2036   5.53
    14580       0.2028   5.53
    14581       0.2028   5.53
    14582       0.2034   5.53
    14583       0.2028   5.53
    14584       0.2033   5.53
    14585       0.2029   5.53
    14586       0.2036   5.53
    14587       0.2027   5.53
    14588       0.2028   5.53
    14589       0.2034   5.53
    14590       0.2027   5.53
    14591       0.2035   5.53
    14592       0.2028   5.53
    14593       0.2029   5.53
    14594       0.2033   5.53
    14595       0.2028   5.53
    14596       0.2036   5.53
    14597       0.2028   5.53
    14598       0.2028   5.53
    14599       0.2036   5.53
    14600       0.2028   5.53
    14601       0.2035   5.53
    14602       0.2028   5.53
    14603       0.2028   5.53
    14604       0.2034   5.53
    14605       0.2028   5.53
    14606       0.2035   5.53
    14607       0.2028   5.53
    14608       0.2028   5.53
    14609       0.2034   5.53
    14610       0.2029   5.53
    14611       0.2035   5.53
    14612       0.2028   5.53
    14613       0.2034   5.53
    14614       0.2029   5.53
    14615       0.2028   5.53
    14616       0.2033   5.53
    14617       0.2028   5.53
    14618       0.2034   5.53
    14619       0.2028   5.53
    14620       0.2028   5.53
    14621       0.2034   5.53
    14622       0.2027   5.53
    14623       0.2034   5.53
    14624       0.2028   5.53
    14625       0.2028   5.53
    14626       0.2033   5.53
    14627       0.2027   5.53
    14628       0.2034   5.53
    14629       0.2029   5.53
    14630       0.2028   5.53
    14631       0.2034   5.53
    14632       0.2029   5.53
    14633       0.2033   5.53
    14634       0.2027   5.53
    14635       0.2029   5.53
    14636       0.2032   5.53
    14637       0.2028   5.53
    14638       0.2036   5.53
    14639       0.2028   5.53
    14640       0.2034   5.53
    14641       0.2028   5.53
    14642       0.2028   5.53
    14643       0.2034   5.53
    14644       0.2028   5.53
    14645       0.2035   5.53
    14646       0.2029   5.53
    14647       0.2028   5.53
    14648       0.2036   5.53
    14649       0.2028   5.53
    14650       0.2034   5.53
    14651       0.2028   5.53
    14652       0.2028   5.53
    14653       0.2034   5.53
    14654       0.2028   5.53
    14655       0.2034   5.53
    14656       0.2029   5.53
    14657       0.2028   5.53
    14658       0.2037   5.53
    14659       0.2030   5.53
    14660       0.2036   5.53
    14661       0.2029   5.53
    14662       0.2035   5.53
    14663       0.2028   5.53
    14664       0.2029   5.53
    14665       0.2034   5.53
    14666       0.2027   5.53
    14667       0.2034   5.53
    14668       0.2028   5.53
    14669       0.2028   5.53
    14670       0.2033   5.53
    14671       0.2028   5.53
    14672       0.2033   5.53
    14673       0.2028   5.53
    14674       0.2028   5.53
    14675       0.2033   5.53
    14676       0.2029   5.53
    14677       0.2033   5.53
    14678       0.2027   5.53
    14679       0.2028   5.53
    14680       0.2035   5.53
    14681       0.2028   5.53
    14682       0.2034   5.53
    14683       0.2028   5.53
    14684       0.2028   5.53
    14685       0.2035   5.53
    14686       0.2028   5.53
    14687       0.2034   5.53
    14688       0.2028   5.53
    14689       0.2034   5.53
    14690       0.2028   5.53
    14691       0.2029   5.53
    14692       0.2034   5.53
    14693       0.2028   5.53
    14694       0.2034   5.53
    14695       0.2028   5.53
    14696       0.2028   5.53
    14697       0.2034   5.53
    14698       0.2028   5.53
    14699       0.2035   5.53
    14700       0.2030   5.53
    14701       0.2028   5.53
    14702       0.2034   5.53
    14703       0.2028   5.53
    14704       0.2035   5.53
    14705       0.2028   5.53
    14706       0.2028   5.53
    14707       0.2035   5.53
    14708       0.2028   5.53
    14709       0.2034   5.53
    14710       0.2028   5.53
    14711       0.2033   5.53
    14712       0.2028   5.53
    14713       0.2028   5.53
    14714       0.2033   5.53
    14715       0.2027   5.53
    14716       0.2036   5.53
    14717       0.2026   5.53
    14718       0.2028   5.53
    14719       0.2034   5.53
    14720       0.2028   5.53
    14721       0.2035   5.53
    14722       0.2028   5.53
    14723       0.2028   5.53
    14724       0.2035   5.53
    14725       0.2028   5.53
    14726       0.2036   5.53
    14727       0.2028   5.53
    14728       0.2029   5.53
    14729       0.2034   5.53
    14730       0.2029   5.53
    14731       0.2034   5.53
    14732       0.2029   5.53
    14733       0.2029   5.53
    14734       0.2034   5.53
    14735       0.2028   5.53
    14736       0.2034   5.53
    14737       0.2029   5.53
    14738       0.2034   5.53
    14739       0.2029   5.53
    14740       0.2028   5.53
    14741       0.2033   5.53
    14742       0.2028   5.53
    14743       0.2035   5.53
    14744       0.2028   5.53
    14745       0.2028   5.53
    14746       0.2034   5.53
    14747       0.2028   5.53
    14748       0.2035   5.53
    14749       0.2028   5.53
    14750       0.2029   5.53
    14751       0.2033   5.53
    14752       0.2029   5.53
    14753       0.2035   5.53
    14754       0.2028   5.53
    14755       0.2028   5.53
    14756       0.2035   5.53
    14757       0.2028   5.53
    14758       0.2034   5.53
    14759       0.2028   5.53
    14760       0.2028   5.53
    14761       0.2032   5.53
    14762       0.2028   5.53
    14763       0.2034   5.53
    14764       0.2027   5.53
    14765       0.2035   5.53
    14766       0.2028   5.53
    14767       0.2028   5.53
    14768       0.2035   5.53
    14769       0.2027   5.53
    14770       0.2034   5.53
    14771       0.2028   5.53
    14772       0.2029   5.53
    14773       0.2034   5.53
    14774       0.2028   5.53
    14775       0.2034   5.53
    14776       0.2029   5.53
    14777       0.2029   5.53
    14778       0.2035   5.53
    14779       0.2028   5.53
    14780       0.2035   5.53
    14781       0.2028   5.53
    14782       0.2028   5.53
    14783       0.2034   5.53
    14784       0.2029   5.53
    14785       0.2034   5.53
    14786       0.2028   5.53
    14787       0.2035   5.53
    14788       0.2031   5.53
    14789       0.2029   5.53
    14790       0.2033   5.53
    14791       0.2028   5.52
    14792       0.2034   5.52
    14793       0.2028   5.53
    14794       0.2028   5.53
    14795       0.2033   5.53
    14796       0.2027   5.53
    14797       0.2036   5.53
    14798       0.2027   5.53
    14799       0.2028   5.53
    14800       0.2036   5.53
    14801       0.2028   5.53
    14802       0.2036   5.53
    14803       0.2029   5.53
    14804       0.2029   5.53
    14805       0.2034   5.53
    14806       0.2028   5.53
    14807       0.2034   5.53
    14808       0.2028   5.53
    14809       0.2028   5.53
    14810       0.2033   5.53
    14811       0.2028   5.53
    14812       0.2033   5.53
    14813       0.2028   5.53
    14814       0.2035   5.53
    14815       0.2028   5.53
    14816       0.2029   5.53
    14817       0.2036   5.53
    14818       0.2028   5.53
    14819       0.2034   5.53
    14820       0.2028   5.53
    14821       0.2028   5.53
    14822       0.2035   5.53
    14823       0.2028   5.53
    14824       0.2034   5.53
    14825       0.2028   5.53
    14826       0.2028   5.53
    14827       0.2035   5.53
    14828       0.2027   5.53
    14829       0.2034   5.53
    14830       0.2029   5.53
    14831       0.2028   5.53
    14832       0.2034   5.53
    14833       0.2028   5.53
    14834       0.2035   5.53
    14835       0.2029   5.53
    14836       0.2037   5.53
    14837       0.2027   5.53
    14838       0.2028   5.53
    14839       0.2036   5.53
    14840       0.2031   5.53
    14841       0.2033   5.53
    14842       0.2027   5.52
    14843       0.2028   5.52
    14844       0.2034   5.52
    14845       0.2028   5.53
    14846       0.2034   5.53
    14847       0.2029   5.53
    14848       0.2028   5.53
    14849       0.2034   5.53
    14850       0.2028   5.53
    14851       0.2035   5.53
    14852       0.2028   5.53
    14853       0.2027   5.53
    14854       0.2034   5.53
    14855       0.2029   5.53
    14856       0.2034   5.53
    14857       0.2028   5.53
    14858       0.2028   5.53
    14859       0.2036   5.53
    14860       0.2027   5.53
    14861       0.2035   5.53
    14862       0.2029   5.53
    14863       0.2035   5.53
    14864       0.2028   5.53
    14865       0.2028   5.53
    14866       0.2034   5.53
    14867       0.2027   5.53
    14868       0.2033   5.53
    14869       0.2028   5.53
    14870       0.2029   5.53
    14871       0.2035   5.53
    14872       0.2028   5.53
    14873       0.2035   5.53
    14874       0.2028   5.53
    14875       0.2029   5.53
    14876       0.2035   5.53
    14877       0.2029   5.53
    14878       0.2034   5.53
    14879       0.2028   5.53
    14880       0.2028   5.53
    14881       0.2035   5.53
    14882       0.2028   5.53
    14883       0.2035   5.53
    14884       0.2028   5.53
    14885       0.2030   5.53
    14886       0.2033   5.53
    14887       0.2028   5.53
    14888       0.2035   5.53
    14889       0.2027   5.53
    14890       0.2035   5.53
    14891       0.2028   5.53
    14892       0.2028   5.53
    14893       0.2034   5.53
    14894       0.2028   5.53
    14895       0.2034   5.53
    14896       0.2027   5.53
    14897       0.2028   5.53
    14898       0.2035   5.53
    14899       0.2028   5.53
    14900       0.2034   5.53
    14901       0.2028   5.53
    14902       0.2028   5.53
    14903       0.2036   5.53
    14904       0.2029   5.53
    14905       0.2033   5.53
    14906       0.2028   5.52
    14907       0.2028   5.52
    14908       0.2034   5.52
    14909       0.2027   5.53
    14910       0.2035   5.53
    14911       0.2029   5.53
    14912       0.2034   5.53
    14913       0.2029   5.53
    14914       0.2028   5.53
    14915       0.2035   5.53
    14916       0.2027   5.53
    14917       0.2035   5.53
    14918       0.2028   5.53
    14919       0.2028   5.53
    14920       0.2034   5.53
    14921       0.2029   5.53
    14922       0.2033   5.53
    14923       0.2027   5.53
    14924       0.2028   5.53
    14925       0.2034   5.53
    14926       0.2028   5.53
    14927       0.2033   5.53
    14928       0.2028   5.53
    14929       0.2028   5.53
    14930       0.2033   5.53
    14931       0.2028   5.53
    14932       0.2034   5.53
    14933       0.2029   5.53
    14934       0.2028   5.53
    14935       0.2035   5.53
    14936       0.2027   5.53
    14937       0.2124   5.53
    14938       0.2028   5.53
    14939       0.2036   5.53
    14940       0.2028   5.53
    14941       0.2028   5.53
    14942       0.2034   5.53
    14943       0.2028   5.53
    14944       0.2034   5.53
    14945       0.2027   5.53
    14946       0.2027   5.53
    14947       0.2036   5.53
    14948       0.2028   5.53
    14949       0.2035   5.53
    14950       0.2028   5.53
    14951       0.2028   5.53
    14952       0.2034   5.53
    14953       0.2028   5.53
    14954       0.2034   5.53
    14955       0.2027   5.53
    14956       0.2027   5.53
    14957       0.2036   5.53
    14958       0.2029   5.53
    14959       0.2034   5.53
    14960       0.2027   5.53
    14961       0.2034   5.53
    14962       0.2027   5.53
    14963       0.2027   5.53
    14964       0.2035   5.53
    14965       0.2027   5.53
    14966       0.2033   5.53
    14967       0.2028   5.53
    14968       0.2028   5.53
    14969       0.2034   5.53
    14970       0.2028   5.53
    14971       0.2034   5.53
    14972       0.2029   5.53
    14973       0.2028   5.53
    14974       0.2034   5.53
    14975       0.2029   5.53
    14976       0.2034   5.53
    14977       0.2028   5.53
    14978       0.2029   5.53
    14979       0.2035   5.53
    14980       0.2028   5.53
    14981       0.2034   5.53
    14982       0.2028   5.53
    14983       0.2030   5.53
    14984       0.2033   5.53
    14985       0.2029   5.53
    14986       0.2034   5.53
    14987       0.2028   5.53
    14988       0.2034   5.53
    14989       0.2027   5.53
    14990       0.2028   5.53
    14991       0.2035   5.53
    14992       0.2028   5.53
    14993       0.2035   5.53
    14994       0.2027   5.53
    14995       0.2028   5.53
    14996       0.2034   5.53
    14997       0.2028   5.53
    14998       0.2035   5.53
    14999       0.2027   5.53
    15000       0.2028   5.53
    15001       0.2035   5.53
    15002       0.2030   5.53
    15003       0.2034   5.53
    15004       0.2029   5.53
    15005       0.2029   5.53
    15006       0.2034   5.53
    15007       0.2027   5.53
    15008       0.2035   5.53
    15009       0.2029   5.53
    15010       0.2034   5.53
    15011       0.2027   5.53
    15012       0.2028   5.53
    15013       0.2034   5.53
    15014       0.2028   5.53
    15015       0.2034   5.53
    15016       0.2029   5.53
    15017       0.2028   5.53
    15018       0.2036   5.53
    15019       0.2028   5.53
    15020       0.2035   5.53
    15021       0.2028   5.53
    15022       0.2029   5.53
    15023       0.2035   5.53
    15024       0.2027   5.53
    15025       0.2033   5.53
    15026       0.2028   5.53
    15027       0.2028   5.53
    15028       0.2034   5.53
    15029       0.2028   5.53
    15030       0.2034   5.53
    15031       0.2029   5.53
    15032       0.2028   5.53
    15033       0.2033   5.53
    15034       0.2028   5.53
    15035       0.2034   5.53
    15036       0.2028   5.53
    15037       0.2034   5.53
    15038       0.2028   5.53
    15039       0.2028   5.53
    15040       0.2034   5.53
    15041       0.2029   5.53
    15042       0.2035   5.53
    15043       0.2028   5.53
    15044       0.2028   5.53
    15045       0.2033   5.53
    15046       0.2029   5.53
    15047       0.2034   5.53
    15048       0.2028   5.53
    15049       0.2028   5.53
    15050       0.2034   5.53
    15051       0.2028   5.53
    15052       0.2034   5.53
    15053       0.2028   5.53
    15054       0.2028   5.53
    15055       0.2034   5.53
    15056       0.2028   5.53
    15057       0.2035   5.53
    15058       0.2029   5.53
    15059       0.2029   5.53
    15060       0.2033   5.53
    15061       0.2028   5.53
    15062       0.2035   5.53
    15063       0.2028   5.53
    15064       0.2034   5.53
    15065       0.2028   5.53
    15066       0.2027   5.53
    15067       0.2035   5.53
    15068       0.2027   5.53
    15069       0.2035   5.53
    15070       0.2029   5.53
    15071       0.2028   5.53
    15072       0.2035   5.53
    15073       0.2028   5.53
    15074       0.2033   5.53
    15075       0.2028   5.53
    15076       0.2029   5.53
    15077       0.2035   5.53
    15078       0.2028   5.53
    15079       0.2036   5.53
    15080       0.2028   5.53
    15081       0.2028   5.53
    15082       0.2035   5.53
    15083       0.2028   5.53
    15084       0.2034   5.53
    15085       0.2028   5.53
    15086       0.2034   5.53
    15087       0.2029   5.53
    15088       0.2029   5.53
    15089       0.2034   5.53
    15090       0.2028   5.53
    15091       0.2034   5.53
    15092       0.2029   5.53
    15093       0.2028   5.53
    15094       0.2034   5.53
    15095       0.2027   5.53
    15096       0.2035   5.53
    15097       0.2030   5.53
    15098       0.2031   5.53
    15099       0.2033   5.53
    15100       0.2028   5.52
    15101       0.2033   5.52
    15102       0.2028   5.53
    15103       0.2028   5.53
    15104       0.2033   5.53
    15105       0.2028   5.53
    15106       0.2033   5.53
    15107       0.2028   5.53
    15108       0.2028   5.53
    15109       0.2034   5.53
    15110       0.2028   5.53
    15111       0.2034   5.53
    15112       0.2028   5.53
    15113       0.2033   5.53
    15114       0.2028   5.53
    15115       0.2029   5.53
    15116       0.2033   5.53
    15117       0.2028   5.53
    15118       0.2035   5.53
    15119       0.2028   5.53
    15120       0.2028   5.53
    15121       0.2035   5.53
    15122       0.2027   5.53
    15123       0.2034   5.53
    15124       0.2029   5.53
    15125       0.2028   5.53
    15126       0.2033   5.53
    15127       0.2027   5.53
    15128       0.2035   5.53
    15129       0.2028   5.53
    15130       0.2028   5.53
    15131       0.2036   5.53
    15132       0.2028   5.53
    15133       0.2034   5.53
    15134       0.2028   5.53
    15135       0.2034   5.53
    15136       0.2028   5.53
    15137       0.2027   5.53
    15138       0.2035   5.53
    15139       0.2027   5.53
    15140       0.2035   5.53
    15141       0.2028   5.53
    15142       0.2028   5.53
    15143       0.2033   5.53
    15144       0.2029   5.53
    15145       0.2034   5.53
    15146       0.2027   5.53
    15147       0.2027   5.53
    15148       0.2035   5.53
    15149       0.2028   5.53
    15150       0.2035   5.53
    15151       0.2029   5.53
    15152       0.2031   5.53
    15153       0.2034   5.53
    15154       0.2028   5.52
    15155       0.2034   5.52
    15156       0.2029   5.53
    15157       0.2028   5.53
    15158       0.2034   5.53
    15159       0.2028   5.53
    15160       0.2034   5.53
    15161       0.2028   5.53
    15162       0.2033   5.53
    15163       0.2028   5.53
    15164       0.2028   5.53
    15165       0.2035   5.53
    15166       0.2028   5.53
    15167       0.2035   5.53
    15168       0.2028   5.53
    15169       0.2028   5.53
    15170       0.2034   5.53
    15171       0.2029   5.53
    15172       0.2033   5.53
    15173       0.2028   5.53
    15174       0.2028   5.53
    15175       0.2034   5.53
    15176       0.2028   5.53
    15177       0.2035   5.53
    15178       0.2027   5.53
    15179       0.2028   5.53
    15180       0.2034   5.53
    15181       0.2028   5.53
    15182       0.2034   5.53
    15183       0.2028   5.53
    15184       0.2030   5.53
    15185       0.2032   5.53
    15186       0.2028   5.53
    15187       0.2035   5.53
    15188       0.2028   5.53
    15189       0.2038   5.53
    15190       0.2027   5.53
    15191       0.2028   5.53
    15192       0.2037   5.53
    15193       0.2028   5.53
    15194       0.2034   5.53
    15195       0.2029   5.53
    15196       0.2028   5.53
    15197       0.2037   5.53
    15198       0.2028   5.53
    15199       0.2036   5.53
    15200       0.2029   5.53
    15201       0.2028   5.53
    15202       0.2033   5.53
    15203       0.2029   5.53
    15204       0.2033   5.53
    15205       0.2028   5.53
    15206       0.2028   5.53
    15207       0.2034   5.53
    15208       0.2028   5.53
    15209       0.2034   5.53
    15210       0.2028   5.53
    15211       0.2035   5.53
    15212       0.2028   5.53
    15213       0.2028   5.53
    15214       0.2034   5.53
    15215       0.2028   5.53
    15216       0.2034   5.53
    15217       0.2030   5.53
    15218       0.2030   5.53
    15219       0.2036   5.53
    15220       0.2028   5.52
    15221       0.2034   5.52
    15222       0.2028   5.53
    15223       0.2027   5.53
    15224       0.2035   5.53
    15225       0.2028   5.53
    15226       0.2035   5.53
    15227       0.2028   5.53
    15228       0.2028   5.53
    15229       0.2034   5.53
    15230       0.2028   5.53
    15231       0.2033   5.53
    15232       0.2028   5.53
    15233       0.2028   5.53
    15234       0.2036   5.53
    15235       0.2028   5.53
    15236       0.2034   5.53
    15237       0.2028   5.53
    15238       0.2038   5.53
    15239       0.2029   5.53
    15240       0.2028   5.53
    15241       0.2037   5.53
    15242       0.2028   5.53
    15243       0.2038   5.53
    15244       0.2029   5.53
    15245       0.2031   5.53
    15246       0.2037   5.53
    15247       0.2028   5.52
    15248       0.2038   5.52
    15249       0.2027   5.53
    15250       0.2027   5.53
    15251       0.2036   5.53
    15252       0.2027   5.53
    15253       0.2037   5.53
    15254       0.2028   5.53
    15255       0.2028   5.53
    15256       0.2037   5.53
    15257       0.2028   5.53
    15258       0.2037   5.53
    15259       0.2027   5.53
    15260       0.2036   5.53
    15261       0.2026   5.53
    15262       0.2028   5.53
    15263       0.2036   5.53
    15264       0.2028   5.53
    15265       0.2036   5.53
    15266       0.2027   5.53
    15267       0.2027   5.53
    15268       0.2036   5.53
    15269       0.2028   5.53
    15270       0.2035   5.53
    15271       0.2027   5.53
    15272       0.2028   5.53
    15273       0.2035   5.53
    15274       0.2028   5.53
    15275       0.2036   5.53
    15276       0.2027   5.53
    15277       0.2028   5.53
    15278       0.2037   5.53
    15279       0.2027   5.53
    15280       0.2034   5.53
    15281       0.2028   5.53
    15282       0.2028   5.53
    15283       0.2037   5.53
    15284       0.2028   5.53
    15285       0.2035   5.53
    15286       0.2028   5.53
    15287       0.2036   5.53
    15288       0.2026   5.53
    15289       0.2028   5.53
    15290       0.2034   5.53
    15291       0.2029   5.53
    15292       0.2035   5.53
    15293       0.2027   5.53
    15294       0.2027   5.53
    15295       0.2034   5.53
    15296       0.2028   5.53
    15297       0.2036   5.53
    15298       0.2028   5.53
    15299       0.2028   5.53
    15300       0.2036   5.53
    15301       0.2028   5.53
    15302       0.2034   5.53
    15303       0.2028   5.53
    15304       0.2028   5.53
    15305       0.2034   5.53
    15306       0.2028   5.53
    15307       0.2035   5.53
    15308       0.2028   5.53
    15309       0.2029   5.53
    15310       0.2034   5.53
    15311       0.2028   5.53
    15312       0.2034   5.53
    15313       0.2029   5.53
    15314       0.2034   5.53
    15315       0.2029   5.53
    15316       0.2030   5.53
    15317       0.2035   5.53
    15318       0.2027   5.52
    15319       0.2035   5.52
    15320       0.2029   5.53
    15321       0.2028   5.53
    15322       0.2035   5.53
    15323       0.2028   5.53
    15324       0.2034   5.53
    15325       0.2028   5.53
    15326       0.2028   5.53
    15327       0.2036   5.53
    15328       0.2030   5.53
    15329       0.2036   5.53
    15330       0.2027   5.52
    15331       0.2028   5.52
    15332       0.2034   5.52
    15333       0.2028   5.53
    15334       0.2034   5.53
    15335       0.2030   5.53
    15336       0.2037   5.53
    15337       0.2027   5.52
    15338       0.2028   5.52
    15339       0.2032   5.52
    15340       0.2029   5.53
    15341       0.2034   5.53
    15342       0.2027   5.53
    15343       0.2028   5.53
    15344       0.2034   5.53
    15345       0.2028   5.53
    15346       0.2034   5.53
    15347       0.2027   5.53
    15348       0.2028   5.53
    15349       0.2033   5.53
    15350       0.2028   5.53
    15351       0.2034   5.53
    15352       0.2028   5.53
    15353       0.2028   5.53
    15354       0.2035   5.53
    15355       0.2027   5.53
    15356       0.2034   5.53
    15357       0.2028   5.53
    15358       0.2028   5.53
    15359       0.2033   5.53
    15360       0.2028   5.53
    15361       0.2033   5.53
    15362       0.2028   5.53
    15363       0.2034   5.53
    15364       0.2028   5.53
    15365       0.2027   5.53
    15366       0.2034   5.53
    15367       0.2028   5.53
    15368       0.2036   5.53
    15369       0.2030   5.53
    15370       0.2030   5.53
    15371       0.2036   5.53
    15372       0.2030   5.52
    15373       0.2039   5.52
    15374       0.2028   5.52
    15375       0.2028   5.52
    15376       0.2033   5.52
    15377       0.2028   5.53
    15378       0.2035   5.53
    15379       0.2028   5.53
    15380       0.2028   5.53
    15381       0.2035   5.53
    15382       0.2029   5.53
    15383       0.2034   5.53
    15384       0.2028   5.53
    15385       0.2035   5.53
    15386       0.2028   5.53
    15387       0.2028   5.53
    15388       0.2035   5.53
    15389       0.2029   5.53
    15390       0.2035   5.53
    15391       0.2029   5.53
    15392       0.2028   5.53
    15393       0.2034   5.53
    15394       0.2028   5.53
    15395       0.2035   5.53
    15396       0.2029   5.53
    15397       0.2031   5.53
    15398       0.2035   5.53
    15399       0.2028   5.52
    15400       0.2034   5.52
    15401       0.2029   5.53
    15402       0.2028   5.53
    15403       0.2034   5.53
    15404       0.2028   5.53
    15405       0.2035   5.53
    15406       0.2028   5.53
    15407       0.2029   5.53
    15408       0.2034   5.53
    15409       0.2028   5.53
    15410       0.2034   5.53
    15411       0.2028   5.53
    15412       0.2034   5.53
    15413       0.2028   5.53
    15414       0.2028   5.53
    15415       0.2036   5.53
    15416       0.2028   5.53
    15417       0.2035   5.53
    15418       0.2028   5.53
    15419       0.2031   5.53
    15420       0.2035   5.53
    15421       0.2028   5.52
    15422       0.2035   5.52
    15423       0.2028   5.53
    15424       0.2028   5.53
    15425       0.2034   5.53
    15426       0.2029   5.53
    15427       0.2035   5.53
    15428       0.2027   5.53
    15429       0.2028   5.53
    15430       0.2034   5.53
    15431       0.2028   5.53
    15432       0.2035   5.53
    15433       0.2028   5.53
    15434       0.2035   5.53
    15435       0.2027   5.53
    15436       0.2029   5.53
    15437       0.2035   5.53
    15438       0.2028   5.53
    15439       0.2035   5.53
    15440       0.2028   5.53
    15441       0.2029   5.53
    15442       0.2034   5.53
    15443       0.2028   5.53
    15444       0.2035   5.53
    15445       0.2029   5.53
    15446       0.2031   5.53
    15447       0.2038   5.53
    15448       0.2027   5.52
    15449       0.2035   5.52
    15450       0.2028   5.53
    15451       0.2028   5.53
    15452       0.2034   5.53
    15453       0.2028   5.53
    15454       0.2034   5.53
    15455       0.2029   5.53
    15456       0.2031   5.53
    15457       0.2034   5.53
    15458       0.2028   5.52
    15459       0.2033   5.52
    15460       0.2028   5.53
    15461       0.2033   5.53
    15462       0.2027   5.53
    15463       0.2029   5.53
    15464       0.2034   5.53
    15465       0.2029   5.53
    15466       0.2130   5.53
    15467       0.2028   5.53
    15468       0.2028   5.53
    15469       0.2037   5.53
    15470       0.2028   5.53
    15471       0.2033   5.53
    15472       0.2027   5.53
    15473       0.2027   5.53
    15474       0.2033   5.53
    15475       0.2028   5.53
    15476       0.2034   5.53
    15477       0.2028   5.53
    15478       0.2028   5.53
    15479       0.2034   5.53
    15480       0.2027   5.53
    15481       0.2034   5.53
    15482       0.2028   5.53
    15483       0.2035   5.53
    15484       0.2028   5.53
    15485       0.2028   5.53
    15486       0.2034   5.53
    15487       0.2028   5.53
    15488       0.2036   5.53
    15489       0.2028   5.53
    15490       0.2029   5.53
    15491       0.2034   5.53
    15492       0.2028   5.53
    15493       0.2033   5.53
    15494       0.2028   5.53
    15495       0.2028   5.53
    15496       0.2034   5.53
    15497       0.2028   5.53
    15498       0.2035   5.53
    15499       0.2027   5.53
    15500       0.2028   5.53
    15501       0.2035   5.53
    15502       0.2028   5.53
    15503       0.2035   5.53
    15504       0.2028   5.53
    15505       0.2028   5.53
    15506       0.2034   5.53
    15507       0.2028   5.53
    15508       0.2035   5.53
    15509       0.2028   5.53
    15510       0.2034   5.53
    15511       0.2029   5.53
    15512       0.2029   5.53
    15513       0.2034   5.53
    15514       0.2028   5.53
    15515       0.2033   5.53
    15516       0.2028   5.53
    15517       0.2029   5.53
    15518       0.2035   5.53
    15519       0.2027   5.53
    15520       0.2034   5.53
    15521       0.2028   5.53
    15522       0.2028   5.53
    15523       0.2034   5.53
    15524       0.2028   5.53
    15525       0.2033   5.53
    15526       0.2028   5.53
    15527       0.2028   5.53
    15528       0.2036   5.53
    15529       0.2028   5.53
    15530       0.2033   5.53
    15531       0.2028   5.53
    15532       0.2033   5.53
    15533       0.2028   5.53
    15534       0.2027   5.53
    15535       0.2035   5.53
    15536       0.2027   5.53
    15537       0.2035   5.53
    15538       0.2028   5.53
    15539       0.2028   5.53
    15540       0.2034   5.53
    15541       0.2027   5.53
    15542       0.2034   5.53
    15543       0.2028   5.53
    15544       0.2028   5.53
    15545       0.2034   5.53
    15546       0.2028   5.53
    15547       0.2035   5.53
    15548       0.2028   5.53
    15549       0.2030   5.53
    15550       0.2037   5.53
    15551       0.2030   5.53
    15552       0.2037   5.53
    15553       0.2027   5.52
    15554       0.2028   5.52
    15555       0.2033   5.52
    15556       0.2028   5.53
    15557       0.2036   5.53
    15558       0.2028   5.53
    15559       0.2034   5.53
    15560       0.2028   5.53
    15561       0.2028   5.53
    15562       0.2097   5.53
    15563       0.2029   5.53
    15564       0.2033   5.53
    15565       0.2027   5.53
    15566       0.2027   5.53
    15567       0.2033   5.53
    15568       0.2028   5.53
    15569       0.2034   5.53
    15570       0.2028   5.53
    15571       0.2029   5.53
    15572       0.2035   5.53
    15573       0.2028   5.53
    15574       0.2033   5.53
    15575       0.2028   5.53
    15576       0.2028   5.53
    15577       0.2034   5.53
    15578       0.2028   5.53
    15579       0.2034   5.53
    15580       0.2029   5.53
    15581       0.2035   5.53
    15582       0.2029   5.53
    15583       0.2029   5.53
    15584       0.2036   5.53
    15585       0.2027   5.52
    15586       0.2033   5.52
    15587       0.2028   5.53
    15588       0.2028   5.53
    15589       0.2033   5.53
    15590       0.2028   5.53
    15591       0.2034   5.53
    15592       0.2028   5.53
    15593       0.2028   5.53
    15594       0.2033   5.53
    15595       0.2028   5.53
    15596       0.2034   5.53
    15597       0.2028   5.53
    15598       0.2030   5.53
    15599       0.2036   5.53
    15600       0.2027   5.53
    15601       0.2033   5.53
    15602       0.2028   5.53
    15603       0.2028   5.53
    15604       0.2033   5.53
    15605       0.2028   5.53
    15606       0.2034   5.53
    15607       0.2028   5.53
    15608       0.2036   5.53
    15609       0.2027   5.53
    15610       0.2028   5.53
    15611       0.2033   5.53
    15612       0.2027   5.53
    15613       0.2033   5.53
    15614       0.2028   5.53
    15615       0.2029   5.53
    15616       0.2034   5.53
    15617       0.2028   5.53
    15618       0.2036   5.53
    15619       0.2028   5.53
    15620       0.2029   5.53
    15621       0.2034   5.53
    15622       0.2030   5.53
    15623       0.2037   5.53
    15624       0.2028   5.53
    15625       0.2028   5.53
    15626       0.2033   5.53
    15627       0.2027   5.53
    15628       0.2032   5.53
    15629       0.2027   5.53
    15630       0.2030   5.53
    15631       0.2033   5.53
    15632       0.2028   5.53
    15633       0.2033   5.53
    15634       0.2028   5.53
    15635       0.2035   5.53
    15636       0.2028   5.53
    15637       0.2028   5.53
    15638       0.2034   5.53
    15639       0.2028   5.53
    15640       0.2034   5.53
    15641       0.2028   5.53
    15642       0.2029   5.53
    15643       0.2033   5.53
    15644       0.2029   5.53
    15645       0.2034   5.53
    15646       0.2028   5.53
    15647       0.2028   5.53
    15648       0.2034   5.53
    15649       0.2028   5.53
    15650       0.2033   5.53
    15651       0.2028   5.53
    15652       0.2028   5.53
    15653       0.2033   5.53
    15654       0.2028   5.53
    15655       0.2034   5.53
    15656       0.2028   5.53
    15657       0.2035   5.53
    15658       0.2028   5.53
    15659       0.2028   5.53
    15660       0.2034   5.53
    15661       0.2027   5.53
    15662       0.2034   5.53
    15663       0.2027   5.53
    15664       0.2028   5.53
    15665       0.2034   5.53
    15666       0.2028   5.53
    15667       0.2037   5.53
    15668       0.2027   5.53
    15669       0.2028   5.53
    15670       0.2034   5.53
    15671       0.2027   5.53
    15672       0.2033   5.53
    15673       0.2027   5.53
    15674       0.2028   5.53
    15675       0.2033   5.53
    15676       0.2029   5.53
    15677       0.2034   5.53
    15678       0.2027   5.53
    15679       0.2028   5.53
    15680       0.2035   5.53
    15681       0.2028   5.53
    15682       0.2035   5.53
    15683       0.2028   5.53
    15684       0.2034   5.53
    15685       0.2028   5.53
    15686       0.2028   5.53
    15687       0.2034   5.53
    15688       0.2028   5.53
    15689       0.2034   5.53
    15690       0.2028   5.53
    15691       0.2028   5.53
    15692       0.2033   5.53
    15693       0.2029   5.53
    15694       0.2035   5.53
    15695       0.2029   5.53
    15696       0.2028   5.53
    15697       0.2033   5.53
    15698       0.2028   5.53
    15699       0.2034   5.53
    15700       0.2029   5.53
    15701       0.2028   5.53
    15702       0.2033   5.53
    15703       0.2029   5.53
    15704       0.2034   5.53
    15705       0.2028   5.53
    15706       0.2030   5.53
    15707       0.2028   5.53
    15708       0.2029   5.53
    15709       0.2033   5.53
    15710       0.2027   5.53
    15711       0.2034   5.53
    15712       0.2028   5.53
    15713       0.2028   5.53
    15714       0.2033   5.53
    15715       0.2028   5.53
    15716       0.2034   5.53
    15717       0.2028   5.53
    15718       0.2028   5.53
    15719       0.2038   5.53
    15720       0.2028   5.53
    15721       0.2034   5.53
    15722       0.2028   5.53
    15723       0.2029   5.53
    15724       0.2034   5.53
    15725       0.2027   5.53
    15726       0.2034   5.53
    15727       0.2029   5.53
    15728       0.2027   5.53
    15729       0.2035   5.53
    15730       0.2028   5.53
    15731       0.2034   5.53
    15732       0.2030   5.53
    15733       0.2036   5.53
    15734       0.2030   5.52
    15735       0.2028   5.52
    15736       0.2034   5.52
    15737       0.2029   5.53
    15738       0.2035   5.53
    15739       0.2029   5.53
    15740       0.2031   5.53
    15741       0.2038   5.53
    15742       0.2027   5.52
    15743       0.2034   5.52
    15744       0.2028   5.53
    15745       0.2028   5.53
    15746       0.2034   5.53
    15747       0.2028   5.53
    15748       0.2034   5.53
    15749       0.2028   5.53
    15750       0.2027   5.53
    15751       0.2033   5.53
    15752       0.2028   5.53
    15753       0.2034   5.53
    15754       0.2029   5.53
    15755       0.2030   5.53
    15756       0.2033   5.53
    15757       0.2029   5.53
    15758       0.2034   5.53
    15759       0.2028   5.53
    15760       0.2033   5.53
    15761       0.2029   5.53
    15762       0.2028   5.53
    15763       0.2033   5.53
    15764       0.2028   5.53
    15765       0.2034   5.53
    15766       0.2028   5.53
    15767       0.2028   5.53
    15768       0.2034   5.53
    15769       0.2028   5.53
    15770       0.2035   5.53
    15771       0.2028   5.53
    15772       0.2028   5.53
    15773       0.2035   5.53
    15774       0.2029   5.53
    15775       0.2034   5.53
    15776       0.2029   5.53
    15777       0.2028   5.53
    15778       0.2035   5.53
    15779       0.2028   5.53
    15780       0.2034   5.53
    15781       0.2028   5.53
    15782       0.2034   5.53
    15783       0.2029   5.53
    15784       0.2028   5.53
    15785       0.2033   5.53
    15786       0.2028   5.53
    15787       0.2035   5.53
    15788       0.2027   5.53
    15789       0.2029   5.53
    15790       0.2035   5.53
    15791       0.2028   5.53
    15792       0.2034   5.53
    15793       0.2027   5.53
    15794       0.2028   5.53
    15795       0.2034   5.53
    15796       0.2028   5.53
    15797       0.2035   5.53
    15798       0.2027   5.53
    15799       0.2029   5.53
    15800       0.2035   5.53
    15801       0.2028   5.53
    15802       0.2035   5.53
    15803       0.2029   5.53
    15804       0.2028   5.53
    15805       0.2034   5.53
    15806       0.2027   5.53
    15807       0.2034   5.53
    15808       0.2029   5.53
    15809       0.2033   5.53
    15810       0.2028   5.53
    15811       0.2027   5.53
    15812       0.2034   5.53
    15813       0.2028   5.53
    15814       0.2034   5.53
    15815       0.2027   5.53
    15816       0.2028   5.53
    15817       0.2036   5.53
    15818       0.2028   5.53
    15819       0.2036   5.53
    15820       0.2028   5.53
    15821       0.2027   5.53
    15822       0.2034   5.53
    15823       0.2028   5.53
    15824       0.2034   5.53
    15825       0.2027   5.53
    15826       0.2028   5.53
    15827       0.2033   5.53
    15828       0.2027   5.53
    15829       0.2034   5.53
    15830       0.2028   5.53
    15831       0.2029   5.53
    15832       0.2031   5.53
    15833       0.2028   5.53
    15834       0.2034   5.53
    15835       0.2027   5.53
    15836       0.2035   5.53
    15837       0.2028   5.53
    15838       0.2028   5.53
    15839       0.2035   5.53
    15840       0.2028   5.53
    15841       0.2034   5.53
    15842       0.2028   5.53
    15843       0.2028   5.53
    15844       0.2035   5.53
    15845       0.2027   5.53
    15846       0.2035   5.53
    15847       0.2027   5.53
    15848       0.2028   5.53
    15849       0.2036   5.53
    15850       0.2028   5.53
    15851       0.2034   5.53
    15852       0.2027   5.53
    15853       0.2029   5.53
    15854       0.2035   5.53
    15855       0.2029   5.53
    15856       0.2035   5.53
    15857       0.2028   5.53
    15858       0.2036   5.53
    15859       0.2027   5.53
    15860       0.2029   5.53
    15861       0.2035   5.53
    15862       0.2028   5.53
    15863       0.2034   5.53
    15864       0.2029   5.53
    15865       0.2028   5.53
    15866       0.2034   5.53
    15867       0.2029   5.53
    15868       0.2034   5.53
    15869       0.2028   5.53
    15870       0.2028   5.53
    15871       0.2035   5.53
    15872       0.2028   5.53
    15873       0.2034   5.53
    15874       0.2029   5.53
    15875       0.2028   5.53
    15876       0.2035   5.53
    15877       0.2029   5.53
    15878       0.2033   5.53
    15879       0.2028   5.53
    15880       0.2028   5.53
    15881       0.2033   5.53
    15882       0.2028   5.53
    15883       0.2034   5.53
    15884       0.2028   5.53
    15885       0.2035   5.53
    15886       0.2027   5.53
    15887       0.2028   5.53
    15888       0.2034   5.53
    15889       0.2028   5.53
    15890       0.2034   5.53
    15891       0.2027   5.53
    15892       0.2028   5.53
    15893       0.2034   5.53
    15894       0.2028   5.53
    15895       0.2034   5.53
    15896       0.2028   5.53
    15897       0.2028   5.53
    15898       0.2035   5.53
    15899       0.2027   5.53
    15900       0.2034   5.53
    15901       0.2029   5.53
    15902       0.2029   5.53
    15903       0.2035   5.53
    15904       0.2030   5.53
    15905       0.2034   5.53
    15906       0.2029   5.53
    15907       0.2036   5.53
    15908       0.2029   5.53
    15909       0.2028   5.53
    15910       0.2036   5.53
    15911       0.2028   5.53
    15912       0.2034   5.53
    15913       0.2028   5.53
    15914       0.2028   5.53
    15915       0.2034   5.53
    15916       0.2029   5.53
    15917       0.2035   5.53
    15918       0.2028   5.53
    15919       0.2028   5.53
    15920       0.2035   5.53
    15921       0.2028   5.53
    15922       0.2034   5.53
    15923       0.2029   5.53
    15924       0.2029   5.53
    15925       0.2035   5.53
    15926       0.2028   5.53
    15927       0.2033   5.53
    15928       0.2029   5.53
    15929       0.2030   5.53
    15930       0.2037   5.53
    15931       0.2028   5.53
    15932       0.2034   5.53
    15933       0.2028   5.52
    15934       0.2034   5.52
    15935       0.2028   5.53
    15936       0.2029   5.53
    15937       0.2033   5.53
    15938       0.2028   5.53
    15939       0.2035   5.53
    15940       0.2028   5.53
    15941       0.2029   5.53
    15942       0.2034   5.53
    15943       0.2028   5.53
    15944       0.2034   5.53
    15945       0.2028   5.53
    15946       0.2027   5.53
    15947       0.2034   5.53
    15948       0.2029   5.53
    15949       0.2034   5.53
    15950       0.2028   5.53
    15951       0.2028   5.53
    15952       0.2033   5.53
    15953       0.2027   5.53
    15954       0.2033   5.53
    15955       0.2027   5.53
    15956       0.2030   5.53
    15957       0.2027   5.53
    15958       0.2028   5.53
    15959       0.2037   5.53
    15960       0.2029   5.53
    15961       0.2034   5.53
    15962       0.2029   5.53
    15963       0.2028   5.53
    15964       0.2034   5.53
    15965       0.2028   5.53
    15966       0.2035   5.53
    15967       0.2028   5.53
    15968       0.2028   5.53
    15969       0.2035   5.53
    15970       0.2028   5.53
    15971       0.2034   5.53
    15972       0.2028   5.53
    15973       0.2029   5.53
    15974       0.2034   5.53
    15975       0.2029   5.53
    15976       0.2034   5.53
    15977       0.2028   5.53
    15978       0.2028   5.53
    15979       0.2034   5.53
    15980       0.2028   5.53
    15981       0.2034   5.53
    15982       0.2029   5.53
    15983       0.2035   5.53
    15984       0.2029   5.53
    15985       0.2029   5.53
    15986       0.2034   5.53
    15987       0.2029   5.53
    15988       0.2033   5.53
    15989       0.2027   5.53
    15990       0.2028   5.53
    15991       0.2036   5.53
    15992       0.2029   5.53
    15993       0.2034   5.53
    15994       0.2027   5.53
    15995       0.2029   5.53
    15996       0.2033   5.53
    15997       0.2028   5.53
    15998       0.2035   5.53
    15999       0.2028   5.53
    16000       0.2028   5.53
    16001       0.2035   5.53
    16002       0.2029   5.53
    16003       0.2034   5.53
    16004       0.2029   5.53
    16005       0.2030   5.53
    16006       0.2033   5.53
    16007       0.2028   5.53
    16008       0.2035   5.53
    16009       0.2028   5.53
    16010       0.2034   5.53
    16011       0.2028   5.53
    16012       0.2027   5.53
    16013       0.2033   5.53
    16014       0.2027   5.53
    16015       0.2034   5.53
    16016       0.2027   5.53
    16017       0.2028   5.53
    16018       0.2035   5.53
    16019       0.2028   5.53
    16020       0.2035   5.53
    16021       0.2028   5.53
    16022       0.2029   5.53
    16023       0.2035   5.53
    16024       0.2027   5.53
    16025       0.2034   5.53
    16026       0.2029   5.53
    16027       0.2028   5.53
    16028       0.2035   5.53
    16029       0.2027   5.53
    16030       0.2034   5.53
    16031       0.2028   5.53
    16032       0.2035   5.53
    16033       0.2028   5.53
    16034       0.2028   5.53
    16035       0.2034   5.53
    16036       0.2030   5.53
    16037       0.2035   5.53
    16038       0.2027   5.53
    16039       0.2028   5.53
    16040       0.2035   5.53
    16041       0.2028   5.53
    16042       0.2034   5.53
    16043       0.2027   5.53
    16044       0.2027   5.53
    16045       0.2033   5.53
    16046       0.2029   5.53
    16047       0.2033   5.53
    16048       0.2029   5.53
    16049       0.2028   5.53
    16050       0.2034   5.53
    16051       0.2029   5.53
    16052       0.2034   5.53
    16053       0.2027   5.53
    16054       0.2028   5.53
    16055       0.2033   5.53
    16056       0.2028   5.53
    16057       0.2034   5.53
    16058       0.2027   5.53
    16059       0.2034   5.53
    16060       0.2029   5.53
    16061       0.2029   5.53
    16062       0.2034   5.53
    16063       0.2028   5.53
    16064       0.2034   5.53
    16065       0.2029   5.53
    16066       0.2028   5.53
    16067       0.2033   5.53
    16068       0.2027   5.53
    16069       0.2034   5.53
    16070       0.2028   5.53
    16071       0.2029   5.53
    16072       0.2037   5.53
    16073       0.2030   5.53
    16074       0.2034   5.53
    16075       0.2028   5.52
    16076       0.2028   5.52
    16077       0.2034   5.52
    16078       0.2028   5.53
    16079       0.2034   5.53
    16080       0.2029   5.53
    16081       0.2030   5.53
    16082       0.2028   5.53
    16083       0.2029   5.53
    16084       0.2033   5.53
    16085       0.2028   5.53
    16086       0.2035   5.53
    16087       0.2027   5.53
    16088       0.2027   5.53
    16089       0.2034   5.53
    16090       0.2028   5.53
    16091       0.2034   5.53
    16092       0.2028   5.53
    16093       0.2028   5.53
    16094       0.2035   5.53
    16095       0.2028   5.53
    16096       0.2036   5.53
    16097       0.2028   5.53
    16098       0.2028   5.53
    16099       0.2036   5.53
    16100       0.2029   5.53
    16101       0.2034   5.53
    16102       0.2028   5.53
    16103       0.2028   5.53
    16104       0.2033   5.53
    16105       0.2028   5.53
    16106       0.2034   5.53
    16107       0.2028   5.53
    16108       0.2034   5.53
    16109       0.2028   5.53
    16110       0.2029   5.53
    16111       0.2035   5.53
    16112       0.2028   5.53
    16113       0.2033   5.53
    16114       0.2028   5.53
    16115       0.2029   5.53
    16116       0.2034   5.53
    16117       0.2028   5.53
    16118       0.2035   5.53
    16119       0.2029   5.53
    16120       0.2027   5.53
    16121       0.2034   5.53
    16122       0.2028   5.53
    16123       0.2035   5.53
    16124       0.2028   5.53
    16125       0.2028   5.53
    16126       0.2034   5.53
    16127       0.2028   5.53
    16128       0.2033   5.53
    16129       0.2029   5.53
    16130       0.2027   5.53
    16131       0.2035   5.53
    16132       0.2028   5.53
    16133       0.2034   5.53
    16134       0.2029   5.53
    16135       0.2035   5.53
    16136       0.2028   5.53
    16137       0.2029   5.53
    16138       0.2035   5.53
    16139       0.2029   5.53
    16140       0.2034   5.53
    16141       0.2028   5.53
    16142       0.2028   5.53
    16143       0.2033   5.53
    16144       0.2028   5.53
    16145       0.2035   5.53
    16146       0.2028   5.53
    16147       0.2028   5.53
    16148       0.2035   5.53
    16149       0.2028   5.53
    16150       0.2035   5.53
    16151       0.2028   5.53
    16152       0.2028   5.53
    16153       0.2034   5.53
    16154       0.2028   5.53
    16155       0.2034   5.53
    16156       0.2029   5.53
    16157       0.2036   5.53
    16158       0.2028   5.53
    16159       0.2028   5.53
    16160       0.2035   5.53
    16161       0.2028   5.53
    16162       0.2033   5.53
    16163       0.2028   5.53
    16164       0.2029   5.53
    16165       0.2034   5.53
    16166       0.2029   5.53
    16167       0.2035   5.53
    16168       0.2029   5.53
    16169       0.2027   5.53
    16170       0.2033   5.53
    16171       0.2027   5.53
    16172       0.2033   5.53
    16173       0.2028   5.53
    16174       0.2028   5.53
    16175       0.2034   5.53
    16176       0.2028   5.53
    16177       0.2034   5.53
    16178       0.2028   5.53
    16179       0.2028   5.53
    16180       0.2034   5.53
    16181       0.2027   5.53
    16182       0.2034   5.53
    16183       0.2028   5.53
    16184       0.2034   5.53
    16185       0.2028   5.53
    16186       0.2029   5.53
    16187       0.2033   5.53
    16188       0.2027   5.53
    16189       0.2034   5.53
    16190       0.2028   5.53
    16191       0.2028   5.53
    16192       0.2034   5.53
    16193       0.2029   5.53
    16194       0.2033   5.53
    16195       0.2028   5.53
    16196       0.2028   5.53
    16197       0.2035   5.53
    16198       0.2028   5.53
    16199       0.2035   5.53
    16200       0.2028   5.53
    16201       0.2027   5.53
    16202       0.2033   5.53
    16203       0.2028   5.53
    16204       0.2034   5.53
    16205       0.2028   5.53
    16206       0.2030   5.53
    16207       0.2034   5.53
    16208       0.2029   5.53
    16209       0.2033   5.53
    16210       0.2028   5.53
    16211       0.2034   5.53
    16212       0.2027   5.53
    16213       0.2028   5.53
    16214       0.2034   5.53
    16215       0.2028   5.53
    16216       0.2035   5.53
    16217       0.2028   5.53
    16218       0.2029   5.53
    16219       0.2035   5.53
    16220       0.2027   5.53
    16221       0.2033   5.53
    16222       0.2029   5.53
    16223       0.2028   5.53
    16224       0.2033   5.53
    16225       0.2028   5.53
    16226       0.2034   5.53
    16227       0.2028   5.53
    16228       0.2027   5.53
    16229       0.2034   5.53
    16230       0.2028   5.53
    16231       0.2033   5.53
    16232       0.2027   5.53
    16233       0.2034   5.53
    16234       0.2028   5.53
    16235       0.2027   5.53
    16236       0.2035   5.53
    16237       0.2030   5.53
    16238       0.2034   5.53
    16239       0.2028   5.52
    16240       0.2028   5.52
    16241       0.2035   5.52
    16242       0.2028   5.53
    16243       0.2034   5.53
    16244       0.2028   5.53
    16245       0.2027   5.53
    16246       0.2034   5.53
    16247       0.2027   5.53
    16248       0.2034   5.53
    16249       0.2027   5.53
    16250       0.2028   5.53
    16251       0.2035   5.53
    16252       0.2028   5.53
    16253       0.2034   5.53
    16254       0.2028   5.53
    16255       0.2028   5.53
    16256       0.2034   5.53
    16257       0.2029   5.53
    16258       0.2034   5.53
    16259       0.2028   5.53
    16260       0.2033   5.53
    16261       0.2028   5.53
    16262       0.2028   5.53
    16263       0.2035   5.53
    16264       0.2028   5.53
    16265       0.2035   5.53
    16266       0.2027   5.53
    16267       0.2029   5.53
    16268       0.2035   5.53
    16269       0.2028   5.53
    16270       0.2034   5.53
    16271       0.2027   5.53
    16272       0.2028   5.53
    16273       0.2034   5.53
    16274       0.2029   5.53
    16275       0.2033   5.53
    16276       0.2028   5.53
    16277       0.2028   5.53
    16278       0.2034   5.53
    16279       0.2028   5.53
    16280       0.2035   5.53
    16281       0.2030   5.53
    16282       0.2030   5.53
    16283       0.2032   5.53
    16284       0.2028   5.52
    16285       0.2034   5.52
    16286       0.2028   5.53
    16287       0.2035   5.53
    16288       0.2028   5.53
    16289       0.2028   5.53
    16290       0.2032   5.53
    16291       0.2028   5.53
    16292       0.2033   5.53
    16293       0.2028   5.53
    16294       0.2027   5.53
    16295       0.2035   5.53
    16296       0.2028   5.53
    16297       0.2034   5.53
    16298       0.2028   5.53
    16299       0.2028   5.53
    16300       0.2035   5.53
    16301       0.2028   5.53
    16302       0.2033   5.53
    16303       0.2028   5.53
    16304       0.2028   5.53
    16305       0.2035   5.53
    16306       0.2028   5.53
    16307       0.2034   5.53
    16308       0.2029   5.53
    16309       0.2034   5.53
    16310       0.2028   5.53
    16311       0.2028   5.53
    16312       0.2035   5.53
    16313       0.2028   5.53
    16314       0.2034   5.53
    16315       0.2028   5.53
    16316       0.2028   5.53
    16317       0.2036   5.53
    16318       0.2031   5.53
    16319       0.2034   5.53
    16320       0.2028   5.52
    16321       0.2028   5.52
    16322       0.2036   5.52
    16323       0.2028   5.53
    16324       0.2033   5.53
    16325       0.2028   5.53
    16326       0.2027   5.53
    16327       0.2039   5.53
    16328       0.2030   5.53
    16329       0.2036   5.53
    16330       0.2027   5.52
    16331       0.2028   5.52
    16332       0.2032   5.52
    16333       0.2029   5.53
    16334       0.2033   5.53
    16335       0.2027   5.53
    16336       0.2036   5.53
    16337       0.2028   5.53
    16338       0.2028   5.53
    16339       0.2034   5.53
    16340       0.2028   5.53
    16341       0.2034   5.53
    16342       0.2028   5.53
    16343       0.2028   5.53
    16344       0.2035   5.53
    16345       0.2029   5.53
    16346       0.2034   5.53
    16347       0.2028   5.53
    16348       0.2028   5.53
    16349       0.2032   5.53
    16350       0.2028   5.53
    16351       0.2034   5.53
    16352       0.2028   5.53
    16353       0.2029   5.53
    16354       0.2034   5.53
    16355       0.2027   5.53
    16356       0.2034   5.53
    16357       0.2029   5.53
    16358       0.2034   5.53
    16359       0.2028   5.53
    16360       0.2029   5.53
    16361       0.2034   5.53
    16362       0.2028   5.53
    16363       0.2035   5.53
    16364       0.2028   5.53
    16365       0.2028   5.53
    16366       0.2034   5.53
    16367       0.2028   5.53
    16368       0.2034   5.53
    16369       0.2028   5.53
    16370       0.2027   5.53
    16371       0.2034   5.53
    16372       0.2028   5.53
    16373       0.2034   5.53
    16374       0.2027   5.53
    16375       0.2028   5.53
    16376       0.2034   5.53
    16377       0.2029   5.53
    16378       0.2034   5.53
    16379       0.2028   5.53
    16380       0.2028   5.53
    16381       0.2034   5.53
    16382       0.2027   5.53
    16383       0.2034   5.53
    16384       0.2029   5.53
    16385       0.2035   5.53
    16386       0.2028   5.53
    16387       0.2027   5.53
    16388       0.2035   5.53
    16389       0.2027   5.53
    16390       0.2033   5.53
    16391       0.2052   5.53
    16392       0.2027   5.53
    16393       0.2034   5.53
    16394       0.2027   5.53
    16395       0.2034   5.53
    16396       0.2027   5.53
    16397       0.2029   5.53
    16398       0.2035   5.53
    16399       0.2028   5.53
    16400       0.2034   5.53
    16401       0.2028   5.53
    16402       0.2029   5.53
    16403       0.2034   5.53
    16404       0.2028   5.53
    16405       0.2033   5.53
    16406       0.2028   5.53
    16407       0.2030   5.53
    16408       0.2032   5.53
    16409       0.2027   5.53
    16410       0.2036   5.53
    16411       0.2028   5.53
    16412       0.2033   5.53
    16413       0.2028   5.53
    16414       0.2028   5.53
    16415       0.2034   5.53
    16416       0.2029   5.53
    16417       0.2034   5.53
    16418       0.2028   5.53
    16419       0.2028   5.53
    16420       0.2033   5.53
    16421       0.2028   5.53
    16422       0.2034   5.53
    16423       0.2028   5.53
    16424       0.2027   5.53
    16425       0.2038   5.53
    16426       0.2027   5.53
    16427       0.2036   5.53
    16428       0.2028   5.53
    16429       0.2028   5.53
    16430       0.2034   5.53
    16431       0.2028   5.53
    16432       0.2034   5.53
    16433       0.2028   5.53
    16434       0.2034   5.53
    16435       0.2029   5.53
    16436       0.2031   5.53
    16437       0.2037   5.53
    16438       0.2031   5.52
    16439       0.2037   5.52
    16440       0.2028   5.52
    16441       0.2027   5.52
    16442       0.2034   5.52
    16443       0.2027   5.53
    16444       0.2034   5.53
    16445       0.2028   5.53
    16446       0.2028   5.53
    16447       0.2036   5.53
    16448       0.2028   5.53
    16449       0.2033   5.53
    16450       0.2028   5.53
    16451       0.2028   5.53
    16452       0.2035   5.53
    16453       0.2028   5.53
    16454       0.2037   5.53
    16455       0.2030   5.53
    16456       0.2032   5.53
    16457       0.2036   5.53
    16458       0.2031   5.52
    16459       0.2035   5.52
    16460       0.2028   5.52
    16461       0.2035   5.52
    16462       0.2028   5.53
    16463       0.2028   5.53
    16464       0.2034   5.53
    16465       0.2027   5.53
    16466       0.2033   5.53
    16467       0.2027   5.53
    16468       0.2028   5.53
    16469       0.2034   5.53
    16470       0.2028   5.53
    16471       0.2034   5.53
    16472       0.2029   5.53
    16473       0.2028   5.53
    16474       0.2034   5.53
    16475       0.2028   5.53
    16476       0.2035   5.53
    16477       0.2028   5.53
    16478       0.2029   5.53
    16479       0.2035   5.53
    16480       0.2028   5.53
    16481       0.2034   5.53
    16482       0.2029   5.53
    16483       0.2034   5.53
    16484       0.2026   5.53
    16485       0.2028   5.53
    16486       0.2033   5.53
    16487       0.2028   5.53
    16488       0.2127   5.53
    16489       0.2029   5.53
    16490       0.2031   5.53
    16491       0.2036   5.53
    16492       0.2028   5.52
    16493       0.2034   5.52
    16494       0.2028   5.53
    16495       0.2029   5.53
    16496       0.2033   5.53
    16497       0.2028   5.53
    16498       0.2034   5.53
    16499       0.2028   5.53
    16500       0.2029   5.53
    16501       0.2034   5.53
    16502       0.2028   5.53
    16503       0.2034   5.53
    16504       0.2027   5.53
    16505       0.2034   5.53
    16506       0.2029   5.53
    16507       0.2028   5.53
    16508       0.2035   5.53
    16509       0.2028   5.53
    16510       0.2034   5.53
    16511       0.2028   5.53
    16512       0.2029   5.53
    16513       0.2034   5.53
    16514       0.2028   5.53
    16515       0.2033   5.53
    16516       0.2028   5.53
    16517       0.2028   5.53
    16518       0.2035   5.53
    16519       0.2028   5.53
    16520       0.2036   5.53
    16521       0.2028   5.53
    16522       0.2028   5.53
    16523       0.2034   5.53
    16524       0.2028   5.53
    16525       0.2034   5.53
    16526       0.2028   5.53
    16527       0.2028   5.53
    16528       0.2033   5.53
    16529       0.2029   5.53
    16530       0.2033   5.53
    16531       0.2028   5.53
    16532       0.2034   5.53
    16533       0.2028   5.53
    16534       0.2028   5.53
    16535       0.2035   5.53
    16536       0.2030   5.53
    16537       0.2036   5.53
    16538       0.2030   5.52
    16539       0.2031   5.52
    16540       0.2034   5.52
    16541       0.2028   5.52
    16542       0.2034   5.52
    16543       0.2027   5.53
    16544       0.2028   5.53
    16545       0.2034   5.53
    16546       0.2028   5.53
    16547       0.2034   5.53
    16548       0.2028   5.53
    16549       0.2027   5.53
    16550       0.2033   5.53
    16551       0.2029   5.53
    16552       0.2033   5.53
    16553       0.2028   5.53
    16554       0.2029   5.53
    16555       0.2031   5.53
    16556       0.2029   5.53
    16557       0.2034   5.53
    16558       0.2028   5.53
    16559       0.2035   5.53
    16560       0.2029   5.53
    16561       0.2027   5.53
    16562       0.2034   5.53
    16563       0.2028   5.53
    16564       0.2034   5.53
    16565       0.2028   5.53
    16566       0.2028   5.53
    16567       0.2036   5.53
    16568       0.2030   5.53
    16569       0.2035   5.53
    16570       0.2028   5.52
    16571       0.2028   5.52
    16572       0.2035   5.52
    16573       0.2028   5.53
    16574       0.2033   5.53
    16575       0.2028   5.53
    16576       0.2028   5.53
    16577       0.2036   5.53
    16578       0.2028   5.53
    16579       0.2036   5.53
    16580       0.2028   5.53
    16581       0.2034   5.53
    16582       0.2028   5.53
    16583       0.2027   5.53
    16584       0.2033   5.53
    16585       0.2029   5.53
    16586       0.2035   5.53
    16587       0.2028   5.53
    16588       0.2029   5.53
    16589       0.2035   5.53
    16590       0.2028   5.53
    16591       0.2035   5.53
    16592       0.2028   5.53
    16593       0.2029   5.53
    16594       0.2033   5.53
    16595       0.2028   5.53
    16596       0.2034   5.53
    16597       0.2028   5.53
    16598       0.2028   5.53
    16599       0.2034   5.53
    16600       0.2029   5.53
    16601       0.2034   5.53
    16602       0.2029   5.53
    16603       0.2029   5.53
    16604       0.2034   5.53
    16605       0.2029   5.53
    16606       0.2034   5.53
    16607       0.2028   5.53
    16608       0.2035   5.53
    16609       0.2027   5.53
    16610       0.2028   5.53
    16611       0.2035   5.53
    16612       0.2030   5.53
    16613       0.2035   5.53
    16614       0.2026   5.52
    16615       0.2028   5.52
    16616       0.2034   5.52
    16617       0.2029   5.53
    16618       0.2035   5.53
    16619       0.2027   5.53
    16620       0.2027   5.53
    16621       0.2034   5.53
    16622       0.2028   5.53
    16623       0.2034   5.53
    16624       0.2028   5.53
    16625       0.2028   5.53
    16626       0.2035   5.53
    16627       0.2028   5.53
    16628       0.2036   5.53
    16629       0.2030   5.53
    16630       0.2037   5.53
    16631       0.2031   5.52
    16632       0.2031   5.52
    16633       0.2035   5.52
    16634       0.2027   5.52
    16635       0.2034   5.52
    16636       0.2027   5.53
    16637       0.2028   5.53
    16638       0.2036   5.53
    16639       0.2027   5.53
    16640       0.2035   5.53
    16641       0.2029   5.53
    16642       0.2028   5.53
    16643       0.2034   5.53
    16644       0.2028   5.53
    16645       0.2034   5.53
    16646       0.2028   5.53
    16647       0.2028   5.53
    16648       0.2034   5.53
    16649       0.2028   5.53
    16650       0.2034   5.53
    16651       0.2028   5.53
    16652       0.2027   5.53
    16653       0.2034   5.53
    16654       0.2028   5.53
    16655       0.2035   5.53
    16656       0.2027   5.53
    16657       0.2034   5.53
    16658       0.2028   5.53
    16659       0.2028   5.53
    16660       0.2035   5.53
    16661       0.2029   5.53
    16662       0.2034   5.53
    16663       0.2028   5.53
    16664       0.2028   5.53
    16665       0.2034   5.53
    16666       0.2027   5.53
    16667       0.2034   5.53
    16668       0.2028   5.53
    16669       0.2028   5.53
    16670       0.2034   5.53
    16671       0.2028   5.53
    16672       0.2034   5.53
    16673       0.2030   5.53
    16674       0.2030   5.53
    16675       0.2035   5.53
    16676       0.2028   5.52
    16677       0.2034   5.52
    16678       0.2028   5.53
    16679       0.2031   5.53
    16680       0.2033   5.53
    16681       0.2028   5.53
    16682       0.2034   5.53
    16683       0.2028   5.53
    16684       0.2034   5.53
    16685       0.2030   5.53
    16686       0.2031   5.53
    16687       0.2037   5.53
    16688       0.2028   5.52
    16689       0.2035   5.52
    16690       0.2029   5.53
    16691       0.2027   5.53
    16692       0.2033   5.53
    16693       0.2028   5.53
    16694       0.2034   5.53
    16695       0.2028   5.53
    16696       0.2029   5.53
    16697       0.2036   5.53
    16698       0.2028   5.53
    16699       0.2035   5.53
    16700       0.2028   5.53
    16701       0.2027   5.53
    16702       0.2033   5.53
    16703       0.2027   5.53
    16704       0.2034   5.53
    16705       0.2029   5.53
    16706       0.2034   5.53
    16707       0.2029   5.53
    16708       0.2030   5.53
    16709       0.2036   5.53
    16710       0.2028   5.52
    16711       0.2034   5.52
    16712       0.2028   5.53
    16713       0.2028   5.53
    16714       0.2034   5.53
    16715       0.2028   5.53
    16716       0.2034   5.53
    16717       0.2029   5.53
    16718       0.2028   5.53
    16719       0.2034   5.53
    16720       0.2028   5.53
    16721       0.2035   5.53
    16722       0.2028   5.53
    16723       0.2028   5.53
    16724       0.2034   5.53
    16725       0.2028   5.53
    16726       0.2035   5.53
    16727       0.2028   5.53
    16728       0.2028   5.53
    16729       0.2034   5.53
    16730       0.2028   5.53
    16731       0.2033   5.53
    16732       0.2031   5.53
    16733       0.2037   5.53
    16734       0.2030   5.52
    16735       0.2031   5.52
    16736       0.2037   5.52
    16737       0.2028   5.52
    16738       0.2035   5.52
    16739       0.2027   5.53
    16740       0.2028   5.53
    16741       0.2035   5.53
    16742       0.2028   5.53
    16743       0.2035   5.53
    16744       0.2029   5.53
    16745       0.2028   5.53
    16746       0.2035   5.53
    16747       0.2029   5.53
    16748       0.2036   5.53
    16749       0.2029   5.53
    16750       0.2028   5.53
    16751       0.2033   5.53
    16752       0.2028   5.53
    16753       0.2034   5.53
    16754       0.2028   5.53
    16755       0.2034   5.53
    16756       0.2028   5.53
    16757       0.2028   5.53
    16758       0.2035   5.53
    16759       0.2028   5.53
    16760       0.2034   5.53
    16761       0.2029   5.53
    16762       0.2028   5.53
    16763       0.2036   5.53
    16764       0.2027   5.53
    16765       0.2034   5.53
    16766       0.2029   5.53
    16767       0.2028   5.53
    16768       0.2035   5.53
    16769       0.2029   5.53
    16770       0.2036   5.53
    16771       0.2028   5.52
    16772       0.2028   5.52
    16773       0.2034   5.52
    16774       0.2028   5.53
    16775       0.2034   5.53
    16776       0.2028   5.53
    16777       0.2028   5.53
    16778       0.2034   5.53
    16779       0.2028   5.53
    16780       0.2034   5.53
    16781       0.2029   5.53
    16782       0.2034   5.53
    16783       0.2028   5.53
    16784       0.2028   5.53
    16785       0.2035   5.53
    16786       0.2031   5.53
    16787       0.2036   5.53
    16788       0.2031   5.52
    16789       0.2030   5.52
    16790       0.2036   5.52
    16791       0.2027   5.52
    16792       0.2035   5.52
    16793       0.2028   5.53
    16794       0.2027   5.53
    16795       0.2035   5.53
    16796       0.2028   5.53
    16797       0.2035   5.53
    16798       0.2028   5.53
    16799       0.2028   5.53
    16800       0.2035   5.53
    16801       0.2028   5.53
    16802       0.2034   5.53
    16803       0.2028   5.53
    16804       0.2030   5.53
    16805       0.2028   5.53
    16806       0.2029   5.53
    16807       0.2035   5.53
    16808       0.2028   5.53
    16809       0.2034   5.53
    16810       0.2029   5.53
    16811       0.2028   5.53
    16812       0.2033   5.53
    16813       0.2028   5.53
    16814       0.2035   5.53
    16815       0.2029   5.53
    16816       0.2028   5.53
    16817       0.2035   5.53
    16818       0.2028   5.53
    16819       0.2034   5.53
    16820       0.2029   5.53
    16821       0.2027   5.53
    16822       0.2034   5.53
    16823       0.2030   5.53
    16824       0.2036   5.53
    16825       0.2031   5.52
    16826       0.2031   5.52
    16827       0.2036   5.52
    16828       0.2028   5.52
    16829       0.2034   5.52
    16830       0.2028   5.53
    16831       0.2033   5.53
    16832       0.2027   5.53
    16833       0.2027   5.53
    16834       0.2034   5.53
    16835       0.2028   5.53
    16836       0.2037   5.53
    16837       0.2028   5.53
    16838       0.2028   5.53
    16839       0.2036   5.53
    16840       0.2028   5.53
    16841       0.2034   5.53
    16842       0.2028   5.53
    16843       0.2028   5.53
    16844       0.2034   5.53
    16845       0.2028   5.53
    16846       0.2034   5.53
    16847       0.2029   5.53
    16848       0.2029   5.53
    16849       0.2034   5.53
    16850       0.2028   5.53
    16851       0.2033   5.53
    16852       0.2028   5.53
    16853       0.2029   5.53
    16854       0.2032   5.53
    16855       0.2028   5.53
    16856       0.2034   5.53
    16857       0.2028   5.53
    16858       0.2036   5.53
    16859       0.2027   5.53
    16860       0.2028   5.53
    16861       0.2033   5.53
    16862       0.2027   5.53
    16863       0.2034   5.53
    16864       0.2029   5.53
    16865       0.2029   5.53
    16866       0.2035   5.53
    16867       0.2030   5.53
    16868       0.2038   5.53
    16869       0.2030   5.52
    16870       0.2030   5.52
    16871       0.2037   5.52
    16872       0.2027   5.52
    16873       0.2034   5.52
    16874       0.2028   5.53
    16875       0.2028   5.53
    16876       0.2034   5.53
    16877       0.2028   5.53
    16878       0.2033   5.53
    16879       0.2028   5.53
    16880       0.2034   5.53
    16881       0.2028   5.53
    16882       0.2028   5.53
    16883       0.2034   5.53
    16884       0.2028   5.53
    16885       0.2033   5.53
    16886       0.2027   5.53
    16887       0.2028   5.53
    16888       0.2033   5.53
    16889       0.2028   5.53
    16890       0.2034   5.53
    16891       0.2027   5.53
    16892       0.2029   5.53
    16893       0.2034   5.53
    16894       0.2028   5.53
    16895       0.2034   5.53
    16896       0.2027   5.53
    16897       0.2027   5.53
    16898       0.2033   5.53
    16899       0.2028   5.53
    16900       0.2033   5.53
    16901       0.2028   5.53
    16902       0.2029   5.53
    16903       0.2033   5.53
    16904       0.2028   5.53
    16905       0.2034   5.53
    16906       0.2027   5.53
    16907       0.2033   5.53
    16908       0.2029   5.53
    16909       0.2029   5.53
    16910       0.2037   5.53
    16911       0.2027   5.53
    16912       0.2035   5.53
    16913       0.2028   5.53
    16914       0.2027   5.53
    16915       0.2033   5.53
    16916       0.2029   5.53
    16917       0.2038   5.53
    16918       0.2030   5.53
    16919       0.2030   5.53
    16920       0.2036   5.53
    16921       0.2027   5.52
    16922       0.2034   5.52
    16923       0.2028   5.53
    16924       0.2028   5.53
    16925       0.2033   5.53
    16926       0.2029   5.53
    16927       0.2035   5.53
    16928       0.2028   5.53
    16929       0.2031   5.53
    16930       0.2028   5.53
    16931       0.2029   5.53
    16932       0.2035   5.53
    16933       0.2029   5.53
    16934       0.2033   5.53
    16935       0.2028   5.53
    16936       0.2028   5.53
    16937       0.2033   5.53
    16938       0.2028   5.53
    16939       0.2035   5.53
    16940       0.2028   5.53
    16941       0.2028   5.53
    16942       0.2034   5.53
    16943       0.2027   5.53
    16944       0.2034   5.53
    16945       0.2028   5.53
    16946       0.2028   5.53
    16947       0.2035   5.53
    16948       0.2029   5.53
    16949       0.2035   5.53
    16950       0.2029   5.53
    16951       0.2028   5.53
    16952       0.2034   5.53
    16953       0.2028   5.53
    16954       0.2035   5.53
    16955       0.2028   5.53
    16956       0.2034   5.53
    16957       0.2028   5.53
    16958       0.2029   5.53
    16959       0.2034   5.53
    16960       0.2028   5.53
    16961       0.2034   5.53
    16962       0.2029   5.53
    16963       0.2030   5.53
    16964       0.2036   5.53
    16965       0.2031   5.52
    16966       0.2036   5.52
    16967       0.2029   5.52
    16968       0.2028   5.52
    16969       0.2034   5.52
    16970       0.2029   5.53
    16971       0.2034   5.53
    16972       0.2029   5.53
    16973       0.2028   5.53
    16974       0.2034   5.53
    16975       0.2027   5.53
    16976       0.2034   5.53
    16977       0.2029   5.53
    16978       0.2031   5.53
    16979       0.2128   5.53
    16980       0.2028   5.53
    16981       0.2036   5.53
    16982       0.2028   5.53
    16983       0.2035   5.53
    16984       0.2028   5.53
    16985       0.2029   5.53
    16986       0.2034   5.53
    16987       0.2029   5.53
    16988       0.2037   5.53
    16989       0.2028   5.53
    16990       0.2029   5.53
    16991       0.2034   5.53
    16992       0.2028   5.53
    16993       0.2033   5.53
    16994       0.2028   5.53
    16995       0.2028   5.53
    16996       0.2033   5.53
    16997       0.2028   5.53
    16998       0.2035   5.53
    16999       0.2028   5.53
    17000       0.2028   5.53
    17001       0.2034   5.53
    17002       0.2028   5.53
    17003       0.2034   5.53
    17004       0.2028   5.53
    17005       0.2034   5.53
    17006       0.2028   5.53
    17007       0.2028   5.53
    17008       0.2034   5.53
    17009       0.2027   5.53
    17010       0.2034   5.53
    17011       0.2027   5.53
    17012       0.2028   5.53
    17013       0.2035   5.53
    17014       0.2027   5.53
    17015       0.2035   5.53
    17016       0.2028   5.53
    17017       0.2027   5.53
    17018       0.2033   5.53
    17019       0.2028   5.53
    17020       0.2034   5.53
    17021       0.2028   5.53
    17022       0.2027   5.53
    17023       0.2034   5.53
    17024       0.2028   5.53
    17025       0.2033   5.53
    17026       0.2029   5.53
    17027       0.2029   5.53
    17028       0.2028   5.53
    17029       0.2029   5.53
    17030       0.2036   5.53
    17031       0.2029   5.53
    17032       0.2034   5.53
    17033       0.2027   5.53
    17034       0.2028   5.53
    17035       0.2035   5.53
    17036       0.2028   5.53
    17037       0.2035   5.53
    17038       0.2028   5.53
    17039       0.2029   5.53
    17040       0.2034   5.53
    17041       0.2028   5.53
    17042       0.2034   5.53
    17043       0.2029   5.53
    17044       0.2028   5.53
    17045       0.2033   5.53
    17046       0.2027   5.53
    17047       0.2035   5.53
    17048       0.2027   5.53
    17049       0.2028   5.53
    17050       0.2034   5.53
    17051       0.2027   5.53
    17052       0.2034   5.53
    17053       0.2028   5.53
    17054       0.2033   5.53
    17055       0.2029   5.53
    17056       0.2028   5.53
    17057       0.2035   5.53
    17058       0.2028   5.53
    17059       0.2034   5.53
    17060       0.2027   5.53
    17061       0.2028   5.53
    17062       0.2035   5.53
    17063       0.2028   5.53
    17064       0.2034   5.53
    17065       0.2027   5.53
    17066       0.2028   5.53
    17067       0.2034   5.53
    17068       0.2028   5.53
    17069       0.2033   5.53
    17070       0.2028   5.53
    17071       0.2028   5.53
    17072       0.2034   5.53
    17073       0.2027   5.53
    17074       0.2034   5.53
    17075       0.2029   5.53
    17076       0.2028   5.53
    17077       0.2033   5.53
    17078       0.2028   5.53
    17079       0.2034   5.53
    17080       0.2027   5.53
    17081       0.2034   5.53
    17082       0.2028   5.53
    17083       0.2028   5.53
    17084       0.2033   5.53
    17085       0.2029   5.53
    17086       0.2034   5.53
    17087       0.2028   5.53
    17088       0.2028   5.53
    17089       0.2034   5.53
    17090       0.2028   5.53
    17091       0.2034   5.53
    17092       0.2028   5.53
    17093       0.2029   5.53
    17094       0.2034   5.53
    17095       0.2029   5.53
    17096       0.2035   5.53
    17097       0.2029   5.53
    17098       0.2027   5.53
    17099       0.2034   5.53
    17100       0.2028   5.53
    17101       0.2035   5.53
    17102       0.2029   5.53
    17103       0.2033   5.53
    17104       0.2028   5.53
    17105       0.2029   5.53
    17106       0.2033   5.53
    17107       0.2028   5.53
    17108       0.2036   5.53
    17109       0.2027   5.53
    17110       0.2027   5.53
    17111       0.2033   5.53
    17112       0.2028   5.53
    17113       0.2033   5.53
    17114       0.2029   5.53
    17115       0.2028   5.53
    17116       0.2033   5.53
    17117       0.2028   5.53
    17118       0.2036   5.53
    17119       0.2027   5.53
    17120       0.2028   5.53
    17121       0.2035   5.53
    17122       0.2028   5.53
    17123       0.2034   5.53
    17124       0.2028   5.53
    17125       0.2028   5.53
    17126       0.2035   5.53
    17127       0.2028   5.53
    17128       0.2033   5.53
    17129       0.2029   5.53
    17130       0.2040   5.53
    17131       0.2028   5.53
    17132       0.2028   5.53
    17133       0.2034   5.53
    17134       0.2028   5.53
    17135       0.2034   5.53
    17136       0.2028   5.53
    17137       0.2028   5.53
    17138       0.2033   5.53
    17139       0.2028   5.53
    17140       0.2034   5.53
    17141       0.2028   5.53
    17142       0.2028   5.53
    17143       0.2033   5.53
    17144       0.2027   5.53
    17145       0.2034   5.53
    17146       0.2028   5.53
    17147       0.2028   5.53
    17148       0.2034   5.53
    17149       0.2027   5.53
    17150       0.2034   5.53
    17151       0.2028   5.53
    17152       0.2030   5.53
    17153       0.2033   5.53
    17154       0.2028   5.53
    17155       0.2034   5.53
    17156       0.2028   5.53
    17157       0.2034   5.53
    17158       0.2027   5.53
    17159       0.2028   5.53
    17160       0.2034   5.53
    17161       0.2028   5.53
    17162       0.2033   5.53
    17163       0.2029   5.53
    17164       0.2028   5.53
    17165       0.2033   5.53
    17166       0.2028   5.53
    17167       0.2036   5.53
    17168       0.2027   5.53
    17169       0.2028   5.53
    17170       0.2033   5.53
    17171       0.2028   5.53
    17172       0.2033   5.53
    17173       0.2028   5.53
    17174       0.2028   5.53
    17175       0.2033   5.53
    17176       0.2028   5.53
    17177       0.2035   5.53
    17178       0.2028   5.53
    17179       0.2035   5.53
    17180       0.2029   5.53
    17181       0.2027   5.53
    17182       0.2034   5.53
    17183       0.2028   5.53
    17184       0.2034   5.53
    17185       0.2028   5.53
    17186       0.2028   5.53
    17187       0.2034   5.53
    17188       0.2027   5.53
    17189       0.2034   5.53
    17190       0.2028   5.53
    17191       0.2028   5.53
    17192       0.2034   5.53
    17193       0.2028   5.53
    17194       0.2035   5.53
    17195       0.2027   5.53
    17196       0.2027   5.53
    17197       0.2034   5.53
    17198       0.2028   5.53
    17199       0.2033   5.53
    17200       0.2028   5.53
    17201       0.2029   5.53
    17202       0.2032   5.53
    17203       0.2028   5.53
    17204       0.2034   5.53
    17205       0.2028   5.53
    17206       0.2034   5.53
    17207       0.2028   5.53
    17208       0.2028   5.53
    17209       0.2035   5.53
    17210       0.2027   5.53
    17211       0.2034   5.53
    17212       0.2028   5.53
    17213       0.2029   5.53
    17214       0.2035   5.53
    17215       0.2028   5.53
    17216       0.2035   5.53
    17217       0.2028   5.53
    17218       0.2028   5.53
    17219       0.2035   5.53
    17220       0.2028   5.53
    17221       0.2035   5.53
    17222       0.2030   5.53
    17223       0.2028   5.53
    17224       0.2034   5.53
    17225       0.2027   5.53
    17226       0.2036   5.53
    17227       0.2027   5.53
    17228       0.2030   5.53
    17229       0.2027   5.53
    17230       0.2028   5.53
    17231       0.2033   5.53
    17232       0.2028   5.53
    17233       0.2034   5.53
    17234       0.2027   5.53
    17235       0.2028   5.53
    17236       0.2034   5.53
    17237       0.2027   5.53
    17238       0.2035   5.53
    17239       0.2027   5.53
    17240       0.2027   5.53
    17241       0.2035   5.53
    17242       0.2027   5.53
    17243       0.2035   5.53
    17244       0.2028   5.53
    17245       0.2027   5.53
    17246       0.2033   5.53
    17247       0.2028   5.53
    17248       0.2034   5.53
    17249       0.2028   5.53
    17250       0.2027   5.53
    17251       0.2033   5.53
    17252       0.2028   5.53
    17253       0.2034   5.53
    17254       0.2028   5.53
    17255       0.2035   5.53
    17256       0.2029   5.53
    17257       0.2028   5.53
    17258       0.2034   5.53
    17259       0.2027   5.53
    17260       0.2033   5.53
    17261       0.2028   5.53
    17262       0.2029   5.53
    17263       0.2034   5.53
    17264       0.2029   5.53
    17265       0.2034   5.53
    17266       0.2028   5.53
    17267       0.2028   5.53
    17268       0.2034   5.53
    17269       0.2028   5.53
    17270       0.2034   5.53
    17271       0.2027   5.53
    17272       0.2028   5.53
    17273       0.2034   5.53
    17274       0.2028   5.53
    17275       0.2034   5.53
    17276       0.2028   5.53
    17277       0.2027   5.53
    17278       0.2035   5.53
    17279       0.2029   5.53
    17280       0.2034   5.53
    17281       0.2028   5.53
    17282       0.2034   5.53
    17283       0.2027   5.53
    17284       0.2028   5.53
    17285       0.2034   5.53
    17286       0.2028   5.53
    17287       0.2035   5.53
    17288       0.2027   5.53
    17289       0.2027   5.53
    17290       0.2033   5.53
    17291       0.2028   5.53
    17292       0.2034   5.53
    17293       0.2028   5.53
    17294       0.2027   5.53
    17295       0.2034   5.53
    17296       0.2028   5.53
    17297       0.2036   5.53
    17298       0.2027   5.53
    17299       0.2028   5.53
    17300       0.2035   5.53
    17301       0.2028   5.53
    17302       0.2034   5.53
    17303       0.2028   5.53
    17304       0.2034   5.53
    17305       0.2028   5.53
    17306       0.2029   5.53
    17307       0.2034   5.53
    17308       0.2028   5.53
    17309       0.2033   5.53
    17310       0.2028   5.53
    17311       0.2027   5.53
    17312       0.2035   5.53
    17313       0.2028   5.53
    17314       0.2034   5.53
    17315       0.2028   5.53
    17316       0.2028   5.53
    17317       0.2034   5.53
    17318       0.2029   5.53
    17319       0.2033   5.53
    17320       0.2028   5.53
    17321       0.2028   5.53
    17322       0.2034   5.53
    17323       0.2028   5.53
    17324       0.2035   5.53
    17325       0.2028   5.53
    17326       0.2028   5.53
    17327       0.2035   5.53
    17328       0.2029   5.53
    17329       0.2034   5.53
    17330       0.2028   5.53
    17331       0.2034   5.53
    17332       0.2028   5.53
    17333       0.2029   5.53
    17334       0.2033   5.53
    17335       0.2028   5.53
    17336       0.2034   5.53
    17337       0.2027   5.53
    17338       0.2027   5.53
    17339       0.2035   5.53
    17340       0.2028   5.53
    17341       0.2033   5.53
    17342       0.2027   5.53
    17343       0.2028   5.53
    17344       0.2033   5.53
    17345       0.2028   5.53
    17346       0.2035   5.53
    17347       0.2027   5.53
    17348       0.2027   5.53
    17349       0.2037   5.53
    17350       0.2028   5.53
    17351       0.2036   5.53
    17352       0.2029   5.53
    17353       0.2030   5.53
    17354       0.2032   5.53
    17355       0.2027   5.53
    17356       0.2034   5.53
    17357       0.2028   5.53
    17358       0.2034   5.53
    17359       0.2028   5.53
    17360       0.2027   5.53
    17361       0.2034   5.53
    17362       0.2027   5.53
    17363       0.2033   5.53
    17364       0.2028   5.53
    17365       0.2028   5.53
    17366       0.2034   5.53
    17367       0.2027   5.53
    17368       0.2034   5.53
    17369       0.2027   5.53
    17370       0.2027   5.53
    17371       0.2034   5.53
    17372       0.2028   5.53
    17373       0.2034   5.53
    17374       0.2028   5.53
    17375       0.2028   5.53
    17376       0.2033   5.53
    17377       0.2027   5.53
    17378       0.2033   5.53
    17379       0.2028   5.53
    17380       0.2035   5.53
    17381       0.2028   5.53
    17382       0.2027   5.53
    17383       0.2034   5.53
    17384       0.2027   5.53
    17385       0.2034   5.53
    17386       0.2028   5.53
    17387       0.2029   5.53
    17388       0.2034   5.53
    17389       0.2027   5.53
    17390       0.2034   5.53
    17391       0.2027   5.53
    17392       0.2028   5.53
    17393       0.2034   5.53
    17394       0.2028   5.53
    17395       0.2034   5.53
    17396       0.2028   5.53
    17397       0.2028   5.53
    17398       0.2035   5.53
    17399       0.2028   5.53
    17400       0.2036   5.53
    17401       0.2031   5.53
    17402       0.2028   5.53
    17403       0.2034   5.53
    17404       0.2029   5.52
    17405       0.2034   5.52
    17406       0.2028   5.53
    17407       0.2036   5.53
    17408       0.2027   5.53
    17409       0.2028   5.53
    17410       0.2035   5.53
    17411       0.2028   5.53
    17412       0.2034   5.53
    17413       0.2028   5.53
    17414       0.2027   5.53
    17415       0.2034   5.53
    17416       0.2028   5.53
    17417       0.2034   5.53
    17418       0.2028   5.53
    17419       0.2028   5.53
    17420       0.2033   5.53
    17421       0.2027   5.53
    17422       0.2035   5.53
    17423       0.2028   5.53
    17424       0.2028   5.53
    17425       0.2034   5.53
    17426       0.2027   5.53
    17427       0.2034   5.53
    17428       0.2029   5.53
    17429       0.2030   5.53
    17430       0.2032   5.53
    17431       0.2028   5.53
    17432       0.2035   5.53
    17433       0.2028   5.53
    17434       0.2034   5.53
    17435       0.2028   5.53
    17436       0.2028   5.53
    17437       0.2035   5.53
    17438       0.2028   5.53
    17439       0.2034   5.53
    17440       0.2027   5.53
    17441       0.2029   5.53
    17442       0.2034   5.53
    17443       0.2029   5.53
    17444       0.2034   5.53
    17445       0.2028   5.53
    17446       0.2028   5.53
    17447       0.2035   5.53
    17448       0.2028   5.53
    17449       0.2034   5.53
    17450       0.2028   5.53
    17451       0.2028   5.53
    17452       0.2034   5.53
    17453       0.2028   5.53
    17454       0.2034   5.53
    17455       0.2028   5.53
    17456       0.2033   5.53
    17457       0.2028   5.53
    17458       0.2027   5.53
    17459       0.2035   5.53
    17460       0.2029   5.53
    17461       0.2034   5.53
    17462       0.2028   5.53
    17463       0.2028   5.53
    17464       0.2033   5.53
    17465       0.2028   5.53
    17466       0.2034   5.53
    17467       0.2028   5.53
    17468       0.2028   5.53
    17469       0.2035   5.53
    17470       0.2028   5.53
    17471       0.2035   5.53
    17472       0.2028   5.53
    17473       0.2028   5.53
    17474       0.2034   5.53
    17475       0.2029   5.53
    17476       0.2034   5.53
    17477       0.2028   5.53
    17478       0.2028   5.53
    17479       0.2036   5.53
    17480       0.2027   5.53
    17481       0.2035   5.53
    17482       0.2028   5.53
    17483       0.2034   5.53
    17484       0.2029   5.53
    17485       0.2029   5.53
    17486       0.2033   5.53
    17487       0.2028   5.53
    17488       0.2034   5.53
    17489       0.2028   5.53
    17490       0.2029   5.53
    17491       0.2033   5.53
    17492       0.2027   5.53
    17493       0.2034   5.53
    17494       0.2028   5.53
    17495       0.2029   5.53
    17496       0.2034   5.53
    17497       0.2029   5.53
    17498       0.2034   5.53
    17499       0.2029   5.53
    17500       0.2028   5.53
    17501       0.2035   5.53
    17502       0.2028   5.53
    17503       0.2034   5.53
    17504       0.2029   5.53
    17505       0.2030   5.53
    17506       0.2029   5.53
    17507       0.2029   5.53
    17508       0.2036   5.53
    17509       0.2030   5.53
    17510       0.2128   5.53
    17511       0.2028   5.52
    17512       0.2028   5.52
    17513       0.2037   5.52
    17514       0.2029   5.53
    17515       0.2033   5.53
    17516       0.2027   5.53
    17517       0.2028   5.53
    17518       0.2035   5.53
    17519       0.2028   5.53
    17520       0.2034   5.53
    17521       0.2027   5.53
    17522       0.2028   5.53
    17523       0.2034   5.53
    17524       0.2028   5.53
    17525       0.2033   5.53
    17526       0.2028   5.53
    17527       0.2029   5.53
    17528       0.2033   5.53
    17529       0.2028   5.53
    17530       0.2035   5.53
    17531       0.2028   5.53
    17532       0.2035   5.53
    17533       0.2028   5.53
    17534       0.2028   5.53
    17535       0.2035   5.53
    17536       0.2028   5.53
    17537       0.2037   5.53
    17538       0.2028   5.53
    17539       0.2028   5.53
    17540       0.2034   5.53
    17541       0.2027   5.53
    17542       0.2034   5.53
    17543       0.2029   5.53
    17544       0.2028   5.53
    17545       0.2035   5.53
    17546       0.2028   5.53
    17547       0.2034   5.53
    17548       0.2029   5.53
    17549       0.2028   5.53
    17550       0.2035   5.53
    17551       0.2028   5.53
    17552       0.2033   5.53
    17553       0.2028   5.53
    17554       0.2033   5.53
    17555       0.2028   5.53
    17556       0.2028   5.53
    17557       0.2034   5.53
    17558       0.2028   5.53
    17559       0.2034   5.53
    17560       0.2028   5.53
    17561       0.2031   5.53
    17562       0.2035   5.53
    17563       0.2028   5.53
    17564       0.2034   5.53
    17565       0.2028   5.53
    17566       0.2029   5.53
    17567       0.2034   5.53
    17568       0.2030   5.53
    17569       0.2034   5.53
    17570       0.2028   5.53
    17571       0.2028   5.53
    17572       0.2035   5.53
    17573       0.2028   5.53
    17574       0.2033   5.53
    17575       0.2028   5.53
    17576       0.2028   5.53
    17577       0.2034   5.53
    17578       0.2028   5.53
    17579       0.2034   5.53
    17580       0.2028   5.53
    17581       0.2035   5.53
    17582       0.2028   5.53
    17583       0.2029   5.53
    17584       0.2034   5.53
    17585       0.2029   5.53
    17586       0.2035   5.53
    17587       0.2028   5.53
    17588       0.2027   5.53
    17589       0.2034   5.53
    17590       0.2028   5.53
    17591       0.2034   5.53
    17592       0.2028   5.53
    17593       0.2028   5.53
    17594       0.2035   5.53
    17595       0.2028   5.53
    17596       0.2036   5.53
    17597       0.2028   5.53
    17598       0.2030   5.53
    17599       0.2037   5.53
    17600       0.2031   5.53
    17601       0.2043   5.53
    17602       0.2027   5.52
    17603       0.2034   5.52
    17604       0.2028   5.53
    17605       0.2028   5.53
    17606       0.2034   5.53
    17607       0.2028   5.53
    17608       0.2035   5.53
    17609       0.2028   5.53
    17610       0.2028   5.53
    17611       0.2033   5.53
    17612       0.2028   5.53
    17613       0.2033   5.53
    17614       0.2027   5.53
    17615       0.2028   5.53
    17616       0.2034   5.53
    17617       0.2028   5.53
    17618       0.2034   5.53
    17619       0.2028   5.53
    17620       0.2028   5.53
    17621       0.2034   5.53
    17622       0.2029   5.53
    17623       0.2035   5.53
    17624       0.2028   5.53
    17625       0.2028   5.53
    17626       0.2034   5.53
    17627       0.2028   5.53
    17628       0.2034   5.53
    17629       0.2028   5.53
    17630       0.2034   5.53
    17631       0.2028   5.53
    17632       0.2028   5.53
    17633       0.2033   5.53
    17634       0.2028   5.53
    17635       0.2035   5.53
    17636       0.2028   5.53
    17637       0.2028   5.53
    17638       0.2034   5.53
    17639       0.2028   5.53
    17640       0.2034   5.53
    17641       0.2028   5.53
    17642       0.2028   5.53
    17643       0.2033   5.53
    17644       0.2028   5.53
    17645       0.2034   5.53
    17646       0.2028   5.53
    17647       0.2028   5.53
    17648       0.2034   5.53
    17649       0.2028   5.53
    17650       0.2034   5.53
    17651       0.2028   5.53
    17652       0.2031   5.53
    17653       0.2033   5.53
    17654       0.2028   5.53
    17655       0.2035   5.53
    17656       0.2028   5.53
    17657       0.2036   5.53
    17658       0.2028   5.53
    17659       0.2029   5.53
    17660       0.2038   5.53
    17661       0.2028   5.53
    17662       0.2036   5.53
    17663       0.2028   5.53
    17664       0.2029   5.53
    17665       0.2036   5.53
    17666       0.2030   5.53
    17667       0.2034   5.53
    17668       0.2027   5.52
    17669       0.2028   5.52
    17670       0.2035   5.52
    17671       0.2028   5.53
    17672       0.2033   5.53
    17673       0.2028   5.53
    17674       0.2027   5.53
    17675       0.2034   5.53
    17676       0.2027   5.53
    17677       0.2034   5.53
    17678       0.2027   5.53
    17679       0.2034   5.53
    17680       0.2028   5.53
    17681       0.2029   5.53
    17682       0.2034   5.53
    17683       0.2029   5.53
    17684       0.2034   5.53
    17685       0.2028   5.53
    17686       0.2028   5.53
    17687       0.2034   5.53
    17688       0.2029   5.53
    17689       0.2035   5.53
    17690       0.2028   5.53
    17691       0.2028   5.53
    17692       0.2034   5.53
    17693       0.2028   5.53
    17694       0.2034   5.53
    17695       0.2028   5.53
    17696       0.2028   5.53
    17697       0.2035   5.53
    17698       0.2027   5.53
    17699       0.2035   5.53
    17700       0.2027   5.53
    17701       0.2028   5.53
    17702       0.2033   5.53
    17703       0.2028   5.53
    17704       0.2033   5.53
    17705       0.2028   5.53
    17706       0.2036   5.53
    17707       0.2028   5.53
    17708       0.2028   5.53
    17709       0.2034   5.53
    17710       0.2028   5.53
    17711       0.2034   5.53
    17712       0.2028   5.53
    17713       0.2028   5.53
    17714       0.2034   5.53
    17715       0.2029   5.53
    17716       0.2035   5.53
    17717       0.2027   5.53
    17718       0.2028   5.53
    17719       0.2035   5.53
    17720       0.2028   5.53
    17721       0.2034   5.53
    17722       0.2030   5.53
    17723       0.2031   5.53
    17724       0.2033   5.53
    17725       0.2028   5.52
    17726       0.2034   5.52
    17727       0.2028   5.53
    17728       0.2030   5.53
    17729       0.2028   5.53
    17730       0.2028   5.53
    17731       0.2035   5.53
    17732       0.2027   5.53
    17733       0.2033   5.53
    17734       0.2028   5.53
    17735       0.2028   5.53
    17736       0.2034   5.53
    17737       0.2028   5.53
    17738       0.2034   5.53
    17739       0.2027   5.53
    17740       0.2028   5.53
    17741       0.2035   5.53
    17742       0.2028   5.53
    17743       0.2036   5.53
    17744       0.2027   5.53
    17745       0.2027   5.53
    17746       0.2033   5.53
    17747       0.2028   5.53
    17748       0.2034   5.53
    17749       0.2027   5.53
    17750       0.2027   5.53
    17751       0.2033   5.53
    17752       0.2029   5.53
    17753       0.2034   5.53
    17754       0.2028   5.53
    17755       0.2034   5.53
    17756       0.2028   5.53
    17757       0.2028   5.53
    17758       0.2043   5.53
    17759       0.2028   5.53
    17760       0.2034   5.53
    17761       0.2028   5.53
    17762       0.2028   5.53
    17763       0.2035   5.53
    17764       0.2030   5.53
    17765       0.2035   5.53
    17766       0.2028   5.52
    17767       0.2027   5.52
    17768       0.2034   5.52
    17769       0.2028   5.53
    17770       0.2034   5.53
    17771       0.2029   5.53
    17772       0.2028   5.53
    17773       0.2035   5.53
    17774       0.2031   5.53
    17775       0.2035   5.53
    17776       0.2027   5.52
    17777       0.2030   5.52
    17778       0.2034   5.52
    17779       0.2028   5.53
    17780       0.2035   5.53
    17781       0.2026   5.53
    17782       0.2034   5.53
    17783       0.2029   5.53
    17784       0.2030   5.53
    17785       0.2035   5.53
    17786       0.2029   5.52
    17787       0.2034   5.52
    17788       0.2028   5.53
    17789       0.2028   5.53
    17790       0.2033   5.53
    17791       0.2028   5.53
    17792       0.2034   5.53
    17793       0.2029   5.53
    17794       0.2028   5.53
    17795       0.2035   5.53
    17796       0.2028   5.53
    17797       0.2036   5.53
    17798       0.2028   5.53
    17799       0.2028   5.53
    17800       0.2034   5.53
    17801       0.2027   5.53
    17802       0.2034   5.53
    17803       0.2028   5.53
    17804       0.2035   5.53
    17805       0.2029   5.53
    17806       0.2028   5.53
    17807       0.2034   5.53
    17808       0.2028   5.53
    17809       0.2034   5.53
    17810       0.2028   5.53
    17811       0.2027   5.53
    17812       0.2034   5.53
    17813       0.2028   5.53
    17814       0.2035   5.53
    17815       0.2029   5.53
    17816       0.2028   5.53
    17817       0.2035   5.53
    17818       0.2028   5.53
    17819       0.2033   5.53
    17820       0.2028   5.53
    17821       0.2028   5.53
    17822       0.2034   5.53
    17823       0.2028   5.53
    17824       0.2033   5.53
    17825       0.2028   5.53
    17826       0.2029   5.53
    17827       0.2034   5.53
    17828       0.2028   5.53
    17829       0.2034   5.53
    17830       0.2027   5.53
    17831       0.2034   5.53
    17832       0.2027   5.53
    17833       0.2028   5.53
    17834       0.2034   5.53
    17835       0.2028   5.53
    17836       0.2036   5.53
    17837       0.2028   5.53
    17838       0.2027   5.53
    17839       0.2035   5.53
    17840       0.2029   5.53
    17841       0.2035   5.53
    17842       0.2028   5.53
    17843       0.2028   5.53
    17844       0.2037   5.53
    17845       0.2028   5.53
    17846       0.2034   5.53
    17847       0.2027   5.53
    17848       0.2029   5.53
    17849       0.2034   5.53
    17850       0.2028   5.53
    17851       0.2034   5.53
    17852       0.2028   5.53
    17853       0.2030   5.53
    17854       0.2032   5.53
    17855       0.2028   5.53
    17856       0.2036   5.53
    17857       0.2028   5.53
    17858       0.2036   5.53
    17859       0.2028   5.53
    17860       0.2028   5.53
    17861       0.2034   5.53
    17862       0.2028   5.53
    17863       0.2034   5.53
    17864       0.2028   5.53
    17865       0.2028   5.53
    17866       0.2038   5.53
    17867       0.2028   5.53
    17868       0.2034   5.53
    17869       0.2028   5.53
    17870       0.2028   5.53
    17871       0.2034   5.53
    17872       0.2029   5.53
    17873       0.2034   5.53
    17874       0.2028   5.53
    17875       0.2028   5.53
    17876       0.2034   5.53
    17877       0.2027   5.53
    17878       0.2034   5.53
    17879       0.2027   5.53
    17880       0.2035   5.53
    17881       0.2029   5.53
    17882       0.2028   5.53
    17883       0.2034   5.53
    17884       0.2027   5.53
    17885       0.2034   5.53
    17886       0.2028   5.53
    17887       0.2028   5.53
    17888       0.2036   5.53
    17889       0.2028   5.53
    17890       0.2035   5.53
    17891       0.2028   5.53
    17892       0.2029   5.53
    17893       0.2034   5.53
    17894       0.2028   5.53
    17895       0.2034   5.53
    17896       0.2028   5.53
    17897       0.2028   5.53
    17898       0.2035   5.53
    17899       0.2029   5.53
    17900       0.2035   5.53
    17901       0.2028   5.53
    17902       0.2028   5.53
    17903       0.2034   5.53
    17904       0.2029   5.53
    17905       0.2035   5.53
    17906       0.2029   5.53
    17907       0.2036   5.53
    17908       0.2030   5.52
    17909       0.2031   5.52
    17910       0.2035   5.52
    17911       0.2027   5.52
    17912       0.2034   5.52
    17913       0.2028   5.53
    17914       0.2028   5.53
    17915       0.2034   5.53
    17916       0.2028   5.53
    17917       0.2034   5.53
    17918       0.2027   5.53
    17919       0.2028   5.53
    17920       0.2035   5.53
    17921       0.2028   5.53
    17922       0.2034   5.53
    17923       0.2028   5.53
    17924       0.2029   5.53
    17925       0.2034   5.53
    17926       0.2028   5.53
    17927       0.2032   5.53
    17928       0.2027   5.53
    17929       0.2033   5.53
    17930       0.2029   5.53
    17931       0.2028   5.53
    17932       0.2036   5.53
    17933       0.2029   5.53
    17934       0.2034   5.53
    17935       0.2028   5.53
    17936       0.2029   5.53
    17937       0.2034   5.53
    17938       0.2029   5.53
    17939       0.2034   5.53
    17940       0.2029   5.53
    17941       0.2028   5.53
    17942       0.2034   5.53
    17943       0.2027   5.53
    17944       0.2035   5.53
    17945       0.2028   5.53
    17946       0.2028   5.53
    17947       0.2035   5.53
    17948       0.2028   5.53
    17949       0.2034   5.53
    17950       0.2028   5.53
    17951       0.2028   5.53
    17952       0.2034   5.53
    17953       0.2028   5.53
    17954       0.2034   5.53
    17955       0.2029   5.53
    17956       0.2036   5.53
    17957       0.2028   5.53
    17958       0.2028   5.53
    17959       0.2034   5.53
    17960       0.2028   5.53
    17961       0.2034   5.53
    17962       0.2028   5.53
    17963       0.2027   5.53
    17964       0.2034   5.53
    17965       0.2028   5.53
    17966       0.2034   5.53
    17967       0.2029   5.53
    17968       0.2031   5.53
    17969       0.2034   5.53
    17970       0.2027   5.52
    17971       0.2034   5.52
    17972       0.2027   5.53
    17973       0.2027   5.53
    17974       0.2033   5.53
    17975       0.2027   5.53
    17976       0.2034   5.53
    17977       0.2029   5.53
    17978       0.2029   5.53
    17979       0.2032   5.53
    17980       0.2029   5.53
    17981       0.2035   5.53
    17982       0.2030   5.53
    17983       0.2036   5.53
    17984       0.2027   5.52
    17985       0.2027   5.52
    17986       0.2033   5.52
    17987       0.2028   5.53
    17988       0.2033   5.53
    17989       0.2028   5.53
    17990       0.2028   5.53
    17991       0.2034   5.53
    17992       0.2028   5.53
    17993       0.2034   5.53
    17994       0.2028   5.53
    17995       0.2028   5.53
    17996       0.2033   5.53
    17997       0.2028   5.53
    17998       0.2036   5.53
    17999       0.2028   5.53
    18000       0.2029   5.53
    18001       0.2128   5.53
    18002       0.2029   5.53
    18003       0.2037   5.53
    18004       0.2028   5.53
    18005       0.2034   5.53
    18006       0.2028   5.53
    18007       0.2028   5.53
    18008       0.2035   5.53
    18009       0.2028   5.53
    18010       0.2034   5.53
    18011       0.2028   5.53
    18012       0.2028   5.53
    18013       0.2034   5.53
    18014       0.2027   5.53
    18015       0.2034   5.53
    18016       0.2028   5.53
    18017       0.2029   5.53
    18018       0.2035   5.53
    18019       0.2028   5.53
    18020       0.2034   5.53
    18021       0.2028   5.53
    18022       0.2029   5.53
    18023       0.2035   5.53
    18024       0.2028   5.53
    18025       0.2033   5.53
    18026       0.2028   5.53
    18027       0.2034   5.53
    18028       0.2029   5.53
    18029       0.2030   5.53
    18030       0.2037   5.53
    18031       0.2031   5.52
    18032       0.2036   5.52
    18033       0.2029   5.52
    18034       0.2027   5.52
    18035       0.2034   5.52
    18036       0.2028   5.53
    18037       0.2034   5.53
    18038       0.2029   5.53
    18039       0.2028   5.53
    18040       0.2034   5.53
    18041       0.2029   5.53
    18042       0.2035   5.53
    18043       0.2029   5.53
    18044       0.2028   5.53
    18045       0.2034   5.53
    18046       0.2028   5.53
    18047       0.2034   5.53
    18048       0.2028   5.53
    18049       0.2028   5.53
    18050       0.2034   5.53
    18051       0.2028   5.53
    18052       0.2034   5.53
    18053       0.2027   5.53
    18054       0.2033   5.53
    18055       0.2028   5.53
    18056       0.2029   5.53
    18057       0.2035   5.53
    18058       0.2028   5.53
    18059       0.2034   5.53
    18060       0.2028   5.53
    18061       0.2027   5.53
    18062       0.2034   5.53
    18063       0.2028   5.53
    18064       0.2034   5.53
    18065       0.2027   5.53
    18066       0.2027   5.53
    18067       0.2036   5.53
    18068       0.2028   5.53
    18069       0.2034   5.53
    18070       0.2028   5.53
    18071       0.2027   5.53
    18072       0.2094   5.53
    18073       0.2028   5.53
    18074       0.2034   5.53
    18075       0.2029   5.53
    18076       0.2036   5.53
    18077       0.2027   5.53
    18078       0.2028   5.53
    18079       0.2033   5.53
    18080       0.2028   5.53
    18081       0.2034   5.53
    18082       0.2028   5.53
    18083       0.2028   5.53
    18084       0.2033   5.53
    18085       0.2028   5.53
    18086       0.2034   5.53
    18087       0.2029   5.53
    18088       0.2028   5.53
    18089       0.2034   5.53
    18090       0.2028   5.53
    18091       0.2034   5.53
    18092       0.2029   5.53
    18093       0.2028   5.53
    18094       0.2034   5.53
    18095       0.2028   5.53
    18096       0.2034   5.53
    18097       0.2028   5.53
    18098       0.2028   5.53
    18099       0.2034   5.53
    18100       0.2028   5.53
    18101       0.2034   5.53
    18102       0.2029   5.53
    18103       0.2033   5.53
    18104       0.2029   5.53
    18105       0.2030   5.53
    18106       0.2034   5.53
    18107       0.2028   5.53
    18108       0.2035   5.53
    18109       0.2028   5.53
    18110       0.2027   5.53
    18111       0.2034   5.53
    18112       0.2028   5.53
    18113       0.2033   5.53
    18114       0.2028   5.53
    18115       0.2029   5.53
    18116       0.2035   5.53
    18117       0.2029   5.53
    18118       0.2034   5.53
    18119       0.2028   5.53
    18120       0.2029   5.53
    18121       0.2034   5.53
    18122       0.2028   5.53
    18123       0.2035   5.53
    18124       0.2029   5.53
    18125       0.2030   5.53
    18126       0.2027   5.53
    18127       0.2028   5.53
    18128       0.2036   5.53
    18129       0.2028   5.53
    18130       0.2034   5.53
    18131       0.2028   5.53
    18132       0.2028   5.53
    18133       0.2033   5.53
    18134       0.2028   5.53
    18135       0.2033   5.53
    18136       0.2028   5.53
    18137       0.2028   5.53
    18138       0.2035   5.53
    18139       0.2028   5.53
    18140       0.2035   5.53
    18141       0.2028   5.53
    18142       0.2028   5.53
    18143       0.2033   5.53
    18144       0.2029   5.53
    18145       0.2035   5.53
    18146       0.2029   5.53
    18147       0.2028   5.53
    18148       0.2033   5.53
    18149       0.2028   5.53
    18150       0.2033   5.53
    18151       0.2028   5.53
    18152       0.2034   5.53
    18153       0.2027   5.53
    18154       0.2028   5.53
    18155       0.2033   5.53
    18156       0.2028   5.53
    18157       0.2034   5.53
    18158       0.2028   5.53
    18159       0.2029   5.53
    18160       0.2034   5.53
    18161       0.2028   5.53
    18162       0.2032   5.53
    18163       0.2028   5.53
    18164       0.2028   5.53
    18165       0.2034   5.53
    18166       0.2028   5.53
    18167       0.2034   5.53
    18168       0.2028   5.53
    18169       0.2028   5.53
    18170       0.2033   5.53
    18171       0.2030   5.53
    18172       0.2036   5.53
    18173       0.2028   5.52
    18174       0.2028   5.52
    18175       0.2032   5.52
    18176       0.2028   5.53
    18177       0.2034   5.53
    18178       0.2028   5.53
    18179       0.2034   5.53
    18180       0.2027   5.53
    18181       0.2028   5.53
    18182       0.2034   5.53
    18183       0.2029   5.53
    18184       0.2036   5.53
    18185       0.2029   5.53
    18186       0.2028   5.53
    18187       0.2035   5.53
    18188       0.2029   5.53
    18189       0.2034   5.53
    18190       0.2027   5.53
    18191       0.2028   5.53
    18192       0.2033   5.53
    18193       0.2028   5.53
    18194       0.2034   5.53
    18195       0.2028   5.53
    18196       0.2028   5.53
    18197       0.2036   5.53
    18198       0.2028   5.53
    18199       0.2036   5.53
    18200       0.2029   5.53
    18201       0.2034   5.53
    18202       0.2028   5.53
    18203       0.2028   5.53
    18204       0.2035   5.53
    18205       0.2028   5.53
    18206       0.2033   5.53
    18207       0.2028   5.53
    18208       0.2028   5.53
    18209       0.2034   5.53
    18210       0.2028   5.53
    18211       0.2033   5.53
    18212       0.2029   5.53
    18213       0.2030   5.53
    18214       0.2037   5.53
    18215       0.2028   5.52
    18216       0.2034   5.52
    18217       0.2028   5.53
    18218       0.2028   5.53
    18219       0.2034   5.53
    18220       0.2028   5.53
    18221       0.2034   5.53
    18222       0.2028   5.53
    18223       0.2028   5.53
    18224       0.2035   5.53
    18225       0.2028   5.53
    18226       0.2034   5.53
    18227       0.2029   5.53
    18228       0.2035   5.53
    18229       0.2028   5.53
    18230       0.2028   5.53
    18231       0.2033   5.53
    18232       0.2028   5.53
    18233       0.2034   5.53
    18234       0.2027   5.53
    18235       0.2028   5.53
    18236       0.2033   5.53
    18237       0.2027   5.53
    18238       0.2035   5.53
    18239       0.2027   5.53
    18240       0.2027   5.53
    18241       0.2035   5.53
    18242       0.2030   5.53
    18243       0.2037   5.53
    18244       0.2029   5.52
    18245       0.2028   5.52
    18246       0.2034   5.52
    18247       0.2028   5.53
    18248       0.2036   5.53
    18249       0.2028   5.53
    18250       0.2029   5.53
    18251       0.2033   5.53
    18252       0.2028   5.53
    18253       0.2034   5.53
    18254       0.2028   5.53
    18255       0.2035   5.53
    18256       0.2028   5.53
    18257       0.2029   5.53
    18258       0.2035   5.53
    18259       0.2028   5.53
    18260       0.2034   5.53
    18261       0.2028   5.53
    18262       0.2028   5.53
    18263       0.2034   5.53
    18264       0.2028   5.53
    18265       0.2035   5.53
    18266       0.2028   5.53
    18267       0.2028   5.53
    18268       0.2034   5.53
    18269       0.2028   5.53
    18270       0.2034   5.53
    18271       0.2028   5.53
    18272       0.2029   5.53
    18273       0.2034   5.53
    18274       0.2027   5.53
    18275       0.2034   5.53
    18276       0.2029   5.53
    18277       0.2036   5.53
    18278       0.2030   5.52
    18279       0.2028   5.52
    18280       0.2034   5.52
    18281       0.2028   5.53
    18282       0.2034   5.53
    18283       0.2028   5.53
    18284       0.2028   5.53
    18285       0.2034   5.53
    18286       0.2028   5.53
    18287       0.2034   5.53
    18288       0.2027   5.53
    18289       0.2030   5.53
    18290       0.2035   5.53
    18291       0.2030   5.52
    18292       0.2037   5.52
    18293       0.2029   5.52
    18294       0.2028   5.52
    18295       0.2034   5.52
    18296       0.2028   5.53
    18297       0.2034   5.53
    18298       0.2028   5.53
    18299       0.2029   5.53
    18300       0.2034   5.53
    18301       0.2028   5.53
    18302       0.2035   5.53
    18303       0.2029   5.53
    18304       0.2034   5.53
    18305       0.2028   5.53
    18306       0.2027   5.53
    18307       0.2035   5.53
    18308       0.2028   5.53
    18309       0.2035   5.53
    18310       0.2029   5.53
    18311       0.2029   5.53
    18312       0.2035   5.53
    18313       0.2030   5.53
    18314       0.2035   5.53
    18315       0.2029   5.53
    18316       0.2028   5.53
    18317       0.2035   5.53
    18318       0.2029   5.53
    18319       0.2034   5.53
    18320       0.2028   5.53
    18321       0.2028   5.53
    18322       0.2035   5.53
    18323       0.2028   5.53
    18324       0.2034   5.53
    18325       0.2028   5.53
    18326       0.2034   5.53
    18327       0.2029   5.53
    18328       0.2028   5.53
    18329       0.2035   5.53
    18330       0.2028   5.53
    18331       0.2034   5.53
    18332       0.2028   5.53
    18333       0.2027   5.53
    18334       0.2033   5.53
    18335       0.2028   5.53
    18336       0.2035   5.53
    18337       0.2028   5.53
    18338       0.2029   5.53
    18339       0.2037   5.53
    18340       0.2031   5.53
    18341       0.2038   5.53
    18342       0.2030   5.52
    18343       0.2027   5.52
    18344       0.2034   5.52
    18345       0.2028   5.53
    18346       0.2035   5.53
    18347       0.2028   5.53
    18348       0.2029   5.53
    18349       0.2033   5.53
    18350       0.2029   5.53
    18351       0.2034   5.53
    18352       0.2028   5.53
    18353       0.2034   5.53
    18354       0.2029   5.53
    18355       0.2028   5.53
    18356       0.2034   5.53
    18357       0.2029   5.53
    18358       0.2035   5.53
    18359       0.2027   5.53
    18360       0.2028   5.53
    18361       0.2034   5.53
    18362       0.2028   5.53
    18363       0.2034   5.53
    18364       0.2027   5.53
    18365       0.2028   5.53
    18366       0.2033   5.53
    18367       0.2027   5.53
    18368       0.2036   5.53
    18369       0.2027   5.53
    18370       0.2028   5.53
    18371       0.2034   5.53
    18372       0.2028   5.53
    18373       0.2034   5.53
    18374       0.2028   5.53
    18375       0.2029   5.53
    18376       0.2033   5.53
    18377       0.2027   5.53
    18378       0.2035   5.53
    18379       0.2028   5.53
    18380       0.2035   5.53
    18381       0.2028   5.53
    18382       0.2028   5.53
    18383       0.2034   5.53
    18384       0.2027   5.53
    18385       0.2034   5.53
    18386       0.2028   5.53
    18387       0.2028   5.53
    18388       0.2034   5.53
    18389       0.2028   5.53
    18390       0.2034   5.53
    18391       0.2028   5.53
    18392       0.2028   5.53
    18393       0.2034   5.53
    18394       0.2028   5.53
    18395       0.2034   5.53
    18396       0.2027   5.53
    18397       0.2027   5.53
    18398       0.2033   5.53
    18399       0.2028   5.53
    18400       0.2034   5.53
    18401       0.2027   5.53
    18402       0.2034   5.53
    18403       0.2028   5.53
    18404       0.2029   5.53
    18405       0.2033   5.53
    18406       0.2028   5.53
    18407       0.2033   5.53
    18408       0.2028   5.53
    18409       0.2027   5.53
    18410       0.2034   5.53
    18411       0.2028   5.53
    18412       0.2033   5.53
    18413       0.2028   5.53
    18414       0.2027   5.53
    18415       0.2035   5.53
    18416       0.2027   5.53
    18417       0.2034   5.53
    18418       0.2027   5.53
    18419       0.2028   5.53
    18420       0.2034   5.53
    18421       0.2028   5.53
    18422       0.2034   5.53
    18423       0.2028   5.53
    18424       0.2028   5.53
    18425       0.2035   5.53
    18426       0.2028   5.53
    18427       0.2036   5.53
    18428       0.2028   5.53
    18429       0.2034   5.53
    18430       0.2028   5.53
    18431       0.2028   5.53
    18432       0.2034   5.53
    18433       0.2028   5.53
    18434       0.2036   5.53
    18435       0.2029   5.53
    18436       0.2029   5.53
    18437       0.2034   5.53
    18438       0.2029   5.53
    18439       0.2035   5.53
    18440       0.2029   5.53
    18441       0.2028   5.53
    18442       0.2034   5.53
    18443       0.2028   5.53
    18444       0.2034   5.53
    18445       0.2028   5.53
    18446       0.2029   5.53
    18447       0.2036   5.53
    18448       0.2029   5.53
    18449       0.2034   5.53
    18450       0.2029   5.53
    18451       0.2034   5.53
    18452       0.2028   5.53
    18453       0.2029   5.53
    18454       0.2034   5.53
    18455       0.2028   5.53
    18456       0.2033   5.53
    18457       0.2028   5.53
    18458       0.2028   5.53
    18459       0.2034   5.53
    18460       0.2028   5.53
    18461       0.2036   5.53
    18462       0.2029   5.53
    18463       0.2029   5.53
    18464       0.2035   5.53
    18465       0.2028   5.53
    18466       0.2034   5.53
    18467       0.2028   5.53
    18468       0.2028   5.53
    18469       0.2035   5.53
    18470       0.2028   5.53
    18471       0.2034   5.53
    18472       0.2028   5.53
    18473       0.2029   5.53
    18474       0.2033   5.53
    18475       0.2028   5.53
    18476       0.2035   5.53
    18477       0.2028   5.53
    18478       0.2034   5.53
    18479       0.2027   5.53
    18480       0.2028   5.53
    18481       0.2035   5.53
    18482       0.2029   5.53
    18483       0.2033   5.53
    18484       0.2028   5.53
    18485       0.2028   5.53
    18486       0.2035   5.53
    18487       0.2028   5.53
    18488       0.2036   5.53
    18489       0.2028   5.53
    18490       0.2028   5.53
    18491       0.2034   5.53
    18492       0.2028   5.53
    18493       0.2034   5.53
    18494       0.2028   5.53
    18495       0.2027   5.53
    18496       0.2033   5.53
    18497       0.2028   5.53
    18498       0.2035   5.53
    18499       0.2028   5.53
    18500       0.2029   5.53
    18501       0.2034   5.53
    18502       0.2030   5.53
    18503       0.2035   5.53
    18504       0.2029   5.53
    18505       0.2034   5.53
    18506       0.2028   5.53
    18507       0.2028   5.53
    18508       0.2034   5.53
    18509       0.2028   5.53
    18510       0.2034   5.53
    18511       0.2027   5.53
    18512       0.2030   5.53
    18513       0.2035   5.53
    18514       0.2029   5.53
    18515       0.2034   5.53
    18516       0.2028   5.53
    18517       0.2028   5.53
    18518       0.2034   5.53
    18519       0.2028   5.53
    18520       0.2034   5.53
    18521       0.2028   5.53
    18522       0.2027   5.53
    18523       0.2033   5.53
    18524       0.2029   5.53
    18525       0.2033   5.53
    18526       0.2028   5.53
    18527       0.2033   5.53
    18528       0.2028   5.53
    18529       0.2028   5.53
    18530       0.2129   5.53
    18531       0.2028   5.53
    18532       0.2036   5.53
    18533       0.2027   5.53
    18534       0.2028   5.53
    18535       0.2034   5.53
    18536       0.2027   5.53
    18537       0.2035   5.53
    18538       0.2027   5.53
    18539       0.2027   5.53
    18540       0.2033   5.53
    18541       0.2027   5.53
    18542       0.2044   5.53
    18543       0.2028   5.53
    18544       0.2027   5.53
    18545       0.2034   5.53
    18546       0.2027   5.53
    18547       0.2035   5.53
    18548       0.2028   5.53
    18549       0.2034   5.53
    18550       0.2029   5.53
    18551       0.2027   5.53
    18552       0.2034   5.53
    18553       0.2027   5.53
    18554       0.2034   5.53
    18555       0.2028   5.53
    18556       0.2028   5.53
    18557       0.2035   5.53
    18558       0.2028   5.53
    18559       0.2034   5.53
    18560       0.2027   5.53
    18561       0.2028   5.53
    18562       0.2035   5.53
    18563       0.2028   5.53
    18564       0.2034   5.53
    18565       0.2029   5.53
    18566       0.2028   5.53
    18567       0.2033   5.53
    18568       0.2028   5.53
    18569       0.2034   5.53
    18570       0.2027   5.53
    18571       0.2028   5.53
    18572       0.2035   5.53
    18573       0.2028   5.53
    18574       0.2034   5.53
    18575       0.2028   5.53
    18576       0.2033   5.53
    18577       0.2028   5.53
    18578       0.2027   5.53
    18579       0.2034   5.53
    18580       0.2028   5.53
    18581       0.2034   5.53
    18582       0.2028   5.53
    18583       0.2027   5.53
    18584       0.2033   5.53
    18585       0.2027   5.53
    18586       0.2034   5.53
    18587       0.2028   5.53
    18588       0.2028   5.53
    18589       0.2034   5.53
    18590       0.2028   5.53
    18591       0.2034   5.53
    18592       0.2028   5.53
    18593       0.2027   5.53
    18594       0.2034   5.53
    18595       0.2028   5.53
    18596       0.2034   5.53
    18597       0.2028   5.53
    18598       0.2030   5.53
    18599       0.2033   5.53
    18600       0.2029   5.53
    18601       0.2037   5.53
    18602       0.2029   5.53
    18603       0.2034   5.53
    18604       0.2028   5.53
    18605       0.2028   5.53
    18606       0.2034   5.53
    18607       0.2028   5.53
    18608       0.2036   5.53
    18609       0.2027   5.53
    18610       0.2029   5.53
    18611       0.2033   5.53
    18612       0.2028   5.53
    18613       0.2033   5.53
    18614       0.2028   5.53
    18615       0.2028   5.53
    18616       0.2035   5.53
    18617       0.2028   5.53
    18618       0.2035   5.53
    18619       0.2028   5.53
    18620       0.2028   5.53
    18621       0.2035   5.53
    18622       0.2028   5.53
    18623       0.2033   5.53
    18624       0.2028   5.53
    18625       0.2034   5.53
    18626       0.2028   5.53
    18627       0.2028   5.53
    18628       0.2034   5.53
    18629       0.2028   5.53
    18630       0.2034   5.53
    18631       0.2027   5.53
    18632       0.2028   5.53
    18633       0.2033   5.53
    18634       0.2028   5.53
    18635       0.2034   5.53
    18636       0.2030   5.53
    18637       0.2028   5.53
    18638       0.2034   5.53
    18639       0.2028   5.53
    18640       0.2035   5.53
    18641       0.2028   5.53
    18642       0.2028   5.53
    18643       0.2033   5.53
    18644       0.2029   5.53
    18645       0.2035   5.53
    18646       0.2028   5.53
    18647       0.2028   5.53
    18648       0.2033   5.53
    18649       0.2029   5.53
    18650       0.2034   5.53
    18651       0.2028   5.53
    18652       0.2035   5.53
    18653       0.2028   5.53
    18654       0.2028   5.53
    18655       0.2036   5.53
    18656       0.2030   5.53
    18657       0.2034   5.53
    18658       0.2028   5.53
    18659       0.2028   5.53
    18660       0.2036   5.53
    18661       0.2031   5.53
    18662       0.2033   5.53
    18663       0.2028   5.53
    18664       0.2028   5.53
    18665       0.2035   5.53
    18666       0.2029   5.53
    18667       0.2035   5.53
    18668       0.2028   5.53
    18669       0.2027   5.53
    18670       0.2034   5.53
    18671       0.2027   5.53
    18672       0.2034   5.53
    18673       0.2028   5.53
    18674       0.2030   5.53
    18675       0.2028   5.53
    18676       0.2029   5.53
    18677       0.2034   5.53
    18678       0.2027   5.53
    18679       0.2035   5.53
    18680       0.2028   5.53
    18681       0.2028   5.53
    18682       0.2034   5.53
    18683       0.2027   5.53
    18684       0.2034   5.53
    18685       0.2028   5.53
    18686       0.2028   5.53
    18687       0.2035   5.53
    18688       0.2028   5.53
    18689       0.2033   5.53
    18690       0.2029   5.53
    18691       0.2028   5.53
    18692       0.2033   5.53
    18693       0.2028   5.53
    18694       0.2035   5.53
    18695       0.2028   5.53
    18696       0.2027   5.53
    18697       0.2035   5.53
    18698       0.2028   5.53
    18699       0.2041   5.53
    18700       0.2028   5.53
    18701       0.2033   5.53
    18702       0.2029   5.53
    18703       0.2028   5.53
    18704       0.2033   5.53
    18705       0.2028   5.53
    18706       0.2033   5.53
    18707       0.2027   5.53
    18708       0.2027   5.53
    18709       0.2034   5.53
    18710       0.2028   5.53
    18711       0.2034   5.53
    18712       0.2028   5.53
    18713       0.2029   5.53
    18714       0.2034   5.53
    18715       0.2028   5.53
    18716       0.2034   5.53
    18717       0.2028   5.53
    18718       0.2028   5.53
    18719       0.2034   5.53
    18720       0.2026   5.53
    18721       0.2035   5.53
    18722       0.2028   5.53
    18723       0.2027   5.53
    18724       0.2036   5.53
    18725       0.2028   5.53
    18726       0.2034   5.53
    18727       0.2028   5.53
    18728       0.2035   5.53
    18729       0.2028   5.53
    18730       0.2027   5.53
    18731       0.2034   5.53
    18732       0.2028   5.53
    18733       0.2033   5.53
    18734       0.2027   5.53
    18735       0.2028   5.53
    18736       0.2036   5.53
    18737       0.2029   5.53
    18738       0.2038   5.53
    18739       0.2028   5.53
    18740       0.2028   5.53
    18741       0.2035   5.53
    18742       0.2028   5.53
    18743       0.2033   5.53
    18744       0.2028   5.53
    18745       0.2029   5.53
    18746       0.2035   5.53
    18747       0.2028   5.53
    18748       0.2034   5.53
    18749       0.2028   5.53
    18750       0.2034   5.53
    18751       0.2028   5.53
    18752       0.2028   5.53
    18753       0.2034   5.53
    18754       0.2028   5.53
    18755       0.2035   5.53
    18756       0.2028   5.53
    18757       0.2028   5.53
    18758       0.2033   5.53
    18759       0.2027   5.53
    18760       0.2034   5.53
    18761       0.2029   5.53
    18762       0.2028   5.53
    18763       0.2034   5.53
    18764       0.2028   5.53
    18765       0.2034   5.53
    18766       0.2028   5.53
    18767       0.2028   5.53
    18768       0.2034   5.53
    18769       0.2028   5.53
    18770       0.2036   5.53
    18771       0.2027   5.53
    18772       0.2028   5.53
    18773       0.2032   5.53
    18774       0.2027   5.53
    18775       0.2034   5.53
    18776       0.2028   5.53
    18777       0.2036   5.53
    18778       0.2027   5.53
    18779       0.2028   5.53
    18780       0.2034   5.53
    18781       0.2027   5.53
    18782       0.2034   5.53
    18783       0.2028   5.53
    18784       0.2028   5.53
    18785       0.2033   5.53
    18786       0.2028   5.53
    18787       0.2034   5.53
    18788       0.2027   5.53
    18789       0.2027   5.53
    18790       0.2033   5.53
    18791       0.2028   5.53
    18792       0.2034   5.53
    18793       0.2029   5.53
    18794       0.2027   5.53
    18795       0.2034   5.53
    18796       0.2028   5.53
    18797       0.2035   5.53
    18798       0.2028   5.53
    18799       0.2030   5.53
    18800       0.2033   5.53
    18801       0.2028   5.53
    18802       0.2034   5.53
    18803       0.2029   5.53
    18804       0.2034   5.53
    18805       0.2028   5.53
    18806       0.2029   5.53
    18807       0.2034   5.53
    18808       0.2028   5.53
    18809       0.2033   5.53
    18810       0.2027   5.53
    18811       0.2029   5.53
    18812       0.2036   5.53
    18813       0.2031   5.53
    18814       0.2034   5.53
    18815       0.2028   5.52
    18816       0.2029   5.52
    18817       0.2034   5.52
    18818       0.2028   5.53
    18819       0.2035   5.53
    18820       0.2032   5.53
    18821       0.2029   5.53
    18822       0.2033   5.53
    18823       0.2028   5.52
    18824       0.2034   5.52
    18825       0.2028   5.53
    18826       0.2034   5.53
    18827       0.2028   5.53
    18828       0.2028   5.53
    18829       0.2035   5.53
    18830       0.2028   5.53
    18831       0.2034   5.53
    18832       0.2027   5.53
    18833       0.2028   5.53
    18834       0.2033   5.53
    18835       0.2027   5.53
    18836       0.2034   5.53
    18837       0.2028   5.53
    18838       0.2028   5.53
    18839       0.2035   5.53
    18840       0.2028   5.53
    18841       0.2034   5.53
    18842       0.2029   5.53
    18843       0.2028   5.53
    18844       0.2034   5.53
    18845       0.2028   5.53
    18846       0.2035   5.53
    18847       0.2031   5.53
    18848       0.2029   5.53
    18849       0.2034   5.53
    18850       0.2028   5.52
    18851       0.2035   5.52
    18852       0.2027   5.53
    18853       0.2034   5.53
    18854       0.2028   5.53
    18855       0.2028   5.53
    18856       0.2034   5.53
    18857       0.2028   5.53
    18858       0.2034   5.53
    18859       0.2028   5.53
    18860       0.2028   5.53
    18861       0.2034   5.53
    18862       0.2027   5.53
    18863       0.2034   5.53
    18864       0.2028   5.53
    18865       0.2028   5.53
    18866       0.2034   5.53
    18867       0.2028   5.53
    18868       0.2033   5.53
    18869       0.2028   5.53
    18870       0.2028   5.53
    18871       0.2034   5.53
    18872       0.2027   5.53
    18873       0.2034   5.53
    18874       0.2028   5.53
    18875       0.2030   5.53
    18876       0.2034   5.53
    18877       0.2028   5.53
    18878       0.2036   5.53
    18879       0.2028   5.53
    18880       0.2035   5.53
    18881       0.2027   5.53
    18882       0.2027   5.53
    18883       0.2033   5.53
    18884       0.2028   5.53
    18885       0.2034   5.53
    18886       0.2028   5.53
    18887       0.2028   5.53
    18888       0.2034   5.53
    18889       0.2028   5.53
    18890       0.2034   5.53
    18891       0.2028   5.53
    18892       0.2029   5.53
    18893       0.2036   5.53
    18894       0.2031   5.53
    18895       0.2038   5.53
    18896       0.2028   5.52
    18897       0.2028   5.52
    18898       0.2034   5.52
    18899       0.2027   5.53
    18900       0.2034   5.53
    18901       0.2029   5.53
    18902       0.2034   5.53
    18903       0.2030   5.53
    18904       0.2028   5.53
    18905       0.2034   5.53
    18906       0.2028   5.53
    18907       0.2035   5.53
    18908       0.2028   5.53
    18909       0.2028   5.53
    18910       0.2035   5.53
    18911       0.2027   5.53
    18912       0.2033   5.53
    18913       0.2028   5.53
    18914       0.2028   5.53
    18915       0.2034   5.53
    18916       0.2029   5.53
    18917       0.2034   5.53
    18918       0.2028   5.53
    18919       0.2028   5.53
    18920       0.2034   5.53
    18921       0.2027   5.53
    18922       0.2034   5.53
    18923       0.2029   5.53
    18924       0.2028   5.53
    18925       0.2034   5.53
    18926       0.2031   5.53
    18927       0.2034   5.53
    18928       0.2028   5.52
    18929       0.2033   5.52
    18930       0.2028   5.53
    18931       0.2027   5.53
    18932       0.2035   5.53
    18933       0.2028   5.53
    18934       0.2034   5.53
    18935       0.2027   5.53
    18936       0.2028   5.53
    18937       0.2033   5.53
    18938       0.2031   5.53
    18939       0.2035   5.53
    18940       0.2028   5.52
    18941       0.2028   5.52
    18942       0.2034   5.52
    18943       0.2029   5.53
    18944       0.2034   5.53
    18945       0.2029   5.53
    18946       0.2028   5.53
    18947       0.2034   5.53
    18948       0.2028   5.53
    18949       0.2035   5.53
    18950       0.2030   5.53
    18951       0.2035   5.53
    18952       0.2028   5.52
    18953       0.2028   5.52
    18954       0.2035   5.52
    18955       0.2029   5.53
    18956       0.2034   5.53
    18957       0.2028   5.53
    18958       0.2028   5.53
    18959       0.2034   5.53
    18960       0.2028   5.53
    18961       0.2034   5.53
    18962       0.2028   5.53
    18963       0.2028   5.53
    18964       0.2035   5.53
    18965       0.2028   5.53
    18966       0.2033   5.53
    18967       0.2027   5.53
    18968       0.2028   5.53
    18969       0.2036   5.53
    18970       0.2028   5.53
    18971       0.2034   5.53
    18972       0.2028   5.53
    18973       0.2028   5.53
    18974       0.2034   5.53
    18975       0.2028   5.53
    18976       0.2034   5.53
    18977       0.2027   5.53
    18978       0.2036   5.53
    18979       0.2028   5.53
    18980       0.2028   5.53
    18981       0.2035   5.53
    18982       0.2028   5.53
    18983       0.2034   5.53
    18984       0.2027   5.53
    18985       0.2028   5.53
    18986       0.2033   5.53
    18987       0.2029   5.53
    18988       0.2035   5.53
    18989       0.2028   5.53
    18990       0.2029   5.53
    18991       0.2034   5.53
    18992       0.2028   5.53
    18993       0.2034   5.53
    18994       0.2028   5.53
    18995       0.2028   5.53
    18996       0.2033   5.53
    18997       0.2027   5.53
    18998       0.2035   5.53
    18999       0.2030   5.53
    19000       0.2031   5.53
    19001       0.2031   5.53
    19002       0.2028   5.52
    19003       0.2034   5.52
    19004       0.2028   5.53
    19005       0.2034   5.53
    19006       0.2028   5.53
    19007       0.2029   5.53
    19008       0.2034   5.53
    19009       0.2028   5.53
    19010       0.2033   5.53
    19011       0.2028   5.53
    19012       0.2028   5.53
    19013       0.2041   5.53
    19014       0.2028   5.53
    19015       0.2034   5.53
    19016       0.2028   5.53
    19017       0.2028   5.53
    19018       0.2034   5.53
    19019       0.2027   5.53
    19020       0.2035   5.53
    19021       0.2028   5.53
    19022       0.2029   5.53
    19023       0.2036   5.53
    19024       0.2029   5.53
    19025       0.2034   5.53
    19026       0.2028   5.53
    19027       0.2036   5.53
    19028       0.2026   5.53
    19029       0.2028   5.53
    19030       0.2034   5.53
    19031       0.2028   5.53
    19032       0.2034   5.53
    19033       0.2028   5.53
    19034       0.2027   5.53
    19035       0.2033   5.53
    19036       0.2027   5.53
    19037       0.2036   5.53
    19038       0.2027   5.53
    19039       0.2028   5.53
    19040       0.2035   5.53
    19041       0.2028   5.53
    19042       0.2034   5.53
    19043       0.2028   5.53
    19044       0.2029   5.53
    19045       0.2033   5.53
    19046       0.2028   5.53
    19047       0.2035   5.53
    19048       0.2028   5.53
    19049       0.2027   5.53
    19050       0.2034   5.53
    19051       0.2027   5.53
    19052       0.2035   5.53
    19053       0.2028   5.53
    19054       0.2033   5.53
    19055       0.2028   5.53
    19056       0.2028   5.53
    19057       0.2034   5.53
    19058       0.2028   5.53
    19059       0.2034   5.53
    19060       0.2028   5.53
    19061       0.2028   5.53
    19062       0.2035   5.53
    19063       0.2027   5.53
    19064       0.2034   5.53
    19065       0.2028   5.53
    19066       0.2028   5.53
    19067       0.2032   5.53
    19068       0.2028   5.53
    19069       0.2034   5.53
    19070       0.2028   5.53
    19071       0.2029   5.53
    19072       0.2035   5.53
    19073       0.2028   5.53
    19074       0.2034   5.53
    19075       0.2028   5.53
    19076       0.2034   5.53
    19077       0.2028   5.53
    19078       0.2028   5.53
    19079       0.2035   5.53
    19080       0.2028   5.53
    19081       0.2034   5.53
    19082       0.2028   5.53
    19083       0.2029   5.53
    19084       0.2034   5.53
    19085       0.2027   5.53
    19086       0.2035   5.53
    19087       0.2027   5.53
    19088       0.2028   5.53
    19089       0.2036   5.53
    19090       0.2027   5.53
    19091       0.2034   5.53
    19092       0.2028   5.53
    19093       0.2027   5.53
    19094       0.2034   5.53
    19095       0.2028   5.53
    19096       0.2034   5.53
    19097       0.2028   5.53
    19098       0.2028   5.53
    19099       0.2037   5.53
    19100       0.2029   5.53
    19101       0.2036   5.53
    19102       0.2028   5.52
    19103       0.2033   5.52
    19104       0.2028   5.53
    19105       0.2029   5.53
    19106       0.2033   5.53
    19107       0.2027   5.53
    19108       0.2034   5.53
    19109       0.2028   5.53
    19110       0.2028   5.53
    19111       0.2035   5.53
    19112       0.2028   5.53
    19113       0.2034   5.53
    19114       0.2030   5.53
    19115       0.2030   5.53
    19116       0.2034   5.53
    19117       0.2027   5.52
    19118       0.2035   5.52
    19119       0.2028   5.53
    19120       0.2028   5.53
    19121       0.2035   5.53
    19122       0.2028   5.53
    19123       0.2034   5.53
    19124       0.2028   5.53
    19125       0.2030   5.53
    19126       0.2033   5.53
    19127       0.2028   5.53
    19128       0.2035   5.53
    19129       0.2028   5.53
    19130       0.2034   5.53
    19131       0.2027   5.53
    19132       0.2028   5.53
    19133       0.2035   5.53
    19134       0.2029   5.53
    19135       0.2036   5.53
    19136       0.2027   5.52
    19137       0.2027   5.52
    19138       0.2035   5.52
    19139       0.2028   5.53
    19140       0.2034   5.53
    19141       0.2028   5.53
    19142       0.2028   5.53
    19143       0.2033   5.53
    19144       0.2028   5.53
    19145       0.2035   5.53
    19146       0.2028   5.53
    19147       0.2028   5.53
    19148       0.2036   5.53
    19149       0.2031   5.53
    19150       0.2036   5.53
    19151       0.2028   5.52
    19152       0.2034   5.52
    19153       0.2028   5.53
    19154       0.2028   5.53
    19155       0.2034   5.53
    19156       0.2028   5.53
    19157       0.2036   5.53
    19158       0.2028   5.53
    19159       0.2029   5.53
    19160       0.2035   5.53
    19161       0.2028   5.53
    19162       0.2033   5.53
    19163       0.2028   5.53
    19164       0.2029   5.53
    19165       0.2034   5.53
    19166       0.2029   5.53
    19167       0.2034   5.53
    19168       0.2028   5.53
    19169       0.2028   5.53
    19170       0.2040   5.53
    19171       0.2027   5.53
    19172       0.2032   5.53
    19173       0.2029   5.53
    19174       0.2028   5.53
    19175       0.2034   5.53
    19176       0.2027   5.53
    19177       0.2034   5.53
    19178       0.2028   5.53
    19179       0.2034   5.53
    19180       0.2027   5.53
    19181       0.2028   5.53
    19182       0.2034   5.53
    19183       0.2028   5.53
    19184       0.2034   5.53
    19185       0.2030   5.53
    19186       0.2030   5.53
    19187       0.2035   5.53
    19188       0.2028   5.52
    19189       0.2034   5.52
    19190       0.2029   5.53
    19191       0.2029   5.53
    19192       0.2036   5.53
    19193       0.2030   5.52
    19194       0.2037   5.52
    19195       0.2027   5.52
    19196       0.2028   5.52
    19197       0.2035   5.52
    19198       0.2028   5.53
    19199       0.2034   5.53
    19200       0.2027   5.53
    19201       0.2033   5.53
    19202       0.2029   5.53
    19203       0.2028   5.53
    19204       0.2033   5.53
    19205       0.2028   5.53
    19206       0.2036   5.53
    19207       0.2028   5.53
    19208       0.2028   5.53
    19209       0.2034   5.53
    19210       0.2028   5.53
    19211       0.2034   5.53
    19212       0.2028   5.53
    19213       0.2028   5.53
    19214       0.2034   5.53
    19215       0.2027   5.53
    19216       0.2036   5.53
    19217       0.2027   5.53
    19218       0.2028   5.53
    19219       0.2035   5.53
    19220       0.2028   5.53
    19221       0.2033   5.53
    19222       0.2029   5.53
    19223       0.2030   5.53
    19224       0.2036   5.53
    19225       0.2030   5.52
    19226       0.2036   5.52
    19227       0.2028   5.52
    19228       0.2034   5.52
    19229       0.2028   5.53
    19230       0.2029   5.53
    19231       0.2034   5.53
    19232       0.2028   5.53
    19233       0.2035   5.53
    19234       0.2029   5.53
    19235       0.2030   5.53
    19236       0.2035   5.53
    19237       0.2028   5.53
    19238       0.2034   5.53
    19239       0.2027   5.53
    19240       0.2027   5.53
    19241       0.2034   5.53
    19242       0.2027   5.53
    19243       0.2033   5.53
    19244       0.2027   5.53
    19245       0.2028   5.53
    19246       0.2034   5.53
    19247       0.2028   5.53
    19248       0.2035   5.53
    19249       0.2027   5.53
    19250       0.2029   5.53
    19251       0.2033   5.53
    19252       0.2030   5.53
    19253       0.2035   5.53
    19254       0.2027   5.52
    19255       0.2034   5.52
    19256       0.2028   5.53
    19257       0.2028   5.53
    19258       0.2034   5.53
    19259       0.2027   5.53
    19260       0.2034   5.53
    19261       0.2029   5.53
    19262       0.2027   5.53
    19263       0.2034   5.53
    19264       0.2028   5.53
    19265       0.2034   5.53
    19266       0.2027   5.53
    19267       0.2027   5.53
    19268       0.2035   5.53
    19269       0.2027   5.53
    19270       0.2035   5.53
    19271       0.2028   5.53
    19272       0.2028   5.53
    19273       0.2034   5.53
    19274       0.2029   5.53
    19275       0.2034   5.53
    19276       0.2028   5.53
    19277       0.2036   5.53
    19278       0.2028   5.53
    19279       0.2028   5.53
    19280       0.2034   5.53
    19281       0.2028   5.53
    19282       0.2034   5.53
    19283       0.2029   5.53
    19284       0.2028   5.53
    19285       0.2034   5.53
    19286       0.2027   5.53
    19287       0.2033   5.53
    19288       0.2029   5.53
    19289       0.2028   5.53
    19290       0.2034   5.53
    19291       0.2030   5.53
    19292       0.2036   5.53
    19293       0.2027   5.52
    19294       0.2028   5.52
    19295       0.2034   5.52
    19296       0.2028   5.53
    19297       0.2034   5.53
    19298       0.2028   5.53
    19299       0.2028   5.53
    19300       0.2034   5.53
    19301       0.2027   5.53
    19302       0.2035   5.53
    19303       0.2028   5.53
    19304       0.2034   5.53
    19305       0.2027   5.53
    19306       0.2026   5.53
    19307       0.2033   5.53
    19308       0.2027   5.53
    19309       0.2033   5.53
    19310       0.2028   5.53
    19311       0.2030   5.53
    19312       0.2034   5.53
    19313       0.2027   5.53
    19314       0.2034   5.53
    19315       0.2027   5.53
    19316       0.2028   5.53
    19317       0.2034   5.53
    19318       0.2028   5.53
    19319       0.2033   5.53
    19320       0.2028   5.53
    19321       0.2028   5.53
    19322       0.2035   5.53
    19323       0.2027   5.53
    19324       0.2033   5.53
    19325       0.2028   5.53
    19326       0.2030   5.53
    19327       0.2034   5.53
    19328       0.2028   5.53
    19329       0.2034   5.53
    19330       0.2030   5.53
    19331       0.2036   5.53
    19332       0.2029   5.52
    19333       0.2028   5.52
    19334       0.2034   5.52
    19335       0.2027   5.53
    19336       0.2036   5.53
    19337       0.2028   5.53
    19338       0.2027   5.53
    19339       0.2034   5.53
    19340       0.2028   5.53
    19341       0.2033   5.53
    19342       0.2029   5.53
    19343       0.2030   5.53
    19344       0.2036   5.53
    19345       0.2028   5.53
    19346       0.2034   5.53
    19347       0.2028   5.53
    19348       0.2028   5.53
    19349       0.2034   5.53
    19350       0.2028   5.53
    19351       0.2034   5.53
    19352       0.2028   5.53
    19353       0.2034   5.53
    19354       0.2028   5.53
    19355       0.2028   5.53
    19356       0.2033   5.53
    19357       0.2028   5.53
    19358       0.2034   5.53
    19359       0.2028   5.53
    19360       0.2028   5.53
    19361       0.2033   5.53
    19362       0.2028   5.53
    19363       0.2034   5.53
    19364       0.2027   5.53
    19365       0.2030   5.53
    19366       0.2036   5.53
    19367       0.2028   5.53
    19368       0.2035   5.53
    19369       0.2028   5.53
    19370       0.2028   5.53
    19371       0.2034   5.53
    19372       0.2027   5.53
    19373       0.2033   5.53
    19374       0.2029   5.53
    19375       0.2028   5.53
    19376       0.2034   5.53
    19377       0.2028   5.53
    19378       0.2034   5.53
    19379       0.2028   5.53
    19380       0.2034   5.53
    19381       0.2029   5.53
    19382       0.2030   5.53
    19383       0.2038   5.53
    19384       0.2027   5.52
    19385       0.2036   5.52
    19386       0.2027   5.53
    19387       0.2030   5.53
    19388       0.2041   5.53
    19389       0.2027   5.53
    19390       0.2033   5.53
    19391       0.2028   5.53
    19392       0.2028   5.53
    19393       0.2035   5.53
    19394       0.2028   5.53
    19395       0.2034   5.53
    19396       0.2028   5.53
    19397       0.2028   5.53
    19398       0.2036   5.53
    19399       0.2029   5.53
    19400       0.2035   5.53
    19401       0.2028   5.53
    19402       0.2033   5.53
    19403       0.2028   5.53
    19404       0.2028   5.53
    19405       0.2034   5.53
    19406       0.2027   5.53
    19407       0.2032   5.53
    19408       0.2028   5.53
    19409       0.2028   5.53
    19410       0.2033   5.53
    19411       0.2028   5.53
    19412       0.2033   5.53
    19413       0.2027   5.53
    19414       0.2027   5.53
    19415       0.2034   5.53
    19416       0.2027   5.53
    19417       0.2033   5.53
    19418       0.2028   5.53
    19419       0.2028   5.53
    19420       0.2032   5.53
    19421       0.2028   5.53
    19422       0.2034   5.53
    19423       0.2027   5.53
    19424       0.2027   5.53
    19425       0.2033   5.53
    19426       0.2027   5.53
    19427       0.2033   5.53
    19428       0.2028   5.53
    19429       0.2034   5.53
    19430       0.2028   5.53
    19431       0.2030   5.53
    19432       0.2038   5.53
    19433       0.2027   5.53
    19434       0.2034   5.53
    19435       0.2028   5.53
    19436       0.2028   5.53
    19437       0.2034   5.53
    19438       0.2027   5.53
    19439       0.2034   5.53
    19440       0.2028   5.53
    19441       0.2028   5.53
    19442       0.2033   5.53
    19443       0.2028   5.53
    19444       0.2034   5.53
    19445       0.2028   5.53
    19446       0.2028   5.53
    19447       0.2035   5.53
    19448       0.2028   5.53
    19449       0.2034   5.53
    19450       0.2028   5.53
    19451       0.2027   5.53
    19452       0.2031   5.53
    19453       0.2028   5.53
    19454       0.2033   5.53
    19455       0.2028   5.53
    19456       0.2035   5.53
    19457       0.2027   5.53
    19458       0.2028   5.53
    19459       0.2035   5.53
    19460       0.2028   5.53
    19461       0.2033   5.53
    19462       0.2027   5.53
    19463       0.2027   5.53
    19464       0.2035   5.53
    19465       0.2028   5.53
    19466       0.2033   5.53
    19467       0.2028   5.53
    19468       0.2027   5.53
    19469       0.2034   5.53
    19470       0.2028   5.53
    19471       0.2035   5.53
    19472       0.2028   5.53
    19473       0.2029   5.53
    19474       0.2034   5.53
    19475       0.2028   5.53
    19476       0.2035   5.53
    19477       0.2029   5.53
    19478       0.2035   5.53
    19479       0.2030   5.52
    19480       0.2029   5.52
    19481       0.2034   5.52
    19482       0.2028   5.53
    19483       0.2037   5.53
    19484       0.2028   5.53
    19485       0.2027   5.53
    19486       0.2034   5.53
    19487       0.2026   5.53
    19488       0.2034   5.53
    19489       0.2027   5.53
    19490       0.2027   5.53
    19491       0.2034   5.53
    19492       0.2028   5.53
    19493       0.2034   5.53
    19494       0.2029   5.53
    19495       0.2030   5.53
    19496       0.2036   5.53
    19497       0.2030   5.52
    19498       0.2037   5.52
    19499       0.2028   5.52
    19500       0.2029   5.52
    19501       0.2035   5.52
    19502       0.2029   5.53
    19503       0.2035   5.53
    19504       0.2028   5.53
    19505       0.2034   5.53
    19506       0.2028   5.53
    19507       0.2027   5.53
    19508       0.2035   5.53
    19509       0.2030   5.53
    19510       0.2036   5.53
    19511       0.2029   5.53
    19512       0.2028   5.53
    19513       0.2036   5.53
    19514       0.2028   5.53
    19515       0.2033   5.53
    19516       0.2028   5.53
    19517       0.2028   5.53
    19518       0.2035   5.53
    19519       0.2029   5.53
    19520       0.2035   5.53
    19521       0.2029   5.53
    19522       0.2027   5.53
    19523       0.2034   5.53
    19524       0.2028   5.53
    19525       0.2033   5.53
    19526       0.2029   5.53
    19527       0.2030   5.53
    19528       0.2028   5.53
    19529       0.2028   5.53
    19530       0.2034   5.53
    19531       0.2029   5.53
    19532       0.2033   5.53
    19533       0.2029   5.53
    19534       0.2028   5.53
    19535       0.2034   5.53
    19536       0.2028   5.53
    19537       0.2035   5.53
    19538       0.2028   5.53
    19539       0.2028   5.53
    19540       0.2034   5.53
    19541       0.2029   5.53
    19542       0.2036   5.53
    19543       0.2029   5.53
    19544       0.2028   5.53
    19545       0.2034   5.53
    19546       0.2028   5.53
    19547       0.2033   5.53
    19548       0.2028   5.53
    19549       0.2028   5.53
    19550       0.2034   5.53
    19551       0.2028   5.53
    19552       0.2033   5.53
    19553       0.2028   5.53
    19554       0.2033   5.53
    19555       0.2028   5.53
    19556       0.2028   5.53
    19557       0.2034   5.53
    19558       0.2028   5.53
    19559       0.2035   5.53
    19560       0.2028   5.53
    19561       0.2028   5.53
    19562       0.2034   5.53
    19563       0.2029   5.53
    19564       0.2034   5.53
    19565       0.2028   5.53
    19566       0.2029   5.53
    19567       0.2036   5.53
    19568       0.2029   5.53
    19569       0.2035   5.53
    19570       0.2028   5.53
    19571       0.2028   5.53
    19572       0.2034   5.53
    19573       0.2028   5.53
    19574       0.2034   5.53
    19575       0.2028   5.53
    19576       0.2029   5.53
    19577       0.2033   5.53
    19578       0.2028   5.53
    19579       0.2035   5.53
    19580       0.2028   5.53
    19581       0.2034   5.53
    19582       0.2028   5.53
    19583       0.2028   5.53
    19584       0.2033   5.53
    19585       0.2028   5.53
    19586       0.2034   5.53
    19587       0.2028   5.53
    19588       0.2028   5.53
    19589       0.2034   5.53
    19590       0.2028   5.53
    19591       0.2035   5.53
    19592       0.2028   5.53
    19593       0.2028   5.53
    19594       0.2034   5.53
    19595       0.2028   5.53
    19596       0.2034   5.53
    19597       0.2028   5.53
    19598       0.2028   5.53
    19599       0.2033   5.53
    19600       0.2028   5.53
    19601       0.2034   5.53
    19602       0.2028   5.53
    19603       0.2034   5.53
    19604       0.2028   5.53
    19605       0.2029   5.53
    19606       0.2034   5.53
    19607       0.2028   5.53
    19608       0.2035   5.53
    19609       0.2028   5.53
    19610       0.2028   5.53
    19611       0.2035   5.53
    19612       0.2028   5.53
    19613       0.2034   5.53
    19614       0.2027   5.53
    19615       0.2028   5.53
    19616       0.2034   5.53
    19617       0.2029   5.53
    19618       0.2035   5.53
    19619       0.2028   5.53
    19620       0.2028   5.53
    19621       0.2034   5.53
    19622       0.2028   5.53
    19623       0.2034   5.53
    19624       0.2029   5.53
    19625       0.2027   5.53
    19626       0.2033   5.53
    19627       0.2028   5.53
    19628       0.2036   5.53
    19629       0.2028   5.53
    19630       0.2034   5.53
    19631       0.2028   5.53
    19632       0.2028   5.53
    19633       0.2034   5.53
    19634       0.2029   5.53
    19635       0.2036   5.53
    19636       0.2029   5.53
    19637       0.2029   5.53
    19638       0.2035   5.53
    19639       0.2028   5.53
    19640       0.2035   5.53
    19641       0.2028   5.53
    19642       0.2029   5.53
    19643       0.2034   5.53
    19644       0.2028   5.53
    19645       0.2034   5.53
    19646       0.2027   5.53
    19647       0.2028   5.53
    19648       0.2034   5.53
    19649       0.2027   5.53
    19650       0.2034   5.53
    19651       0.2028   5.53
    19652       0.2029   5.53
    19653       0.2032   5.53
    19654       0.2028   5.53
    19655       0.2034   5.53
    19656       0.2028   5.53
    19657       0.2034   5.53
    19658       0.2027   5.53
    19659       0.2029   5.53
    19660       0.2035   5.53
    19661       0.2028   5.53
    19662       0.2035   5.53
    19663       0.2028   5.53
    19664       0.2029   5.53
    19665       0.2035   5.53
    19666       0.2028   5.53
    19667       0.2034   5.53
    19668       0.2028   5.53
    19669       0.2029   5.53
    19670       0.2034   5.53
    19671       0.2028   5.53
    19672       0.2033   5.53
    19673       0.2028   5.53
    19674       0.2029   5.53
    19675       0.2035   5.53
    19676       0.2028   5.53
    19677       0.2034   5.53
    19678       0.2027   5.53
    19679       0.2035   5.53
    19680       0.2029   5.53
    19681       0.2029   5.53
    19682       0.2036   5.53
    19683       0.2029   5.53
    19684       0.2035   5.53
    19685       0.2028   5.53
    19686       0.2028   5.53
    19687       0.2035   5.53
    19688       0.2028   5.53
    19689       0.2034   5.53
    19690       0.2028   5.53
    19691       0.2028   5.53
    19692       0.2034   5.53
    19693       0.2029   5.53
    19694       0.2035   5.53
    19695       0.2029   5.53
    19696       0.2027   5.53
    19697       0.2035   5.53
    19698       0.2027   5.53
    19699       0.2035   5.53
    19700       0.2028   5.53
    19701       0.2028   5.53
    19702       0.2033   5.53
    19703       0.2028   5.53
    19704       0.2034   5.53
    19705       0.2028   5.53
    19706       0.2034   5.53
    19707       0.2028   5.53
    19708       0.2029   5.53
    19709       0.2034   5.53
    19710       0.2029   5.53
    19711       0.2036   5.53
    19712       0.2029   5.53
    19713       0.2028   5.53
    19714       0.2034   5.53
    19715       0.2029   5.53
    19716       0.2035   5.53
    19717       0.2029   5.53
    19718       0.2028   5.53
    19719       0.2035   5.53
    19720       0.2028   5.53
    19721       0.2034   5.53
    19722       0.2031   5.53
    19723       0.2028   5.53
    19724       0.2035   5.53
    19725       0.2028   5.53
    19726       0.2035   5.53
    19727       0.2028   5.53
    19728       0.2035   5.53
    19729       0.2030   5.53
    19730       0.2028   5.53
    19731       0.2034   5.53
    19732       0.2028   5.53
    19733       0.2034   5.53
    19734       0.2028   5.53
    19735       0.2028   5.53
    19736       0.2034   5.53
    19737       0.2028   5.53
    19738       0.2035   5.53
    19739       0.2027   5.53
    19740       0.2029   5.53
    19741       0.2035   5.53
    19742       0.2029   5.53
    19743       0.2034   5.53
    19744       0.2028   5.53
    19745       0.2027   5.53
    19746       0.2035   5.53
    19747       0.2027   5.53
    19748       0.2035   5.53
    19749       0.2029   5.53
    19750       0.2028   5.53
    19751       0.2033   5.53
    19752       0.2029   5.53
    19753       0.2034   5.53
    19754       0.2027   5.53
    19755       0.2034   5.53
    19756       0.2028   5.53
    19757       0.2028   5.53
    19758       0.2035   5.53
    19759       0.2028   5.53
    19760       0.2034   5.53
    19761       0.2027   5.53
    19762       0.2029   5.53
    19763       0.2034   5.53
    19764       0.2028   5.53
    19765       0.2033   5.53
    19766       0.2027   5.53
    19767       0.2028   5.53
    19768       0.2034   5.53
    19769       0.2027   5.53
    19770       0.2034   5.53
    19771       0.2028   5.53
    19772       0.2027   5.53
    19773       0.2034   5.53
    19774       0.2029   5.53
    19775       0.2035   5.53
    19776       0.2029   5.53
    19777       0.2030   5.53
    19778       0.2032   5.53
    19779       0.2027   5.53
    19780       0.2033   5.53
    19781       0.2027   5.53
    19782       0.2034   5.53
    19783       0.2028   5.53
    19784       0.2028   5.53
    19785       0.2034   5.53
    19786       0.2028   5.53
    19787       0.2035   5.53
    19788       0.2028   5.53
    19789       0.2028   5.53
    19790       0.2033   5.53
    19791       0.2028   5.53
    19792       0.2034   5.53
    19793       0.2028   5.53
    19794       0.2028   5.53
    19795       0.2034   5.53
    19796       0.2028   5.53
    19797       0.2034   5.53
    19798       0.2027   5.53
    19799       0.2029   5.53
    19800       0.2035   5.53
    19801       0.2028   5.53
    19802       0.2034   5.53
    19803       0.2028   5.53
    19804       0.2034   5.53
    19805       0.2028   5.53
    19806       0.2028   5.53
    19807       0.2034   5.53
    19808       0.2028   5.53
    19809       0.2034   5.53
    19810       0.2028   5.53
    19811       0.2029   5.53
    19812       0.2034   5.53
    19813       0.2028   5.53
    19814       0.2034   5.53
    19815       0.2028   5.53
    19816       0.2028   5.53
    19817       0.2035   5.53
    19818       0.2027   5.53
    19819       0.2034   5.53
    19820       0.2028   5.53
    19821       0.2030   5.53
    19822       0.2035   5.53
    19823       0.2028   5.53
    19824       0.2034   5.53
    19825       0.2029   5.53
    19826       0.2028   5.53
    19827       0.2034   5.53
    19828       0.2028   5.53
    19829       0.2034   5.53
    19830       0.2028   5.53
    19831       0.2033   5.53
    19832       0.2027   5.53
    19833       0.2028   5.53
    19834       0.2034   5.53
    19835       0.2028   5.53
    19836       0.2034   5.53
    19837       0.2029   5.53
    19838       0.2028   5.53
    19839       0.2034   5.53
    19840       0.2027   5.53
    19841       0.2033   5.53
    19842       0.2027   5.53
    19843       0.2028   5.53
    19844       0.2034   5.53
    19845       0.2029   5.53
    19846       0.2034   5.53
    19847       0.2029   5.53
    19848       0.2028   5.53
    19849       0.2033   5.53
    19850       0.2028   5.53
    19851       0.2036   5.53
    19852       0.2029   5.53
    19853       0.2030   5.53
    19854       0.2033   5.53
    19855       0.2029   5.53
    19856       0.2035   5.53
    19857       0.2028   5.53
    19858       0.2036   5.53
    19859       0.2029   5.53
    19860       0.2028   5.53
    19861       0.2035   5.53
    19862       0.2028   5.53
    19863       0.2033   5.53
    19864       0.2027   5.53
    19865       0.2028   5.53
    19866       0.2034   5.53
    19867       0.2028   5.53
    19868       0.2036   5.53
    19869       0.2029   5.53
    19870       0.2028   5.53
    19871       0.2035   5.53
    19872       0.2029   5.53
    19873       0.2035   5.53
    19874       0.2030   5.53
    19875       0.2030   5.53
    19876       0.2037   5.53
    19877       0.2030   5.52
    19878       0.2033   5.52
    19879       0.2027   5.52
    19880       0.2034   5.52
    19881       0.2027   5.53
    19882       0.2028   5.53
    19883       0.2034   5.53
    19884       0.2029   5.53
    19885       0.2034   5.53
    19886       0.2027   5.53
    19887       0.2028   5.53
    19888       0.2035   5.53
    19889       0.2032   5.53
    19890       0.2032   5.53
    19891       0.2028   5.53
    19892       0.2027   5.53
    19893       0.2034   5.53
    19894       0.2028   5.53
    19895       0.2035   5.53
    19896       0.2029   5.53
    19897       0.2029   5.53
    19898       0.2036   5.53
    19899       0.2028   5.53
    19900       0.2034   5.53
    19901       0.2028   5.53
    19902       0.2030   5.53
    19903       0.2034   5.53
    19904       0.2028   5.53
    19905       0.2033   5.53
    19906       0.2028   5.53
    19907       0.2032   5.53
    19908       0.2028   5.53
    19909       0.2028   5.53
    19910       0.2035   5.53
    19911       0.2028   5.53
    19912       0.2035   5.53
    19913       0.2028   5.53
    19914       0.2029   5.53
    19915       0.2035   5.53
    19916       0.2028   5.53
    19917       0.2037   5.53
    19918       0.2027   5.53
    19919       0.2028   5.53
    19920       0.2034   5.53
    19921       0.2028   5.53
    19922       0.2034   5.53
    19923       0.2029   5.53
    19924       0.2029   5.53
    19925       0.2035   5.53
    19926       0.2029   5.53
    19927       0.2037   5.53
    19928       0.2029   5.53
    19929       0.2036   5.53
    19930       0.2029   5.53
    19931       0.2029   5.53
    19932       0.2034   5.53
    19933       0.2028   5.53
    19934       0.2035   5.53
    19935       0.2028   5.53
    19936       0.2029   5.53
    19937       0.2034   5.53
    19938       0.2029   5.53
    19939       0.2035   5.53
    19940       0.2029   5.53
    19941       0.2028   5.53
    19942       0.2033   5.53
    19943       0.2028   5.53
    19944       0.2036   5.53
    19945       0.2030   5.53
    19946       0.2028   5.53
    19947       0.2035   5.53
    19948       0.2028   5.52
    19949       0.2034   5.52
    19950       0.2028   5.53
    19951       0.2028   5.53
    19952       0.2034   5.53
    19953       0.2029   5.53
    19954       0.2034   5.53
    19955       0.2027   5.53
    19956       0.2034   5.53
    19957       0.2028   5.53
    19958       0.2028   5.53
    19959       0.2033   5.53
    19960       0.2027   5.53
    19961       0.2034   5.53
    19962       0.2028   5.53
    19963       0.2029   5.53
    19964       0.2034   5.53
    19965       0.2027   5.53
    19966       0.2034   5.53
    19967       0.2027   5.53
    19968       0.2029   5.53
    19969       0.2036   5.53
    19970       0.2031   5.53
    19971       0.2034   5.53
    19972       0.2028   5.52
    19973       0.2028   5.52
    19974       0.2032   5.52
    19975       0.2027   5.53
    19976       0.2035   5.53
    19977       0.2028   5.53
    19978       0.2034   5.53
    19979       0.2027   5.53
    19980       0.2029   5.53
    19981       0.2035   5.53
    19982       0.2028   5.53
    19983       0.2035   5.53
    19984       0.2028   5.53
    19985       0.2028   5.53
    19986       0.2034   5.53
    19987       0.2028   5.53
    19988       0.2036   5.53
    19989       0.2028   5.53
    19990       0.2028   5.53
    19991       0.2034   5.53
    19992       0.2028   5.53
    19993       0.2034   5.53
    19994       0.2028   5.53
    19995       0.2028   5.53
    19996       0.2033   5.53
    19997       0.2028   5.53
    19998       0.2035   5.53
    19999       0.2028   5.53

  histograma, classes de 0,010 ns
  0.200 a 0.210  19971  ############################################################
  0.210 a 0.220    29  #

  minimo 0.2008   mediana 0.2029   maximo 0.2131
  periodo de clock ao FIM: 0.1817 ns (5.50 GHz)
  CICLOS por operacao: 1.136 (pelo periodo inicial)   1.116 (pelo final)
